location,start_date,visitation_count,month,year,month_sin,month_cos,time_index,visitation_lag1,visitation_lag2,visitation_lag3,historical_mean,historical_median,historical_std,rolling_3_mean,rolling_6_mean,rolling_12_mean,prior_observation_count,seasonal_lag1,seasonal_historical_mean,statewide_reported_edges,statewide_total_trips,statewide_mean_edge_trips,statewide_median_edge_trips,statewide_edge_trips_std,statewide_edge_trips_q25,statewide_edge_trips_q75,statewide_edge_trips_q90,statewide_edge_trips_q95,statewide_edge_trips_q99,statewide_people_count,statewide_commute_trip_count,statewide_leisure_trip_count,statewide_morning_trip_count,statewide_midday_trip_count,statewide_evening_trip_count,statewide_overnight_trip_count,log_statewide_reported_edges,log_statewide_total_trips,log_statewide_mean_edge_trips,log_statewide_median_edge_trips,log_statewide_people_count,log_statewide_commute_trip_count,log_statewide_leisure_trip_count,log_statewide_morning_trip_count,log_statewide_midday_trip_count,log_statewide_evening_trip_count,log_statewide_overnight_trip_count,log_visitation
Alder Lake,2021-04-01,209,4,2021,0.8660254037844387,-0.49999999999999983,3,85.0,36.0,90.0,70.33333333333333,85.0,29.83845393671283,70.33333333333333,70.33333333333333,70.33333333333333,3,,,454077,41353460.0,91.07147025724711,15.0,498.0104321570121,5.0,60.0,170.0,305.0,1010.0,40359175.0,1685640.0,40654405.0,10088575.0,9505315.0,11523235.0,676770.0,13.026024268433897,17.537666676052233,4.522565126079032,2.772588722239781,17.51332933698755,14.337656464859261,17.52061777676835,16.126914252538523,16.06736177901222,16.259876076563998,13.425088237656356,5.3471075307174685
Ashokan HP,2021-04-01,135,4,2021,0.8660254037844387,-0.49999999999999983,3,112.0,71.0,112.0,98.33333333333333,112.0,23.671361036774655,98.33333333333333,98.33333333333333,98.33333333333333,3,,,454077,41353460.0,91.07147025724711,15.0,498.0104321570121,5.0,60.0,170.0,305.0,1010.0,40359175.0,1685640.0,40654405.0,10088575.0,9505315.0,11523235.0,676770.0,13.026024268433897,17.537666676052233,4.522565126079032,2.772588722239781,17.51332933698755,14.337656464859261,17.52061777676835,16.126914252538523,16.06736177901222,16.259876076563998,13.425088237656356,4.912654885736052
Beaverkill Road to BLM FT,2021-04-01,152,4,2021,0.8660254037844387,-0.49999999999999983,3,105.0,73.0,119.0,99.0,105.0,23.57965224510319,99.0,99.0,99.0,3,,,454077,41353460.0,91.07147025724711,15.0,498.0104321570121,5.0,60.0,170.0,305.0,1010.0,40359175.0,1685640.0,40654405.0,10088575.0,9505315.0,11523235.0,676770.0,13.026024268433897,17.537666676052233,4.522565126079032,2.772588722239781,17.51332933698755,14.337656464859261,17.52061777676835,16.126914252538523,16.06736177901222,16.259876076563998,13.425088237656356,5.030437921392435
Biscuit Brook,2021-04-01,141,4,2021,0.8660254037844387,-0.49999999999999983,3,199.0,131.0,103.0,144.33333333333334,131.0,49.36935621752964,144.33333333333334,144.33333333333334,144.33333333333334,3,,,454077,41353460.0,91.07147025724711,15.0,498.0104321570121,5.0,60.0,170.0,305.0,1010.0,40359175.0,1685640.0,40654405.0,10088575.0,9505315.0,11523235.0,676770.0,13.026024268433897,17.537666676052233,4.522565126079032,2.772588722239781,17.51332933698755,14.337656464859261,17.52061777676835,16.126914252538523,16.06736177901222,16.259876076563998,13.425088237656356,4.955827057601261
Denning,2021-04-01,224,4,2021,0.8660254037844387,-0.49999999999999983,3,164.0,94.0,123.0,127.0,123.0,35.17101079013795,127.0,127.0,127.0,3,,,454077,41353460.0,91.07147025724711,15.0,498.0104321570121,5.0,60.0,170.0,305.0,1010.0,40359175.0,1685640.0,40654405.0,10088575.0,9505315.0,11523235.0,676770.0,13.026024268433897,17.537666676052233,4.522565126079032,2.772588722239781,17.51332933698755,14.337656464859261,17.52061777676835,16.126914252538523,16.06736177901222,16.259876076563998,13.425088237656356,5.41610040220442
Dry Brook Ridge to Lean-to,2021-04-01,43,4,2021,0.8660254037844387,-0.49999999999999983,3,13.0,7.0,15.0,11.666666666666666,13.0,4.163331998932266,11.666666666666666,11.666666666666666,11.666666666666666,3,,,454077,41353460.0,91.07147025724711,15.0,498.0104321570121,5.0,60.0,170.0,305.0,1010.0,40359175.0,1685640.0,40654405.0,10088575.0,9505315.0,11523235.0,676770.0,13.026024268433897,17.537666676052233,4.522565126079032,2.772588722239781,17.51332933698755,14.337656464859261,17.52061777676835,16.126914252538523,16.06736177901222,16.259876076563998,13.425088237656356,3.784189633918261
Flynn,2021-04-01,43,4,2021,0.8660254037844387,-0.49999999999999983,3,45.0,30.0,44.0,39.666666666666664,44.0,8.386497083606084,39.666666666666664,39.666666666666664,39.666666666666664,3,,,454077,41353460.0,91.07147025724711,15.0,498.0104321570121,5.0,60.0,170.0,305.0,1010.0,40359175.0,1685640.0,40654405.0,10088575.0,9505315.0,11523235.0,676770.0,13.026024268433897,17.537666676052233,4.522565126079032,2.772588722239781,17.51332933698755,14.337656464859261,17.52061777676835,16.126914252538523,16.06736177901222,16.259876076563998,13.425088237656356,3.784189633918261
Fox Hollow,2021-04-01,117,4,2021,0.8660254037844387,-0.49999999999999983,3,106.0,47.0,123.0,92.0,106.0,39.88734135035826,92.0,92.0,92.0,3,,,454077,41353460.0,91.07147025724711,15.0,498.0104321570121,5.0,60.0,170.0,305.0,1010.0,40359175.0,1685640.0,40654405.0,10088575.0,9505315.0,11523235.0,676770.0,13.026024268433897,17.537666676052233,4.522565126079032,2.772588722239781,17.51332933698755,14.337656464859261,17.52061777676835,16.126914252538523,16.06736177901222,16.259876076563998,13.425088237656356,4.770684624465665
Frick Pond,2021-04-01,110,4,2021,0.8660254037844387,-0.49999999999999983,3,150.0,150.0,111.0,137.0,150.0,22.516660498395403,137.0,137.0,137.0,3,,,454077,41353460.0,91.07147025724711,15.0,498.0104321570121,5.0,60.0,170.0,305.0,1010.0,40359175.0,1685640.0,40654405.0,10088575.0,9505315.0,11523235.0,676770.0,13.026024268433897,17.537666676052233,4.522565126079032,2.772588722239781,17.51332933698755,14.337656464859261,17.52061777676835,16.126914252538523,16.06736177901222,16.259876076563998,13.425088237656356,4.709530201312334
Giant Ledge,2021-04-01,604,4,2021,0.8660254037844387,-0.49999999999999983,3,548.0,349.0,532.0,476.3333333333333,532.0,110.56370712549997,476.3333333333333,476.3333333333333,476.3333333333333,3,,,454077,41353460.0,91.07147025724711,15.0,498.0104321570121,5.0,60.0,170.0,305.0,1010.0,40359175.0,1685640.0,40654405.0,10088575.0,9505315.0,11523235.0,676770.0,13.026024268433897,17.537666676052233,4.522565126079032,2.772588722239781,17.51332933698755,14.337656464859261,17.52061777676835,16.126914252538523,16.06736177901222,16.259876076563998,13.425088237656356,6.405228458030842
Hardenburgh- MH Trail,2021-04-01,11,4,2021,0.8660254037844387,-0.49999999999999983,3,2.0,1.0,10.0,4.333333333333333,2.0,4.932882862316247,4.333333333333333,4.333333333333333,4.333333333333333,3,,,454077,41353460.0,91.07147025724711,15.0,498.0104321570121,5.0,60.0,170.0,305.0,1010.0,40359175.0,1685640.0,40654405.0,10088575.0,9505315.0,11523235.0,676770.0,13.026024268433897,17.537666676052233,4.522565126079032,2.772588722239781,17.51332933698755,14.337656464859261,17.52061777676835,16.126914252538523,16.06736177901222,16.259876076563998,13.425088237656356,2.4849066497880004
Kelly Hollow,2021-04-01,229,4,2021,0.8660254037844387,-0.49999999999999983,3,200.0,79.0,108.0,129.0,108.0,63.17436188834834,129.0,129.0,129.0,3,,,454077,41353460.0,91.07147025724711,15.0,498.0104321570121,5.0,60.0,170.0,305.0,1010.0,40359175.0,1685640.0,40654405.0,10088575.0,9505315.0,11523235.0,676770.0,13.026024268433897,17.537666676052233,4.522565126079032,2.772588722239781,17.51332933698755,14.337656464859261,17.52061777676835,16.126914252538523,16.06736177901222,16.259876076563998,13.425088237656356,5.438079308923196
Lane Street,2021-04-01,58,4,2021,0.8660254037844387,-0.49999999999999983,3,49.0,25.0,53.0,42.333333333333336,49.0,15.14375558880073,42.333333333333336,42.333333333333336,42.333333333333336,3,,,454077,41353460.0,91.07147025724711,15.0,498.0104321570121,5.0,60.0,170.0,305.0,1010.0,40359175.0,1685640.0,40654405.0,10088575.0,9505315.0,11523235.0,676770.0,13.026024268433897,17.537666676052233,4.522565126079032,2.772588722239781,17.51332933698755,14.337656464859261,17.52061777676835,16.126914252538523,16.06736177901222,16.259876076563998,13.425088237656356,4.07753744390572
Long Pond,2021-04-01,41,4,2021,0.8660254037844387,-0.49999999999999983,3,18.0,30.0,24.0,24.0,24.0,6.0,24.0,24.0,24.0,3,,,454077,41353460.0,91.07147025724711,15.0,498.0104321570121,5.0,60.0,170.0,305.0,1010.0,40359175.0,1685640.0,40654405.0,10088575.0,9505315.0,11523235.0,676770.0,13.026024268433897,17.537666676052233,4.522565126079032,2.772588722239781,17.51332933698755,14.337656464859261,17.52061777676835,16.126914252538523,16.06736177901222,16.259876076563998,13.425088237656356,3.7376696182833684
McKenley Hollow,2021-04-01,98,4,2021,0.8660254037844387,-0.49999999999999983,3,141.0,109.0,216.0,155.33333333333334,141.0,54.92115560813823,155.33333333333334,155.33333333333334,155.33333333333334,3,,,454077,41353460.0,91.07147025724711,15.0,498.0104321570121,5.0,60.0,170.0,305.0,1010.0,40359175.0,1685640.0,40654405.0,10088575.0,9505315.0,11523235.0,676770.0,13.026024268433897,17.537666676052233,4.522565126079032,2.772588722239781,17.51332933698755,14.337656464859261,17.52061777676835,16.126914252538523,16.06736177901222,16.259876076563998,13.425088237656356,4.59511985013459
Millbrook to BLM FT,2021-04-01,200,4,2021,0.8660254037844387,-0.49999999999999983,3,174.0,106.0,185.0,155.0,174.0,42.790185790669334,155.0,155.0,155.0,3,,,454077,41353460.0,91.07147025724711,15.0,498.0104321570121,5.0,60.0,170.0,305.0,1010.0,40359175.0,1685640.0,40654405.0,10088575.0,9505315.0,11523235.0,676770.0,13.026024268433897,17.537666676052233,4.522565126079032,2.772588722239781,17.51332933698755,14.337656464859261,17.52061777676835,16.126914252538523,16.06736177901222,16.259876076563998,13.425088237656356,5.303304908059076
Neversink Hardenburgh Trail,2021-04-01,8,4,2021,0.8660254037844387,-0.49999999999999983,3,11.0,0.0,7.0,6.0,7.0,5.5677643628300215,6.0,6.0,6.0,3,,,454077,41353460.0,91.07147025724711,15.0,498.0104321570121,5.0,60.0,170.0,305.0,1010.0,40359175.0,1685640.0,40654405.0,10088575.0,9505315.0,11523235.0,676770.0,13.026024268433897,17.537666676052233,4.522565126079032,2.772588722239781,17.51332933698755,14.337656464859261,17.52061777676835,16.126914252538523,16.06736177901222,16.259876076563998,13.425088237656356,2.1972245773362196
Overlook,2021-04-01,569,4,2021,0.8660254037844387,-0.49999999999999983,3,387.0,326.0,409.0,374.0,387.0,43.0,374.0,374.0,374.0,3,,,454077,41353460.0,91.07147025724711,15.0,498.0104321570121,5.0,60.0,170.0,305.0,1010.0,40359175.0,1685640.0,40654405.0,10088575.0,9505315.0,11523235.0,676770.0,13.026024268433897,17.537666676052233,4.522565126079032,2.772588722239781,17.51332933698755,14.337656464859261,17.52061777676835,16.126914252538523,16.06736177901222,16.259876076563998,13.425088237656356,6.345636360828596
Peekamoose,2021-04-01,144,4,2021,0.8660254037844387,-0.49999999999999983,3,149.0,81.0,143.0,124.33333333333333,143.0,37.64748774265467,124.33333333333333,124.33333333333333,124.33333333333333,3,,,454077,41353460.0,91.07147025724711,15.0,498.0104321570121,5.0,60.0,170.0,305.0,1010.0,40359175.0,1685640.0,40654405.0,10088575.0,9505315.0,11523235.0,676770.0,13.026024268433897,17.537666676052233,4.522565126079032,2.772588722239781,17.51332933698755,14.337656464859261,17.52061777676835,16.126914252538523,16.06736177901222,16.259876076563998,13.425088237656356,4.976733742420574
Red Hill Dinch Road,2021-04-01,227,4,2021,0.8660254037844387,-0.49999999999999983,3,53.0,8.0,89.0,50.0,53.0,40.58324777540605,50.0,50.0,50.0,3,,,454077,41353460.0,91.07147025724711,15.0,498.0104321570121,5.0,60.0,170.0,305.0,1010.0,40359175.0,1685640.0,40654405.0,10088575.0,9505315.0,11523235.0,676770.0,13.026024268433897,17.537666676052233,4.522565126079032,2.772588722239781,17.51332933698755,14.337656464859261,17.52061777676835,16.126914252538523,16.06736177901222,16.259876076563998,13.425088237656356,5.429345628954441
Rochester Hollow,2021-04-01,169,4,2021,0.8660254037844387,-0.49999999999999983,3,92.0,80.0,146.0,106.0,92.0,35.156791662493895,106.0,106.0,106.0,3,,,454077,41353460.0,91.07147025724711,15.0,498.0104321570121,5.0,60.0,170.0,305.0,1010.0,40359175.0,1685640.0,40654405.0,10088575.0,9505315.0,11523235.0,676770.0,13.026024268433897,17.537666676052233,4.522565126079032,2.772588722239781,17.51332933698755,14.337656464859261,17.52061777676835,16.126914252538523,16.06736177901222,16.259876076563998,13.425088237656356,5.135798437050262
Seager,2021-04-01,38,4,2021,0.8660254037844387,-0.49999999999999983,3,33.0,23.0,18.0,24.666666666666668,23.0,7.637626158259733,24.666666666666668,24.666666666666668,24.666666666666668,3,,,454077,41353460.0,91.07147025724711,15.0,498.0104321570121,5.0,60.0,170.0,305.0,1010.0,40359175.0,1685640.0,40654405.0,10088575.0,9505315.0,11523235.0,676770.0,13.026024268433897,17.537666676052233,4.522565126079032,2.772588722239781,17.51332933698755,14.337656464859261,17.52061777676835,16.126914252538523,16.06736177901222,16.259876076563998,13.425088237656356,3.6635616461296463
Slide Mt,2021-04-01,430,4,2021,0.8660254037844387,-0.49999999999999983,3,571.0,443.0,831.0,615.0,571.0,197.70685370011836,615.0,615.0,615.0,3,,,454077,41353460.0,91.07147025724711,15.0,498.0104321570121,5.0,60.0,170.0,305.0,1010.0,40359175.0,1685640.0,40654405.0,10088575.0,9505315.0,11523235.0,676770.0,13.026024268433897,17.537666676052233,4.522565126079032,2.772588722239781,17.51332933698755,14.337656464859261,17.52061777676835,16.126914252538523,16.06736177901222,16.259876076563998,13.425088237656356,6.066108090103747
Wittenberg,2021-04-01,286,4,2021,0.8660254037844387,-0.49999999999999983,3,262.0,136.0,251.0,216.33333333333334,251.0,69.78777352325645,216.33333333333334,216.33333333333334,216.33333333333334,3,,,454077,41353460.0,91.07147025724711,15.0,498.0104321570121,5.0,60.0,170.0,305.0,1010.0,40359175.0,1685640.0,40654405.0,10088575.0,9505315.0,11523235.0,676770.0,13.026024268433897,17.537666676052233,4.522565126079032,2.772588722239781,17.51332933698755,14.337656464859261,17.52061777676835,16.126914252538523,16.06736177901222,16.259876076563998,13.425088237656356,5.659482215759621
Woodchuck Hollow,2021-04-01,7,4,2021,0.8660254037844387,-0.49999999999999983,3,5.0,6.0,5.0,5.333333333333333,5.0,0.5773502691896257,5.333333333333333,5.333333333333333,5.333333333333333,3,,,454077,41353460.0,91.07147025724711,15.0,498.0104321570121,5.0,60.0,170.0,305.0,1010.0,40359175.0,1685640.0,40654405.0,10088575.0,9505315.0,11523235.0,676770.0,13.026024268433897,17.537666676052233,4.522565126079032,2.772588722239781,17.51332933698755,14.337656464859261,17.52061777676835,16.126914252538523,16.06736177901222,16.259876076563998,13.425088237656356,2.0794415416798357
Woodland Valley,2021-04-01,62,4,2021,0.8660254037844387,-0.49999999999999983,3,31.0,14.0,23.0,22.666666666666668,23.0,8.504900548115382,22.666666666666668,22.666666666666668,22.666666666666668,3,,,454077,41353460.0,91.07147025724711,15.0,498.0104321570121,5.0,60.0,170.0,305.0,1010.0,40359175.0,1685640.0,40654405.0,10088575.0,9505315.0,11523235.0,676770.0,13.026024268433897,17.537666676052233,4.522565126079032,2.772588722239781,17.51332933698755,14.337656464859261,17.52061777676835,16.126914252538523,16.06736177901222,16.259876076563998,13.425088237656356,4.143134726391533
Alder Lake,2021-05-01,246,5,2021,0.49999999999999994,-0.8660254037844387,4,209.0,85.0,36.0,105.0,87.5,73.4892282356174,110.0,105.0,105.0,4,,,460261,44056160.0,95.7199502021679,15.0,557.4357190815492,5.0,60.0,175.0,315.0,1060.0,42963360.0,1928755.0,43182970.0,12696560.0,9953100.0,10359800.0,925835.0,13.039551171541964,17.60097576435758,4.571819691440481,2.772588722239781,17.575858240672613,14.472385793477741,17.580956785686297,16.35684172735772,16.113394718870875,16.153443586116918,13.738452392111693,5.5093883366279774
Ashokan HP,2021-05-01,191,5,2021,0.49999999999999994,-0.8660254037844387,4,135.0,112.0,71.0,107.5,112.0,26.639569566092216,106.0,107.5,107.5,4,,,460261,44056160.0,95.7199502021679,15.0,557.4357190815492,5.0,60.0,175.0,315.0,1060.0,42963360.0,1928755.0,43182970.0,12696560.0,9953100.0,10359800.0,925835.0,13.039551171541964,17.60097576435758,4.571819691440481,2.772588722239781,17.575858240672613,14.472385793477741,17.580956785686297,16.35684172735772,16.113394718870875,16.153443586116918,13.738452392111693,5.2574953720277815
Beaverkill Road to BLM FT,2021-05-01,171,5,2021,0.49999999999999994,-0.8660254037844387,4,152.0,105.0,73.0,112.25,112.0,32.75540667838924,110.0,112.25,112.25,4,,,460261,44056160.0,95.7199502021679,15.0,557.4357190815492,5.0,60.0,175.0,315.0,1060.0,42963360.0,1928755.0,43182970.0,12696560.0,9953100.0,10359800.0,925835.0,13.039551171541964,17.60097576435758,4.571819691440481,2.772588722239781,17.575858240672613,14.472385793477741,17.580956785686297,16.35684172735772,16.113394718870875,16.153443586116918,13.738452392111693,5.147494476813453
Biscuit Brook,2021-05-01,127,5,2021,0.49999999999999994,-0.8660254037844387,4,141.0,199.0,131.0,143.5,136.0,40.34435111222718,157.0,143.5,143.5,4,,,460261,44056160.0,95.7199502021679,15.0,557.4357190815492,5.0,60.0,175.0,315.0,1060.0,42963360.0,1928755.0,43182970.0,12696560.0,9953100.0,10359800.0,925835.0,13.039551171541964,17.60097576435758,4.571819691440481,2.772588722239781,17.575858240672613,14.472385793477741,17.580956785686297,16.35684172735772,16.113394718870875,16.153443586116918,13.738452392111693,4.852030263919617
Denning,2021-05-01,340,5,2021,0.49999999999999994,-0.8660254037844387,4,224.0,164.0,94.0,151.25,143.5,56.36414344835435,160.66666666666666,151.25,151.25,4,,,460261,44056160.0,95.7199502021679,15.0,557.4357190815492,5.0,60.0,175.0,315.0,1060.0,42963360.0,1928755.0,43182970.0,12696560.0,9953100.0,10359800.0,925835.0,13.039551171541964,17.60097576435758,4.571819691440481,2.772588722239781,17.575858240672613,14.472385793477741,17.580956785686297,16.35684172735772,16.113394718870875,16.153443586116918,13.738452392111693,5.831882477283517
Dry Brook Ridge to Lean-to,2021-05-01,25,5,2021,0.49999999999999994,-0.8660254037844387,4,43.0,13.0,7.0,19.5,14.0,16.0312195418814,21.0,19.5,19.5,4,,,460261,44056160.0,95.7199502021679,15.0,557.4357190815492,5.0,60.0,175.0,315.0,1060.0,42963360.0,1928755.0,43182970.0,12696560.0,9953100.0,10359800.0,925835.0,13.039551171541964,17.60097576435758,4.571819691440481,2.772588722239781,17.575858240672613,14.472385793477741,17.580956785686297,16.35684172735772,16.113394718870875,16.153443586116918,13.738452392111693,3.258096538021482
Flynn,2021-05-01,51,5,2021,0.49999999999999994,-0.8660254037844387,4,43.0,45.0,30.0,40.5,43.5,7.047458170621992,39.333333333333336,40.5,40.5,4,,,460261,44056160.0,95.7199502021679,15.0,557.4357190815492,5.0,60.0,175.0,315.0,1060.0,42963360.0,1928755.0,43182970.0,12696560.0,9953100.0,10359800.0,925835.0,13.039551171541964,17.60097576435758,4.571819691440481,2.772588722239781,17.575858240672613,14.472385793477741,17.580956785686297,16.35684172735772,16.113394718870875,16.153443586116918,13.738452392111693,3.9512437185814275
Fox Hollow,2021-05-01,156,5,2021,0.49999999999999994,-0.8660254037844387,4,117.0,106.0,47.0,98.25,111.5,34.88433268197439,90.0,98.25,98.25,4,,,460261,44056160.0,95.7199502021679,15.0,557.4357190815492,5.0,60.0,175.0,315.0,1060.0,42963360.0,1928755.0,43182970.0,12696560.0,9953100.0,10359800.0,925835.0,13.039551171541964,17.60097576435758,4.571819691440481,2.772588722239781,17.575858240672613,14.472385793477741,17.580956785686297,16.35684172735772,16.113394718870875,16.153443586116918,13.738452392111693,5.056245805348308
Frick Pond,2021-05-01,184,5,2021,0.49999999999999994,-0.8660254037844387,4,110.0,150.0,150.0,130.25,130.5,22.808989455914087,136.66666666666666,130.25,130.25,4,,,460261,44056160.0,95.7199502021679,15.0,557.4357190815492,5.0,60.0,175.0,315.0,1060.0,42963360.0,1928755.0,43182970.0,12696560.0,9953100.0,10359800.0,925835.0,13.039551171541964,17.60097576435758,4.571819691440481,2.772588722239781,17.575858240672613,14.472385793477741,17.580956785686297,16.35684172735772,16.113394718870875,16.153443586116918,13.738452392111693,5.220355825078324
Giant Ledge,2021-05-01,896,5,2021,0.49999999999999994,-0.8660254037844387,4,604.0,548.0,349.0,508.25,540.0,110.56333026822229,500.3333333333333,508.25,508.25,4,,,460261,44056160.0,95.7199502021679,15.0,557.4357190815492,5.0,60.0,175.0,315.0,1060.0,42963360.0,1928755.0,43182970.0,12696560.0,9953100.0,10359800.0,925835.0,13.039551171541964,17.60097576435758,4.571819691440481,2.772588722239781,17.575858240672613,14.472385793477741,17.580956785686297,16.35684172735772,16.113394718870875,16.153443586116918,13.738452392111693,6.799055862058796
Hardenburgh- MH Trail,2021-05-01,7,5,2021,0.49999999999999994,-0.8660254037844387,4,11.0,2.0,1.0,6.0,6.0,5.228129047119374,4.666666666666667,6.0,6.0,4,,,460261,44056160.0,95.7199502021679,15.0,557.4357190815492,5.0,60.0,175.0,315.0,1060.0,42963360.0,1928755.0,43182970.0,12696560.0,9953100.0,10359800.0,925835.0,13.039551171541964,17.60097576435758,4.571819691440481,2.772588722239781,17.575858240672613,14.472385793477741,17.580956785686297,16.35684172735772,16.113394718870875,16.153443586116918,13.738452392111693,2.0794415416798357
Kelly Hollow,2021-05-01,252,5,2021,0.49999999999999994,-0.8660254037844387,4,229.0,200.0,79.0,154.0,154.0,71.83778021811828,169.33333333333334,154.0,154.0,4,,,460261,44056160.0,95.7199502021679,15.0,557.4357190815492,5.0,60.0,175.0,315.0,1060.0,42963360.0,1928755.0,43182970.0,12696560.0,9953100.0,10359800.0,925835.0,13.039551171541964,17.60097576435758,4.571819691440481,2.772588722239781,17.575858240672613,14.472385793477741,17.580956785686297,16.35684172735772,16.113394718870875,16.153443586116918,13.738452392111693,5.53338948872752
Lane Street,2021-05-01,89,5,2021,0.49999999999999994,-0.8660254037844387,4,58.0,49.0,25.0,46.25,51.0,14.637281168304446,44.0,46.25,46.25,4,,,460261,44056160.0,95.7199502021679,15.0,557.4357190815492,5.0,60.0,175.0,315.0,1060.0,42963360.0,1928755.0,43182970.0,12696560.0,9953100.0,10359800.0,925835.0,13.039551171541964,17.60097576435758,4.571819691440481,2.772588722239781,17.575858240672613,14.472385793477741,17.580956785686297,16.35684172735772,16.113394718870875,16.153443586116918,13.738452392111693,4.499809670330265
Long Pond,2021-05-01,26,5,2021,0.49999999999999994,-0.8660254037844387,4,41.0,18.0,30.0,28.25,27.0,9.810708435174291,29.666666666666668,28.25,28.25,4,,,460261,44056160.0,95.7199502021679,15.0,557.4357190815492,5.0,60.0,175.0,315.0,1060.0,42963360.0,1928755.0,43182970.0,12696560.0,9953100.0,10359800.0,925835.0,13.039551171541964,17.60097576435758,4.571819691440481,2.772588722239781,17.575858240672613,14.472385793477741,17.580956785686297,16.35684172735772,16.113394718870875,16.153443586116918,13.738452392111693,3.295836866004329
McKenley Hollow,2021-05-01,148,5,2021,0.49999999999999994,-0.8660254037844387,4,98.0,141.0,109.0,141.0,125.0,53.22280213091628,116.0,141.0,141.0,4,,,460261,44056160.0,95.7199502021679,15.0,557.4357190815492,5.0,60.0,175.0,315.0,1060.0,42963360.0,1928755.0,43182970.0,12696560.0,9953100.0,10359800.0,925835.0,13.039551171541964,17.60097576435758,4.571819691440481,2.772588722239781,17.575858240672613,14.472385793477741,17.580956785686297,16.35684172735772,16.113394718870875,16.153443586116918,13.738452392111693,5.003946305945459
Millbrook to BLM FT,2021-05-01,227,5,2021,0.49999999999999994,-0.8660254037844387,4,200.0,174.0,106.0,166.25,179.5,41.556186863891476,160.0,166.25,166.25,4,,,460261,44056160.0,95.7199502021679,15.0,557.4357190815492,5.0,60.0,175.0,315.0,1060.0,42963360.0,1928755.0,43182970.0,12696560.0,9953100.0,10359800.0,925835.0,13.039551171541964,17.60097576435758,4.571819691440481,2.772588722239781,17.575858240672613,14.472385793477741,17.580956785686297,16.35684172735772,16.113394718870875,16.153443586116918,13.738452392111693,5.429345628954441
Neversink Hardenburgh Trail,2021-05-01,17,5,2021,0.49999999999999994,-0.8660254037844387,4,8.0,11.0,0.0,6.5,7.5,4.654746681256314,6.333333333333333,6.5,6.5,4,,,460261,44056160.0,95.7199502021679,15.0,557.4357190815492,5.0,60.0,175.0,315.0,1060.0,42963360.0,1928755.0,43182970.0,12696560.0,9953100.0,10359800.0,925835.0,13.039551171541964,17.60097576435758,4.571819691440481,2.772588722239781,17.575858240672613,14.472385793477741,17.580956785686297,16.35684172735772,16.113394718870875,16.153443586116918,13.738452392111693,2.8903717578961645
Overlook,2021-05-01,776,5,2021,0.49999999999999994,-0.8660254037844387,4,569.0,387.0,326.0,422.75,398.0,103.62874440360004,427.3333333333333,422.75,422.75,4,,,460261,44056160.0,95.7199502021679,15.0,557.4357190815492,5.0,60.0,175.0,315.0,1060.0,42963360.0,1928755.0,43182970.0,12696560.0,9953100.0,10359800.0,925835.0,13.039551171541964,17.60097576435758,4.571819691440481,2.772588722239781,17.575858240672613,14.472385793477741,17.580956785686297,16.35684172735772,16.113394718870875,16.153443586116918,13.738452392111693,6.655440350367647
Peekamoose,2021-05-01,237,5,2021,0.49999999999999994,-0.8660254037844387,4,144.0,149.0,81.0,129.25,143.5,32.27357019812548,124.66666666666667,129.25,129.25,4,,,460261,44056160.0,95.7199502021679,15.0,557.4357190815492,5.0,60.0,175.0,315.0,1060.0,42963360.0,1928755.0,43182970.0,12696560.0,9953100.0,10359800.0,925835.0,13.039551171541964,17.60097576435758,4.571819691440481,2.772588722239781,17.575858240672613,14.472385793477741,17.580956785686297,16.35684172735772,16.113394718870875,16.153443586116918,13.738452392111693,5.472270673671475
Red Hill Dinch Road,2021-05-01,248,5,2021,0.49999999999999994,-0.8660254037844387,4,227.0,53.0,8.0,94.25,71.0,94.5,96.0,94.25,94.25,4,,,460261,44056160.0,95.7199502021679,15.0,557.4357190815492,5.0,60.0,175.0,315.0,1060.0,42963360.0,1928755.0,43182970.0,12696560.0,9953100.0,10359800.0,925835.0,13.039551171541964,17.60097576435758,4.571819691440481,2.772588722239781,17.575858240672613,14.472385793477741,17.580956785686297,16.35684172735772,16.113394718870875,16.153443586116918,13.738452392111693,5.517452896464707
Rochester Hollow,2021-05-01,154,5,2021,0.49999999999999994,-0.8660254037844387,4,169.0,92.0,80.0,121.75,119.0,42.61748467472007,113.66666666666667,121.75,121.75,4,,,460261,44056160.0,95.7199502021679,15.0,557.4357190815492,5.0,60.0,175.0,315.0,1060.0,42963360.0,1928755.0,43182970.0,12696560.0,9953100.0,10359800.0,925835.0,13.039551171541964,17.60097576435758,4.571819691440481,2.772588722239781,17.575858240672613,14.472385793477741,17.580956785686297,16.35684172735772,16.113394718870875,16.153443586116918,13.738452392111693,5.043425116919247
Seager,2021-05-01,43,5,2021,0.49999999999999994,-0.8660254037844387,4,38.0,33.0,23.0,28.0,28.0,9.128709291752768,31.333333333333332,28.0,28.0,4,,,460261,44056160.0,95.7199502021679,15.0,557.4357190815492,5.0,60.0,175.0,315.0,1060.0,42963360.0,1928755.0,43182970.0,12696560.0,9953100.0,10359800.0,925835.0,13.039551171541964,17.60097576435758,4.571819691440481,2.772588722239781,17.575858240672613,14.472385793477741,17.580956785686297,16.35684172735772,16.113394718870875,16.153443586116918,13.738452392111693,3.784189633918261
Slide Mt,2021-05-01,589,5,2021,0.49999999999999994,-0.8660254037844387,4,430.0,571.0,443.0,568.75,507.0,186.05084430517016,481.3333333333333,568.75,568.75,4,,,460261,44056160.0,95.7199502021679,15.0,557.4357190815492,5.0,60.0,175.0,315.0,1060.0,42963360.0,1928755.0,43182970.0,12696560.0,9953100.0,10359800.0,925835.0,13.039551171541964,17.60097576435758,4.571819691440481,2.772588722239781,17.575858240672613,14.472385793477741,17.580956785686297,16.35684172735772,16.113394718870875,16.153443586116918,13.738452392111693,6.380122536899765
Wittenberg,2021-05-01,530,5,2021,0.49999999999999994,-0.8660254037844387,4,286.0,262.0,136.0,233.75,256.5,66.7851031293656,228.0,233.75,233.75,4,,,460261,44056160.0,95.7199502021679,15.0,557.4357190815492,5.0,60.0,175.0,315.0,1060.0,42963360.0,1928755.0,43182970.0,12696560.0,9953100.0,10359800.0,925835.0,13.039551171541964,17.60097576435758,4.571819691440481,2.772588722239781,17.575858240672613,14.472385793477741,17.580956785686297,16.35684172735772,16.113394718870875,16.153443586116918,13.738452392111693,6.274762021241939
Woodchuck Hollow,2021-05-01,8,5,2021,0.49999999999999994,-0.8660254037844387,4,7.0,5.0,6.0,5.75,5.5,0.9574271077563381,6.0,5.75,5.75,4,,,460261,44056160.0,95.7199502021679,15.0,557.4357190815492,5.0,60.0,175.0,315.0,1060.0,42963360.0,1928755.0,43182970.0,12696560.0,9953100.0,10359800.0,925835.0,13.039551171541964,17.60097576435758,4.571819691440481,2.772588722239781,17.575858240672613,14.472385793477741,17.580956785686297,16.35684172735772,16.113394718870875,16.153443586116918,13.738452392111693,2.1972245773362196
Woodland Valley,2021-05-01,119,5,2021,0.49999999999999994,-0.8660254037844387,4,62.0,31.0,14.0,32.5,27.0,20.85665361461421,35.666666666666664,32.5,32.5,4,,,460261,44056160.0,95.7199502021679,15.0,557.4357190815492,5.0,60.0,175.0,315.0,1060.0,42963360.0,1928755.0,43182970.0,12696560.0,9953100.0,10359800.0,925835.0,13.039551171541964,17.60097576435758,4.571819691440481,2.772588722239781,17.575858240672613,14.472385793477741,17.580956785686297,16.35684172735772,16.113394718870875,16.153443586116918,13.738452392111693,4.787491742782046
Alder Lake,2021-06-01,264,6,2021,1.2246467991473532e-16,-1.0,5,246.0,209.0,85.0,133.2,90.0,89.59185230812008,180.0,133.2,133.2,5,,,447190,42273575.0,94.53157494577249,15.0,560.6233892789719,5.0,60.0,175.0,310.0,1020.0,41371635.0,2024550.0,41284380.0,14824630.0,7076715.0,8948245.0,1525285.0,13.010741075396897,17.559672767971065,4.5594568205458135,2.772588722239781,17.538106083220107,14.52085850554234,17.53599480238228,16.511800612150434,15.772320516254105,16.006968093391276,14.237692491423644,5.579729825986222
Ashokan HP,2021-06-01,178,6,2021,1.2246467991473532e-16,-1.0,5,191.0,135.0,112.0,124.2,112.0,43.894190959624716,146.0,124.2,124.2,5,,,447190,42273575.0,94.53157494577249,15.0,560.6233892789719,5.0,60.0,175.0,310.0,1020.0,41371635.0,2024550.0,41284380.0,14824630.0,7076715.0,8948245.0,1525285.0,13.010741075396897,17.559672767971065,4.5594568205458135,2.772588722239781,17.538106083220107,14.52085850554234,17.53599480238228,16.511800612150434,15.772320516254105,16.006968093391276,14.237692491423644,5.187385805840755
Beaverkill Road to BLM FT,2021-06-01,187,6,2021,1.2246467991473532e-16,-1.0,5,171.0,152.0,105.0,124.0,119.0,38.66522985836241,142.66666666666666,124.0,124.0,5,,,447190,42273575.0,94.53157494577249,15.0,560.6233892789719,5.0,60.0,175.0,310.0,1020.0,41371635.0,2024550.0,41284380.0,14824630.0,7076715.0,8948245.0,1525285.0,13.010741075396897,17.559672767971065,4.5594568205458135,2.772588722239781,17.538106083220107,14.52085850554234,17.53599480238228,16.511800612150434,15.772320516254105,16.006968093391276,14.237692491423644,5.236441962829949
Biscuit Brook,2021-06-01,175,6,2021,1.2246467991473532e-16,-1.0,5,127.0,141.0,199.0,140.2,131.0,35.70994259306503,155.66666666666666,140.2,140.2,5,,,447190,42273575.0,94.53157494577249,15.0,560.6233892789719,5.0,60.0,175.0,310.0,1020.0,41371635.0,2024550.0,41284380.0,14824630.0,7076715.0,8948245.0,1525285.0,13.010741075396897,17.559672767971065,4.5594568205458135,2.772588722239781,17.538106083220107,14.52085850554234,17.53599480238228,16.511800612150434,15.772320516254105,16.006968093391276,14.237692491423644,5.170483995038151
Denning,2021-06-01,438,6,2021,1.2246467991473532e-16,-1.0,5,340.0,224.0,164.0,189.0,164.0,97.50897394599124,242.66666666666666,189.0,189.0,5,,,447190,42273575.0,94.53157494577249,15.0,560.6233892789719,5.0,60.0,175.0,310.0,1020.0,41371635.0,2024550.0,41284380.0,14824630.0,7076715.0,8948245.0,1525285.0,13.010741075396897,17.559672767971065,4.5594568205458135,2.772588722239781,17.538106083220107,14.52085850554234,17.53599480238228,16.511800612150434,15.772320516254105,16.006968093391276,14.237692491423644,6.0844994130751715
Dry Brook Ridge to Lean-to,2021-06-01,21,6,2021,1.2246467991473532e-16,-1.0,5,25.0,43.0,13.0,20.6,15.0,14.099645385611655,27.0,20.6,20.6,5,,,447190,42273575.0,94.53157494577249,15.0,560.6233892789719,5.0,60.0,175.0,310.0,1020.0,41371635.0,2024550.0,41284380.0,14824630.0,7076715.0,8948245.0,1525285.0,13.010741075396897,17.559672767971065,4.5594568205458135,2.772588722239781,17.538106083220107,14.52085850554234,17.53599480238228,16.511800612150434,15.772320516254105,16.006968093391276,14.237692491423644,3.091042453358316
Flynn,2021-06-01,91,6,2021,1.2246467991473532e-16,-1.0,5,51.0,43.0,45.0,42.6,44.0,7.700649323271382,46.333333333333336,42.6,42.6,5,,,447190,42273575.0,94.53157494577249,15.0,560.6233892789719,5.0,60.0,175.0,310.0,1020.0,41371635.0,2024550.0,41284380.0,14824630.0,7076715.0,8948245.0,1525285.0,13.010741075396897,17.559672767971065,4.5594568205458135,2.772588722239781,17.538106083220107,14.52085850554234,17.53599480238228,16.511800612150434,15.772320516254105,16.006968093391276,14.237692491423644,4.5217885770490405
Fox Hollow,2021-06-01,121,6,2021,1.2246467991473532e-16,-1.0,5,156.0,117.0,106.0,109.8,117.0,39.745439990016465,126.33333333333333,109.8,109.8,5,,,447190,42273575.0,94.53157494577249,15.0,560.6233892789719,5.0,60.0,175.0,310.0,1020.0,41371635.0,2024550.0,41284380.0,14824630.0,7076715.0,8948245.0,1525285.0,13.010741075396897,17.559672767971065,4.5594568205458135,2.772588722239781,17.538106083220107,14.52085850554234,17.53599480238228,16.511800612150434,15.772320516254105,16.006968093391276,14.237692491423644,4.804021044733257
Frick Pond,2021-06-01,107,6,2021,1.2246467991473532e-16,-1.0,5,184.0,110.0,150.0,141.0,150.0,31.11269837220809,148.0,141.0,141.0,5,,,447190,42273575.0,94.53157494577249,15.0,560.6233892789719,5.0,60.0,175.0,310.0,1020.0,41371635.0,2024550.0,41284380.0,14824630.0,7076715.0,8948245.0,1525285.0,13.010741075396897,17.559672767971065,4.5594568205458135,2.772588722239781,17.538106083220107,14.52085850554234,17.53599480238228,16.511800612150434,15.772320516254105,16.006968093391276,14.237692491423644,4.68213122712422
Giant Ledge,2021-06-01,836,6,2021,1.2246467991473532e-16,-1.0,5,896.0,604.0,548.0,585.8,548.0,198.08634480952998,682.6666666666666,585.8,585.8,5,,,447190,42273575.0,94.53157494577249,15.0,560.6233892789719,5.0,60.0,175.0,310.0,1020.0,41371635.0,2024550.0,41284380.0,14824630.0,7076715.0,8948245.0,1525285.0,13.010741075396897,17.559672767971065,4.5594568205458135,2.772588722239781,17.538106083220107,14.52085850554234,17.53599480238228,16.511800612150434,15.772320516254105,16.006968093391276,14.237692491423644,6.729824070489475
Hardenburgh- MH Trail,2021-06-01,15,6,2021,1.2246467991473532e-16,-1.0,5,7.0,11.0,2.0,6.2,7.0,4.54972526643093,6.666666666666667,6.2,6.2,5,,,447190,42273575.0,94.53157494577249,15.0,560.6233892789719,5.0,60.0,175.0,310.0,1020.0,41371635.0,2024550.0,41284380.0,14824630.0,7076715.0,8948245.0,1525285.0,13.010741075396897,17.559672767971065,4.5594568205458135,2.772588722239781,17.538106083220107,14.52085850554234,17.53599480238228,16.511800612150434,15.772320516254105,16.006968093391276,14.237692491423644,2.772588722239781
Kelly Hollow,2021-06-01,277,6,2021,1.2246467991473532e-16,-1.0,5,252.0,229.0,200.0,173.6,200.0,76.10059132490365,227.0,173.6,173.6,5,,,447190,42273575.0,94.53157494577249,15.0,560.6233892789719,5.0,60.0,175.0,310.0,1020.0,41371635.0,2024550.0,41284380.0,14824630.0,7076715.0,8948245.0,1525285.0,13.010741075396897,17.559672767971065,4.5594568205458135,2.772588722239781,17.538106083220107,14.52085850554234,17.53599480238228,16.511800612150434,15.772320516254105,16.006968093391276,14.237692491423644,5.627621113690637
Lane Street,2021-06-01,68,6,2021,1.2246467991473532e-16,-1.0,5,89.0,58.0,49.0,54.8,53.0,22.939049675171812,65.33333333333333,54.8,54.8,5,,,447190,42273575.0,94.53157494577249,15.0,560.6233892789719,5.0,60.0,175.0,310.0,1020.0,41371635.0,2024550.0,41284380.0,14824630.0,7076715.0,8948245.0,1525285.0,13.010741075396897,17.559672767971065,4.5594568205458135,2.772588722239781,17.538106083220107,14.52085850554234,17.53599480238228,16.511800612150434,15.772320516254105,16.006968093391276,14.237692491423644,4.23410650459726
Long Pond,2021-06-01,24,6,2021,1.2246467991473532e-16,-1.0,5,26.0,41.0,18.0,27.8,26.0,8.555699854482976,28.333333333333332,27.8,27.8,5,,,447190,42273575.0,94.53157494577249,15.0,560.6233892789719,5.0,60.0,175.0,310.0,1020.0,41371635.0,2024550.0,41284380.0,14824630.0,7076715.0,8948245.0,1525285.0,13.010741075396897,17.559672767971065,4.5594568205458135,2.772588722239781,17.538106083220107,14.52085850554234,17.53599480238228,16.511800612150434,15.772320516254105,16.006968093391276,14.237692491423644,3.2188758248682006
McKenley Hollow,2021-06-01,83,6,2021,1.2246467991473532e-16,-1.0,5,148.0,98.0,141.0,142.4,141.0,46.19848482363897,129.0,142.4,142.4,5,,,447190,42273575.0,94.53157494577249,15.0,560.6233892789719,5.0,60.0,175.0,310.0,1020.0,41371635.0,2024550.0,41284380.0,14824630.0,7076715.0,8948245.0,1525285.0,13.010741075396897,17.559672767971065,4.5594568205458135,2.772588722239781,17.538106083220107,14.52085850554234,17.53599480238228,16.511800612150434,15.772320516254105,16.006968093391276,14.237692491423644,4.430816798843313
Millbrook to BLM FT,2021-06-01,288,6,2021,1.2246467991473532e-16,-1.0,5,227.0,200.0,174.0,178.4,185.0,45.09212791607865,200.33333333333334,178.4,178.4,5,,,447190,42273575.0,94.53157494577249,15.0,560.6233892789719,5.0,60.0,175.0,310.0,1020.0,41371635.0,2024550.0,41284380.0,14824630.0,7076715.0,8948245.0,1525285.0,13.010741075396897,17.559672767971065,4.5594568205458135,2.772588722239781,17.538106083220107,14.52085850554234,17.53599480238228,16.511800612150434,15.772320516254105,16.006968093391276,14.237692491423644,5.666426688112432
Neversink Hardenburgh Trail,2021-06-01,23,6,2021,1.2246467991473532e-16,-1.0,5,17.0,8.0,11.0,8.6,8.0,6.188699378706321,12.0,8.6,8.6,5,,,447190,42273575.0,94.53157494577249,15.0,560.6233892789719,5.0,60.0,175.0,310.0,1020.0,41371635.0,2024550.0,41284380.0,14824630.0,7076715.0,8948245.0,1525285.0,13.010741075396897,17.559672767971065,4.5594568205458135,2.772588722239781,17.538106083220107,14.52085850554234,17.53599480238228,16.511800612150434,15.772320516254105,16.006968093391276,14.237692491423644,3.1780538303479458
Overlook,2021-06-01,1014,6,2021,1.2246467991473532e-16,-1.0,5,776.0,569.0,387.0,493.4,409.0,181.69012081013102,577.3333333333334,493.4,493.4,5,,,447190,42273575.0,94.53157494577249,15.0,560.6233892789719,5.0,60.0,175.0,310.0,1020.0,41371635.0,2024550.0,41284380.0,14824630.0,7076715.0,8948245.0,1525285.0,13.010741075396897,17.559672767971065,4.5594568205458135,2.772588722239781,17.538106083220107,14.52085850554234,17.53599480238228,16.511800612150434,15.772320516254105,16.006968093391276,14.237692491423644,6.922643891475888
Peekamoose,2021-06-01,163,6,2021,1.2246467991473532e-16,-1.0,5,237.0,144.0,149.0,150.8,144.0,55.706373064488766,176.66666666666666,150.8,150.8,5,,,447190,42273575.0,94.53157494577249,15.0,560.6233892789719,5.0,60.0,175.0,310.0,1020.0,41371635.0,2024550.0,41284380.0,14824630.0,7076715.0,8948245.0,1525285.0,13.010741075396897,17.559672767971065,4.5594568205458135,2.772588722239781,17.538106083220107,14.52085850554234,17.53599480238228,16.511800612150434,15.772320516254105,16.006968093391276,14.237692491423644,5.099866427824199
Red Hill Dinch Road,2021-06-01,269,6,2021,1.2246467991473532e-16,-1.0,5,248.0,227.0,53.0,125.0,89.0,106.89013050791921,176.0,125.0,125.0,5,,,447190,42273575.0,94.53157494577249,15.0,560.6233892789719,5.0,60.0,175.0,310.0,1020.0,41371635.0,2024550.0,41284380.0,14824630.0,7076715.0,8948245.0,1525285.0,13.010741075396897,17.559672767971065,4.5594568205458135,2.772588722239781,17.538106083220107,14.52085850554234,17.53599480238228,16.511800612150434,15.772320516254105,16.006968093391276,14.237692491423644,5.598421958998375
Rider Hollow,2021-06-01,176,6,2021,1.2246467991473532e-16,-1.0,5,164.0,187.0,388.0,246.33333333333334,187.0,123.2247269558076,246.33333333333334,246.33333333333334,246.33333333333334,3,,,447190,42273575.0,94.53157494577249,15.0,560.6233892789719,5.0,60.0,175.0,310.0,1020.0,41371635.0,2024550.0,41284380.0,14824630.0,7076715.0,8948245.0,1525285.0,13.010741075396897,17.559672767971065,4.5594568205458135,2.772588722239781,17.538106083220107,14.52085850554234,17.53599480238228,16.511800612150434,15.772320516254105,16.006968093391276,14.237692491423644,5.176149732573829
Rochester Hollow,2021-06-01,239,6,2021,1.2246467991473532e-16,-1.0,5,154.0,169.0,92.0,128.2,146.0,39.62574920427373,138.33333333333334,128.2,128.2,5,,,447190,42273575.0,94.53157494577249,15.0,560.6233892789719,5.0,60.0,175.0,310.0,1020.0,41371635.0,2024550.0,41284380.0,14824630.0,7076715.0,8948245.0,1525285.0,13.010741075396897,17.559672767971065,4.5594568205458135,2.772588722239781,17.538106083220107,14.52085850554234,17.53599480238228,16.511800612150434,15.772320516254105,16.006968093391276,14.237692491423644,5.480638923341991
Seager,2021-06-01,82,6,2021,1.2246467991473532e-16,-1.0,5,43.0,38.0,33.0,31.0,33.0,10.36822067666386,38.0,31.0,31.0,5,,,447190,42273575.0,94.53157494577249,15.0,560.6233892789719,5.0,60.0,175.0,310.0,1020.0,41371635.0,2024550.0,41284380.0,14824630.0,7076715.0,8948245.0,1525285.0,13.010741075396897,17.559672767971065,4.5594568205458135,2.772588722239781,17.538106083220107,14.52085850554234,17.53599480238228,16.511800612150434,15.772320516254105,16.006968093391276,14.237692491423644,4.418840607796598
Slide Mt,2021-06-01,624,6,2021,1.2246467991473532e-16,-1.0,5,589.0,430.0,571.0,572.8,571.0,161.37905688161646,530.0,572.8,572.8,5,,,447190,42273575.0,94.53157494577249,15.0,560.6233892789719,5.0,60.0,175.0,310.0,1020.0,41371635.0,2024550.0,41284380.0,14824630.0,7076715.0,8948245.0,1525285.0,13.010741075396897,17.559672767971065,4.5594568205458135,2.772588722239781,17.538106083220107,14.52085850554234,17.53599480238228,16.511800612150434,15.772320516254105,16.006968093391276,14.237692491423644,6.437751649736401
Wittenberg,2021-06-01,596,6,2021,1.2246467991473532e-16,-1.0,5,530.0,286.0,262.0,293.0,262.0,144.5614056378811,359.3333333333333,293.0,293.0,5,,,447190,42273575.0,94.53157494577249,15.0,560.6233892789719,5.0,60.0,175.0,310.0,1020.0,41371635.0,2024550.0,41284380.0,14824630.0,7076715.0,8948245.0,1525285.0,13.010741075396897,17.559672767971065,4.5594568205458135,2.772588722239781,17.538106083220107,14.52085850554234,17.53599480238228,16.511800612150434,15.772320516254105,16.006968093391276,14.237692491423644,6.391917113392602
Woodchuck Hollow,2021-06-01,6,6,2021,1.2246467991473532e-16,-1.0,5,8.0,7.0,5.0,6.2,6.0,1.3038404810405297,6.666666666666667,6.2,6.2,5,,,447190,42273575.0,94.53157494577249,15.0,560.6233892789719,5.0,60.0,175.0,310.0,1020.0,41371635.0,2024550.0,41284380.0,14824630.0,7076715.0,8948245.0,1525285.0,13.010741075396897,17.559672767971065,4.5594568205458135,2.772588722239781,17.538106083220107,14.52085850554234,17.53599480238228,16.511800612150434,15.772320516254105,16.006968093391276,14.237692491423644,1.9459101490553132
Woodland Valley,2021-06-01,183,6,2021,1.2246467991473532e-16,-1.0,5,119.0,62.0,31.0,49.8,31.0,42.69309077590893,70.66666666666667,49.8,49.8,5,,,447190,42273575.0,94.53157494577249,15.0,560.6233892789719,5.0,60.0,175.0,310.0,1020.0,41371635.0,2024550.0,41284380.0,14824630.0,7076715.0,8948245.0,1525285.0,13.010741075396897,17.559672767971065,4.5594568205458135,2.772588722239781,17.538106083220107,14.52085850554234,17.53599480238228,16.511800612150434,15.772320516254105,16.006968093391276,14.237692491423644,5.214935757608986
Alder Lake,2021-07-01,408,7,2021,-0.4999999999999998,-0.8660254037844388,6,264.0,246.0,209.0,155.0,149.5,96.29537891300912,239.66666666666666,155.0,155.0,6,,,457078,42823930.0,93.69063923444139,15.0,569.0076412042188,5.0,55.0,170.0,300.0,1050.0,41587155.0,2024485.0,41857960.0,15502785.0,8142045.0,7968015.0,1380845.0,13.032611521457435,17.572607639808027,4.550615148785183,2.772588722239781,17.543301927558396,14.520826399142717,17.54979256381009,16.556530307673313,15.912552057746616,15.890946086276683,14.138206912777258,6.013715156042802
Ashokan HP,2021-07-01,246,7,2021,-0.4999999999999998,-0.8660254037844388,6,178.0,191.0,135.0,133.16666666666666,123.5,44.98629420908847,168.0,133.16666666666666,133.16666666666666,6,,,457078,42823930.0,93.69063923444139,15.0,569.0076412042188,5.0,55.0,170.0,300.0,1050.0,41587155.0,2024485.0,41857960.0,15502785.0,8142045.0,7968015.0,1380845.0,13.032611521457435,17.572607639808027,4.550615148785183,2.772588722239781,17.543301927558396,14.520826399142717,17.54979256381009,16.556530307673313,15.912552057746616,15.890946086276683,14.138206912777258,5.5093883366279774
Beaverkill Road to BLM FT,2021-07-01,275,7,2021,-0.4999999999999998,-0.8660254037844388,6,187.0,171.0,152.0,134.5,135.5,43.0987238790199,170.0,134.5,134.5,6,,,457078,42823930.0,93.69063923444139,15.0,569.0076412042188,5.0,55.0,170.0,300.0,1050.0,41587155.0,2024485.0,41857960.0,15502785.0,8142045.0,7968015.0,1380845.0,13.032611521457435,17.572607639808027,4.550615148785183,2.772588722239781,17.543301927558396,14.520826399142717,17.54979256381009,16.556530307673313,15.912552057746616,15.890946086276683,14.138206912777258,5.62040086571715
Biscuit Brook,2021-07-01,123,7,2021,-0.4999999999999998,-0.8660254037844388,6,175.0,127.0,141.0,146.0,136.0,34.95711658589707,147.66666666666666,146.0,146.0,6,,,457078,42823930.0,93.69063923444139,15.0,569.0076412042188,5.0,55.0,170.0,300.0,1050.0,41587155.0,2024485.0,41857960.0,15502785.0,8142045.0,7968015.0,1380845.0,13.032611521457435,17.572607639808027,4.550615148785183,2.772588722239781,17.543301927558396,14.520826399142717,17.54979256381009,16.556530307673313,15.912552057746616,15.890946086276683,14.138206912777258,4.820281565605037
Denning,2021-07-01,249,7,2021,-0.4999999999999998,-0.8660254037844388,6,438.0,340.0,224.0,230.5,194.0,133.93991190082215,334.0,230.5,230.5,6,,,457078,42823930.0,93.69063923444139,15.0,569.0076412042188,5.0,55.0,170.0,300.0,1050.0,41587155.0,2024485.0,41857960.0,15502785.0,8142045.0,7968015.0,1380845.0,13.032611521457435,17.572607639808027,4.550615148785183,2.772588722239781,17.543301927558396,14.520826399142717,17.54979256381009,16.556530307673313,15.912552057746616,15.890946086276683,14.138206912777258,5.521460917862246
Dry Brook Ridge to Lean-to,2021-07-01,60,7,2021,-0.4999999999999998,-0.8660254037844388,6,21.0,25.0,43.0,20.666666666666668,18.0,12.612163441165306,29.666666666666668,20.666666666666668,20.666666666666668,6,,,457078,42823930.0,93.69063923444139,15.0,569.0076412042188,5.0,55.0,170.0,300.0,1050.0,41587155.0,2024485.0,41857960.0,15502785.0,8142045.0,7968015.0,1380845.0,13.032611521457435,17.572607639808027,4.550615148785183,2.772588722239781,17.543301927558396,14.520826399142717,17.54979256381009,16.556530307673313,15.912552057746616,15.890946086276683,14.138206912777258,4.110873864173311
Flynn,2021-07-01,91,7,2021,-0.4999999999999998,-0.8660254037844388,6,91.0,51.0,43.0,50.666666666666664,44.5,20.925263837444597,61.666666666666664,50.666666666666664,50.666666666666664,6,,,457078,42823930.0,93.69063923444139,15.0,569.0076412042188,5.0,55.0,170.0,300.0,1050.0,41587155.0,2024485.0,41857960.0,15502785.0,8142045.0,7968015.0,1380845.0,13.032611521457435,17.572607639808027,4.550615148785183,2.772588722239781,17.543301927558396,14.520826399142717,17.54979256381009,16.556530307673313,15.912552057746616,15.890946086276683,14.138206912777258,4.5217885770490405
Fox Hollow,2021-07-01,146,7,2021,-0.4999999999999998,-0.8660254037844388,6,121.0,156.0,117.0,111.66666666666667,119.0,35.842246953374264,131.33333333333334,111.66666666666667,111.66666666666667,6,,,457078,42823930.0,93.69063923444139,15.0,569.0076412042188,5.0,55.0,170.0,300.0,1050.0,41587155.0,2024485.0,41857960.0,15502785.0,8142045.0,7968015.0,1380845.0,13.032611521457435,17.572607639808027,4.550615148785183,2.772588722239781,17.543301927558396,14.520826399142717,17.54979256381009,16.556530307673313,15.912552057746616,15.890946086276683,14.138206912777258,4.990432586778736
Frick Pond,2021-07-01,237,7,2021,-0.4999999999999998,-0.8660254037844388,6,107.0,184.0,110.0,135.33333333333334,130.5,31.097695520193565,133.66666666666666,135.33333333333334,135.33333333333334,6,,,457078,42823930.0,93.69063923444139,15.0,569.0076412042188,5.0,55.0,170.0,300.0,1050.0,41587155.0,2024485.0,41857960.0,15502785.0,8142045.0,7968015.0,1380845.0,13.032611521457435,17.572607639808027,4.550615148785183,2.772588722239781,17.543301927558396,14.520826399142717,17.54979256381009,16.556530307673313,15.912552057746616,15.890946086276683,14.138206912777258,5.472270673671475
Giant Ledge,2021-07-01,906,7,2021,-0.4999999999999998,-0.8660254037844388,6,836.0,896.0,604.0,627.5,576.0,204.50892401066514,778.6666666666666,627.5,627.5,6,,,457078,42823930.0,93.69063923444139,15.0,569.0076412042188,5.0,55.0,170.0,300.0,1050.0,41587155.0,2024485.0,41857960.0,15502785.0,8142045.0,7968015.0,1380845.0,13.032611521457435,17.572607639808027,4.550615148785183,2.772588722239781,17.543301927558396,14.520826399142717,17.54979256381009,16.556530307673313,15.912552057746616,15.890946086276683,14.138206912777258,6.810142450115136
Hardenburgh- MH Trail,2021-07-01,13,7,2021,-0.4999999999999998,-0.8660254037844388,6,15.0,7.0,11.0,7.666666666666667,8.5,5.428320796219276,11.0,7.666666666666667,7.666666666666667,6,,,457078,42823930.0,93.69063923444139,15.0,569.0076412042188,5.0,55.0,170.0,300.0,1050.0,41587155.0,2024485.0,41857960.0,15502785.0,8142045.0,7968015.0,1380845.0,13.032611521457435,17.572607639808027,4.550615148785183,2.772588722239781,17.543301927558396,14.520826399142717,17.54979256381009,16.556530307673313,15.912552057746616,15.890946086276683,14.138206912777258,2.6390573296152584
Kelly Hollow,2021-07-01,273,7,2021,-0.4999999999999998,-0.8660254037844388,6,277.0,252.0,229.0,190.83333333333334,214.5,80.09348704274691,252.66666666666666,190.83333333333334,190.83333333333334,6,,,457078,42823930.0,93.69063923444139,15.0,569.0076412042188,5.0,55.0,170.0,300.0,1050.0,41587155.0,2024485.0,41857960.0,15502785.0,8142045.0,7968015.0,1380845.0,13.032611521457435,17.572607639808027,4.550615148785183,2.772588722239781,17.543301927558396,14.520826399142717,17.54979256381009,16.556530307673313,15.912552057746616,15.890946086276683,14.138206912777258,5.6131281063880705
Lane Street,2021-07-01,68,7,2021,-0.4999999999999998,-0.8660254037844388,6,68.0,89.0,58.0,57.0,55.5,21.213203435596427,71.66666666666667,57.0,57.0,6,,,457078,42823930.0,93.69063923444139,15.0,569.0076412042188,5.0,55.0,170.0,300.0,1050.0,41587155.0,2024485.0,41857960.0,15502785.0,8142045.0,7968015.0,1380845.0,13.032611521457435,17.572607639808027,4.550615148785183,2.772588722239781,17.543301927558396,14.520826399142717,17.54979256381009,16.556530307673313,15.912552057746616,15.890946086276683,14.138206912777258,4.23410650459726
Long Pond,2021-07-01,98,7,2021,-0.4999999999999998,-0.8660254037844388,6,24.0,26.0,41.0,27.166666666666668,25.0,7.808115436305145,30.333333333333332,27.166666666666668,27.166666666666668,6,,,457078,42823930.0,93.69063923444139,15.0,569.0076412042188,5.0,55.0,170.0,300.0,1050.0,41587155.0,2024485.0,41857960.0,15502785.0,8142045.0,7968015.0,1380845.0,13.032611521457435,17.572607639808027,4.550615148785183,2.772588722239781,17.543301927558396,14.520826399142717,17.54979256381009,16.556530307673313,15.912552057746616,15.890946086276683,14.138206912777258,4.59511985013459
McKenley Hollow,2021-07-01,115,7,2021,-0.4999999999999998,-0.8660254037844388,6,83.0,148.0,98.0,132.5,125.0,47.91137651956997,109.66666666666667,132.5,132.5,6,,,457078,42823930.0,93.69063923444139,15.0,569.0076412042188,5.0,55.0,170.0,300.0,1050.0,41587155.0,2024485.0,41857960.0,15502785.0,8142045.0,7968015.0,1380845.0,13.032611521457435,17.572607639808027,4.550615148785183,2.772588722239781,17.543301927558396,14.520826399142717,17.54979256381009,16.556530307673313,15.912552057746616,15.890946086276683,14.138206912777258,4.7535901911063645
Millbrook to BLM FT,2021-07-01,291,7,2021,-0.4999999999999998,-0.8660254037844388,6,288.0,227.0,200.0,196.66666666666666,192.5,60.23841520713063,238.33333333333334,196.66666666666666,196.66666666666666,6,,,457078,42823930.0,93.69063923444139,15.0,569.0076412042188,5.0,55.0,170.0,300.0,1050.0,41587155.0,2024485.0,41857960.0,15502785.0,8142045.0,7968015.0,1380845.0,13.032611521457435,17.572607639808027,4.550615148785183,2.772588722239781,17.543301927558396,14.520826399142717,17.54979256381009,16.556530307673313,15.912552057746616,15.890946086276683,14.138206912777258,5.676753802268282
Neversink Hardenburgh Trail,2021-07-01,47,7,2021,-0.4999999999999998,-0.8660254037844388,6,23.0,17.0,8.0,11.0,9.5,8.07465169527454,16.0,11.0,11.0,6,,,457078,42823930.0,93.69063923444139,15.0,569.0076412042188,5.0,55.0,170.0,300.0,1050.0,41587155.0,2024485.0,41857960.0,15502785.0,8142045.0,7968015.0,1380845.0,13.032611521457435,17.572607639808027,4.550615148785183,2.772588722239781,17.543301927558396,14.520826399142717,17.54979256381009,16.556530307673313,15.912552057746616,15.890946086276683,14.138206912777258,3.871201010907891
Overlook,2021-07-01,988,7,2021,-0.4999999999999998,-0.8660254037844388,6,1014.0,776.0,569.0,580.1666666666666,489.0,267.5439527753649,786.3333333333334,580.1666666666666,580.1666666666666,6,,,457078,42823930.0,93.69063923444139,15.0,569.0076412042188,5.0,55.0,170.0,300.0,1050.0,41587155.0,2024485.0,41857960.0,15502785.0,8142045.0,7968015.0,1380845.0,13.032611521457435,17.572607639808027,4.550615148785183,2.772588722239781,17.543301927558396,14.520826399142717,17.54979256381009,16.556530307673313,15.912552057746616,15.890946086276683,14.138206912777258,6.8966943316227125
Peekamoose,2021-07-01,170,7,2021,-0.4999999999999998,-0.8660254037844388,6,163.0,237.0,144.0,152.83333333333334,146.5,50.07361247869647,181.33333333333334,152.83333333333334,152.83333333333334,6,,,457078,42823930.0,93.69063923444139,15.0,569.0076412042188,5.0,55.0,170.0,300.0,1050.0,41587155.0,2024485.0,41857960.0,15502785.0,8142045.0,7968015.0,1380845.0,13.032611521457435,17.572607639808027,4.550615148785183,2.772588722239781,17.543301927558396,14.520826399142717,17.54979256381009,16.556530307673313,15.912552057746616,15.890946086276683,14.138206912777258,5.14166355650266
Red Hill Dinch Road,2021-07-01,329,7,2021,-0.4999999999999998,-0.8660254037844388,6,269.0,248.0,227.0,149.0,158.0,112.2336847831345,248.0,149.0,149.0,6,,,457078,42823930.0,93.69063923444139,15.0,569.0076412042188,5.0,55.0,170.0,300.0,1050.0,41587155.0,2024485.0,41857960.0,15502785.0,8142045.0,7968015.0,1380845.0,13.032611521457435,17.572607639808027,4.550615148785183,2.772588722239781,17.543301927558396,14.520826399142717,17.54979256381009,16.556530307673313,15.912552057746616,15.890946086276683,14.138206912777258,5.799092654460526
Rochester Hollow,2021-07-01,276,7,2021,-0.4999999999999998,-0.8660254037844388,6,239.0,154.0,169.0,146.66666666666666,150.0,57.46535187977767,187.33333333333334,146.66666666666666,146.66666666666666,6,,,457078,42823930.0,93.69063923444139,15.0,569.0076412042188,5.0,55.0,170.0,300.0,1050.0,41587155.0,2024485.0,41857960.0,15502785.0,8142045.0,7968015.0,1380845.0,13.032611521457435,17.572607639808027,4.550615148785183,2.772588722239781,17.543301927558396,14.520826399142717,17.54979256381009,16.556530307673313,15.912552057746616,15.890946086276683,14.138206912777258,5.6240175061873385
Seager,2021-07-01,123,7,2021,-0.4999999999999998,-0.8660254037844388,6,82.0,43.0,38.0,39.5,35.5,22.792542640082964,54.333333333333336,39.5,39.5,6,,,457078,42823930.0,93.69063923444139,15.0,569.0076412042188,5.0,55.0,170.0,300.0,1050.0,41587155.0,2024485.0,41857960.0,15502785.0,8142045.0,7968015.0,1380845.0,13.032611521457435,17.572607639808027,4.550615148785183,2.772588722239781,17.543301927558396,14.520826399142717,17.54979256381009,16.556530307673313,15.912552057746616,15.890946086276683,14.138206912777258,4.820281565605037
Slide Mt,2021-07-01,835,7,2021,-0.4999999999999998,-0.8660254037844388,6,624.0,589.0,430.0,581.3333333333334,580.0,145.8474088445409,547.6666666666666,581.3333333333334,581.3333333333334,6,,,457078,42823930.0,93.69063923444139,15.0,569.0076412042188,5.0,55.0,170.0,300.0,1050.0,41587155.0,2024485.0,41857960.0,15502785.0,8142045.0,7968015.0,1380845.0,13.032611521457435,17.572607639808027,4.550615148785183,2.772588722239781,17.543301927558396,14.520826399142717,17.54979256381009,16.556530307673313,15.912552057746616,15.890946086276683,14.138206912777258,6.728628613084702
Upper Cherrytown Road,2021-07-01,154,7,2021,-0.4999999999999998,-0.8660254037844388,6,121.0,90.0,152.0,121.0,121.0,31.0,121.0,121.0,121.0,3,,,457078,42823930.0,93.69063923444139,15.0,569.0076412042188,5.0,55.0,170.0,300.0,1050.0,41587155.0,2024485.0,41857960.0,15502785.0,8142045.0,7968015.0,1380845.0,13.032611521457435,17.572607639808027,4.550615148785183,2.772588722239781,17.543301927558396,14.520826399142717,17.54979256381009,16.556530307673313,15.912552057746616,15.890946086276683,14.138206912777258,5.043425116919247
Wittenberg,2021-07-01,609,7,2021,-0.4999999999999998,-0.8660254037844388,6,596.0,530.0,286.0,343.5,274.0,178.9410517460988,470.6666666666667,343.5,343.5,6,,,457078,42823930.0,93.69063923444139,15.0,569.0076412042188,5.0,55.0,170.0,300.0,1050.0,41587155.0,2024485.0,41857960.0,15502785.0,8142045.0,7968015.0,1380845.0,13.032611521457435,17.572607639808027,4.550615148785183,2.772588722239781,17.543301927558396,14.520826399142717,17.54979256381009,16.556530307673313,15.912552057746616,15.890946086276683,14.138206912777258,6.413458957167357
Woodchuck Hollow,2021-07-01,6,7,2021,-0.4999999999999998,-0.8660254037844388,6,6.0,8.0,7.0,6.166666666666667,6.0,1.1690451944500122,7.0,6.166666666666667,6.166666666666667,6,,,457078,42823930.0,93.69063923444139,15.0,569.0076412042188,5.0,55.0,170.0,300.0,1050.0,41587155.0,2024485.0,41857960.0,15502785.0,8142045.0,7968015.0,1380845.0,13.032611521457435,17.572607639808027,4.550615148785183,2.772588722239781,17.543301927558396,14.520826399142717,17.54979256381009,16.556530307673313,15.912552057746616,15.890946086276683,14.138206912777258,1.9459101490553132
Woodland Valley,2021-07-01,210,7,2021,-0.4999999999999998,-0.8660254037844388,6,183.0,119.0,62.0,72.0,46.5,66.44697133805272,121.33333333333333,72.0,72.0,6,,,457078,42823930.0,93.69063923444139,15.0,569.0076412042188,5.0,55.0,170.0,300.0,1050.0,41587155.0,2024485.0,41857960.0,15502785.0,8142045.0,7968015.0,1380845.0,13.032611521457435,17.572607639808027,4.550615148785183,2.772588722239781,17.543301927558396,14.520826399142717,17.54979256381009,16.556530307673313,15.912552057746616,15.890946086276683,14.138206912777258,5.351858133476067
Alder Lake,2021-08-01,290,8,2021,-0.8660254037844384,-0.5000000000000004,7,408.0,264.0,246.0,191.14285714285714,209.0,129.89024671035233,306.0,208.0,191.14285714285714,7,,,468329,47452230.0,101.3224250473492,15.0,628.8760274257189,5.0,60.0,180.0,325.0,1120.0,46027550.0,2346730.0,46140410.0,17313590.0,8364290.0,10242435.0,1543600.0,13.056928454618822,17.675234099828497,4.628128857608861,2.772588722239781,17.644750709946127,14.668533853863064,17.64719971834251,16.66700235797682,15.939482130891001,16.142050039909147,14.249628556481618,5.673323267171493
Ashokan HP,2021-08-01,157,8,2021,-0.8660254037844384,-0.5000000000000004,7,246.0,178.0,191.0,149.28571428571428,135.0,59.20505126455086,205.0,155.5,149.28571428571428,7,,,468329,47452230.0,101.3224250473492,15.0,628.8760274257189,5.0,60.0,180.0,325.0,1120.0,46027550.0,2346730.0,46140410.0,17313590.0,8364290.0,10242435.0,1543600.0,13.056928454618822,17.675234099828497,4.628128857608861,2.772588722239781,17.644750709946127,14.668533853863064,17.64719971834251,16.66700235797682,15.939482130891001,16.142050039909147,14.249628556481618,5.062595033026967
Beaverkill Road to BLM FT,2021-08-01,146,8,2021,-0.8660254037844384,-0.5000000000000004,7,275.0,187.0,171.0,154.57142857142858,152.0,66.09048631196762,211.0,160.5,154.57142857142858,7,,,468329,47452230.0,101.3224250473492,15.0,628.8760274257189,5.0,60.0,180.0,325.0,1120.0,46027550.0,2346730.0,46140410.0,17313590.0,8364290.0,10242435.0,1543600.0,13.056928454618822,17.675234099828497,4.628128857608861,2.772588722239781,17.644750709946127,14.668533853863064,17.64719971834251,16.66700235797682,15.939482130891001,16.142050039909147,14.249628556481618,4.990432586778736
Biscuit Brook,2021-08-01,105,8,2021,-0.8660254037844384,-0.5000000000000004,7,123.0,175.0,127.0,142.71428571428572,131.0,33.07423108561652,141.66666666666666,149.33333333333334,142.71428571428572,7,,,468329,47452230.0,101.3224250473492,15.0,628.8760274257189,5.0,60.0,180.0,325.0,1120.0,46027550.0,2346730.0,46140410.0,17313590.0,8364290.0,10242435.0,1543600.0,13.056928454618822,17.675234099828497,4.628128857608861,2.772588722239781,17.644750709946127,14.668533853863064,17.64719971834251,16.66700235797682,15.939482130891001,16.142050039909147,14.249628556481618,4.663439094112067
Denning,2021-08-01,299,8,2021,-0.8660254037844384,-0.5000000000000004,7,249.0,438.0,340.0,233.14285714285714,224.0,122.46962694402855,342.3333333333333,251.5,233.14285714285714,7,,,468329,47452230.0,101.3224250473492,15.0,628.8760274257189,5.0,60.0,180.0,325.0,1120.0,46027550.0,2346730.0,46140410.0,17313590.0,8364290.0,10242435.0,1543600.0,13.056928454618822,17.675234099828497,4.628128857608861,2.772588722239781,17.644750709946127,14.668533853863064,17.64719971834251,16.66700235797682,15.939482130891001,16.142050039909147,14.249628556481618,5.703782474656201
Dry Brook Ridge to Lean-to,2021-08-01,21,8,2021,-0.8660254037844384,-0.5000000000000004,7,60.0,21.0,25.0,26.285714285714285,21.0,18.803495115840263,35.333333333333336,28.166666666666668,26.285714285714285,7,,,468329,47452230.0,101.3224250473492,15.0,628.8760274257189,5.0,60.0,180.0,325.0,1120.0,46027550.0,2346730.0,46140410.0,17313590.0,8364290.0,10242435.0,1543600.0,13.056928454618822,17.675234099828497,4.628128857608861,2.772588722239781,17.644750709946127,14.668533853863064,17.64719971834251,16.66700235797682,15.939482130891001,16.142050039909147,14.249628556481618,3.091042453358316
Flynn,2021-08-01,82,8,2021,-0.8660254037844384,-0.5000000000000004,7,91.0,91.0,51.0,56.42857142857143,45.0,24.43942950000499,77.66666666666667,58.5,56.42857142857143,7,,,468329,47452230.0,101.3224250473492,15.0,628.8760274257189,5.0,60.0,180.0,325.0,1120.0,46027550.0,2346730.0,46140410.0,17313590.0,8364290.0,10242435.0,1543600.0,13.056928454618822,17.675234099828497,4.628128857608861,2.772588722239781,17.644750709946127,14.668533853863064,17.64719971834251,16.66700235797682,15.939482130891001,16.142050039909147,14.249628556481618,4.418840607796598
Fox Hollow,2021-08-01,106,8,2021,-0.8660254037844384,-0.5000000000000004,7,146.0,121.0,156.0,116.57142857142857,121.0,35.19875538925178,141.0,115.5,116.57142857142857,7,,,468329,47452230.0,101.3224250473492,15.0,628.8760274257189,5.0,60.0,180.0,325.0,1120.0,46027550.0,2346730.0,46140410.0,17313590.0,8364290.0,10242435.0,1543600.0,13.056928454618822,17.675234099828497,4.628128857608861,2.772588722239781,17.644750709946127,14.668533853863064,17.64719971834251,16.66700235797682,15.939482130891001,16.142050039909147,14.249628556481618,4.672828834461906
Frick Pond,2021-08-01,253,8,2021,-0.8660254037844384,-0.5000000000000004,7,237.0,107.0,184.0,149.85714285714286,150.0,47.77526756048772,176.0,156.33333333333334,149.85714285714286,7,,,468329,47452230.0,101.3224250473492,15.0,628.8760274257189,5.0,60.0,180.0,325.0,1120.0,46027550.0,2346730.0,46140410.0,17313590.0,8364290.0,10242435.0,1543600.0,13.056928454618822,17.675234099828497,4.628128857608861,2.772588722239781,17.644750709946127,14.668533853863064,17.64719971834251,16.66700235797682,15.939482130891001,16.142050039909147,14.249628556481618,5.537334267018537
Giant Ledge,2021-08-01,835,8,2021,-0.8660254037844384,-0.5000000000000004,7,906.0,836.0,896.0,667.2857142857143,604.0,214.32118754003633,879.3333333333334,689.8333333333334,667.2857142857143,7,,,468329,47452230.0,101.3224250473492,15.0,628.8760274257189,5.0,60.0,180.0,325.0,1120.0,46027550.0,2346730.0,46140410.0,17313590.0,8364290.0,10242435.0,1543600.0,13.056928454618822,17.675234099828497,4.628128857608861,2.772588722239781,17.644750709946127,14.668533853863064,17.64719971834251,16.66700235797682,15.939482130891001,16.142050039909147,14.249628556481618,6.728628613084702
Hardenburgh- MH Trail,2021-08-01,19,8,2021,-0.8660254037844384,-0.5000000000000004,7,13.0,15.0,7.0,8.428571428571429,10.0,5.349677337844557,11.666666666666666,8.166666666666666,8.428571428571429,7,,,468329,47452230.0,101.3224250473492,15.0,628.8760274257189,5.0,60.0,180.0,325.0,1120.0,46027550.0,2346730.0,46140410.0,17313590.0,8364290.0,10242435.0,1543600.0,13.056928454618822,17.675234099828497,4.628128857608861,2.772588722239781,17.644750709946127,14.668533853863064,17.64719971834251,16.66700235797682,15.939482130891001,16.142050039909147,14.249628556481618,2.995732273553991
Kelly Hollow,2021-08-01,279,8,2021,-0.8660254037844384,-0.5000000000000004,7,273.0,277.0,252.0,202.57142857142858,229.0,79.43730681666968,267.3333333333333,218.33333333333334,202.57142857142858,7,,,468329,47452230.0,101.3224250473492,15.0,628.8760274257189,5.0,60.0,180.0,325.0,1120.0,46027550.0,2346730.0,46140410.0,17313590.0,8364290.0,10242435.0,1543600.0,13.056928454618822,17.675234099828497,4.628128857608861,2.772588722239781,17.644750709946127,14.668533853863064,17.64719971834251,16.66700235797682,15.939482130891001,16.142050039909147,14.249628556481618,5.634789603169249
Lane Street,2021-08-01,39,8,2021,-0.8660254037844384,-0.5000000000000004,7,68.0,68.0,89.0,58.57142857142857,58.0,19.806203934265504,75.0,59.5,58.57142857142857,7,,,468329,47452230.0,101.3224250473492,15.0,628.8760274257189,5.0,60.0,180.0,325.0,1120.0,46027550.0,2346730.0,46140410.0,17313590.0,8364290.0,10242435.0,1543600.0,13.056928454618822,17.675234099828497,4.628128857608861,2.772588722239781,17.644750709946127,14.668533853863064,17.64719971834251,16.66700235797682,15.939482130891001,16.142050039909147,14.249628556481618,3.6888794541139363
Long Pond,2021-08-01,51,8,2021,-0.8660254037844384,-0.5000000000000004,7,98.0,24.0,26.0,37.285714285714285,26.0,27.705079472389688,49.333333333333336,39.5,37.285714285714285,7,,,468329,47452230.0,101.3224250473492,15.0,628.8760274257189,5.0,60.0,180.0,325.0,1120.0,46027550.0,2346730.0,46140410.0,17313590.0,8364290.0,10242435.0,1543600.0,13.056928454618822,17.675234099828497,4.628128857608861,2.772588722239781,17.644750709946127,14.668533853863064,17.64719971834251,16.66700235797682,15.939482130891001,16.142050039909147,14.249628556481618,3.9512437185814275
McKenley Hollow,2021-08-01,63,8,2021,-0.8660254037844384,-0.5000000000000004,7,115.0,83.0,148.0,130.0,115.0,44.23422506008969,115.33333333333333,115.66666666666667,130.0,7,,,468329,47452230.0,101.3224250473492,15.0,628.8760274257189,5.0,60.0,180.0,325.0,1120.0,46027550.0,2346730.0,46140410.0,17313590.0,8364290.0,10242435.0,1543600.0,13.056928454618822,17.675234099828497,4.628128857608861,2.772588722239781,17.644750709946127,14.668533853863064,17.64719971834251,16.66700235797682,15.939482130891001,16.142050039909147,14.249628556481618,4.1588830833596715
Millbrook to BLM FT,2021-08-01,269,8,2021,-0.8660254037844384,-0.5000000000000004,7,291.0,288.0,227.0,210.14285714285714,200.0,65.5373394115359,268.6666666666667,214.33333333333334,210.14285714285714,7,,,468329,47452230.0,101.3224250473492,15.0,628.8760274257189,5.0,60.0,180.0,325.0,1120.0,46027550.0,2346730.0,46140410.0,17313590.0,8364290.0,10242435.0,1543600.0,13.056928454618822,17.675234099828497,4.628128857608861,2.772588722239781,17.644750709946127,14.668533853863064,17.64719971834251,16.66700235797682,15.939482130891001,16.142050039909147,14.249628556481618,5.598421958998375
Mt Tremper,2021-08-01,262,8,2021,-0.8660254037844384,-0.5000000000000004,7,325.0,240.0,309.0,291.3333333333333,309.0,45.170049073842435,291.3333333333333,291.3333333333333,291.3333333333333,3,,,468329,47452230.0,101.3224250473492,15.0,628.8760274257189,5.0,60.0,180.0,325.0,1120.0,46027550.0,2346730.0,46140410.0,17313590.0,8364290.0,10242435.0,1543600.0,13.056928454618822,17.675234099828497,4.628128857608861,2.772588722239781,17.644750709946127,14.668533853863064,17.64719971834251,16.66700235797682,15.939482130891001,16.142050039909147,14.249628556481618,5.572154032177765
Neversink Hardenburgh Trail,2021-08-01,33,8,2021,-0.8660254037844384,-0.5000000000000004,7,47.0,23.0,17.0,16.142857142857142,11.0,15.475018270625418,29.0,17.666666666666668,16.142857142857142,7,,,468329,47452230.0,101.3224250473492,15.0,628.8760274257189,5.0,60.0,180.0,325.0,1120.0,46027550.0,2346730.0,46140410.0,17313590.0,8364290.0,10242435.0,1543600.0,13.056928454618822,17.675234099828497,4.628128857608861,2.772588722239781,17.644750709946127,14.668533853863064,17.64719971834251,16.66700235797682,15.939482130891001,16.142050039909147,14.249628556481618,3.5263605246161616
Overlook,2021-08-01,727,8,2021,-0.8660254037844384,-0.5000000000000004,7,988.0,1014.0,776.0,638.4285714285714,569.0,288.80954343814955,926.0,676.6666666666666,638.4285714285714,7,,,468329,47452230.0,101.3224250473492,15.0,628.8760274257189,5.0,60.0,180.0,325.0,1120.0,46027550.0,2346730.0,46140410.0,17313590.0,8364290.0,10242435.0,1543600.0,13.056928454618822,17.675234099828497,4.628128857608861,2.772588722239781,17.644750709946127,14.668533853863064,17.64719971834251,16.66700235797682,15.939482130891001,16.142050039909147,14.249628556481618,6.590301048196686
Peekamoose,2021-08-01,128,8,2021,-0.8660254037844384,-0.5000000000000004,7,170.0,163.0,237.0,155.28571428571428,149.0,46.16894441690678,190.0,157.33333333333334,155.28571428571428,7,,,468329,47452230.0,101.3224250473492,15.0,628.8760274257189,5.0,60.0,180.0,325.0,1120.0,46027550.0,2346730.0,46140410.0,17313590.0,8364290.0,10242435.0,1543600.0,13.056928454618822,17.675234099828497,4.628128857608861,2.772588722239781,17.644750709946127,14.668533853863064,17.64719971834251,16.66700235797682,15.939482130891001,16.142050039909147,14.249628556481618,4.859812404361672
Red Hill Dinch Road,2021-08-01,314,8,2021,-0.8660254037844384,-0.5000000000000004,7,329.0,269.0,248.0,174.71428571428572,227.0,122.9860619280552,282.0,189.0,174.71428571428572,7,,,468329,47452230.0,101.3224250473492,15.0,628.8760274257189,5.0,60.0,180.0,325.0,1120.0,46027550.0,2346730.0,46140410.0,17313590.0,8364290.0,10242435.0,1543600.0,13.056928454618822,17.675234099828497,4.628128857608861,2.772588722239781,17.644750709946127,14.668533853863064,17.64719971834251,16.66700235797682,15.939482130891001,16.142050039909147,14.249628556481618,5.752572638825633
Rider Hollow,2021-08-01,254,8,2021,-0.8660254037844384,-0.5000000000000004,7,176.0,164.0,187.0,228.75,181.5,106.58134608520074,175.66666666666666,228.75,228.75,4,,,468329,47452230.0,101.3224250473492,15.0,628.8760274257189,5.0,60.0,180.0,325.0,1120.0,46027550.0,2346730.0,46140410.0,17313590.0,8364290.0,10242435.0,1543600.0,13.056928454618822,17.675234099828497,4.628128857608861,2.772588722239781,17.644750709946127,14.668533853863064,17.64719971834251,16.66700235797682,15.939482130891001,16.142050039909147,14.249628556481618,5.541263545158426
Rochester Hollow,2021-08-01,278,8,2021,-0.8660254037844384,-0.5000000000000004,7,276.0,239.0,154.0,165.14285714285714,154.0,71.70408768317321,223.0,168.33333333333334,165.14285714285714,7,,,468329,47452230.0,101.3224250473492,15.0,628.8760274257189,5.0,60.0,180.0,325.0,1120.0,46027550.0,2346730.0,46140410.0,17313590.0,8364290.0,10242435.0,1543600.0,13.056928454618822,17.675234099828497,4.628128857608861,2.772588722239781,17.644750709946127,14.668533853863064,17.64719971834251,16.66700235797682,15.939482130891001,16.142050039909147,14.249628556481618,5.631211781821365
Seager,2021-08-01,126,8,2021,-0.8660254037844384,-0.5000000000000004,7,123.0,82.0,43.0,51.42857142857143,38.0,37.80148649130588,82.66666666666667,57.0,51.42857142857143,7,,,468329,47452230.0,101.3224250473492,15.0,628.8760274257189,5.0,60.0,180.0,325.0,1120.0,46027550.0,2346730.0,46140410.0,17313590.0,8364290.0,10242435.0,1543600.0,13.056928454618822,17.675234099828497,4.628128857608861,2.772588722239781,17.644750709946127,14.668533853863064,17.64719971834251,16.66700235797682,15.939482130891001,16.142050039909147,14.249628556481618,4.844187086458591
Slide Mt,2021-08-01,764,8,2021,-0.8660254037844384,-0.5000000000000004,7,835.0,624.0,589.0,617.5714285714286,589.0,164.06894601849265,682.6666666666666,582.0,617.5714285714286,7,,,468329,47452230.0,101.3224250473492,15.0,628.8760274257189,5.0,60.0,180.0,325.0,1120.0,46027550.0,2346730.0,46140410.0,17313590.0,8364290.0,10242435.0,1543600.0,13.056928454618822,17.675234099828497,4.628128857608861,2.772588722239781,17.644750709946127,14.668533853863064,17.64719971834251,16.66700235797682,15.939482130891001,16.142050039909147,14.249628556481618,6.639875833826536
Upper Cherrytown Road,2021-08-01,175,8,2021,-0.8660254037844384,-0.5000000000000004,7,154.0,121.0,90.0,129.25,136.5,30.21451086260816,121.66666666666667,129.25,129.25,4,,,468329,47452230.0,101.3224250473492,15.0,628.8760274257189,5.0,60.0,180.0,325.0,1120.0,46027550.0,2346730.0,46140410.0,17313590.0,8364290.0,10242435.0,1543600.0,13.056928454618822,17.675234099828497,4.628128857608861,2.772588722239781,17.644750709946127,14.668533853863064,17.64719971834251,16.66700235797682,15.939482130891001,16.142050039909147,14.249628556481618,5.170483995038151
Wittenberg,2021-08-01,513,8,2021,-0.8660254037844384,-0.5000000000000004,7,609.0,596.0,530.0,381.42857142857144,286.0,191.71146474398896,578.3333333333334,403.1666666666667,381.42857142857144,7,,,468329,47452230.0,101.3224250473492,15.0,628.8760274257189,5.0,60.0,180.0,325.0,1120.0,46027550.0,2346730.0,46140410.0,17313590.0,8364290.0,10242435.0,1543600.0,13.056928454618822,17.675234099828497,4.628128857608861,2.772588722239781,17.644750709946127,14.668533853863064,17.64719971834251,16.66700235797682,15.939482130891001,16.142050039909147,14.249628556481618,6.2422232654551655
Woodland Valley,2021-08-01,133,8,2021,-0.8660254037844384,-0.5000000000000004,7,210.0,183.0,119.0,91.71428571428571,62.0,79.99940475969032,170.66666666666666,103.16666666666667,91.71428571428571,7,,,468329,47452230.0,101.3224250473492,15.0,628.8760274257189,5.0,60.0,180.0,325.0,1120.0,46027550.0,2346730.0,46140410.0,17313590.0,8364290.0,10242435.0,1543600.0,13.056928454618822,17.675234099828497,4.628128857608861,2.772588722239781,17.644750709946127,14.668533853863064,17.64719971834251,16.66700235797682,15.939482130891001,16.142050039909147,14.249628556481618,4.897839799950911
Alder Lake,2021-09-01,261,9,2021,-1.0,-1.8369701987210297e-16,8,290.0,408.0,264.0,203.5,227.5,125.23121473042231,320.6666666666667,250.33333333333334,203.5,8,,,487006,55914570.0,114.81289758237065,20.0,734.224034198977,5.0,70.0,205.0,360.0,1310.0,53918990.0,2877910.0,53427470.0,19602355.0,11506640.0,13195905.0,1234835.0,13.096033775678059,17.839335566055162,4.751975937022919,3.044522437723423,17.802993311485224,14.872575241698332,17.793835609854703,16.791160321058445,16.25843490491794,16.39541718793452,14.026448725704107,5.568344503761097
Ashokan HP,2021-09-01,200,9,2021,-1.0,-1.8369701987210297e-16,8,157.0,246.0,178.0,150.25,146.0,54.88104018172917,193.66666666666666,169.83333333333334,150.25,8,,,487006,55914570.0,114.81289758237065,20.0,734.224034198977,5.0,70.0,205.0,360.0,1310.0,53918990.0,2877910.0,53427470.0,19602355.0,11506640.0,13195905.0,1234835.0,13.096033775678059,17.839335566055162,4.751975937022919,3.044522437723423,17.802993311485224,14.872575241698332,17.793835609854703,16.791160321058445,16.25843490491794,16.39541718793452,14.026448725704107,5.303304908059076
Beaverkill Road to BLM FT,2021-09-01,219,9,2021,-1.0,-1.8369701987210297e-16,8,146.0,275.0,187.0,153.5,149.0,61.262899516288456,202.66666666666666,172.66666666666666,153.5,8,,,487006,55914570.0,114.81289758237065,20.0,734.224034198977,5.0,70.0,205.0,360.0,1310.0,53918990.0,2877910.0,53427470.0,19602355.0,11506640.0,13195905.0,1234835.0,13.096033775678059,17.839335566055162,4.751975937022919,3.044522437723423,17.802993311485224,14.872575241698332,17.793835609854703,16.791160321058445,16.25843490491794,16.39541718793452,14.026448725704107,5.393627546352362
Biscuit Brook,2021-09-01,88,9,2021,-1.0,-1.8369701987210297e-16,8,105.0,123.0,175.0,138.0,129.0,33.39803244846276,134.33333333333334,145.0,138.0,8,,,487006,55914570.0,114.81289758237065,20.0,734.224034198977,5.0,70.0,205.0,360.0,1310.0,53918990.0,2877910.0,53427470.0,19602355.0,11506640.0,13195905.0,1234835.0,13.096033775678059,17.839335566055162,4.751975937022919,3.044522437723423,17.802993311485224,14.872575241698332,17.793835609854703,16.791160321058445,16.25843490491794,16.39541718793452,14.026448725704107,4.48863636973214
Denning,2021-09-01,293,9,2021,-1.0,-1.8369701987210297e-16,8,299.0,249.0,438.0,241.375,236.5,115.75088706849229,328.6666666666667,285.6666666666667,241.375,8,,,487006,55914570.0,114.81289758237065,20.0,734.224034198977,5.0,70.0,205.0,360.0,1310.0,53918990.0,2877910.0,53427470.0,19602355.0,11506640.0,13195905.0,1234835.0,13.096033775678059,17.839335566055162,4.751975937022919,3.044522437723423,17.802993311485224,14.872575241698332,17.793835609854703,16.791160321058445,16.25843490491794,16.39541718793452,14.026448725704107,5.683579767338681
Dry Brook Ridge to Lean-to,2021-09-01,40,9,2021,-1.0,-1.8369701987210297e-16,8,21.0,60.0,21.0,25.625,21.0,17.50867132105036,34.0,30.5,25.625,8,,,487006,55914570.0,114.81289758237065,20.0,734.224034198977,5.0,70.0,205.0,360.0,1310.0,53918990.0,2877910.0,53427470.0,19602355.0,11506640.0,13195905.0,1234835.0,13.096033775678059,17.839335566055162,4.751975937022919,3.044522437723423,17.802993311485224,14.872575241698332,17.793835609854703,16.791160321058445,16.25843490491794,16.39541718793452,14.026448725704107,3.713572066704308
Flynn,2021-09-01,47,9,2021,-1.0,-1.8369701987210297e-16,8,82.0,91.0,91.0,59.625,48.0,24.365886574705804,88.0,67.16666666666667,59.625,8,,,487006,55914570.0,114.81289758237065,20.0,734.224034198977,5.0,70.0,205.0,360.0,1310.0,53918990.0,2877910.0,53427470.0,19602355.0,11506640.0,13195905.0,1234835.0,13.096033775678059,17.839335566055162,4.751975937022919,3.044522437723423,17.802993311485224,14.872575241698332,17.793835609854703,16.791160321058445,16.25843490491794,16.39541718793452,14.026448725704107,3.871201010907891
Fox Hollow,2021-09-01,97,9,2021,-1.0,-1.8369701987210297e-16,8,106.0,146.0,121.0,115.25,119.0,32.80135014642799,124.33333333333333,125.33333333333333,115.25,8,,,487006,55914570.0,114.81289758237065,20.0,734.224034198977,5.0,70.0,205.0,360.0,1310.0,53918990.0,2877910.0,53427470.0,19602355.0,11506640.0,13195905.0,1234835.0,13.096033775678059,17.839335566055162,4.751975937022919,3.044522437723423,17.802993311485224,14.872575241698332,17.793835609854703,16.791160321058445,16.25843490491794,16.39541718793452,14.026448725704107,4.584967478670572
Frick Pond,2021-09-01,131,9,2021,-1.0,-1.8369701987210297e-16,8,253.0,237.0,107.0,162.75,150.0,57.32551164808113,199.0,173.5,162.75,8,,,487006,55914570.0,114.81289758237065,20.0,734.224034198977,5.0,70.0,205.0,360.0,1310.0,53918990.0,2877910.0,53427470.0,19602355.0,11506640.0,13195905.0,1234835.0,13.096033775678059,17.839335566055162,4.751975937022919,3.044522437723423,17.802993311485224,14.872575241698332,17.793835609854703,16.791160321058445,16.25843490491794,16.39541718793452,14.026448725704107,4.882801922586371
Giant Ledge,2021-09-01,609,9,2021,-1.0,-1.8369701987210297e-16,8,835.0,906.0,836.0,688.25,719.5,207.09331919968557,859.0,770.8333333333334,688.25,8,,,487006,55914570.0,114.81289758237065,20.0,734.224034198977,5.0,70.0,205.0,360.0,1310.0,53918990.0,2877910.0,53427470.0,19602355.0,11506640.0,13195905.0,1234835.0,13.096033775678059,17.839335566055162,4.751975937022919,3.044522437723423,17.802993311485224,14.872575241698332,17.793835609854703,16.791160321058445,16.25843490491794,16.39541718793452,14.026448725704107,6.413458957167357
Hardenburgh- MH Trail,2021-09-01,6,9,2021,-1.0,-1.8369701987210297e-16,8,19.0,13.0,15.0,9.75,10.5,6.2048368229954285,15.666666666666666,11.166666666666666,9.75,8,,,487006,55914570.0,114.81289758237065,20.0,734.224034198977,5.0,70.0,205.0,360.0,1310.0,53918990.0,2877910.0,53427470.0,19602355.0,11506640.0,13195905.0,1234835.0,13.096033775678059,17.839335566055162,4.751975937022919,3.044522437723423,17.802993311485224,14.872575241698332,17.793835609854703,16.791160321058445,16.25843490491794,16.39541718793452,14.026448725704107,1.9459101490553132
Kelly Hollow,2021-09-01,202,9,2021,-1.0,-1.8369701987210297e-16,8,279.0,273.0,277.0,212.125,240.5,78.35165692477182,276.3333333333333,251.66666666666666,212.125,8,,,487006,55914570.0,114.81289758237065,20.0,734.224034198977,5.0,70.0,205.0,360.0,1310.0,53918990.0,2877910.0,53427470.0,19602355.0,11506640.0,13195905.0,1234835.0,13.096033775678059,17.839335566055162,4.751975937022919,3.044522437723423,17.802993311485224,14.872575241698332,17.793835609854703,16.791160321058445,16.25843490491794,16.39541718793452,14.026448725704107,5.313205979041787
Lane Street,2021-09-01,59,9,2021,-1.0,-1.8369701987210297e-16,8,39.0,68.0,68.0,56.125,55.5,19.599107122519637,58.333333333333336,61.833333333333336,56.125,8,,,487006,55914570.0,114.81289758237065,20.0,734.224034198977,5.0,70.0,205.0,360.0,1310.0,53918990.0,2877910.0,53427470.0,19602355.0,11506640.0,13195905.0,1234835.0,13.096033775678059,17.839335566055162,4.751975937022919,3.044522437723423,17.802993311485224,14.872575241698332,17.793835609854703,16.791160321058445,16.25843490491794,16.39541718793452,14.026448725704107,4.0943445622221
Long Pond,2021-09-01,42,9,2021,-1.0,-1.8369701987210297e-16,8,51.0,98.0,24.0,39.0,28.0,26.104186856298963,57.666666666666664,43.0,39.0,8,,,487006,55914570.0,114.81289758237065,20.0,734.224034198977,5.0,70.0,205.0,360.0,1310.0,53918990.0,2877910.0,53427470.0,19602355.0,11506640.0,13195905.0,1234835.0,13.096033775678059,17.839335566055162,4.751975937022919,3.044522437723423,17.802993311485224,14.872575241698332,17.793835609854703,16.791160321058445,16.25843490491794,16.39541718793452,14.026448725704107,3.7612001156935624
McKenley Hollow,2021-09-01,71,9,2021,-1.0,-1.8369701987210297e-16,8,63.0,115.0,83.0,121.625,112.0,47.31033562703669,87.0,108.0,121.625,8,,,487006,55914570.0,114.81289758237065,20.0,734.224034198977,5.0,70.0,205.0,360.0,1310.0,53918990.0,2877910.0,53427470.0,19602355.0,11506640.0,13195905.0,1234835.0,13.096033775678059,17.839335566055162,4.751975937022919,3.044522437723423,17.802993311485224,14.872575241698332,17.793835609854703,16.791160321058445,16.25843490491794,16.39541718793452,14.026448725704107,4.276666119016055
Millbrook to BLM FT,2021-09-01,248,9,2021,-1.0,-1.8369701987210297e-16,8,269.0,291.0,288.0,217.5,213.5,64.14492519733285,282.6666666666667,241.5,217.5,8,,,487006,55914570.0,114.81289758237065,20.0,734.224034198977,5.0,70.0,205.0,360.0,1310.0,53918990.0,2877910.0,53427470.0,19602355.0,11506640.0,13195905.0,1234835.0,13.096033775678059,17.839335566055162,4.751975937022919,3.044522437723423,17.802993311485224,14.872575241698332,17.793835609854703,16.791160321058445,16.25843490491794,16.39541718793452,14.026448725704107,5.517452896464707
Mt Tremper,2021-09-01,248,9,2021,-1.0,-1.8369701987210297e-16,8,262.0,325.0,240.0,284.0,285.5,39.69046904904669,275.6666666666667,284.0,284.0,4,,,487006,55914570.0,114.81289758237065,20.0,734.224034198977,5.0,70.0,205.0,360.0,1310.0,53918990.0,2877910.0,53427470.0,19602355.0,11506640.0,13195905.0,1234835.0,13.096033775678059,17.839335566055162,4.751975937022919,3.044522437723423,17.802993311485224,14.872575241698332,17.793835609854703,16.791160321058445,16.25843490491794,16.39541718793452,14.026448725704107,5.517452896464707
Neversink Hardenburgh Trail,2021-09-01,11,9,2021,-1.0,-1.8369701987210297e-16,8,33.0,47.0,23.0,18.25,14.0,15.517271483276765,34.333333333333336,23.166666666666668,18.25,8,,,487006,55914570.0,114.81289758237065,20.0,734.224034198977,5.0,70.0,205.0,360.0,1310.0,53918990.0,2877910.0,53427470.0,19602355.0,11506640.0,13195905.0,1234835.0,13.096033775678059,17.839335566055162,4.751975937022919,3.044522437723423,17.802993311485224,14.872575241698332,17.793835609854703,16.791160321058445,16.25843490491794,16.39541718793452,14.026448725704107,2.4849066497880004
Overlook,2021-09-01,822,9,2021,-1.0,-1.8369701987210297e-16,8,727.0,988.0,1014.0,649.5,648.0,269.2131391401881,909.6666666666666,743.5,649.5,8,,,487006,55914570.0,114.81289758237065,20.0,734.224034198977,5.0,70.0,205.0,360.0,1310.0,53918990.0,2877910.0,53427470.0,19602355.0,11506640.0,13195905.0,1234835.0,13.096033775678059,17.839335566055162,4.751975937022919,3.044522437723423,17.802993311485224,14.872575241698332,17.793835609854703,16.791160321058445,16.25843490491794,16.39541718793452,14.026448725704107,6.71295620067707
Peekamoose,2021-09-01,130,9,2021,-1.0,-1.8369701987210297e-16,8,128.0,170.0,163.0,151.875,146.5,43.81923093802537,153.66666666666666,165.16666666666666,151.875,8,,,487006,55914570.0,114.81289758237065,20.0,734.224034198977,5.0,70.0,205.0,360.0,1310.0,53918990.0,2877910.0,53427470.0,19602355.0,11506640.0,13195905.0,1234835.0,13.096033775678059,17.839335566055162,4.751975937022919,3.044522437723423,17.802993311485224,14.872575241698332,17.793835609854703,16.791160321058445,16.25843490491794,16.39541718793452,14.026448725704107,4.875197323201151
Red Hill Dinch Road,2021-09-01,232,9,2021,-1.0,-1.8369701987210297e-16,8,314.0,329.0,269.0,192.125,237.5,124.05579102046904,304.0,240.0,192.125,8,,,487006,55914570.0,114.81289758237065,20.0,734.224034198977,5.0,70.0,205.0,360.0,1310.0,53918990.0,2877910.0,53427470.0,19602355.0,11506640.0,13195905.0,1234835.0,13.096033775678059,17.839335566055162,4.751975937022919,3.044522437723423,17.802993311485224,14.872575241698332,17.793835609854703,16.791160321058445,16.25843490491794,16.39541718793452,14.026448725704107,5.4510384535657
Rochester Hollow,2021-09-01,227,9,2021,-1.0,-1.8369701987210297e-16,8,278.0,276.0,239.0,179.25,161.5,77.45367278942574,264.3333333333333,201.33333333333334,179.25,8,,,487006,55914570.0,114.81289758237065,20.0,734.224034198977,5.0,70.0,205.0,360.0,1310.0,53918990.0,2877910.0,53427470.0,19602355.0,11506640.0,13195905.0,1234835.0,13.096033775678059,17.839335566055162,4.751975937022919,3.044522437723423,17.802993311485224,14.872575241698332,17.793835609854703,16.791160321058445,16.25843490491794,16.39541718793452,14.026448725704107,5.429345628954441
Seager,2021-09-01,126,9,2021,-1.0,-1.8369701987210297e-16,8,126.0,123.0,82.0,60.75,40.5,43.816989529502955,110.33333333333333,74.16666666666667,60.75,8,,,487006,55914570.0,114.81289758237065,20.0,734.224034198977,5.0,70.0,205.0,360.0,1310.0,53918990.0,2877910.0,53427470.0,19602355.0,11506640.0,13195905.0,1234835.0,13.096033775678059,17.839335566055162,4.751975937022919,3.044522437723423,17.802993311485224,14.872575241698332,17.793835609854703,16.791160321058445,16.25843490491794,16.39541718793452,14.026448725704107,4.844187086458591
Slide Mt,2021-09-01,708,9,2021,-1.0,-1.8369701987210297e-16,8,764.0,835.0,624.0,635.875,606.5,160.4782473020654,741.0,635.5,635.875,8,,,487006,55914570.0,114.81289758237065,20.0,734.224034198977,5.0,70.0,205.0,360.0,1310.0,53918990.0,2877910.0,53427470.0,19602355.0,11506640.0,13195905.0,1234835.0,13.096033775678059,17.839335566055162,4.751975937022919,3.044522437723423,17.802993311485224,14.872575241698332,17.793835609854703,16.791160321058445,16.25843490491794,16.39541718793452,14.026448725704107,6.5638555265321274
Upper Cherrytown Road,2021-09-01,97,9,2021,-1.0,-1.8369701987210297e-16,8,175.0,154.0,121.0,138.4,152.0,33.21596001924376,150.0,138.4,138.4,5,,,487006,55914570.0,114.81289758237065,20.0,734.224034198977,5.0,70.0,205.0,360.0,1310.0,53918990.0,2877910.0,53427470.0,19602355.0,11506640.0,13195905.0,1234835.0,13.096033775678059,17.839335566055162,4.751975937022919,3.044522437723423,17.802993311485224,14.872575241698332,17.793835609854703,16.791160321058445,16.25843490491794,16.39541718793452,14.026448725704107,4.584967478670572
Wittenberg,2021-09-01,621,9,2021,-1.0,-1.8369701987210297e-16,8,513.0,609.0,596.0,397.875,399.5,183.4848670287864,572.6666666666666,466.0,397.875,8,,,487006,55914570.0,114.81289758237065,20.0,734.224034198977,5.0,70.0,205.0,360.0,1310.0,53918990.0,2877910.0,53427470.0,19602355.0,11506640.0,13195905.0,1234835.0,13.096033775678059,17.839335566055162,4.751975937022919,3.044522437723423,17.802993311485224,14.872575241698332,17.793835609854703,16.791160321058445,16.25843490491794,16.39541718793452,14.026448725704107,6.432940092739179
Woodchuck Hollow,2021-09-01,1,9,2021,-1.0,-1.8369701987210297e-16,8,6.0,6.0,8.0,6.142857142857143,6.0,1.0690449676496976,6.666666666666667,6.333333333333333,6.142857142857143,7,,,487006,55914570.0,114.81289758237065,20.0,734.224034198977,5.0,70.0,205.0,360.0,1310.0,53918990.0,2877910.0,53427470.0,19602355.0,11506640.0,13195905.0,1234835.0,13.096033775678059,17.839335566055162,4.751975937022919,3.044522437723423,17.802993311485224,14.872575241698332,17.793835609854703,16.791160321058445,16.25843490491794,16.39541718793452,14.026448725704107,0.6931471805599453
Woodland Valley,2021-09-01,157,9,2021,-1.0,-1.8369701987210297e-16,8,133.0,210.0,183.0,96.875,90.5,75.48971074637542,175.33333333333334,123.0,96.875,8,,,487006,55914570.0,114.81289758237065,20.0,734.224034198977,5.0,70.0,205.0,360.0,1310.0,53918990.0,2877910.0,53427470.0,19602355.0,11506640.0,13195905.0,1234835.0,13.096033775678059,17.839335566055162,4.751975937022919,3.044522437723423,17.802993311485224,14.872575241698332,17.793835609854703,16.791160321058445,16.25843490491794,16.39541718793452,14.026448725704107,5.062595033026967
Alder Lake,2021-10-01,226,10,2021,-0.8660254037844386,0.5000000000000001,9,261.0,290.0,408.0,209.88888888888889,246.0,118.7007207691306,319.6666666666667,279.6666666666667,209.88888888888889,9,,,448504,53845470.0,120.05571856661255,20.0,823.8462362888722,5.0,70.0,215.0,390.0,1300.0,50624137.0,2474925.0,52344755.0,17576990.0,13279860.0,12413290.0,850095.0,13.013675108690864,17.801628854037162,4.796250923628102,3.044522437723423,17.739939056085518,14.721721054548045,17.77336231834351,16.682101275162132,16.401759235090314,16.334278311387724,13.653104563265595,5.424950017481403
Ashokan HP,2021-10-01,196,10,2021,-0.8660254037844386,0.5000000000000001,9,200.0,157.0,246.0,155.77777777777777,157.0,53.94853514641935,201.0,184.5,155.77777777777777,9,,,448504,53845470.0,120.05571856661255,20.0,823.8462362888722,5.0,70.0,215.0,390.0,1300.0,50624137.0,2474925.0,52344755.0,17576990.0,13279860.0,12413290.0,850095.0,13.013675108690864,17.801628854037162,4.796250923628102,3.044522437723423,17.739939056085518,14.721721054548045,17.77336231834351,16.682101275162132,16.401759235090314,16.334278311387724,13.653104563265595,5.2832037287379885
Beaverkill Road to BLM FT,2021-10-01,303,10,2021,-0.8660254037844386,0.5000000000000001,9,219.0,146.0,275.0,160.77777777777777,152.0,61.32450117566749,213.33333333333334,191.66666666666666,160.77777777777777,9,,,448504,53845470.0,120.05571856661255,20.0,823.8462362888722,5.0,70.0,215.0,390.0,1300.0,50624137.0,2474925.0,52344755.0,17576990.0,13279860.0,12413290.0,850095.0,13.013675108690864,17.801628854037162,4.796250923628102,3.044522437723423,17.739939056085518,14.721721054548045,17.77336231834351,16.682101275162132,16.401759235090314,16.334278311387724,13.653104563265595,5.717027701406222
Biscuit Brook,2021-10-01,155,10,2021,-0.8660254037844386,0.5000000000000001,9,88.0,105.0,123.0,132.44444444444446,127.0,35.40872459970534,105.33333333333333,126.5,132.44444444444446,9,,,448504,53845470.0,120.05571856661255,20.0,823.8462362888722,5.0,70.0,215.0,390.0,1300.0,50624137.0,2474925.0,52344755.0,17576990.0,13279860.0,12413290.0,850095.0,13.013675108690864,17.801628854037162,4.796250923628102,3.044522437723423,17.739939056085518,14.721721054548045,17.77336231834351,16.682101275162132,16.401759235090314,16.334278311387724,13.653104563265595,5.049856007249537
Denning,2021-10-01,254,10,2021,-0.8660254037844386,0.5000000000000001,9,293.0,299.0,249.0,247.11111111111111,249.0,109.63398702551646,280.3333333333333,307.1666666666667,247.11111111111111,9,,,448504,53845470.0,120.05571856661255,20.0,823.8462362888722,5.0,70.0,215.0,390.0,1300.0,50624137.0,2474925.0,52344755.0,17576990.0,13279860.0,12413290.0,850095.0,13.013675108690864,17.801628854037162,4.796250923628102,3.044522437723423,17.739939056085518,14.721721054548045,17.77336231834351,16.682101275162132,16.401759235090314,16.334278311387724,13.653104563265595,5.541263545158426
Dry Brook Ridge to Lean-to,2021-10-01,39,10,2021,-0.8660254037844386,0.5000000000000001,9,40.0,21.0,60.0,27.22222222222222,21.0,17.06442042509632,40.333333333333336,35.0,27.22222222222222,9,,,448504,53845470.0,120.05571856661255,20.0,823.8462362888722,5.0,70.0,215.0,390.0,1300.0,50624137.0,2474925.0,52344755.0,17576990.0,13279860.0,12413290.0,850095.0,13.013675108690864,17.801628854037162,4.796250923628102,3.044522437723423,17.739939056085518,14.721721054548045,17.77336231834351,16.682101275162132,16.401759235090314,16.334278311387724,13.653104563265595,3.6888794541139363
Flynn,2021-10-01,72,10,2021,-0.8660254037844386,0.5000000000000001,9,47.0,82.0,91.0,58.22222222222222,47.0,23.177455521356187,73.33333333333333,67.5,58.22222222222222,9,,,448504,53845470.0,120.05571856661255,20.0,823.8462362888722,5.0,70.0,215.0,390.0,1300.0,50624137.0,2474925.0,52344755.0,17576990.0,13279860.0,12413290.0,850095.0,13.013675108690864,17.801628854037162,4.796250923628102,3.044522437723423,17.739939056085518,14.721721054548045,17.77336231834351,16.682101275162132,16.401759235090314,16.334278311387724,13.653104563265595,4.290459441148391
Fox Hollow,2021-10-01,153,10,2021,-0.8660254037844386,0.5000000000000001,9,97.0,106.0,146.0,113.22222222222223,117.0,31.280096618208272,116.33333333333333,123.83333333333333,113.22222222222223,9,,,448504,53845470.0,120.05571856661255,20.0,823.8462362888722,5.0,70.0,215.0,390.0,1300.0,50624137.0,2474925.0,52344755.0,17576990.0,13279860.0,12413290.0,850095.0,13.013675108690864,17.801628854037162,4.796250923628102,3.044522437723423,17.739939056085518,14.721721054548045,17.77336231834351,16.682101275162132,16.401759235090314,16.334278311387724,13.653104563265595,5.0369526024136295
Frick Pond,2021-10-01,189,10,2021,-0.8660254037844386,0.5000000000000001,9,131.0,253.0,237.0,159.22222222222223,150.0,54.65751955993287,207.0,170.33333333333334,159.22222222222223,9,,,448504,53845470.0,120.05571856661255,20.0,823.8462362888722,5.0,70.0,215.0,390.0,1300.0,50624137.0,2474925.0,52344755.0,17576990.0,13279860.0,12413290.0,850095.0,13.013675108690864,17.801628854037162,4.796250923628102,3.044522437723423,17.739939056085518,14.721721054548045,17.77336231834351,16.682101275162132,16.401759235090314,16.334278311387724,13.653104563265595,5.247024072160486
Giant Ledge,2021-10-01,1444,10,2021,-0.8660254037844386,0.5000000000000001,9,609.0,835.0,906.0,679.4444444444445,609.0,195.51094030201426,783.3333333333334,781.0,679.4444444444445,9,,,448504,53845470.0,120.05571856661255,20.0,823.8462362888722,5.0,70.0,215.0,390.0,1300.0,50624137.0,2474925.0,52344755.0,17576990.0,13279860.0,12413290.0,850095.0,13.013675108690864,17.801628854037162,4.796250923628102,3.044522437723423,17.739939056085518,14.721721054548045,17.77336231834351,16.682101275162132,16.401759235090314,16.334278311387724,13.653104563265595,7.275864600546533
Hardenburgh- MH Trail,2021-10-01,19,10,2021,-0.8660254037844386,0.5000000000000001,9,6.0,19.0,13.0,9.333333333333334,10.0,5.937171043518958,12.666666666666666,11.833333333333334,9.333333333333334,9,,,448504,53845470.0,120.05571856661255,20.0,823.8462362888722,5.0,70.0,215.0,390.0,1300.0,50624137.0,2474925.0,52344755.0,17576990.0,13279860.0,12413290.0,850095.0,13.013675108690864,17.801628854037162,4.796250923628102,3.044522437723423,17.739939056085518,14.721721054548045,17.77336231834351,16.682101275162132,16.401759235090314,16.334278311387724,13.653104563265595,2.995732273553991
Kelly Hollow,2021-10-01,219,10,2021,-0.8660254037844386,0.5000000000000001,9,202.0,279.0,273.0,211.0,229.0,73.36893075410055,251.33333333333334,252.0,211.0,9,,,448504,53845470.0,120.05571856661255,20.0,823.8462362888722,5.0,70.0,215.0,390.0,1300.0,50624137.0,2474925.0,52344755.0,17576990.0,13279860.0,12413290.0,850095.0,13.013675108690864,17.801628854037162,4.796250923628102,3.044522437723423,17.739939056085518,14.721721054548045,17.77336231834351,16.682101275162132,16.401759235090314,16.334278311387724,13.653104563265595,5.393627546352362
Lane Street,2021-10-01,67,10,2021,-0.8660254037844386,0.5000000000000001,9,59.0,39.0,68.0,56.44444444444444,58.0,18.358316311083044,55.333333333333336,63.5,56.44444444444444,9,,,448504,53845470.0,120.05571856661255,20.0,823.8462362888722,5.0,70.0,215.0,390.0,1300.0,50624137.0,2474925.0,52344755.0,17576990.0,13279860.0,12413290.0,850095.0,13.013675108690864,17.801628854037162,4.796250923628102,3.044522437723423,17.739939056085518,14.721721054548045,17.77336231834351,16.682101275162132,16.401759235090314,16.334278311387724,13.653104563265595,4.219507705176107
Long Pond,2021-10-01,55,10,2021,-0.8660254037844386,0.5000000000000001,9,42.0,51.0,98.0,39.333333333333336,30.0,24.438698819699873,63.666666666666664,47.0,39.333333333333336,9,,,448504,53845470.0,120.05571856661255,20.0,823.8462362888722,5.0,70.0,215.0,390.0,1300.0,50624137.0,2474925.0,52344755.0,17576990.0,13279860.0,12413290.0,850095.0,13.013675108690864,17.801628854037162,4.796250923628102,3.044522437723423,17.739939056085518,14.721721054548045,17.77336231834351,16.682101275162132,16.401759235090314,16.334278311387724,13.653104563265595,4.02535169073515
McKenley Hollow,2021-10-01,77,10,2021,-0.8660254037844386,0.5000000000000001,9,71.0,63.0,115.0,116.0,109.0,47.36296021154083,83.0,96.33333333333333,116.0,9,,,448504,53845470.0,120.05571856661255,20.0,823.8462362888722,5.0,70.0,215.0,390.0,1300.0,50624137.0,2474925.0,52344755.0,17576990.0,13279860.0,12413290.0,850095.0,13.013675108690864,17.801628854037162,4.796250923628102,3.044522437723423,17.739939056085518,14.721721054548045,17.77336231834351,16.682101275162132,16.401759235090314,16.334278311387724,13.653104563265595,4.356708826689592
Millbrook to BLM FT,2021-10-01,366,10,2021,-0.8660254037844386,0.5000000000000001,9,248.0,269.0,291.0,220.88888888888889,227.0,60.85730121448954,269.3333333333333,253.83333333333334,220.88888888888889,9,,,448504,53845470.0,120.05571856661255,20.0,823.8462362888722,5.0,70.0,215.0,390.0,1300.0,50624137.0,2474925.0,52344755.0,17576990.0,13279860.0,12413290.0,850095.0,13.013675108690864,17.801628854037162,4.796250923628102,3.044522437723423,17.739939056085518,14.721721054548045,17.77336231834351,16.682101275162132,16.401759235090314,16.334278311387724,13.653104563265595,5.905361848054571
Mt Tremper,2021-10-01,435,10,2021,-0.8660254037844386,0.5000000000000001,9,248.0,262.0,325.0,276.8,262.0,37.95655411124672,278.3333333333333,276.8,276.8,5,,,448504,53845470.0,120.05571856661255,20.0,823.8462362888722,5.0,70.0,215.0,390.0,1300.0,50624137.0,2474925.0,52344755.0,17576990.0,13279860.0,12413290.0,850095.0,13.013675108690864,17.801628854037162,4.796250923628102,3.044522437723423,17.739939056085518,14.721721054548045,17.77336231834351,16.682101275162132,16.401759235090314,16.334278311387724,13.653104563265595,6.077642243349034
Neversink Hardenburgh Trail,2021-10-01,14,10,2021,-0.8660254037844386,0.5000000000000001,9,11.0,33.0,47.0,17.444444444444443,11.0,14.714882866600664,30.333333333333332,23.166666666666668,17.444444444444443,9,,,448504,53845470.0,120.05571856661255,20.0,823.8462362888722,5.0,70.0,215.0,390.0,1300.0,50624137.0,2474925.0,52344755.0,17576990.0,13279860.0,12413290.0,850095.0,13.013675108690864,17.801628854037162,4.796250923628102,3.044522437723423,17.739939056085518,14.721721054548045,17.77336231834351,16.682101275162132,16.401759235090314,16.334278311387724,13.653104563265595,2.70805020110221
Overlook,2021-10-01,1203,10,2021,-0.8660254037844386,0.5000000000000001,9,822.0,727.0,988.0,668.6666666666666,727.0,258.306987903928,845.6666666666666,816.0,668.6666666666666,9,,,448504,53845470.0,120.05571856661255,20.0,823.8462362888722,5.0,70.0,215.0,390.0,1300.0,50624137.0,2474925.0,52344755.0,17576990.0,13279860.0,12413290.0,850095.0,13.013675108690864,17.801628854037162,4.796250923628102,3.044522437723423,17.739939056085518,14.721721054548045,17.77336231834351,16.682101275162132,16.401759235090314,16.334278311387724,13.653104563265595,7.093404625868766
Peekamoose,2021-10-01,219,10,2021,-0.8660254037844386,0.5000000000000001,9,130.0,128.0,170.0,149.44444444444446,144.0,41.63265278333555,142.66666666666666,162.0,149.44444444444446,9,,,448504,53845470.0,120.05571856661255,20.0,823.8462362888722,5.0,70.0,215.0,390.0,1300.0,50624137.0,2474925.0,52344755.0,17576990.0,13279860.0,12413290.0,850095.0,13.013675108690864,17.801628854037162,4.796250923628102,3.044522437723423,17.739939056085518,14.721721054548045,17.77336231834351,16.682101275162132,16.401759235090314,16.334278311387724,13.653104563265595,5.393627546352362
Red Hill Dinch Road,2021-10-01,333,10,2021,-0.8660254037844386,0.5000000000000001,9,232.0,314.0,329.0,196.55555555555554,232.0,116.80230210821094,291.6666666666667,269.8333333333333,196.55555555555554,9,,,448504,53845470.0,120.05571856661255,20.0,823.8462362888722,5.0,70.0,215.0,390.0,1300.0,50624137.0,2474925.0,52344755.0,17576990.0,13279860.0,12413290.0,850095.0,13.013675108690864,17.801628854037162,4.796250923628102,3.044522437723423,17.739939056085518,14.721721054548045,17.77336231834351,16.682101275162132,16.401759235090314,16.334278311387724,13.653104563265595,5.811140992976701
Rochester Hollow,2021-10-01,2556,10,2021,-0.8660254037844386,0.5000000000000001,9,227.0,278.0,276.0,184.55555555555554,169.0,74.17902518756753,260.3333333333333,223.83333333333334,184.55555555555554,9,,,448504,53845470.0,120.05571856661255,20.0,823.8462362888722,5.0,70.0,215.0,390.0,1300.0,50624137.0,2474925.0,52344755.0,17576990.0,13279860.0,12413290.0,850095.0,13.013675108690864,17.801628854037162,4.796250923628102,3.044522437723423,17.739939056085518,14.721721054548045,17.77336231834351,16.682101275162132,16.401759235090314,16.334278311387724,13.653104563265595,7.846589975291186
Seager,2021-10-01,104,10,2021,-0.8660254037844386,0.5000000000000001,9,126.0,126.0,123.0,68.0,43.0,46.400431032480725,125.0,89.66666666666667,68.0,9,,,448504,53845470.0,120.05571856661255,20.0,823.8462362888722,5.0,70.0,215.0,390.0,1300.0,50624137.0,2474925.0,52344755.0,17576990.0,13279860.0,12413290.0,850095.0,13.013675108690864,17.801628854037162,4.796250923628102,3.044522437723423,17.739939056085518,14.721721054548045,17.77336231834351,16.682101275162132,16.401759235090314,16.334278311387724,13.653104563265595,4.653960350157523
Slide Mt,2021-10-01,890,10,2021,-0.8660254037844386,0.5000000000000001,9,708.0,764.0,835.0,643.8888888888889,624.0,152.0266789452138,769.0,658.3333333333334,643.8888888888889,9,,,448504,53845470.0,120.05571856661255,20.0,823.8462362888722,5.0,70.0,215.0,390.0,1300.0,50624137.0,2474925.0,52344755.0,17576990.0,13279860.0,12413290.0,850095.0,13.013675108690864,17.801628854037162,4.796250923628102,3.044522437723423,17.739939056085518,14.721721054548045,17.77336231834351,16.682101275162132,16.401759235090314,16.334278311387724,13.653104563265595,6.792344427470809
Upper Cherrytown Road,2021-10-01,115,10,2021,-0.8660254037844386,0.5000000000000001,9,97.0,175.0,154.0,131.5,136.5,34.18040374249549,142.0,131.5,131.5,6,,,448504,53845470.0,120.05571856661255,20.0,823.8462362888722,5.0,70.0,215.0,390.0,1300.0,50624137.0,2474925.0,52344755.0,17576990.0,13279860.0,12413290.0,850095.0,13.013675108690864,17.801628854037162,4.796250923628102,3.044522437723423,17.739939056085518,14.721721054548045,17.77336231834351,16.682101275162132,16.401759235090314,16.334278311387724,13.653104563265595,4.7535901911063645
Wittenberg,2021-10-01,528,10,2021,-0.8660254037844386,0.5000000000000001,9,621.0,513.0,609.0,422.6666666666667,513.0,187.0561413052242,581.0,525.8333333333334,422.6666666666667,9,,,448504,53845470.0,120.05571856661255,20.0,823.8462362888722,5.0,70.0,215.0,390.0,1300.0,50624137.0,2474925.0,52344755.0,17576990.0,13279860.0,12413290.0,850095.0,13.013675108690864,17.801628854037162,4.796250923628102,3.044522437723423,17.739939056085518,14.721721054548045,17.77336231834351,16.682101275162132,16.401759235090314,16.334278311387724,13.653104563265595,6.270988431858299
Woodland Valley,2021-10-01,166,10,2021,-0.8660254037844386,0.5000000000000001,9,157.0,133.0,210.0,103.55555555555556,119.0,73.4031864279595,166.66666666666666,144.0,103.55555555555556,9,,,448504,53845470.0,120.05571856661255,20.0,823.8462362888722,5.0,70.0,215.0,390.0,1300.0,50624137.0,2474925.0,52344755.0,17576990.0,13279860.0,12413290.0,850095.0,13.013675108690864,17.801628854037162,4.796250923628102,3.044522437723423,17.739939056085518,14.721721054548045,17.77336231834351,16.682101275162132,16.401759235090314,16.334278311387724,13.653104563265595,5.117993812416755
Alder Lake,2021-11-01,106,11,2021,-0.5000000000000004,0.8660254037844384,10,226.0,261.0,290.0,211.5,236.0,112.02802228807656,259.0,282.5,211.5,10,,,384118,48797835.0,127.038657391739,15.0,688.0039877000092,5.0,60.0,185.0,375.0,2319.1500000000815,47255970.0,2057215.0,47528880.0,12045430.0,20005765.0,8818205.0,439540.0,12.858707679395401,17.703196525577845,4.852332229196475,2.772588722239781,17.671089574290335,14.536864170414388,17.676848105287593,16.304195975873288,16.811531089967804,15.992329005933568,12.993486279583406,4.672828834461906
Ashokan HP,2021-11-01,112,11,2021,-0.5000000000000004,0.8660254037844384,10,196.0,200.0,157.0,159.8,167.5,52.42942346091977,184.33333333333334,194.66666666666666,159.8,10,,,384118,48797835.0,127.038657391739,15.0,688.0039877000092,5.0,60.0,185.0,375.0,2319.1500000000815,47255970.0,2057215.0,47528880.0,12045430.0,20005765.0,8818205.0,439540.0,12.858707679395401,17.703196525577845,4.852332229196475,2.772588722239781,17.671089574290335,14.536864170414388,17.676848105287593,16.304195975873288,16.811531089967804,15.992329005933568,12.993486279583406,4.727387818712341
Beaverkill Road to BLM FT,2021-11-01,135,11,2021,-0.5000000000000004,0.8660254037844384,10,303.0,219.0,146.0,175.0,161.5,73.24995259763351,222.66666666666666,216.83333333333334,175.0,10,,,384118,48797835.0,127.038657391739,15.0,688.0039877000092,5.0,60.0,185.0,375.0,2319.1500000000815,47255970.0,2057215.0,47528880.0,12045430.0,20005765.0,8818205.0,439540.0,12.858707679395401,17.703196525577845,4.852332229196475,2.772588722239781,17.671089574290335,14.536864170414388,17.676848105287593,16.304195975873288,16.811531089967804,15.992329005933568,12.993486279583406,4.912654885736052
Biscuit Brook,2021-11-01,134,11,2021,-0.5000000000000004,0.8660254037844384,10,155.0,88.0,105.0,134.7,129.0,34.13714171462579,116.0,128.83333333333334,134.7,10,,,384118,48797835.0,127.038657391739,15.0,688.0039877000092,5.0,60.0,185.0,375.0,2319.1500000000815,47255970.0,2057215.0,47528880.0,12045430.0,20005765.0,8818205.0,439540.0,12.858707679395401,17.703196525577845,4.852332229196475,2.772588722239781,17.671089574290335,14.536864170414388,17.676848105287593,16.304195975873288,16.811531089967804,15.992329005933568,12.993486279583406,4.90527477843843
Denning,2021-11-01,210,11,2021,-0.5000000000000004,0.8660254037844384,10,254.0,293.0,299.0,247.8,251.5,103.38686785295532,282.0,312.1666666666667,247.8,10,,,384118,48797835.0,127.038657391739,15.0,688.0039877000092,5.0,60.0,185.0,375.0,2319.1500000000815,47255970.0,2057215.0,47528880.0,12045430.0,20005765.0,8818205.0,439540.0,12.858707679395401,17.703196525577845,4.852332229196475,2.772588722239781,17.671089574290335,14.536864170414388,17.676848105287593,16.304195975873288,16.811531089967804,15.992329005933568,12.993486279583406,5.351858133476067
Dry Brook Ridge to Lean-to,2021-11-01,37,11,2021,-0.5000000000000004,0.8660254037844384,10,39.0,40.0,21.0,28.4,23.0,16.513967152417106,33.333333333333336,34.333333333333336,28.4,10,,,384118,48797835.0,127.038657391739,15.0,688.0039877000092,5.0,60.0,185.0,375.0,2319.1500000000815,47255970.0,2057215.0,47528880.0,12045430.0,20005765.0,8818205.0,439540.0,12.858707679395401,17.703196525577845,4.852332229196475,2.772588722239781,17.671089574290335,14.536864170414388,17.676848105287593,16.304195975873288,16.811531089967804,15.992329005933568,12.993486279583406,3.6375861597263857
Flynn,2021-11-01,45,11,2021,-0.5000000000000004,0.8660254037844384,10,72.0,47.0,82.0,59.6,49.0,22.282030627590675,67.0,72.33333333333333,59.6,10,,,384118,48797835.0,127.038657391739,15.0,688.0039877000092,5.0,60.0,185.0,375.0,2319.1500000000815,47255970.0,2057215.0,47528880.0,12045430.0,20005765.0,8818205.0,439540.0,12.858707679395401,17.703196525577845,4.852332229196475,2.772588722239781,17.671089574290335,14.536864170414388,17.676848105287593,16.304195975873288,16.811531089967804,15.992329005933568,12.993486279583406,3.828641396489095
Fox Hollow,2021-11-01,90,11,2021,-0.5000000000000004,0.8660254037844384,10,153.0,97.0,106.0,117.2,119.0,32.06174598420297,118.66666666666667,129.83333333333334,117.2,10,,,384118,48797835.0,127.038657391739,15.0,688.0039877000092,5.0,60.0,185.0,375.0,2319.1500000000815,47255970.0,2057215.0,47528880.0,12045430.0,20005765.0,8818205.0,439540.0,12.858707679395401,17.703196525577845,4.852332229196475,2.772588722239781,17.671089574290335,14.536864170414388,17.676848105287593,16.304195975873288,16.811531089967804,15.992329005933568,12.993486279583406,4.51085950651685
Frick Pond,2021-11-01,26,11,2021,-0.5000000000000004,0.8660254037844384,10,189.0,131.0,253.0,162.2,150.0,52.38490028412555,191.0,183.5,162.2,10,,,384118,48797835.0,127.038657391739,15.0,688.0039877000092,5.0,60.0,185.0,375.0,2319.1500000000815,47255970.0,2057215.0,47528880.0,12045430.0,20005765.0,8818205.0,439540.0,12.858707679395401,17.703196525577845,4.852332229196475,2.772588722239781,17.671089574290335,14.536864170414388,17.676848105287593,16.304195975873288,16.811531089967804,15.992329005933568,12.993486279583406,3.295836866004329
Giant Ledge,2021-11-01,501,11,2021,-0.5000000000000004,0.8660254037844384,10,1444.0,609.0,835.0,755.9,722.0,304.02611364449893,962.6666666666666,921.0,755.9,10,,,384118,48797835.0,127.038657391739,15.0,688.0039877000092,5.0,60.0,185.0,375.0,2319.1500000000815,47255970.0,2057215.0,47528880.0,12045430.0,20005765.0,8818205.0,439540.0,12.858707679395401,17.703196525577845,4.852332229196475,2.772588722239781,17.671089574290335,14.536864170414388,17.676848105287593,16.304195975873288,16.811531089967804,15.992329005933568,12.993486279583406,6.218600119691729
Hardenburgh- MH Trail,2021-11-01,8,11,2021,-0.5000000000000004,0.8660254037844384,10,19.0,6.0,19.0,10.3,10.5,6.3779132776934,14.666666666666666,13.166666666666666,10.3,10,,,384118,48797835.0,127.038657391739,15.0,688.0039877000092,5.0,60.0,185.0,375.0,2319.1500000000815,47255970.0,2057215.0,47528880.0,12045430.0,20005765.0,8818205.0,439540.0,12.858707679395401,17.703196525577845,4.852332229196475,2.772588722239781,17.671089574290335,14.536864170414388,17.676848105287593,16.304195975873288,16.811531089967804,15.992329005933568,12.993486279583406,2.1972245773362196
Kelly Hollow,2021-11-01,132,11,2021,-0.5000000000000004,0.8660254037844384,10,219.0,202.0,279.0,211.8,224.0,69.21913672452791,233.33333333333334,250.33333333333334,211.8,10,,,384118,48797835.0,127.038657391739,15.0,688.0039877000092,5.0,60.0,185.0,375.0,2319.1500000000815,47255970.0,2057215.0,47528880.0,12045430.0,20005765.0,8818205.0,439540.0,12.858707679395401,17.703196525577845,4.852332229196475,2.772588722239781,17.671089574290335,14.536864170414388,17.676848105287593,16.304195975873288,16.811531089967804,15.992329005933568,12.993486279583406,4.890349128221754
Lane Street,2021-11-01,48,11,2021,-0.5000000000000004,0.8660254037844384,10,67.0,59.0,39.0,57.5,58.5,17.627314662824347,55.0,65.0,57.5,10,,,384118,48797835.0,127.038657391739,15.0,688.0039877000092,5.0,60.0,185.0,375.0,2319.1500000000815,47255970.0,2057215.0,47528880.0,12045430.0,20005765.0,8818205.0,439540.0,12.858707679395401,17.703196525577845,4.852332229196475,2.772588722239781,17.671089574290335,14.536864170414388,17.676848105287593,16.304195975873288,16.811531089967804,15.992329005933568,12.993486279583406,3.8918202981106265
Long Pond,2021-11-01,17,11,2021,-0.5000000000000004,0.8660254037844384,10,55.0,42.0,51.0,40.9,35.5,23.567633172071677,49.333333333333336,49.333333333333336,40.9,10,,,384118,48797835.0,127.038657391739,15.0,688.0039877000092,5.0,60.0,185.0,375.0,2319.1500000000815,47255970.0,2057215.0,47528880.0,12045430.0,20005765.0,8818205.0,439540.0,12.858707679395401,17.703196525577845,4.852332229196475,2.772588722239781,17.671089574290335,14.536864170414388,17.676848105287593,16.304195975873288,16.811531089967804,15.992329005933568,12.993486279583406,2.8903717578961645
McKenley Hollow,2021-11-01,80,11,2021,-0.5000000000000004,0.8660254037844384,10,77.0,71.0,63.0,112.1,103.5,46.32601860725785,70.33333333333333,92.83333333333333,112.1,10,,,384118,48797835.0,127.038657391739,15.0,688.0039877000092,5.0,60.0,185.0,375.0,2319.1500000000815,47255970.0,2057215.0,47528880.0,12045430.0,20005765.0,8818205.0,439540.0,12.858707679395401,17.703196525577845,4.852332229196475,2.772588722239781,17.671089574290335,14.536864170414388,17.676848105287593,16.304195975873288,16.811531089967804,15.992329005933568,12.993486279583406,4.394449154672439
Millbrook to BLM FT,2021-11-01,193,11,2021,-0.5000000000000004,0.8660254037844384,10,366.0,248.0,269.0,235.4,237.5,73.46987288829497,294.3333333333333,281.5,235.4,10,,,384118,48797835.0,127.038657391739,15.0,688.0039877000092,5.0,60.0,185.0,375.0,2319.1500000000815,47255970.0,2057215.0,47528880.0,12045430.0,20005765.0,8818205.0,439540.0,12.858707679395401,17.703196525577845,4.852332229196475,2.772588722239781,17.671089574290335,14.536864170414388,17.676848105287593,16.304195975873288,16.811531089967804,15.992329005933568,12.993486279583406,5.267858159063328
Mt Tremper,2021-11-01,194,11,2021,-0.5000000000000004,0.8660254037844384,10,435.0,248.0,262.0,303.1666666666667,285.5,72.96414644650251,315.0,303.1666666666667,303.1666666666667,6,,,384118,48797835.0,127.038657391739,15.0,688.0039877000092,5.0,60.0,185.0,375.0,2319.1500000000815,47255970.0,2057215.0,47528880.0,12045430.0,20005765.0,8818205.0,439540.0,12.858707679395401,17.703196525577845,4.852332229196475,2.772588722239781,17.671089574290335,14.536864170414388,17.676848105287593,16.304195975873288,16.811531089967804,15.992329005933568,12.993486279583406,5.272999558563747
Neversink Hardenburgh Trail,2021-11-01,10,11,2021,-0.5000000000000004,0.8660254037844384,10,14.0,11.0,33.0,17.1,12.5,13.916017948952048,19.333333333333332,24.166666666666668,17.1,10,,,384118,48797835.0,127.038657391739,15.0,688.0039877000092,5.0,60.0,185.0,375.0,2319.1500000000815,47255970.0,2057215.0,47528880.0,12045430.0,20005765.0,8818205.0,439540.0,12.858707679395401,17.703196525577845,4.852332229196475,2.772588722239781,17.671089574290335,14.536864170414388,17.676848105287593,16.304195975873288,16.811531089967804,15.992329005933568,12.993486279583406,2.3978952727983707
Overlook,2021-11-01,698,11,2021,-0.5000000000000004,0.8660254037844384,10,1203.0,822.0,727.0,722.1,751.5,296.4120442897016,917.3333333333334,921.6666666666666,722.1,10,,,384118,48797835.0,127.038657391739,15.0,688.0039877000092,5.0,60.0,185.0,375.0,2319.1500000000815,47255970.0,2057215.0,47528880.0,12045430.0,20005765.0,8818205.0,439540.0,12.858707679395401,17.703196525577845,4.852332229196475,2.772588722239781,17.671089574290335,14.536864170414388,17.676848105287593,16.304195975873288,16.811531089967804,15.992329005933568,12.993486279583406,6.54965074223381
Peekamoose,2021-11-01,122,11,2021,-0.5000000000000004,0.8660254037844384,10,219.0,130.0,128.0,156.4,146.5,44.99432062926263,159.0,174.5,156.4,10,,,384118,48797835.0,127.038657391739,15.0,688.0039877000092,5.0,60.0,185.0,375.0,2319.1500000000815,47255970.0,2057215.0,47528880.0,12045430.0,20005765.0,8818205.0,439540.0,12.858707679395401,17.703196525577845,4.852332229196475,2.772588722239781,17.671089574290335,14.536864170414388,17.676848105287593,16.304195975873288,16.811531089967804,15.992329005933568,12.993486279583406,4.812184355372417
Red Hill Dinch Road,2021-11-01,115,11,2021,-0.5000000000000004,0.8660254037844384,10,333.0,232.0,314.0,210.2,240.0,118.27350600291776,293.0,287.5,210.2,10,,,384118,48797835.0,127.038657391739,15.0,688.0039877000092,5.0,60.0,185.0,375.0,2319.1500000000815,47255970.0,2057215.0,47528880.0,12045430.0,20005765.0,8818205.0,439540.0,12.858707679395401,17.703196525577845,4.852332229196475,2.772588722239781,17.671089574290335,14.536864170414388,17.676848105287593,16.304195975873288,16.811531089967804,15.992329005933568,12.993486279583406,4.7535901911063645
Rider Hollow,2021-11-01,148,11,2021,-0.5000000000000004,0.8660254037844384,10,254.0,176.0,164.0,233.8,187.0,92.990322077085,198.0,233.8,233.8,5,,,384118,48797835.0,127.038657391739,15.0,688.0039877000092,5.0,60.0,185.0,375.0,2319.1500000000815,47255970.0,2057215.0,47528880.0,12045430.0,20005765.0,8818205.0,439540.0,12.858707679395401,17.703196525577845,4.852332229196475,2.772588722239781,17.671089574290335,14.536864170414388,17.676848105287593,16.304195975873288,16.811531089967804,15.992329005933568,12.993486279583406,5.003946305945459
Rochester Hollow,2021-11-01,135,11,2021,-0.5000000000000004,0.8660254037844384,10,2556.0,227.0,278.0,421.7,198.0,753.1706387739176,1020.3333333333334,621.6666666666666,421.7,10,,,384118,48797835.0,127.038657391739,15.0,688.0039877000092,5.0,60.0,185.0,375.0,2319.1500000000815,47255970.0,2057215.0,47528880.0,12045430.0,20005765.0,8818205.0,439540.0,12.858707679395401,17.703196525577845,4.852332229196475,2.772588722239781,17.671089574290335,14.536864170414388,17.676848105287593,16.304195975873288,16.811531089967804,15.992329005933568,12.993486279583406,4.912654885736052
Seager,2021-11-01,50,11,2021,-0.5000000000000004,0.8660254037844384,10,104.0,126.0,126.0,71.6,62.5,45.203736325416486,118.66666666666667,100.66666666666667,71.6,10,,,384118,48797835.0,127.038657391739,15.0,688.0039877000092,5.0,60.0,185.0,375.0,2319.1500000000815,47255970.0,2057215.0,47528880.0,12045430.0,20005765.0,8818205.0,439540.0,12.858707679395401,17.703196525577845,4.852332229196475,2.772588722239781,17.671089574290335,14.536864170414388,17.676848105287593,16.304195975873288,16.811531089967804,15.992329005933568,12.993486279583406,3.9318256327243257
Slide Mt,2021-11-01,467,11,2021,-0.5000000000000004,0.8660254037844384,10,890.0,708.0,764.0,668.5,666.0,163.09864090993116,787.3333333333334,735.0,668.5,10,,,384118,48797835.0,127.038657391739,15.0,688.0039877000092,5.0,60.0,185.0,375.0,2319.1500000000815,47255970.0,2057215.0,47528880.0,12045430.0,20005765.0,8818205.0,439540.0,12.858707679395401,17.703196525577845,4.852332229196475,2.772588722239781,17.671089574290335,14.536864170414388,17.676848105287593,16.304195975873288,16.811531089967804,15.992329005933568,12.993486279583406,6.148468295917647
Upper Cherrytown Road,2021-11-01,70,11,2021,-0.5000000000000004,0.8660254037844384,10,115.0,97.0,175.0,129.14285714285714,121.0,31.81943102062308,129.0,125.33333333333333,129.14285714285714,7,,,384118,48797835.0,127.038657391739,15.0,688.0039877000092,5.0,60.0,185.0,375.0,2319.1500000000815,47255970.0,2057215.0,47528880.0,12045430.0,20005765.0,8818205.0,439540.0,12.858707679395401,17.703196525577845,4.852332229196475,2.772588722239781,17.671089574290335,14.536864170414388,17.676848105287593,16.304195975873288,16.811531089967804,15.992329005933568,12.993486279583406,4.2626798770413155
Wittenberg,2021-11-01,227,11,2021,-0.5000000000000004,0.8660254037844384,10,528.0,621.0,513.0,433.2,520.5,179.47627512663988,554.0,566.1666666666666,433.2,10,,,384118,48797835.0,127.038657391739,15.0,688.0039877000092,5.0,60.0,185.0,375.0,2319.1500000000815,47255970.0,2057215.0,47528880.0,12045430.0,20005765.0,8818205.0,439540.0,12.858707679395401,17.703196525577845,4.852332229196475,2.772588722239781,17.671089574290335,14.536864170414388,17.676848105287593,16.304195975873288,16.811531089967804,15.992329005933568,12.993486279583406,5.429345628954441
Woodchuck Hollow,2021-11-01,2,11,2021,-0.5000000000000004,0.8660254037844384,10,1.0,6.0,6.0,5.5,6.0,2.0701966780270626,4.333333333333333,5.5,5.5,8,,,384118,48797835.0,127.038657391739,15.0,688.0039877000092,5.0,60.0,185.0,375.0,2319.1500000000815,47255970.0,2057215.0,47528880.0,12045430.0,20005765.0,8818205.0,439540.0,12.858707679395401,17.703196525577845,4.852332229196475,2.772588722239781,17.671089574290335,14.536864170414388,17.676848105287593,16.304195975873288,16.811531089967804,15.992329005933568,12.993486279583406,1.0986122886681098
Woodland Valley,2021-11-01,44,11,2021,-0.5000000000000004,0.8660254037844384,10,166.0,157.0,133.0,109.8,126.0,71.96727651432204,152.0,161.33333333333334,109.8,10,,,384118,48797835.0,127.038657391739,15.0,688.0039877000092,5.0,60.0,185.0,375.0,2319.1500000000815,47255970.0,2057215.0,47528880.0,12045430.0,20005765.0,8818205.0,439540.0,12.858707679395401,17.703196525577845,4.852332229196475,2.772588722239781,17.671089574290335,14.536864170414388,17.676848105287593,16.304195975873288,16.811531089967804,15.992329005933568,12.993486279583406,3.8066624897703196
Alder Lake,2021-12-01,62,12,2021,-2.4492935982947064e-16,1.0,11,106.0,226.0,261.0,201.9090909090909,226.0,110.93732874506628,197.66666666666666,259.1666666666667,201.9090909090909,11,,,379637,31150470.0,82.05330355049692,15.0,516.6859714321747,5.0,50.0,145.0,265.0,860.0,30289615.0,1190945.0,30736745.0,8339105.0,8812540.0,6433290.0,338145.0,12.84697344608178,17.254339923468656,4.419482613118841,2.772588722239781,17.226315505471756,13.990258507259169,17.240969434908845,15.936466574344612,15.991686378574109,15.676996784874474,12.731233033863182,4.143134726391533
Ashokan HP,2021-12-01,119,12,2021,-2.4492935982947064e-16,1.0,11,112.0,196.0,200.0,155.45454545454547,157.0,51.78486967515441,169.33333333333334,181.5,155.45454545454547,11,,,379637,31150470.0,82.05330355049692,15.0,516.6859714321747,5.0,50.0,145.0,265.0,860.0,30289615.0,1190945.0,30736745.0,8339105.0,8812540.0,6433290.0,338145.0,12.84697344608178,17.254339923468656,4.419482613118841,2.772588722239781,17.226315505471756,13.990258507259169,17.240969434908845,15.936466574344612,15.991686378574109,15.676996784874474,12.731233033863182,4.787491742782046
Beaverkill Road to BLM FT,2021-12-01,88,12,2021,-2.4492935982947064e-16,1.0,11,135.0,303.0,219.0,171.36363636363637,152.0,70.5298131675857,219.0,210.83333333333334,171.36363636363637,11,,,379637,31150470.0,82.05330355049692,15.0,516.6859714321747,5.0,50.0,145.0,265.0,860.0,30289615.0,1190945.0,30736745.0,8339105.0,8812540.0,6433290.0,338145.0,12.84697344608178,17.254339923468656,4.419482613118841,2.772588722239781,17.226315505471756,13.990258507259169,17.240969434908845,15.936466574344612,15.991686378574109,15.676996784874474,12.731233033863182,4.48863636973214
Biscuit Brook,2021-12-01,111,12,2021,-2.4492935982947064e-16,1.0,11,134.0,155.0,88.0,134.63636363636363,131.0,32.386023921663266,125.66666666666667,130.0,134.63636363636363,11,,,379637,31150470.0,82.05330355049692,15.0,516.6859714321747,5.0,50.0,145.0,265.0,860.0,30289615.0,1190945.0,30736745.0,8339105.0,8812540.0,6433290.0,338145.0,12.84697344608178,17.254339923468656,4.419482613118841,2.772588722239781,17.226315505471756,13.990258507259169,17.240969434908845,15.936466574344612,15.991686378574109,15.676996784874474,12.731233033863182,4.718498871295094
Cathedral Glen,2021-12-01,4,12,2021,-2.4492935982947064e-16,1.0,11,2.0,7.0,5.0,4.666666666666667,5.0,2.5166114784235836,4.666666666666667,4.666666666666667,4.666666666666667,3,,,379637,31150470.0,82.05330355049692,15.0,516.6859714321747,5.0,50.0,145.0,265.0,860.0,30289615.0,1190945.0,30736745.0,8339105.0,8812540.0,6433290.0,338145.0,12.84697344608178,17.254339923468656,4.419482613118841,2.772588722239781,17.226315505471756,13.990258507259169,17.240969434908845,15.936466574344612,15.991686378574109,15.676996784874474,12.731233033863182,1.6094379124341003
Denning,2021-12-01,160,12,2021,-2.4492935982947064e-16,1.0,11,210.0,254.0,293.0,244.36363636363637,249.0,98.74135175018897,252.33333333333334,290.5,244.36363636363637,11,,,379637,31150470.0,82.05330355049692,15.0,516.6859714321747,5.0,50.0,145.0,265.0,860.0,30289615.0,1190945.0,30736745.0,8339105.0,8812540.0,6433290.0,338145.0,12.84697344608178,17.254339923468656,4.419482613118841,2.772588722239781,17.226315505471756,13.990258507259169,17.240969434908845,15.936466574344612,15.991686378574109,15.676996784874474,12.731233033863182,5.081404364984463
Dry Brook Ridge to Lean-to,2021-12-01,22,12,2021,-2.4492935982947064e-16,1.0,11,37.0,39.0,40.0,29.181818181818183,25.0,15.879661090956455,38.666666666666664,36.333333333333336,29.181818181818183,11,,,379637,31150470.0,82.05330355049692,15.0,516.6859714321747,5.0,50.0,145.0,265.0,860.0,30289615.0,1190945.0,30736745.0,8339105.0,8812540.0,6433290.0,338145.0,12.84697344608178,17.254339923468656,4.419482613118841,2.772588722239781,17.226315505471756,13.990258507259169,17.240969434908845,15.936466574344612,15.991686378574109,15.676996784874474,12.731233033863182,3.1354942159291497
Flynn,2021-12-01,0,12,2021,-2.4492935982947064e-16,1.0,11,45.0,72.0,47.0,58.27272727272727,47.0,21.592086092320535,54.666666666666664,71.33333333333333,58.27272727272727,11,,,379637,31150470.0,82.05330355049692,15.0,516.6859714321747,5.0,50.0,145.0,265.0,860.0,30289615.0,1190945.0,30736745.0,8339105.0,8812540.0,6433290.0,338145.0,12.84697344608178,17.254339923468656,4.419482613118841,2.772588722239781,17.226315505471756,13.990258507259169,17.240969434908845,15.936466574344612,15.991686378574109,15.676996784874474,12.731233033863182,0.0
Fox Hollow,2021-12-01,58,12,2021,-2.4492935982947064e-16,1.0,11,90.0,153.0,97.0,114.72727272727273,117.0,31.50266943955991,113.33333333333333,118.83333333333333,114.72727272727273,11,,,379637,31150470.0,82.05330355049692,15.0,516.6859714321747,5.0,50.0,145.0,265.0,860.0,30289615.0,1190945.0,30736745.0,8339105.0,8812540.0,6433290.0,338145.0,12.84697344608178,17.254339923468656,4.419482613118841,2.772588722239781,17.226315505471756,13.990258507259169,17.240969434908845,15.936466574344612,15.991686378574109,15.676996784874474,12.731233033863182,4.07753744390572
Frick Pond,2021-12-01,79,12,2021,-2.4492935982947064e-16,1.0,11,26.0,189.0,131.0,149.8181818181818,150.0,64.46831498002439,115.33333333333333,157.16666666666666,149.8181818181818,11,,,379637,31150470.0,82.05330355049692,15.0,516.6859714321747,5.0,50.0,145.0,265.0,860.0,30289615.0,1190945.0,30736745.0,8339105.0,8812540.0,6433290.0,338145.0,12.84697344608178,17.254339923468656,4.419482613118841,2.772588722239781,17.226315505471756,13.990258507259169,17.240969434908845,15.936466574344612,15.991686378574109,15.676996784874474,12.731233033863182,4.382026634673881
Giant Ledge,2021-12-01,375,12,2021,-2.4492935982947064e-16,1.0,11,501.0,1444.0,609.0,732.7272727272727,609.0,298.4885561990915,851.3333333333334,855.1666666666666,732.7272727272727,11,,,379637,31150470.0,82.05330355049692,15.0,516.6859714321747,5.0,50.0,145.0,265.0,860.0,30289615.0,1190945.0,30736745.0,8339105.0,8812540.0,6433290.0,338145.0,12.84697344608178,17.254339923468656,4.419482613118841,2.772588722239781,17.226315505471756,13.990258507259169,17.240969434908845,15.936466574344612,15.991686378574109,15.676996784874474,12.731233033863182,5.929589143389895
Hardenburgh- MH Trail,2021-12-01,10,12,2021,-2.4492935982947064e-16,1.0,11,8.0,19.0,6.0,10.090909090909092,10.0,6.0902306270706275,11.0,13.333333333333334,10.090909090909092,11,,,379637,31150470.0,82.05330355049692,15.0,516.6859714321747,5.0,50.0,145.0,265.0,860.0,30289615.0,1190945.0,30736745.0,8339105.0,8812540.0,6433290.0,338145.0,12.84697344608178,17.254339923468656,4.419482613118841,2.772588722239781,17.226315505471756,13.990258507259169,17.240969434908845,15.936466574344612,15.991686378574109,15.676996784874474,12.731233033863182,2.3978952727983707
Kelly Hollow,2021-12-01,130,12,2021,-2.4492935982947064e-16,1.0,11,132.0,219.0,202.0,204.54545454545453,219.0,69.93620469594221,184.33333333333334,230.33333333333334,204.54545454545453,11,,,379637,31150470.0,82.05330355049692,15.0,516.6859714321747,5.0,50.0,145.0,265.0,860.0,30289615.0,1190945.0,30736745.0,8339105.0,8812540.0,6433290.0,338145.0,12.84697344608178,17.254339923468656,4.419482613118841,2.772588722239781,17.226315505471756,13.990258507259169,17.240969434908845,15.936466574344612,15.991686378574109,15.676996784874474,12.731233033863182,4.875197323201151
Lane Street,2021-12-01,31,12,2021,-2.4492935982947064e-16,1.0,11,48.0,67.0,59.0,56.63636363636363,58.0,16.96627671159897,58.0,58.166666666666664,56.63636363636363,11,,,379637,31150470.0,82.05330355049692,15.0,516.6859714321747,5.0,50.0,145.0,265.0,860.0,30289615.0,1190945.0,30736745.0,8339105.0,8812540.0,6433290.0,338145.0,12.84697344608178,17.254339923468656,4.419482613118841,2.772588722239781,17.226315505471756,13.990258507259169,17.240969434908845,15.936466574344612,15.991686378574109,15.676996784874474,12.731233033863182,3.4657359027997265
Long Pond,2021-12-01,16,12,2021,-2.4492935982947064e-16,1.0,11,17.0,55.0,42.0,38.72727272727273,30.0,23.4908105823997,38.0,47.833333333333336,38.72727272727273,11,,,379637,31150470.0,82.05330355049692,15.0,516.6859714321747,5.0,50.0,145.0,265.0,860.0,30289615.0,1190945.0,30736745.0,8339105.0,8812540.0,6433290.0,338145.0,12.84697344608178,17.254339923468656,4.419482613118841,2.772588722239781,17.226315505471756,13.990258507259169,17.240969434908845,15.936466574344612,15.991686378574109,15.676996784874474,12.731233033863182,2.833213344056216
McKenley Hollow,2021-12-01,65,12,2021,-2.4492935982947064e-16,1.0,11,80.0,77.0,71.0,109.18181818181819,98.0,45.00181814508872,76.0,81.5,109.18181818181819,11,,,379637,31150470.0,82.05330355049692,15.0,516.6859714321747,5.0,50.0,145.0,265.0,860.0,30289615.0,1190945.0,30736745.0,8339105.0,8812540.0,6433290.0,338145.0,12.84697344608178,17.254339923468656,4.419482613118841,2.772588722239781,17.226315505471756,13.990258507259169,17.240969434908845,15.936466574344612,15.991686378574109,15.676996784874474,12.731233033863182,4.189654742026425
Millbrook to BLM FT,2021-12-01,158,12,2021,-2.4492935982947064e-16,1.0,11,193.0,366.0,248.0,231.54545454545453,227.0,70.86235056271225,269.0,275.8333333333333,231.54545454545453,11,,,379637,31150470.0,82.05330355049692,15.0,516.6859714321747,5.0,50.0,145.0,265.0,860.0,30289615.0,1190945.0,30736745.0,8339105.0,8812540.0,6433290.0,338145.0,12.84697344608178,17.254339923468656,4.419482613118841,2.772588722239781,17.226315505471756,13.990258507259169,17.240969434908845,15.936466574344612,15.991686378574109,15.676996784874474,12.731233033863182,5.0689042022202315
Mt Tremper,2021-12-01,124,12,2021,-2.4492935982947064e-16,1.0,11,194.0,435.0,248.0,287.57142857142856,262.0,78.35146699936372,292.3333333333333,284.0,287.57142857142856,7,,,379637,31150470.0,82.05330355049692,15.0,516.6859714321747,5.0,50.0,145.0,265.0,860.0,30289615.0,1190945.0,30736745.0,8339105.0,8812540.0,6433290.0,338145.0,12.84697344608178,17.254339923468656,4.419482613118841,2.772588722239781,17.226315505471756,13.990258507259169,17.240969434908845,15.936466574344612,15.991686378574109,15.676996784874474,12.731233033863182,4.8283137373023015
Neversink Hardenburgh Trail,2021-12-01,6,12,2021,-2.4492935982947064e-16,1.0,11,10.0,14.0,11.0,16.454545454545453,11.0,13.374330909347474,11.666666666666666,23.0,16.454545454545453,11,,,379637,31150470.0,82.05330355049692,15.0,516.6859714321747,5.0,50.0,145.0,265.0,860.0,30289615.0,1190945.0,30736745.0,8339105.0,8812540.0,6433290.0,338145.0,12.84697344608178,17.254339923468656,4.419482613118841,2.772588722239781,17.226315505471756,13.990258507259169,17.240969434908845,15.936466574344612,15.991686378574109,15.676996784874474,12.731233033863182,1.9459101490553132
Overlook,2021-12-01,325,12,2021,-2.4492935982947064e-16,1.0,11,698.0,1203.0,822.0,719.9090909090909,727.0,281.2950246788786,907.6666666666666,908.6666666666666,719.9090909090909,11,,,379637,31150470.0,82.05330355049692,15.0,516.6859714321747,5.0,50.0,145.0,265.0,860.0,30289615.0,1190945.0,30736745.0,8339105.0,8812540.0,6433290.0,338145.0,12.84697344608178,17.254339923468656,4.419482613118841,2.772588722239781,17.226315505471756,13.990258507259169,17.240969434908845,15.936466574344612,15.991686378574109,15.676996784874474,12.731233033863182,5.786897381366708
Peekamoose,2021-12-01,127,12,2021,-2.4492935982947064e-16,1.0,11,122.0,219.0,130.0,153.27272727272728,144.0,43.92741947597402,157.0,155.33333333333334,153.27272727272728,11,,,379637,31150470.0,82.05330355049692,15.0,516.6859714321747,5.0,50.0,145.0,265.0,860.0,30289615.0,1190945.0,30736745.0,8339105.0,8812540.0,6433290.0,338145.0,12.84697344608178,17.254339923468656,4.419482613118841,2.772588722239781,17.226315505471756,13.990258507259169,17.240969434908845,15.936466574344612,15.991686378574109,15.676996784874474,12.731233033863182,4.852030263919617
Red Hill Dinch Road,2021-12-01,40,12,2021,-2.4492935982947064e-16,1.0,11,115.0,333.0,232.0,201.54545454545453,232.0,115.81741115770429,226.66666666666666,265.3333333333333,201.54545454545453,11,,,379637,31150470.0,82.05330355049692,15.0,516.6859714321747,5.0,50.0,145.0,265.0,860.0,30289615.0,1190945.0,30736745.0,8339105.0,8812540.0,6433290.0,338145.0,12.84697344608178,17.254339923468656,4.419482613118841,2.772588722239781,17.226315505471756,13.990258507259169,17.240969434908845,15.936466574344612,15.991686378574109,15.676996784874474,12.731233033863182,3.713572066704308
Rider Hollow,2021-12-01,200,12,2021,-2.4492935982947064e-16,1.0,11,148.0,254.0,176.0,219.5,181.5,90.247991667405,192.66666666666666,219.5,219.5,6,,,379637,31150470.0,82.05330355049692,15.0,516.6859714321747,5.0,50.0,145.0,265.0,860.0,30289615.0,1190945.0,30736745.0,8339105.0,8812540.0,6433290.0,338145.0,12.84697344608178,17.254339923468656,4.419482613118841,2.772588722239781,17.226315505471756,13.990258507259169,17.240969434908845,15.936466574344612,15.991686378574109,15.676996784874474,12.731233033863182,5.303304908059076
Rochester Hollow,2021-12-01,110,12,2021,-2.4492935982947064e-16,1.0,11,135.0,2556.0,227.0,395.6363636363636,169.0,719.7304040718682,972.6666666666666,618.5,395.6363636363636,11,,,379637,31150470.0,82.05330355049692,15.0,516.6859714321747,5.0,50.0,145.0,265.0,860.0,30289615.0,1190945.0,30736745.0,8339105.0,8812540.0,6433290.0,338145.0,12.84697344608178,17.254339923468656,4.419482613118841,2.772588722239781,17.226315505471756,13.990258507259169,17.240969434908845,15.936466574344612,15.991686378574109,15.676996784874474,12.731233033863182,4.709530201312334
Seager,2021-12-01,48,12,2021,-2.4492935982947064e-16,1.0,11,50.0,104.0,126.0,69.63636363636364,50.0,43.37573682895249,93.33333333333333,101.83333333333333,69.63636363636364,11,,,379637,31150470.0,82.05330355049692,15.0,516.6859714321747,5.0,50.0,145.0,265.0,860.0,30289615.0,1190945.0,30736745.0,8339105.0,8812540.0,6433290.0,338145.0,12.84697344608178,17.254339923468656,4.419482613118841,2.772588722239781,17.226315505471756,13.990258507259169,17.240969434908845,15.936466574344612,15.991686378574109,15.676996784874474,12.731233033863182,3.8918202981106265
Slide Mt,2021-12-01,404,12,2021,-2.4492935982947064e-16,1.0,11,467.0,890.0,708.0,650.1818181818181,624.0,166.22925024304126,688.3333333333334,714.6666666666666,650.1818181818181,11,,,379637,31150470.0,82.05330355049692,15.0,516.6859714321747,5.0,50.0,145.0,265.0,860.0,30289615.0,1190945.0,30736745.0,8339105.0,8812540.0,6433290.0,338145.0,12.84697344608178,17.254339923468656,4.419482613118841,2.772588722239781,17.226315505471756,13.990258507259169,17.240969434908845,15.936466574344612,15.991686378574109,15.676996784874474,12.731233033863182,6.003887067106539
Upper Cherrytown Road,2021-12-01,51,12,2021,-2.4492935982947064e-16,1.0,11,70.0,115.0,97.0,121.75,118.0,36.12577235951404,94.0,122.0,121.75,8,,,379637,31150470.0,82.05330355049692,15.0,516.6859714321747,5.0,50.0,145.0,265.0,860.0,30289615.0,1190945.0,30736745.0,8339105.0,8812540.0,6433290.0,338145.0,12.84697344608178,17.254339923468656,4.419482613118841,2.772588722239781,17.226315505471756,13.990258507259169,17.240969434908845,15.936466574344612,15.991686378574109,15.676996784874474,12.731233033863182,3.9512437185814275
Wittenberg,2021-12-01,116,12,2021,-2.4492935982947064e-16,1.0,11,227.0,528.0,621.0,414.45454545454544,513.0,181.26188989214674,458.6666666666667,515.6666666666666,414.45454545454544,11,,,379637,31150470.0,82.05330355049692,15.0,516.6859714321747,5.0,50.0,145.0,265.0,860.0,30289615.0,1190945.0,30736745.0,8339105.0,8812540.0,6433290.0,338145.0,12.84697344608178,17.254339923468656,4.419482613118841,2.772588722239781,17.226315505471756,13.990258507259169,17.240969434908845,15.936466574344612,15.991686378574109,15.676996784874474,12.731233033863182,4.762173934797756
Woodland Valley,2021-12-01,51,12,2021,-2.4492935982947064e-16,1.0,11,44.0,166.0,157.0,103.81818181818181,119.0,71.09826746386747,122.33333333333333,148.83333333333334,103.81818181818181,11,,,379637,31150470.0,82.05330355049692,15.0,516.6859714321747,5.0,50.0,145.0,265.0,860.0,30289615.0,1190945.0,30736745.0,8339105.0,8812540.0,6433290.0,338145.0,12.84697344608178,17.254339923468656,4.419482613118841,2.772588722239781,17.226315505471756,13.990258507259169,17.240969434908845,15.936466574344612,15.991686378574109,15.676996784874474,12.731233033863182,3.9512437185814275
Alder Lake,2022-01-01,22,1,2022,0.49999999999999994,0.8660254037844387,12,62.0,106.0,226.0,190.25,217.5,113.22313046691154,131.33333333333334,225.5,190.25,12,90.0,90.0,358697,31477535.0,87.75522237431592,15.0,629.9996798173945,5.0,50.0,150.0,270.0,920.0,30063960.0,930835.0,31237840.0,7509845.0,8701125.0,8225670.0,454885.0,12.790236087814838,17.26478470653139,4.4858822702785695,2.772588722239781,17.21883770340197,13.743838386069752,17.257140770432308,15.831725517538056,15.978963000537439,15.92277043183531,13.02780211708978,3.1354942159291497
Ashokan HP,2022-01-01,47,1,2022,0.49999999999999994,0.8660254037844387,12,119.0,112.0,196.0,152.41666666666666,146.0,50.483945842998324,142.33333333333334,171.66666666666666,152.41666666666666,12,112.0,112.0,358697,31477535.0,87.75522237431592,15.0,629.9996798173945,5.0,50.0,150.0,270.0,920.0,30063960.0,930835.0,31237840.0,7509845.0,8701125.0,8225670.0,454885.0,12.790236087814838,17.26478470653139,4.4858822702785695,2.772588722239781,17.21883770340197,13.743838386069752,17.257140770432308,15.831725517538056,15.978963000537439,15.92277043183531,13.02780211708978,3.871201010907891
Beaverkill Road to BLM FT,2022-01-01,66,1,2022,0.49999999999999994,0.8660254037844387,12,88.0,135.0,303.0,164.41666666666666,149.0,71.42377797768795,175.33333333333334,194.33333333333334,164.41666666666666,12,119.0,119.0,358697,31477535.0,87.75522237431592,15.0,629.9996798173945,5.0,50.0,150.0,270.0,920.0,30063960.0,930835.0,31237840.0,7509845.0,8701125.0,8225670.0,454885.0,12.790236087814838,17.26478470653139,4.4858822702785695,2.772588722239781,17.21883770340197,13.743838386069752,17.257140770432308,15.831725517538056,15.978963000537439,15.92277043183531,13.02780211708978,4.204692619390966
Biscuit Brook,2022-01-01,83,1,2022,0.49999999999999994,0.8660254037844387,12,111.0,134.0,155.0,132.66666666666666,129.0,31.62373485312268,133.33333333333334,119.33333333333333,132.66666666666666,12,103.0,103.0,358697,31477535.0,87.75522237431592,15.0,629.9996798173945,5.0,50.0,150.0,270.0,920.0,30063960.0,930835.0,31237840.0,7509845.0,8701125.0,8225670.0,454885.0,12.790236087814838,17.26478470653139,4.4858822702785695,2.772588722239781,17.21883770340197,13.743838386069752,17.257140770432308,15.831725517538056,15.978963000537439,15.92277043183531,13.02780211708978,4.430816798843313
Cathedral Glen,2022-01-01,9,1,2022,0.49999999999999994,0.8660254037844387,12,4.0,2.0,7.0,4.5,4.5,2.081665999466133,4.333333333333333,4.5,4.5,4,,,358697,31477535.0,87.75522237431592,15.0,629.9996798173945,5.0,50.0,150.0,270.0,920.0,30063960.0,930835.0,31237840.0,7509845.0,8701125.0,8225670.0,454885.0,12.790236087814838,17.26478470653139,4.4858822702785695,2.772588722239781,17.21883770340197,13.743838386069752,17.257140770432308,15.831725517538056,15.978963000537439,15.92277043183531,13.02780211708978,2.302585092994046
Denning,2022-01-01,72,1,2022,0.49999999999999994,0.8660254037844387,12,160.0,210.0,254.0,237.33333333333334,236.5,97.24508244947948,208.0,244.16666666666666,237.33333333333334,12,123.0,123.0,358697,31477535.0,87.75522237431592,15.0,629.9996798173945,5.0,50.0,150.0,270.0,920.0,30063960.0,930835.0,31237840.0,7509845.0,8701125.0,8225670.0,454885.0,12.790236087814838,17.26478470653139,4.4858822702785695,2.772588722239781,17.21883770340197,13.743838386069752,17.257140770432308,15.831725517538056,15.978963000537439,15.92277043183531,13.02780211708978,4.290459441148391
Dry Brook Ridge to Lean-to,2022-01-01,11,1,2022,0.49999999999999994,0.8660254037844387,12,22.0,37.0,39.0,28.583333333333332,23.5,15.281946171475635,32.666666666666664,36.5,28.583333333333332,12,15.0,15.0,358697,31477535.0,87.75522237431592,15.0,629.9996798173945,5.0,50.0,150.0,270.0,920.0,30063960.0,930835.0,31237840.0,7509845.0,8701125.0,8225670.0,454885.0,12.790236087814838,17.26478470653139,4.4858822702785695,2.772588722239781,17.21883770340197,13.743838386069752,17.257140770432308,15.831725517538056,15.978963000537439,15.92277043183531,13.02780211708978,2.4849066497880004
Flynn,2022-01-01,7,1,2022,0.49999999999999994,0.8660254037844387,12,0.0,45.0,72.0,53.416666666666664,46.0,26.585909915980046,39.0,56.166666666666664,53.416666666666664,12,44.0,44.0,358697,31477535.0,87.75522237431592,15.0,629.9996798173945,5.0,50.0,150.0,270.0,920.0,30063960.0,930835.0,31237840.0,7509845.0,8701125.0,8225670.0,454885.0,12.790236087814838,17.26478470653139,4.4858822702785695,2.772588722239781,17.21883770340197,13.743838386069752,17.257140770432308,15.831725517538056,15.978963000537439,15.92277043183531,13.02780211708978,2.0794415416798357
Fox Hollow,2022-01-01,25,1,2022,0.49999999999999994,0.8660254037844387,12,58.0,90.0,153.0,110.0,111.5,34.21057784317062,100.33333333333333,108.33333333333333,110.0,12,123.0,123.0,358697,31477535.0,87.75522237431592,15.0,629.9996798173945,5.0,50.0,150.0,270.0,920.0,30063960.0,930835.0,31237840.0,7509845.0,8701125.0,8225670.0,454885.0,12.790236087814838,17.26478470653139,4.4858822702785695,2.772588722239781,17.21883770340197,13.743838386069752,17.257140770432308,15.831725517538056,15.978963000537439,15.92277043183531,13.02780211708978,3.258096538021482
Frick Pond,2022-01-01,42,1,2022,0.49999999999999994,0.8660254037844387,12,79.0,26.0,189.0,143.91666666666666,140.5,64.77858559366013,98.0,152.5,143.91666666666666,12,111.0,111.0,358697,31477535.0,87.75522237431592,15.0,629.9996798173945,5.0,50.0,150.0,270.0,920.0,30063960.0,930835.0,31237840.0,7509845.0,8701125.0,8225670.0,454885.0,12.790236087814838,17.26478470653139,4.4858822702785695,2.772588722239781,17.21883770340197,13.743838386069752,17.257140770432308,15.831725517538056,15.978963000537439,15.92277043183531,13.02780211708978,3.7612001156935624
Giant Ledge,2022-01-01,300,1,2022,0.49999999999999994,0.8660254037844387,12,375.0,501.0,1444.0,702.9166666666666,606.5,302.75386292358274,773.3333333333334,778.3333333333334,702.9166666666666,12,532.0,532.0,358697,31477535.0,87.75522237431592,15.0,629.9996798173945,5.0,50.0,150.0,270.0,920.0,30063960.0,930835.0,31237840.0,7509845.0,8701125.0,8225670.0,454885.0,12.790236087814838,17.26478470653139,4.4858822702785695,2.772588722239781,17.21883770340197,13.743838386069752,17.257140770432308,15.831725517538056,15.978963000537439,15.92277043183531,13.02780211708978,5.707110264748875
Hardenburgh- MH Trail,2022-01-01,1,1,2022,0.49999999999999994,0.8660254037844387,12,10.0,8.0,19.0,10.083333333333334,10.0,5.8068663640294815,12.333333333333334,12.5,10.083333333333334,12,10.0,10.0,358697,31477535.0,87.75522237431592,15.0,629.9996798173945,5.0,50.0,150.0,270.0,920.0,30063960.0,930835.0,31237840.0,7509845.0,8701125.0,8225670.0,454885.0,12.790236087814838,17.26478470653139,4.4858822702785695,2.772588722239781,17.21883770340197,13.743838386069752,17.257140770432308,15.831725517538056,15.978963000537439,15.92277043183531,13.02780211708978,0.6931471805599453
Kelly Hollow,2022-01-01,72,1,2022,0.49999999999999994,0.8660254037844387,12,130.0,132.0,219.0,198.33333333333334,210.5,70.06793240502499,160.33333333333334,205.83333333333334,198.33333333333334,12,108.0,108.0,358697,31477535.0,87.75522237431592,15.0,629.9996798173945,5.0,50.0,150.0,270.0,920.0,30063960.0,930835.0,31237840.0,7509845.0,8701125.0,8225670.0,454885.0,12.790236087814838,17.26478470653139,4.4858822702785695,2.772588722239781,17.21883770340197,13.743838386069752,17.257140770432308,15.831725517538056,15.978963000537439,15.92277043183531,13.02780211708978,4.290459441148391
McKenley Hollow,2022-01-01,66,1,2022,0.49999999999999994,0.8660254037844387,12,65.0,80.0,77.0,105.5,90.5,44.76301232856512,74.0,78.5,105.5,12,216.0,216.0,358697,31477535.0,87.75522237431592,15.0,629.9996798173945,5.0,50.0,150.0,270.0,920.0,30063960.0,930835.0,31237840.0,7509845.0,8701125.0,8225670.0,454885.0,12.790236087814838,17.26478470653139,4.4858822702785695,2.772588722239781,17.21883770340197,13.743838386069752,17.257140770432308,15.831725517538056,15.978963000537439,15.92277043183531,13.02780211708978,4.204692619390966
Millbrook to BLM FT,2022-01-01,132,1,2022,0.49999999999999994,0.8660254037844387,12,158.0,193.0,366.0,225.41666666666666,213.5,70.82174593279734,239.0,254.16666666666666,225.41666666666666,12,185.0,185.0,358697,31477535.0,87.75522237431592,15.0,629.9996798173945,5.0,50.0,150.0,270.0,920.0,30063960.0,930835.0,31237840.0,7509845.0,8701125.0,8225670.0,454885.0,12.790236087814838,17.26478470653139,4.4858822702785695,2.772588722239781,17.21883770340197,13.743838386069752,17.257140770432308,15.831725517538056,15.978963000537439,15.92277043183531,13.02780211708978,4.890349128221754
Mt Tremper,2022-01-01,143,1,2022,0.49999999999999994,0.8660254037844387,12,124.0,194.0,435.0,267.125,255.0,92.77074277101438,251.0,264.6666666666667,267.125,8,,,358697,31477535.0,87.75522237431592,15.0,629.9996798173945,5.0,50.0,150.0,270.0,920.0,30063960.0,930835.0,31237840.0,7509845.0,8701125.0,8225670.0,454885.0,12.790236087814838,17.26478470653139,4.4858822702785695,2.772588722239781,17.21883770340197,13.743838386069752,17.257140770432308,15.831725517538056,15.978963000537439,15.92277043183531,13.02780211708978,4.969813299576001
Neversink Hardenburgh Trail,2022-01-01,1,1,2022,0.49999999999999994,0.8660254037844387,12,6.0,10.0,14.0,15.583333333333334,11.0,13.1041862383628,10.0,20.166666666666668,15.583333333333334,12,7.0,7.0,358697,31477535.0,87.75522237431592,15.0,629.9996798173945,5.0,50.0,150.0,270.0,920.0,30063960.0,930835.0,31237840.0,7509845.0,8701125.0,8225670.0,454885.0,12.790236087814838,17.26478470653139,4.4858822702785695,2.772588722239781,17.21883770340197,13.743838386069752,17.257140770432308,15.831725517538056,15.978963000537439,15.92277043183531,13.02780211708978,0.6931471805599453
Overlook,2022-01-01,34,1,2022,0.49999999999999994,0.8660254037844387,12,325.0,698.0,1203.0,687.0,712.5,291.42689711767576,742.0,793.8333333333334,687.0,12,409.0,409.0,358697,31477535.0,87.75522237431592,15.0,629.9996798173945,5.0,50.0,150.0,270.0,920.0,30063960.0,930835.0,31237840.0,7509845.0,8701125.0,8225670.0,454885.0,12.790236087814838,17.26478470653139,4.4858822702785695,2.772588722239781,17.21883770340197,13.743838386069752,17.257140770432308,15.831725517538056,15.978963000537439,15.92277043183531,13.02780211708978,3.5553480614894135
Peekamoose,2022-01-01,53,1,2022,0.49999999999999994,0.8660254037844387,12,127.0,122.0,219.0,151.08333333333334,143.5,42.56430073394483,156.0,149.33333333333334,151.08333333333334,12,143.0,143.0,358697,31477535.0,87.75522237431592,15.0,629.9996798173945,5.0,50.0,150.0,270.0,920.0,30063960.0,930835.0,31237840.0,7509845.0,8701125.0,8225670.0,454885.0,12.790236087814838,17.26478470653139,4.4858822702785695,2.772588722239781,17.21883770340197,13.743838386069752,17.257140770432308,15.831725517538056,15.978963000537439,15.92277043183531,13.02780211708978,3.9889840465642745
Rider Hollow,2022-01-01,148,1,2022,0.49999999999999994,0.8660254037844387,12,200.0,148.0,254.0,216.71428571428572,187.0,82.7137922511804,200.66666666666666,188.16666666666666,216.71428571428572,7,388.0,388.0,358697,31477535.0,87.75522237431592,15.0,629.9996798173945,5.0,50.0,150.0,270.0,920.0,30063960.0,930835.0,31237840.0,7509845.0,8701125.0,8225670.0,454885.0,12.790236087814838,17.26478470653139,4.4858822702785695,2.772588722239781,17.21883770340197,13.743838386069752,17.257140770432308,15.831725517538056,15.978963000537439,15.92277043183531,13.02780211708978,5.003946305945459
Rochester Hollow,2022-01-01,41,1,2022,0.49999999999999994,0.8660254037844387,12,110.0,135.0,2556.0,371.8333333333333,161.5,691.1721050417752,933.6666666666666,597.0,371.8333333333333,12,146.0,146.0,358697,31477535.0,87.75522237431592,15.0,629.9996798173945,5.0,50.0,150.0,270.0,920.0,30063960.0,930835.0,31237840.0,7509845.0,8701125.0,8225670.0,454885.0,12.790236087814838,17.26478470653139,4.4858822702785695,2.772588722239781,17.21883770340197,13.743838386069752,17.257140770432308,15.831725517538056,15.978963000537439,15.92277043183531,13.02780211708978,3.7376696182833684
Seager,2022-01-01,10,1,2022,0.49999999999999994,0.8660254037844387,12,48.0,50.0,104.0,67.83333333333333,49.0,41.82611914132415,67.33333333333333,96.16666666666667,67.83333333333333,12,18.0,18.0,358697,31477535.0,87.75522237431592,15.0,629.9996798173945,5.0,50.0,150.0,270.0,920.0,30063960.0,930835.0,31237840.0,7509845.0,8701125.0,8225670.0,454885.0,12.790236087814838,17.26478470653139,4.4858822702785695,2.772588722239781,17.21883770340197,13.743838386069752,17.257140770432308,15.831725517538056,15.978963000537439,15.92277043183531,13.02780211708978,2.3978952727983707
Slide Mt,2022-01-01,338,1,2022,0.49999999999999994,0.8660254037844387,12,404.0,467.0,890.0,629.6666666666666,606.5,173.6968798240373,587.0,678.0,629.6666666666666,12,831.0,831.0,358697,31477535.0,87.75522237431592,15.0,629.9996798173945,5.0,50.0,150.0,270.0,920.0,30063960.0,930835.0,31237840.0,7509845.0,8701125.0,8225670.0,454885.0,12.790236087814838,17.26478470653139,4.4858822702785695,2.772588722239781,17.21883770340197,13.743838386069752,17.257140770432308,15.831725517538056,15.978963000537439,15.92277043183531,13.02780211708978,5.82600010738045
Upper Cherrytown Road,2022-01-01,32,1,2022,0.49999999999999994,0.8660254037844387,12,51.0,70.0,115.0,113.88888888888889,115.0,41.208143747457385,78.66666666666667,110.33333333333333,113.88888888888889,9,,,358697,31477535.0,87.75522237431592,15.0,629.9996798173945,5.0,50.0,150.0,270.0,920.0,30063960.0,930835.0,31237840.0,7509845.0,8701125.0,8225670.0,454885.0,12.790236087814838,17.26478470653139,4.4858822702785695,2.772588722239781,17.21883770340197,13.743838386069752,17.257140770432308,15.831725517538056,15.978963000537439,15.92277043183531,13.02780211708978,3.4965075614664802
Wittenberg,2022-01-01,43,1,2022,0.49999999999999994,0.8660254037844387,12,116.0,227.0,528.0,389.5833333333333,399.5,193.11111183759343,290.3333333333333,435.6666666666667,389.5833333333333,12,251.0,251.0,358697,31477535.0,87.75522237431592,15.0,629.9996798173945,5.0,50.0,150.0,270.0,920.0,30063960.0,930835.0,31237840.0,7509845.0,8701125.0,8225670.0,454885.0,12.790236087814838,17.26478470653139,4.4858822702785695,2.772588722239781,17.21883770340197,13.743838386069752,17.257140770432308,15.831725517538056,15.978963000537439,15.92277043183531,13.02780211708978,3.784189633918261
Woodland Valley,2022-01-01,15,1,2022,0.49999999999999994,0.8660254037844387,12,51.0,44.0,166.0,99.41666666666667,90.5,69.48310237137886,87.0,126.83333333333333,99.41666666666667,12,23.0,23.0,358697,31477535.0,87.75522237431592,15.0,629.9996798173945,5.0,50.0,150.0,270.0,920.0,30063960.0,930835.0,31237840.0,7509845.0,8701125.0,8225670.0,454885.0,12.790236087814838,17.26478470653139,4.4858822702785695,2.772588722239781,17.21883770340197,13.743838386069752,17.257140770432308,15.831725517538056,15.978963000537439,15.92277043183531,13.02780211708978,2.772588722239781
Alder Lake,2022-02-01,31,2,2022,0.8660254037844386,0.5000000000000001,13,22.0,62.0,106.0,177.30769230769232,209.0,118.02004392996457,63.333333333333336,161.16666666666666,184.58333333333334,13,36.0,36.0,372711,36434115.0,97.75433244524578,15.0,674.9849171784892,5.0,60.0,165.0,300.0,1025.0,34940250.0,1543585.0,35247060.0,9831075.0,10219045.0,9050370.0,480240.0,12.828561282426886,17.411016146407114,4.592635275682094,2.772588722239781,17.369150046387944,14.249618838897293,17.377892707860063,16.10105894696713,16.13976379200314,16.018316309310997,13.082043340215744,3.4657359027997265
Ashokan HP,2022-02-01,54,2,2022,0.8660254037844386,0.5000000000000001,13,47.0,119.0,112.0,144.30769230769232,135.0,56.489504357571604,92.66666666666667,138.5,147.0,13,71.0,71.0,372711,36434115.0,97.75433244524578,15.0,674.9849171784892,5.0,60.0,165.0,300.0,1025.0,34940250.0,1543585.0,35247060.0,9831075.0,10219045.0,9050370.0,480240.0,12.828561282426886,17.411016146407114,4.592635275682094,2.772588722239781,17.369150046387944,14.249618838897293,17.377892707860063,16.10105894696713,16.13976379200314,16.018316309310997,13.082043340215744,4.007333185232471
Beaverkill Road to BLM FT,2022-02-01,66,2,2022,0.8660254037844386,0.5000000000000001,13,66.0,88.0,135.0,156.84615384615384,146.0,73.62953002911055,96.33333333333333,159.5,160.0,13,73.0,73.0,372711,36434115.0,97.75433244524578,15.0,674.9849171784892,5.0,60.0,165.0,300.0,1025.0,34940250.0,1543585.0,35247060.0,9831075.0,10219045.0,9050370.0,480240.0,12.828561282426886,17.411016146407114,4.592635275682094,2.772588722239781,17.369150046387944,14.249618838897293,17.377892707860063,16.10105894696713,16.13976379200314,16.018316309310997,13.082043340215744,4.204692619390966
Biscuit Brook,2022-02-01,97,2,2022,0.8660254037844386,0.5000000000000001,13,83.0,111.0,134.0,128.84615384615384,127.0,33.26370933877278,109.33333333333333,112.66666666666667,131.0,13,131.0,131.0,372711,36434115.0,97.75433244524578,15.0,674.9849171784892,5.0,60.0,165.0,300.0,1025.0,34940250.0,1543585.0,35247060.0,9831075.0,10219045.0,9050370.0,480240.0,12.828561282426886,17.411016146407114,4.592635275682094,2.772588722239781,17.369150046387944,14.249618838897293,17.377892707860063,16.10105894696713,16.13976379200314,16.018316309310997,13.082043340215744,4.584967478670572
Cathedral Glen,2022-02-01,18,2,2022,0.8660254037844386,0.5000000000000001,13,9.0,4.0,2.0,5.4,5.0,2.701851217221259,5.0,5.4,5.4,5,,,372711,36434115.0,97.75433244524578,15.0,674.9849171784892,5.0,60.0,165.0,300.0,1025.0,34940250.0,1543585.0,35247060.0,9831075.0,10219045.0,9050370.0,480240.0,12.828561282426886,17.411016146407114,4.592635275682094,2.772588722239781,17.369150046387944,14.249618838897293,17.377892707860063,16.10105894696713,16.13976379200314,16.018316309310997,13.082043340215744,2.9444389791664403
Denning,2022-02-01,90,2,2022,0.8660254037844386,0.5000000000000001,13,72.0,160.0,210.0,224.6153846153846,224.0,103.78466365632453,147.33333333333334,214.66666666666666,233.08333333333334,13,94.0,94.0,372711,36434115.0,97.75433244524578,15.0,674.9849171784892,5.0,60.0,165.0,300.0,1025.0,34940250.0,1543585.0,35247060.0,9831075.0,10219045.0,9050370.0,480240.0,12.828561282426886,17.411016146407114,4.592635275682094,2.772588722239781,17.369150046387944,14.249618838897293,17.377892707860063,16.10105894696713,16.13976379200314,16.018316309310997,13.082043340215744,4.51085950651685
Dry Brook Ridge to Lean-to,2022-02-01,19,2,2022,0.8660254037844386,0.5000000000000001,13,11.0,22.0,37.0,27.23076923076923,22.0,15.4226772759782,23.333333333333332,28.333333333333332,28.25,13,7.0,7.0,372711,36434115.0,97.75433244524578,15.0,674.9849171784892,5.0,60.0,165.0,300.0,1025.0,34940250.0,1543585.0,35247060.0,9831075.0,10219045.0,9050370.0,480240.0,12.828561282426886,17.411016146407114,4.592635275682094,2.772588722239781,17.369150046387944,14.249618838897293,17.377892707860063,16.10105894696713,16.13976379200314,16.018316309310997,13.082043340215744,2.995732273553991
Flynn,2022-02-01,9,2,2022,0.8660254037844386,0.5000000000000001,13,7.0,0.0,45.0,49.84615384615385,45.0,28.5243935192499,17.333333333333332,42.166666666666664,50.333333333333336,13,30.0,30.0,372711,36434115.0,97.75433244524578,15.0,674.9849171784892,5.0,60.0,165.0,300.0,1025.0,34940250.0,1543585.0,35247060.0,9831075.0,10219045.0,9050370.0,480240.0,12.828561282426886,17.411016146407114,4.592635275682094,2.772588722239781,17.369150046387944,14.249618838897293,17.377892707860063,16.10105894696713,16.13976379200314,16.018316309310997,13.082043340215744,2.302585092994046
Fox Hollow,2022-02-01,6,2,2022,0.8660254037844386,0.5000000000000001,13,25.0,58.0,90.0,103.46153846153847,106.0,40.355948311278276,57.666666666666664,88.16666666666667,101.83333333333333,13,47.0,47.0,372711,36434115.0,97.75433244524578,15.0,674.9849171784892,5.0,60.0,165.0,300.0,1025.0,34940250.0,1543585.0,35247060.0,9831075.0,10219045.0,9050370.0,480240.0,12.828561282426886,17.411016146407114,4.592635275682094,2.772588722239781,17.369150046387944,14.249618838897293,17.377892707860063,16.10105894696713,16.13976379200314,16.018316309310997,13.082043340215744,1.9459101490553132
Frick Pond,2022-02-01,57,2,2022,0.8660254037844386,0.5000000000000001,13,42.0,79.0,26.0,136.07692307692307,131.0,68.15846919552202,49.0,120.0,138.16666666666666,13,150.0,150.0,372711,36434115.0,97.75433244524578,15.0,674.9849171784892,5.0,60.0,165.0,300.0,1025.0,34940250.0,1543585.0,35247060.0,9831075.0,10219045.0,9050370.0,480240.0,12.828561282426886,17.411016146407114,4.592635275682094,2.772588722239781,17.369150046387944,14.249618838897293,17.377892707860063,16.10105894696713,16.13976379200314,16.018316309310997,13.082043340215744,4.060443010546419
Giant Ledge,2022-02-01,294,2,2022,0.8660254037844386,0.5000000000000001,13,300.0,375.0,501.0,671.9230769230769,604.0,310.65963731455406,392.0,677.3333333333334,683.5833333333334,13,349.0,349.0,372711,36434115.0,97.75433244524578,15.0,674.9849171784892,5.0,60.0,165.0,300.0,1025.0,34940250.0,1543585.0,35247060.0,9831075.0,10219045.0,9050370.0,480240.0,12.828561282426886,17.411016146407114,4.592635275682094,2.772588722239781,17.369150046387944,14.249618838897293,17.377892707860063,16.10105894696713,16.13976379200314,16.018316309310997,13.082043340215744,5.68697535633982
Hardenburgh- MH Trail,2022-02-01,3,2,2022,0.8660254037844386,0.5000000000000001,13,1.0,10.0,8.0,9.384615384615385,10.0,6.103802933942925,6.333333333333333,10.5,9.333333333333334,13,1.0,1.0,372711,36434115.0,97.75433244524578,15.0,674.9849171784892,5.0,60.0,165.0,300.0,1025.0,34940250.0,1543585.0,35247060.0,9831075.0,10219045.0,9050370.0,480240.0,12.828561282426886,17.411016146407114,4.592635275682094,2.772588722239781,17.369150046387944,14.249618838897293,17.377892707860063,16.10105894696713,16.13976379200314,16.018316309310997,13.082043340215744,1.3862943611198906
Kelly Hollow,2022-02-01,95,2,2022,0.8660254037844386,0.5000000000000001,13,72.0,130.0,132.0,188.6153846153846,202.0,75.68414459838826,111.33333333333333,172.33333333333334,195.33333333333334,13,79.0,79.0,372711,36434115.0,97.75433244524578,15.0,674.9849171784892,5.0,60.0,165.0,300.0,1025.0,34940250.0,1543585.0,35247060.0,9831075.0,10219045.0,9050370.0,480240.0,12.828561282426886,17.411016146407114,4.592635275682094,2.772588722239781,17.369150046387944,14.249618838897293,17.377892707860063,16.10105894696713,16.13976379200314,16.018316309310997,13.082043340215744,4.564348191467836
Lane Street,2022-02-01,17,2,2022,0.8660254037844386,0.5000000000000001,13,31.0,48.0,67.0,54.5,55.5,17.789169330088054,48.666666666666664,52.0,54.5,12,25.0,25.0,372711,36434115.0,97.75433244524578,15.0,674.9849171784892,5.0,60.0,165.0,300.0,1025.0,34940250.0,1543585.0,35247060.0,9831075.0,10219045.0,9050370.0,480240.0,12.828561282426886,17.411016146407114,4.592635275682094,2.772588722239781,17.369150046387944,14.249618838897293,17.377892707860063,16.10105894696713,16.13976379200314,16.018316309310997,13.082043340215744,2.8903717578961645
McKenley Hollow,2022-02-01,97,2,2022,0.8660254037844386,0.5000000000000001,13,66.0,65.0,80.0,102.46153846153847,83.0,44.235384374607065,70.33333333333333,70.33333333333333,93.0,13,109.0,109.0,372711,36434115.0,97.75433244524578,15.0,674.9849171784892,5.0,60.0,165.0,300.0,1025.0,34940250.0,1543585.0,35247060.0,9831075.0,10219045.0,9050370.0,480240.0,12.828561282426886,17.411016146407114,4.592635275682094,2.772588722239781,17.369150046387944,14.249618838897293,17.377892707860063,16.10105894696713,16.13976379200314,16.018316309310997,13.082043340215744,4.584967478670572
Millbrook to BLM FT,2022-02-01,205,2,2022,0.8660254037844386,0.5000000000000001,13,132.0,158.0,193.0,218.23076923076923,200.0,72.58805439619967,161.0,227.66666666666666,221.0,13,106.0,106.0,372711,36434115.0,97.75433244524578,15.0,674.9849171784892,5.0,60.0,165.0,300.0,1025.0,34940250.0,1543585.0,35247060.0,9831075.0,10219045.0,9050370.0,480240.0,12.828561282426886,17.411016146407114,4.592635275682094,2.772588722239781,17.369150046387944,14.249618838897293,17.377892707860063,16.10105894696713,16.13976379200314,16.018316309310997,13.082043340215744,5.327876168789581
Mt Tremper,2022-02-01,122,2,2022,0.8660254037844386,0.5000000000000001,13,143.0,124.0,194.0,253.33333333333334,248.0,96.13792175827395,153.66666666666666,234.33333333333334,253.33333333333334,9,,,372711,36434115.0,97.75433244524578,15.0,674.9849171784892,5.0,60.0,165.0,300.0,1025.0,34940250.0,1543585.0,35247060.0,9831075.0,10219045.0,9050370.0,480240.0,12.828561282426886,17.411016146407114,4.592635275682094,2.772588722239781,17.369150046387944,14.249618838897293,17.377892707860063,16.10105894696713,16.13976379200314,16.018316309310997,13.082043340215744,4.812184355372417
Neversink Hardenburgh Trail,2022-02-01,0,2,2022,0.8660254037844386,0.5000000000000001,13,1.0,6.0,10.0,14.461538461538462,11.0,13.182155770936358,5.666666666666667,12.5,15.083333333333334,13,0.0,0.0,372711,36434115.0,97.75433244524578,15.0,674.9849171784892,5.0,60.0,165.0,300.0,1025.0,34940250.0,1543585.0,35247060.0,9831075.0,10219045.0,9050370.0,480240.0,12.828561282426886,17.411016146407114,4.592635275682094,2.772588722239781,17.369150046387944,14.249618838897293,17.377892707860063,16.10105894696713,16.13976379200314,16.018316309310997,13.082043340215744,0.0
Overlook,2022-02-01,276,2,2022,0.8660254037844386,0.5000000000000001,13,34.0,325.0,698.0,636.7692307692307,698.0,332.6452449297284,352.3333333333333,634.8333333333334,655.75,13,326.0,326.0,372711,36434115.0,97.75433244524578,15.0,674.9849171784892,5.0,60.0,165.0,300.0,1025.0,34940250.0,1543585.0,35247060.0,9831075.0,10219045.0,9050370.0,480240.0,12.828561282426886,17.411016146407114,4.592635275682094,2.772588722239781,17.369150046387944,14.249618838897293,17.377892707860063,16.10105894696713,16.13976379200314,16.018316309310997,13.082043340215744,5.6240175061873385
Peekamoose,2022-02-01,104,2,2022,0.8660254037844386,0.5000000000000001,13,53.0,127.0,122.0,143.53846153846155,143.0,48.997645155346305,100.66666666666667,129.83333333333334,143.58333333333334,13,81.0,81.0,372711,36434115.0,97.75433244524578,15.0,674.9849171784892,5.0,60.0,165.0,300.0,1025.0,34940250.0,1543585.0,35247060.0,9831075.0,10219045.0,9050370.0,480240.0,12.828561282426886,17.411016146407114,4.592635275682094,2.772588722239781,17.369150046387944,14.249618838897293,17.377892707860063,16.10105894696713,16.13976379200314,16.018316309310997,13.082043340215744,4.653960350157523
Rider Hollow,2022-02-01,198,2,2022,0.8660254037844386,0.5000000000000001,13,148.0,200.0,148.0,208.125,181.5,80.33934723587014,165.33333333333334,181.66666666666666,208.125,8,187.0,187.0,372711,36434115.0,97.75433244524578,15.0,674.9849171784892,5.0,60.0,165.0,300.0,1025.0,34940250.0,1543585.0,35247060.0,9831075.0,10219045.0,9050370.0,480240.0,12.828561282426886,17.411016146407114,4.592635275682094,2.772588722239781,17.369150046387944,14.249618838897293,17.377892707860063,16.10105894696713,16.13976379200314,16.018316309310997,13.082043340215744,5.293304824724492
Rochester Hollow,2022-02-01,96,2,2022,0.8660254037844386,0.5000000000000001,13,41.0,110.0,135.0,346.38461538461536,154.0,668.0780316776301,95.33333333333333,557.8333333333334,363.0833333333333,13,80.0,80.0,372711,36434115.0,97.75433244524578,15.0,674.9849171784892,5.0,60.0,165.0,300.0,1025.0,34940250.0,1543585.0,35247060.0,9831075.0,10219045.0,9050370.0,480240.0,12.828561282426886,17.411016146407114,4.592635275682094,2.772588722239781,17.369150046387944,14.249618838897293,17.377892707860063,16.10105894696713,16.13976379200314,16.018316309310997,13.082043340215744,4.574710978503383
Seager,2022-02-01,29,2,2022,0.8660254037844386,0.5000000000000001,13,10.0,48.0,50.0,63.38461538461539,48.0,43.13841764510002,36.0,77.33333333333333,67.16666666666667,13,23.0,23.0,372711,36434115.0,97.75433244524578,15.0,674.9849171784892,5.0,60.0,165.0,300.0,1025.0,34940250.0,1543585.0,35247060.0,9831075.0,10219045.0,9050370.0,480240.0,12.828561282426886,17.411016146407114,4.592635275682094,2.772588722239781,17.369150046387944,14.249618838897293,17.377892707860063,16.10105894696713,16.13976379200314,16.018316309310997,13.082043340215744,3.4011973816621555
Slide Mt,2022-02-01,459,2,2022,0.8660254037844386,0.5000000000000001,13,338.0,404.0,467.0,607.2307692307693,589.0,184.9329400287907,403.0,595.1666666666666,588.5833333333334,13,443.0,443.0,372711,36434115.0,97.75433244524578,15.0,674.9849171784892,5.0,60.0,165.0,300.0,1025.0,34940250.0,1543585.0,35247060.0,9831075.0,10219045.0,9050370.0,480240.0,12.828561282426886,17.411016146407114,4.592635275682094,2.772588722239781,17.369150046387944,14.249618838897293,17.377892707860063,16.10105894696713,16.13976379200314,16.018316309310997,13.082043340215744,6.131226489483141
Upper Cherrytown Road,2022-02-01,16,2,2022,0.8660254037844386,0.5000000000000001,13,32.0,51.0,70.0,105.7,106.0,46.6905891064903,51.0,90.0,105.7,10,,,372711,36434115.0,97.75433244524578,15.0,674.9849171784892,5.0,60.0,165.0,300.0,1025.0,34940250.0,1543585.0,35247060.0,9831075.0,10219045.0,9050370.0,480240.0,12.828561282426886,17.411016146407114,4.592635275682094,2.772588722239781,17.369150046387944,14.249618838897293,17.377892707860063,16.10105894696713,16.13976379200314,16.018316309310997,13.082043340215744,2.833213344056216
Wittenberg,2022-02-01,128,2,2022,0.8660254037844386,0.5000000000000001,13,43.0,116.0,227.0,362.9230769230769,286.0,208.38484491378827,128.66666666666666,341.3333333333333,372.25,13,136.0,136.0,372711,36434115.0,97.75433244524578,15.0,674.9849171784892,5.0,60.0,165.0,300.0,1025.0,34940250.0,1543585.0,35247060.0,9831075.0,10219045.0,9050370.0,480240.0,12.828561282426886,17.411016146407114,4.592635275682094,2.772588722239781,17.369150046387944,14.249618838897293,17.377892707860063,16.10105894696713,16.13976379200314,16.018316309310997,13.082043340215744,4.859812404361672
Woodland Valley,2022-02-01,23,2,2022,0.8660254037844386,0.5000000000000001,13,15.0,51.0,44.0,92.92307692307692,62.0,70.52477287977317,36.666666666666664,94.33333333333333,98.75,13,14.0,14.0,372711,36434115.0,97.75433244524578,15.0,674.9849171784892,5.0,60.0,165.0,300.0,1025.0,34940250.0,1543585.0,35247060.0,9831075.0,10219045.0,9050370.0,480240.0,12.828561282426886,17.411016146407114,4.592635275682094,2.772588722239781,17.369150046387944,14.249618838897293,17.377892707860063,16.10105894696713,16.13976379200314,16.018316309310997,13.082043340215744,3.1780538303479458
Alder Lake,2022-03-01,42,3,2022,1.0,6.123233995736766e-17,14,31.0,22.0,62.0,166.85714285714286,157.5,119.94284353093232,38.333333333333336,118.0,184.16666666666666,14,85.0,85.0,413215,48496285.0,117.36332175743863,20.0,717.5855952015023,5.0,70.0,200.0,365.0,1465.0,47058465.0,4377130.0,45010895.0,14346375.0,11531145.0,13108850.0,740370.0,12.931725737646378,17.69699777565593,4.773758892003343,3.044522437723423,17.666901344047123,15.291904044900397,17.622415151758382,16.479007924721405,16.260562280194215,16.388798208878413,13.514906690897105,3.7612001156935624
Ashokan HP,2022-03-01,80,3,2022,1.0,6.123233995736766e-17,14,54.0,47.0,119.0,137.85714285714286,127.0,59.39807966703862,73.33333333333333,121.33333333333333,145.58333333333334,14,112.0,112.0,413215,48496285.0,117.36332175743863,20.0,717.5855952015023,5.0,70.0,200.0,365.0,1465.0,47058465.0,4377130.0,45010895.0,14346375.0,11531145.0,13108850.0,740370.0,12.931725737646378,17.69699777565593,4.773758892003343,3.044522437723423,17.666901344047123,15.291904044900397,17.622415151758382,16.479007924721405,16.260562280194215,16.388798208878413,13.514906690897105,4.394449154672439
Beaverkill Road to BLM FT,2022-03-01,44,3,2022,1.0,6.123233995736766e-17,14,66.0,66.0,88.0,150.35714285714286,140.5,74.79161526725917,73.33333333333333,146.16666666666666,159.41666666666666,14,105.0,105.0,413215,48496285.0,117.36332175743863,20.0,717.5855952015023,5.0,70.0,200.0,365.0,1465.0,47058465.0,4377130.0,45010895.0,14346375.0,11531145.0,13108850.0,740370.0,12.931725737646378,17.69699777565593,4.773758892003343,3.044522437723423,17.666901344047123,15.291904044900397,17.622415151758382,16.479007924721405,16.260562280194215,16.388798208878413,13.514906690897105,3.8066624897703196
Biscuit Brook,2022-03-01,83,3,2022,1.0,6.123233995736766e-17,14,97.0,83.0,111.0,126.57142857142857,125.0,33.07268053548424,97.0,111.33333333333333,128.16666666666666,14,199.0,199.0,413215,48496285.0,117.36332175743863,20.0,717.5855952015023,5.0,70.0,200.0,365.0,1465.0,47058465.0,4377130.0,45010895.0,14346375.0,11531145.0,13108850.0,740370.0,12.931725737646378,17.69699777565593,4.773758892003343,3.044522437723423,17.666901344047123,15.291904044900397,17.622415151758382,16.479007924721405,16.260562280194215,16.388798208878413,13.514906690897105,4.430816798843313
Cathedral Glen,2022-03-01,1,3,2022,1.0,6.123233995736766e-17,14,18.0,9.0,4.0,7.5,6.0,5.683308895353129,10.333333333333334,7.5,7.5,6,,,413215,48496285.0,117.36332175743863,20.0,717.5855952015023,5.0,70.0,200.0,365.0,1465.0,47058465.0,4377130.0,45010895.0,14346375.0,11531145.0,13108850.0,740370.0,12.931725737646378,17.69699777565593,4.773758892003343,3.044522437723423,17.666901344047123,15.291904044900397,17.622415151758382,16.479007924721405,16.260562280194215,16.388798208878413,13.514906690897105,0.6931471805599453
Denning,2022-03-01,111,3,2022,1.0,6.123233995736766e-17,14,90.0,72.0,160.0,215.0,217.0,106.00507970412042,107.33333333333333,179.83333333333334,232.75,14,164.0,164.0,413215,48496285.0,117.36332175743863,20.0,717.5855952015023,5.0,70.0,200.0,365.0,1465.0,47058465.0,4377130.0,45010895.0,14346375.0,11531145.0,13108850.0,740370.0,12.931725737646378,17.69699777565593,4.773758892003343,3.044522437723423,17.666901344047123,15.291904044900397,17.622415151758382,16.479007924721405,16.260562280194215,16.388798208878413,13.514906690897105,4.718498871295094
Dry Brook Ridge to Lean-to,2022-03-01,12,3,2022,1.0,6.123233995736766e-17,14,19.0,11.0,22.0,26.642857142857142,21.5,14.980023327788876,17.333333333333332,28.0,29.25,14,13.0,13.0,413215,48496285.0,117.36332175743863,20.0,717.5855952015023,5.0,70.0,200.0,365.0,1465.0,47058465.0,4377130.0,45010895.0,14346375.0,11531145.0,13108850.0,740370.0,12.931725737646378,17.69699777565593,4.773758892003343,3.044522437723423,17.666901344047123,15.291904044900397,17.622415151758382,16.479007924721405,16.260562280194215,16.388798208878413,13.514906690897105,2.5649493574615367
Flynn,2022-03-01,9,3,2022,1.0,6.123233995736766e-17,14,9.0,7.0,0.0,46.92857142857143,45.0,29.49958092457035,5.333333333333333,30.0,48.583333333333336,14,45.0,45.0,413215,48496285.0,117.36332175743863,20.0,717.5855952015023,5.0,70.0,200.0,365.0,1465.0,47058465.0,4377130.0,45010895.0,14346375.0,11531145.0,13108850.0,740370.0,12.931725737646378,17.69699777565593,4.773758892003343,3.044522437723423,17.666901344047123,15.291904044900397,17.622415151758382,16.479007924721405,16.260562280194215,16.388798208878413,13.514906690897105,2.302585092994046
Fox Hollow,2022-03-01,41,3,2022,1.0,6.123233995736766e-17,14,6.0,25.0,58.0,96.5,106.0,46.70982436605486,29.666666666666668,71.5,98.41666666666667,14,106.0,106.0,413215,48496285.0,117.36332175743863,20.0,717.5855952015023,5.0,70.0,200.0,365.0,1465.0,47058465.0,4377130.0,45010895.0,14346375.0,11531145.0,13108850.0,740370.0,12.931725737646378,17.69699777565593,4.773758892003343,3.044522437723423,17.666901344047123,15.291904044900397,17.622415151758382,16.479007924721405,16.260562280194215,16.388798208878413,13.514906690897105,3.7376696182833684
Frick Pond,2022-03-01,42,3,2022,1.0,6.123233995736766e-17,14,57.0,42.0,79.0,130.42857142857142,121.0,68.81045793249106,59.333333333333336,87.33333333333333,130.41666666666666,14,150.0,150.0,413215,48496285.0,117.36332175743863,20.0,717.5855952015023,5.0,70.0,200.0,365.0,1465.0,47058465.0,4377130.0,45010895.0,14346375.0,11531145.0,13108850.0,740370.0,12.931725737646378,17.69699777565593,4.773758892003343,3.044522437723423,17.666901344047123,15.291904044900397,17.622415151758382,16.479007924721405,16.260562280194215,16.388798208878413,13.514906690897105,3.7612001156935624
Giant Ledge,2022-03-01,310,3,2022,1.0,6.123233995736766e-17,14,294.0,300.0,375.0,644.9285714285714,576.0,315.0991209825189,323.0,587.1666666666666,679.0,14,548.0,548.0,413215,48496285.0,117.36332175743863,20.0,717.5855952015023,5.0,70.0,200.0,365.0,1465.0,47058465.0,4377130.0,45010895.0,14346375.0,11531145.0,13108850.0,740370.0,12.931725737646378,17.69699777565593,4.773758892003343,3.044522437723423,17.666901344047123,15.291904044900397,17.622415151758382,16.479007924721405,16.260562280194215,16.388798208878413,13.514906690897105,5.739792912179234
Hardenburgh- MH Trail,2022-03-01,2,3,2022,1.0,6.123233995736766e-17,14,3.0,1.0,10.0,8.928571428571429,9.0,6.1075525214440685,4.666666666666667,7.833333333333333,9.5,14,2.0,2.0,413215,48496285.0,117.36332175743863,20.0,717.5855952015023,5.0,70.0,200.0,365.0,1465.0,47058465.0,4377130.0,45010895.0,14346375.0,11531145.0,13108850.0,740370.0,12.931725737646378,17.69699777565593,4.773758892003343,3.044522437723423,17.666901344047123,15.291904044900397,17.622415151758382,16.479007924721405,16.260562280194215,16.388798208878413,13.514906690897105,1.0986122886681098
Kelly Hollow,2022-03-01,89,3,2022,1.0,6.123233995736766e-17,14,95.0,72.0,130.0,181.92857142857142,201.0,76.89899897889467,99.0,141.66666666666666,196.66666666666666,14,200.0,200.0,413215,48496285.0,117.36332175743863,20.0,717.5855952015023,5.0,70.0,200.0,365.0,1465.0,47058465.0,4377130.0,45010895.0,14346375.0,11531145.0,13108850.0,740370.0,12.931725737646378,17.69699777565593,4.773758892003343,3.044522437723423,17.666901344047123,15.291904044900397,17.622415151758382,16.479007924721405,16.260562280194215,16.388798208878413,13.514906690897105,4.499809670330265
Lane Street,2022-03-01,23,3,2022,1.0,6.123233995736766e-17,14,17.0,31.0,48.0,51.61538461538461,53.0,19.956362650954464,32.0,43.5,51.5,13,49.0,49.0,413215,48496285.0,117.36332175743863,20.0,717.5855952015023,5.0,70.0,200.0,365.0,1465.0,47058465.0,4377130.0,45010895.0,14346375.0,11531145.0,13108850.0,740370.0,12.931725737646378,17.69699777565593,4.773758892003343,3.044522437723423,17.666901344047123,15.291904044900397,17.622415151758382,16.479007924721405,16.260562280194215,16.388798208878413,13.514906690897105,3.1780538303479458
McKenley Hollow,2022-03-01,79,3,2022,1.0,6.123233995736766e-17,14,97.0,66.0,65.0,102.07142857142857,90.0,42.52504110379108,76.0,76.0,92.0,14,141.0,141.0,413215,48496285.0,117.36332175743863,20.0,717.5855952015023,5.0,70.0,200.0,365.0,1465.0,47058465.0,4377130.0,45010895.0,14346375.0,11531145.0,13108850.0,740370.0,12.931725737646378,17.69699777565593,4.773758892003343,3.044522437723423,17.666901344047123,15.291904044900397,17.622415151758382,16.479007924721405,16.260562280194215,16.388798208878413,13.514906690897105,4.382026634673881
Millbrook to BLM FT,2022-03-01,129,3,2022,1.0,6.123233995736766e-17,14,205.0,132.0,158.0,217.28571428571428,202.5,69.82993470009679,165.0,217.0,229.25,14,174.0,174.0,413215,48496285.0,117.36332175743863,20.0,717.5855952015023,5.0,70.0,200.0,365.0,1465.0,47058465.0,4377130.0,45010895.0,14346375.0,11531145.0,13108850.0,740370.0,12.931725737646378,17.69699777565593,4.773758892003343,3.044522437723423,17.666901344047123,15.291904044900397,17.622415151758382,16.479007924721405,16.260562280194215,16.388798208878413,13.514906690897105,4.867534450455582
Mt Tremper,2022-03-01,123,3,2022,1.0,6.123233995736766e-17,14,122.0,143.0,124.0,240.2,244.0,99.70155465187092,129.66666666666666,211.0,240.2,10,,,413215,48496285.0,117.36332175743863,20.0,717.5855952015023,5.0,70.0,200.0,365.0,1465.0,47058465.0,4377130.0,45010895.0,14346375.0,11531145.0,13108850.0,740370.0,12.931725737646378,17.69699777565593,4.773758892003343,3.044522437723423,17.666901344047123,15.291904044900397,17.622415151758382,16.479007924721405,16.260562280194215,16.388798208878413,13.514906690897105,4.820281565605037
Neversink Hardenburgh Trail,2022-03-01,0,3,2022,1.0,6.123233995736766e-17,14,0.0,1.0,6.0,13.428571428571429,10.5,13.241626008185676,2.3333333333333335,7.0,15.083333333333334,14,11.0,11.0,413215,48496285.0,117.36332175743863,20.0,717.5855952015023,5.0,70.0,200.0,365.0,1465.0,47058465.0,4377130.0,45010895.0,14346375.0,11531145.0,13108850.0,740370.0,12.931725737646378,17.69699777565593,4.773758892003343,3.044522437723423,17.666901344047123,15.291904044900397,17.622415151758382,16.479007924721405,16.260562280194215,16.388798208878413,13.514906690897105,0.0
Overlook,2022-03-01,421,3,2022,1.0,6.123233995736766e-17,14,276.0,34.0,325.0,611.0,633.5,333.8230761254323,211.66666666666666,559.6666666666666,651.5833333333334,14,387.0,387.0,413215,48496285.0,117.36332175743863,20.0,717.5855952015023,5.0,70.0,200.0,365.0,1465.0,47058465.0,4377130.0,45010895.0,14346375.0,11531145.0,13108850.0,740370.0,12.931725737646378,17.69699777565593,4.773758892003343,3.044522437723423,17.666901344047123,15.291904044900397,17.622415151758382,16.479007924721405,16.260562280194215,16.388798208878413,13.514906690897105,6.045005314036012
Peekamoose,2022-03-01,77,3,2022,1.0,6.123233995736766e-17,14,104.0,53.0,127.0,140.71428571428572,136.5,48.246846961829974,94.66666666666667,125.83333333333333,145.5,14,149.0,149.0,413215,48496285.0,117.36332175743863,20.0,717.5855952015023,5.0,70.0,200.0,365.0,1465.0,47058465.0,4377130.0,45010895.0,14346375.0,11531145.0,13108850.0,740370.0,12.931725737646378,17.69699777565593,4.773758892003343,3.044522437723423,17.666901344047123,15.291904044900397,17.622415151758382,16.479007924721405,16.260562280194215,16.388798208878413,13.514906690897105,4.356708826689592
Red Hill Dinch Road,2022-03-01,61,3,2022,1.0,6.123233995736766e-17,14,40.0,115.0,333.0,188.08333333333334,229.5,119.87073214193039,162.66666666666666,227.16666666666666,188.08333333333334,12,53.0,53.0,413215,48496285.0,117.36332175743863,20.0,717.5855952015023,5.0,70.0,200.0,365.0,1465.0,47058465.0,4377130.0,45010895.0,14346375.0,11531145.0,13108850.0,740370.0,12.931725737646378,17.69699777565593,4.773758892003343,3.044522437723423,17.666901344047123,15.291904044900397,17.622415151758382,16.479007924721405,16.260562280194215,16.388798208878413,13.514906690897105,4.127134385045092
Rider Hollow,2022-03-01,155,3,2022,1.0,6.123233995736766e-17,14,198.0,148.0,200.0,207.0,187.0,75.22632517942107,182.0,187.33333333333334,207.0,9,164.0,164.0,413215,48496285.0,117.36332175743863,20.0,717.5855952015023,5.0,70.0,200.0,365.0,1465.0,47058465.0,4377130.0,45010895.0,14346375.0,11531145.0,13108850.0,740370.0,12.931725737646378,17.69699777565593,4.773758892003343,3.044522437723423,17.666901344047123,15.291904044900397,17.622415151758382,16.479007924721405,16.260562280194215,16.388798208878413,13.514906690897105,5.049856007249537
Rochester Hollow,2022-03-01,87,3,2022,1.0,6.123233995736766e-17,14,96.0,41.0,110.0,328.5,150.0,645.3474615692279,82.33333333333333,527.5,364.4166666666667,14,92.0,92.0,413215,48496285.0,117.36332175743863,20.0,717.5855952015023,5.0,70.0,200.0,365.0,1465.0,47058465.0,4377130.0,45010895.0,14346375.0,11531145.0,13108850.0,740370.0,12.931725737646378,17.69699777565593,4.773758892003343,3.044522437723423,17.666901344047123,15.291904044900397,17.622415151758382,16.479007924721405,16.260562280194215,16.388798208878413,13.514906690897105,4.477336814478207
Seager,2022-03-01,20,3,2022,1.0,6.123233995736766e-17,14,29.0,10.0,48.0,60.92857142857143,45.5,42.45262388504714,29.0,61.166666666666664,67.66666666666667,14,33.0,33.0,413215,48496285.0,117.36332175743863,20.0,717.5855952015023,5.0,70.0,200.0,365.0,1465.0,47058465.0,4377130.0,45010895.0,14346375.0,11531145.0,13108850.0,740370.0,12.931725737646378,17.69699777565593,4.773758892003343,3.044522437723423,17.666901344047123,15.291904044900397,17.622415151758382,16.479007924721405,16.260562280194215,16.388798208878413,13.514906690897105,3.044522437723423
Slide Mt,2022-03-01,328,3,2022,1.0,6.123233995736766e-17,14,459.0,338.0,404.0,596.6428571428571,580.0,182.04082684211977,400.3333333333333,544.3333333333334,589.9166666666666,14,571.0,571.0,413215,48496285.0,117.36332175743863,20.0,717.5855952015023,5.0,70.0,200.0,365.0,1465.0,47058465.0,4377130.0,45010895.0,14346375.0,11531145.0,13108850.0,740370.0,12.931725737646378,17.69699777565593,4.773758892003343,3.044522437723423,17.666901344047123,15.291904044900397,17.622415151758382,16.479007924721405,16.260562280194215,16.388798208878413,13.514906690897105,5.796057750765372
Upper Cherrytown Road,2022-03-01,46,3,2022,1.0,6.123233995736766e-17,14,16.0,32.0,51.0,97.54545454545455,97.0,51.89867750986269,33.0,63.5,97.54545454545455,11,,,413215,48496285.0,117.36332175743863,20.0,717.5855952015023,5.0,70.0,200.0,365.0,1465.0,47058465.0,4377130.0,45010895.0,14346375.0,11531145.0,13108850.0,740370.0,12.931725737646378,17.69699777565593,4.773758892003343,3.044522437723423,17.666901344047123,15.291904044900397,17.622415151758382,16.479007924721405,16.260562280194215,16.388798208878413,13.514906690897105,3.8501476017100584
Wittenberg,2022-03-01,93,3,2022,1.0,6.123233995736766e-17,14,128.0,43.0,116.0,346.14285714285717,274.0,209.82368317703802,95.66666666666667,277.1666666666667,371.5833333333333,14,262.0,262.0,413215,48496285.0,117.36332175743863,20.0,717.5855952015023,5.0,70.0,200.0,365.0,1465.0,47058465.0,4377130.0,45010895.0,14346375.0,11531145.0,13108850.0,740370.0,12.931725737646378,17.69699777565593,4.773758892003343,3.044522437723423,17.666901344047123,15.291904044900397,17.622415151758382,16.479007924721405,16.260562280194215,16.388798208878413,13.514906690897105,4.543294782270004
Woodland Valley,2022-03-01,18,3,2022,1.0,6.123233995736766e-17,14,23.0,15.0,51.0,87.92857142857143,56.5,70.28783053188596,29.666666666666668,76.0,99.5,14,31.0,31.0,413215,48496285.0,117.36332175743863,20.0,717.5855952015023,5.0,70.0,200.0,365.0,1465.0,47058465.0,4377130.0,45010895.0,14346375.0,11531145.0,13108850.0,740370.0,12.931725737646378,17.69699777565593,4.773758892003343,3.044522437723423,17.666901344047123,15.291904044900397,17.622415151758382,16.479007924721405,16.260562280194215,16.388798208878413,13.514906690897105,2.9444389791664403
Alder Lake,2022-04-01,86,4,2022,0.8660254037844387,-0.49999999999999983,15,42.0,31.0,22.0,158.53333333333333,106.0,119.99158700667707,31.666666666666668,81.5,180.58333333333334,15,209.0,209.0,417431,51209800.0,122.67847859885825,15.0,781.4091488327497,5.0,70.0,205.0,375.0,1520.0,48983515.0,4056760.0,47182202.0,17199710.0,11971725.0,12292165.0,783640.0,12.941876935756099,17.751441497471408,4.817685283654609,2.772588722239781,17.706994391313717,15.215895429928272,17.669527324367895,16.66040313931694,16.298058260957106,16.32447270685984,13.57170628629732,4.465908118654584
Ashokan HP,2022-04-01,128,4,2022,0.8660254037844387,-0.49999999999999983,15,80.0,54.0,47.0,134.0,119.0,59.15476070685869,60.333333333333336,101.33333333333333,142.91666666666666,15,135.0,135.0,417431,51209800.0,122.67847859885825,15.0,781.4091488327497,5.0,70.0,205.0,375.0,1520.0,48983515.0,4056760.0,47182202.0,17199710.0,11971725.0,12292165.0,783640.0,12.941876935756099,17.751441497471408,4.817685283654609,2.772588722239781,17.706994391313717,15.215895429928272,17.669527324367895,16.66040313931694,16.298058260957106,16.32447270685984,13.57170628629732,4.859812404361672
Bangle Hill,2022-04-01,7,4,2022,0.8660254037844387,-0.49999999999999983,15,3.0,3.0,1.0,2.3333333333333335,3.0,1.1547005383792515,2.3333333333333335,2.3333333333333335,2.3333333333333335,3,,,417431,51209800.0,122.67847859885825,15.0,781.4091488327497,5.0,70.0,205.0,375.0,1520.0,48983515.0,4056760.0,47182202.0,17199710.0,11971725.0,12292165.0,783640.0,12.941876935756099,17.751441497471408,4.817685283654609,2.772588722239781,17.706994391313717,15.215895429928272,17.669527324367895,16.66040313931694,16.298058260957106,16.32447270685984,13.57170628629732,2.0794415416798357
Beaverkill Road to BLM FT,2022-04-01,133,4,2022,0.8660254037844387,-0.49999999999999983,15,44.0,66.0,66.0,143.26666666666668,135.0,77.12556243524182,58.666666666666664,117.0,154.33333333333334,15,152.0,152.0,417431,51209800.0,122.67847859885825,15.0,781.4091488327497,5.0,70.0,205.0,375.0,1520.0,48983515.0,4056760.0,47182202.0,17199710.0,11971725.0,12292165.0,783640.0,12.941876935756099,17.751441497471408,4.817685283654609,2.772588722239781,17.706994391313717,15.215895429928272,17.669527324367895,16.66040313931694,16.298058260957106,16.32447270685984,13.57170628629732,4.897839799950911
Biscuit Brook,2022-04-01,160,4,2022,0.8660254037844387,-0.49999999999999983,15,83.0,97.0,83.0,123.66666666666667,123.0,33.79701311119217,87.66666666666667,110.5,118.5,15,141.0,141.0,417431,51209800.0,122.67847859885825,15.0,781.4091488327497,5.0,70.0,205.0,375.0,1520.0,48983515.0,4056760.0,47182202.0,17199710.0,11971725.0,12292165.0,783640.0,12.941876935756099,17.751441497471408,4.817685283654609,2.772588722239781,17.706994391313717,15.215895429928272,17.669527324367895,16.66040313931694,16.298058260957106,16.32447270685984,13.57170628629732,5.081404364984463
Cathedral Glen,2022-04-01,6,4,2022,0.8660254037844387,-0.49999999999999983,15,1.0,18.0,9.0,6.571428571428571,5.0,5.740416444159862,9.333333333333334,6.833333333333333,6.571428571428571,7,,,417431,51209800.0,122.67847859885825,15.0,781.4091488327497,5.0,70.0,205.0,375.0,1520.0,48983515.0,4056760.0,47182202.0,17199710.0,11971725.0,12292165.0,783640.0,12.941876935756099,17.751441497471408,4.817685283654609,2.772588722239781,17.706994391313717,15.215895429928272,17.669527324367895,16.66040313931694,16.298058260957106,16.32447270685984,13.57170628629732,1.9459101490553132
Denning,2022-04-01,137,4,2022,0.8660254037844387,-0.49999999999999983,15,111.0,90.0,72.0,208.06666666666666,210.0,105.61957791098787,91.0,149.5,228.33333333333334,15,224.0,224.0,417431,51209800.0,122.67847859885825,15.0,781.4091488327497,5.0,70.0,205.0,375.0,1520.0,48983515.0,4056760.0,47182202.0,17199710.0,11971725.0,12292165.0,783640.0,12.941876935756099,17.751441497471408,4.817685283654609,2.772588722239781,17.706994391313717,15.215895429928272,17.669527324367895,16.66040313931694,16.298058260957106,16.32447270685984,13.57170628629732,4.927253685157205
Dry Brook Ridge to Lean-to,2022-04-01,17,4,2022,0.8660254037844387,-0.49999999999999983,15,12.0,19.0,11.0,25.666666666666668,21.0,14.922019523732928,14.0,23.333333333333332,29.166666666666668,15,43.0,43.0,417431,51209800.0,122.67847859885825,15.0,781.4091488327497,5.0,70.0,205.0,375.0,1520.0,48983515.0,4056760.0,47182202.0,17199710.0,11971725.0,12292165.0,783640.0,12.941876935756099,17.751441497471408,4.817685283654609,2.772588722239781,17.706994391313717,15.215895429928272,17.669527324367895,16.66040313931694,16.298058260957106,16.32447270685984,13.57170628629732,2.8903717578961645
Flynn,2022-04-01,28,4,2022,0.8660254037844387,-0.49999999999999983,15,9.0,9.0,7.0,44.4,45.0,30.06611761720207,8.333333333333334,23.666666666666668,45.583333333333336,15,43.0,43.0,417431,51209800.0,122.67847859885825,15.0,781.4091488327497,5.0,70.0,205.0,375.0,1520.0,48983515.0,4056760.0,47182202.0,17199710.0,11971725.0,12292165.0,783640.0,12.941876935756099,17.751441497471408,4.817685283654609,2.772588722239781,17.706994391313717,15.215895429928272,17.669527324367895,16.66040313931694,16.298058260957106,16.32447270685984,13.57170628629732,3.367295829986474
Fox Hollow,2022-04-01,118,4,2022,0.8660254037844387,-0.49999999999999983,15,41.0,6.0,25.0,92.8,106.0,47.23678953648613,24.0,62.166666666666664,93.0,15,117.0,117.0,417431,51209800.0,122.67847859885825,15.0,781.4091488327497,5.0,70.0,205.0,375.0,1520.0,48983515.0,4056760.0,47182202.0,17199710.0,11971725.0,12292165.0,783640.0,12.941876935756099,17.751441497471408,4.817685283654609,2.772588722239781,17.706994391313717,15.215895429928272,17.669527324367895,16.66040313931694,16.298058260957106,16.32447270685984,13.57170628629732,4.77912349311153
Frick Pond,2022-04-01,51,4,2022,0.8660254037844387,-0.49999999999999983,15,42.0,57.0,42.0,124.53333333333333,111.0,70.12831776380318,47.0,72.5,121.41666666666667,15,110.0,110.0,417431,51209800.0,122.67847859885825,15.0,781.4091488327497,5.0,70.0,205.0,375.0,1520.0,48983515.0,4056760.0,47182202.0,17199710.0,11971725.0,12292165.0,783640.0,12.941876935756099,17.751441497471408,4.817685283654609,2.772588722239781,17.706994391313717,15.215895429928272,17.669527324367895,16.66040313931694,16.298058260957106,16.32447270685984,13.57170628629732,3.9512437185814275
Giant Ledge,2022-04-01,373,4,2022,0.8660254037844387,-0.49999999999999983,15,310.0,294.0,300.0,622.6,548.0,315.71184873009037,301.3333333333333,537.3333333333334,659.1666666666666,15,604.0,604.0,417431,51209800.0,122.67847859885825,15.0,781.4091488327497,5.0,70.0,205.0,375.0,1520.0,48983515.0,4056760.0,47182202.0,17199710.0,11971725.0,12292165.0,783640.0,12.941876935756099,17.751441497471408,4.817685283654609,2.772588722239781,17.706994391313717,15.215895429928272,17.669527324367895,16.66040313931694,16.298058260957106,16.32447270685984,13.57170628629732,5.924255797414532
Hardenburgh- MH Trail,2022-04-01,15,4,2022,0.8660254037844387,-0.49999999999999983,15,2.0,3.0,1.0,8.466666666666667,8.0,6.1512677748652145,2.0,7.166666666666667,9.5,15,11.0,11.0,417431,51209800.0,122.67847859885825,15.0,781.4091488327497,5.0,70.0,205.0,375.0,1520.0,48983515.0,4056760.0,47182202.0,17199710.0,11971725.0,12292165.0,783640.0,12.941876935756099,17.751441497471408,4.817685283654609,2.772588722239781,17.706994391313717,15.215895429928272,17.669527324367895,16.66040313931694,16.298058260957106,16.32447270685984,13.57170628629732,2.772588722239781
Kelly Hollow,2022-04-01,233,4,2022,0.8660254037844387,-0.49999999999999983,15,89.0,95.0,72.0,175.73333333333332,200.0,77.8895432800896,85.33333333333333,122.83333333333333,187.41666666666666,15,229.0,229.0,417431,51209800.0,122.67847859885825,15.0,781.4091488327497,5.0,70.0,205.0,375.0,1520.0,48983515.0,4056760.0,47182202.0,17199710.0,11971725.0,12292165.0,783640.0,12.941876935756099,17.751441497471408,4.817685283654609,2.772588722239781,17.706994391313717,15.215895429928272,17.669527324367895,16.66040313931694,16.298058260957106,16.32447270685984,13.57170628629732,5.455321115357702
Lane Street,2022-04-01,40,4,2022,0.8660254037844387,-0.49999999999999983,15,23.0,17.0,31.0,49.57142857142857,51.0,20.642429365505652,23.666666666666668,40.833333333333336,51.333333333333336,14,58.0,58.0,417431,51209800.0,122.67847859885825,15.0,781.4091488327497,5.0,70.0,205.0,375.0,1520.0,48983515.0,4056760.0,47182202.0,17199710.0,11971725.0,12292165.0,783640.0,12.941876935756099,17.751441497471408,4.817685283654609,2.772588722239781,17.706994391313717,15.215895429928272,17.669527324367895,16.66040313931694,16.298058260957106,16.32447270685984,13.57170628629732,3.713572066704308
McKenley Hollow,2022-04-01,66,4,2022,0.8660254037844387,-0.49999999999999983,15,79.0,97.0,66.0,100.53333333333333,83.0,41.40887873506403,80.66666666666667,77.33333333333333,86.83333333333333,15,98.0,98.0,417431,51209800.0,122.67847859885825,15.0,781.4091488327497,5.0,70.0,205.0,375.0,1520.0,48983515.0,4056760.0,47182202.0,17199710.0,11971725.0,12292165.0,783640.0,12.941876935756099,17.751441497471408,4.817685283654609,2.772588722239781,17.706994391313717,15.215895429928272,17.669527324367895,16.66040313931694,16.298058260957106,16.32447270685984,13.57170628629732,4.204692619390966
Millbrook to BLM FT,2022-04-01,215,4,2022,0.8660254037844387,-0.49999999999999983,15,129.0,205.0,132.0,211.4,200.0,71.04606151746103,155.33333333333334,197.16666666666666,225.5,15,200.0,200.0,417431,51209800.0,122.67847859885825,15.0,781.4091488327497,5.0,70.0,205.0,375.0,1520.0,48983515.0,4056760.0,47182202.0,17199710.0,11971725.0,12292165.0,783640.0,12.941876935756099,17.751441497471408,4.817685283654609,2.772588722239781,17.706994391313717,15.215895429928272,17.669527324367895,16.66040313931694,16.298058260957106,16.32447270685984,13.57170628629732,5.375278407684165
Mt Tremper,2022-04-01,364,4,2022,0.8660254037844387,-0.49999999999999983,15,123.0,122.0,143.0,229.54545454545453,240.0,100.970652802053,129.33333333333334,190.16666666666666,229.54545454545453,11,,,417431,51209800.0,122.67847859885825,15.0,781.4091488327497,5.0,70.0,205.0,375.0,1520.0,48983515.0,4056760.0,47182202.0,17199710.0,11971725.0,12292165.0,783640.0,12.941876935756099,17.751441497471408,4.817685283654609,2.772588722239781,17.706994391313717,15.215895429928272,17.669527324367895,16.66040313931694,16.298058260957106,16.32447270685984,13.57170628629732,5.8998973535824915
Neversink Hardenburgh Trail,2022-04-01,6,4,2022,0.8660254037844387,-0.49999999999999983,15,0.0,0.0,1.0,12.533333333333333,10.0,13.222635714489575,0.3333333333333333,5.166666666666667,14.166666666666666,15,8.0,8.0,417431,51209800.0,122.67847859885825,15.0,781.4091488327497,5.0,70.0,205.0,375.0,1520.0,48983515.0,4056760.0,47182202.0,17199710.0,11971725.0,12292165.0,783640.0,12.941876935756099,17.751441497471408,4.817685283654609,2.772588722239781,17.706994391313717,15.215895429928272,17.669527324367895,16.66040313931694,16.298058260957106,16.32447270685984,13.57170628629732,1.9459101490553132
Overlook,2022-04-01,906,4,2022,0.8660254037844387,-0.49999999999999983,15,421.0,276.0,34.0,598.3333333333334,569.0,325.39924195773204,243.66666666666666,492.8333333333333,654.4166666666666,15,569.0,569.0,417431,51209800.0,122.67847859885825,15.0,781.4091488327497,5.0,70.0,205.0,375.0,1520.0,48983515.0,4056760.0,47182202.0,17199710.0,11971725.0,12292165.0,783640.0,12.941876935756099,17.751441497471408,4.817685283654609,2.772588722239781,17.706994391313717,15.215895429928272,17.669527324367895,16.66040313931694,16.298058260957106,16.32447270685984,13.57170628629732,6.810142450115136
Peekamoose,2022-04-01,168,4,2022,0.8660254037844387,-0.49999999999999983,15,77.0,104.0,53.0,136.46666666666667,130.0,49.31656729258242,78.0,117.0,139.5,15,144.0,144.0,417431,51209800.0,122.67847859885825,15.0,781.4091488327497,5.0,70.0,205.0,375.0,1520.0,48983515.0,4056760.0,47182202.0,17199710.0,11971725.0,12292165.0,783640.0,12.941876935756099,17.751441497471408,4.817685283654609,2.772588722239781,17.706994391313717,15.215895429928272,17.669527324367895,16.66040313931694,16.298058260957106,16.32447270685984,13.57170628629732,5.1298987149230735
Red Hill Dinch Road,2022-04-01,213,4,2022,0.8660254037844387,-0.49999999999999983,15,61.0,40.0,115.0,178.30769230769232,227.0,120.05789201838185,72.0,182.5,185.75,13,227.0,227.0,417431,51209800.0,122.67847859885825,15.0,781.4091488327497,5.0,70.0,205.0,375.0,1520.0,48983515.0,4056760.0,47182202.0,17199710.0,11971725.0,12292165.0,783640.0,12.941876935756099,17.751441497471408,4.817685283654609,2.772588722239781,17.706994391313717,15.215895429928272,17.669527324367895,16.66040313931694,16.298058260957106,16.32447270685984,13.57170628629732,5.365976015021851
Rider Hollow,2022-04-01,112,4,2022,0.8660254037844387,-0.49999999999999983,15,155.0,198.0,148.0,201.8,181.5,72.80537220715394,167.0,183.83333333333334,201.8,10,,,417431,51209800.0,122.67847859885825,15.0,781.4091488327497,5.0,70.0,205.0,375.0,1520.0,48983515.0,4056760.0,47182202.0,17199710.0,11971725.0,12292165.0,783640.0,12.941876935756099,17.751441497471408,4.817685283654609,2.772588722239781,17.706994391313717,15.215895429928272,17.669527324367895,16.66040313931694,16.298058260957106,16.32447270685984,13.57170628629732,4.727387818712341
Rochester Hollow,2022-04-01,148,4,2022,0.8660254037844387,-0.49999999999999983,15,87.0,96.0,41.0,312.4,146.0,624.9907199311042,74.66666666666667,504.1666666666667,364.0,15,169.0,169.0,417431,51209800.0,122.67847859885825,15.0,781.4091488327497,5.0,70.0,205.0,375.0,1520.0,48983515.0,4056760.0,47182202.0,17199710.0,11971725.0,12292165.0,783640.0,12.941876935756099,17.751441497471408,4.817685283654609,2.772588722239781,17.706994391313717,15.215895429928272,17.669527324367895,16.66040313931694,16.298058260957106,16.32447270685984,13.57170628629732,5.003946305945459
Seager,2022-04-01,50,4,2022,0.8660254037844387,-0.49999999999999983,15,20.0,29.0,10.0,58.2,43.0,42.25128907585458,19.666666666666668,43.5,66.58333333333333,15,38.0,38.0,417431,51209800.0,122.67847859885825,15.0,781.4091488327497,5.0,70.0,205.0,375.0,1520.0,48983515.0,4056760.0,47182202.0,17199710.0,11971725.0,12292165.0,783640.0,12.941876935756099,17.751441497471408,4.817685283654609,2.772588722239781,17.706994391313717,15.215895429928272,17.669527324367895,16.66040313931694,16.298058260957106,16.32447270685984,13.57170628629732,3.9318256327243257
Slide Mt,2022-04-01,331,4,2022,0.8660254037844387,-0.49999999999999983,15,328.0,459.0,338.0,578.7333333333333,571.0,188.6347440602252,375.0,481.0,569.6666666666666,15,430.0,430.0,417431,51209800.0,122.67847859885825,15.0,781.4091488327497,5.0,70.0,205.0,375.0,1520.0,48983515.0,4056760.0,47182202.0,17199710.0,11971725.0,12292165.0,783640.0,12.941876935756099,17.751441497471408,4.817685283654609,2.772588722239781,17.706994391313717,15.215895429928272,17.669527324367895,16.66040313931694,16.298058260957106,16.32447270685984,13.57170628629732,5.805134968916488
Upper Cherrytown Road,2022-04-01,174,4,2022,0.8660254037844387,-0.49999999999999983,15,46.0,16.0,32.0,93.25,93.5,51.672262649053096,31.333333333333332,55.0,93.25,12,152.0,152.0,417431,51209800.0,122.67847859885825,15.0,781.4091488327497,5.0,70.0,205.0,375.0,1520.0,48983515.0,4056760.0,47182202.0,17199710.0,11971725.0,12292165.0,783640.0,12.941876935756099,17.751441497471408,4.817685283654609,2.772588722239781,17.706994391313717,15.215895429928272,17.669527324367895,16.66040313931694,16.298058260957106,16.32447270685984,13.57170628629732,5.1647859739235145
Wittenberg,2022-04-01,181,4,2022,0.8660254037844387,-0.49999999999999983,15,93.0,128.0,43.0,329.26666666666665,262.0,212.4931819634512,88.0,189.16666666666666,357.5,15,286.0,286.0,417431,51209800.0,122.67847859885825,15.0,781.4091488327497,5.0,70.0,205.0,375.0,1520.0,48983515.0,4056760.0,47182202.0,17199710.0,11971725.0,12292165.0,783640.0,12.941876935756099,17.751441497471408,4.817685283654609,2.772588722239781,17.706994391313717,15.215895429928272,17.669527324367895,16.66040313931694,16.298058260957106,16.32447270685984,13.57170628629732,5.204006687076795
Woodland Valley,2022-04-01,85,4,2022,0.8660254037844387,-0.49999999999999983,15,18.0,23.0,15.0,83.26666666666667,51.0,70.09632827827174,18.666666666666668,52.833333333333336,98.41666666666667,15,62.0,62.0,417431,51209800.0,122.67847859885825,15.0,781.4091488327497,5.0,70.0,205.0,375.0,1520.0,48983515.0,4056760.0,47182202.0,17199710.0,11971725.0,12292165.0,783640.0,12.941876935756099,17.751441497471408,4.817685283654609,2.772588722239781,17.706994391313717,15.215895429928272,17.669527324367895,16.66040313931694,16.298058260957106,16.32447270685984,13.57170628629732,4.454347296253507
Alder Lake,2022-05-01,206,5,2022,0.49999999999999994,-0.8660254037844387,16,86.0,42.0,31.0,154.0,98.0,117.33257575513005,53.0,58.166666666666664,170.33333333333334,16,246.0,246.0,423188,48796705.0,115.30739293174665,15.0,713.0136783578789,5.0,65.0,205.0,360.0,1310.0,47756540.0,4938840.0,44807455.0,16632715.0,10111055.0,11386460.0,1173610.0,12.955574166749853,17.703173368545148,4.756236625275096,2.772588722239781,17.681626599802716,15.412641246252996,17.617885112108944,16.626882157136432,16.1291400365806,16.24793557599252,13.975595878636787,5.332718793265369
Ashokan HP,2022-05-01,173,5,2022,0.49999999999999994,-0.8660254037844387,16,128.0,80.0,54.0,133.625,123.5,57.16861026822323,87.33333333333333,90.0,142.33333333333334,16,191.0,191.0,423188,48796705.0,115.30739293174665,15.0,713.0136783578789,5.0,65.0,205.0,360.0,1310.0,47756540.0,4938840.0,44807455.0,16632715.0,10111055.0,11386460.0,1173610.0,12.955574166749853,17.703173368545148,4.756236625275096,2.772588722239781,17.681626599802716,15.412641246252996,17.617885112108944,16.626882157136432,16.1291400365806,16.24793557599252,13.975595878636787,5.159055299214529
Bangle Hill,2022-05-01,14,5,2022,0.49999999999999994,-0.8660254037844387,16,7.0,3.0,3.0,3.5,3.0,2.516611478423583,4.333333333333333,3.5,3.5,4,,,423188,48796705.0,115.30739293174665,15.0,713.0136783578789,5.0,65.0,205.0,360.0,1310.0,47756540.0,4938840.0,44807455.0,16632715.0,10111055.0,11386460.0,1173610.0,12.955574166749853,17.703173368545148,4.756236625275096,2.772588722239781,17.681626599802716,15.412641246252996,17.617885112108944,16.626882157136432,16.1291400365806,16.24793557599252,13.975595878636787,2.70805020110221
Beaverkill Road to BLM FT,2022-05-01,217,5,2022,0.49999999999999994,-0.8660254037844387,16,133.0,44.0,66.0,142.625,134.0,74.55456614677155,81.0,88.66666666666667,152.75,16,171.0,171.0,423188,48796705.0,115.30739293174665,15.0,713.0136783578789,5.0,65.0,205.0,360.0,1310.0,47756540.0,4938840.0,44807455.0,16632715.0,10111055.0,11386460.0,1173610.0,12.955574166749853,17.703173368545148,4.756236625275096,2.772588722239781,17.681626599802716,15.412641246252996,17.617885112108944,16.626882157136432,16.1291400365806,16.24793557599252,13.975595878636787,5.384495062789089
Biscuit Brook,2022-05-01,144,5,2022,0.49999999999999994,-0.8660254037844387,16,160.0,83.0,97.0,125.9375,125.0,33.89094028399527,113.33333333333333,111.33333333333333,120.08333333333333,16,127.0,127.0,423188,48796705.0,115.30739293174665,15.0,713.0136783578789,5.0,65.0,205.0,360.0,1310.0,47756540.0,4938840.0,44807455.0,16632715.0,10111055.0,11386460.0,1173610.0,12.955574166749853,17.703173368545148,4.756236625275096,2.772588722239781,17.681626599802716,15.412641246252996,17.617885112108944,16.626882157136432,16.1291400365806,16.24793557599252,13.975595878636787,4.976733742420574
Cathedral Glen,2022-05-01,23,5,2022,0.49999999999999994,-0.8660254037844387,16,6.0,1.0,18.0,6.5,5.5,5.31843156256751,8.333333333333334,6.666666666666667,6.5,8,,,423188,48796705.0,115.30739293174665,15.0,713.0136783578789,5.0,65.0,205.0,360.0,1310.0,47756540.0,4938840.0,44807455.0,16632715.0,10111055.0,11386460.0,1173610.0,12.955574166749853,17.703173368545148,4.756236625275096,2.772588722239781,17.681626599802716,15.412641246252996,17.617885112108944,16.626882157136432,16.1291400365806,16.24793557599252,13.975595878636787,3.1780538303479458
Denning,2022-05-01,253,5,2022,0.49999999999999994,-0.8660254037844387,16,137.0,111.0,90.0,203.625,187.0,103.57340392204941,112.66666666666667,130.0,221.08333333333334,16,340.0,340.0,423188,48796705.0,115.30739293174665,15.0,713.0136783578789,5.0,65.0,205.0,360.0,1310.0,47756540.0,4938840.0,44807455.0,16632715.0,10111055.0,11386460.0,1173610.0,12.955574166749853,17.703173368545148,4.756236625275096,2.772588722239781,17.681626599802716,15.412641246252996,17.617885112108944,16.626882157136432,16.1291400365806,16.24793557599252,13.975595878636787,5.537334267018537
Dry Brook Ridge to Lean-to,2022-05-01,35,5,2022,0.49999999999999994,-0.8660254037844387,16,17.0,12.0,19.0,25.125,21.0,14.577951387855109,16.0,19.666666666666668,27.0,16,25.0,25.0,423188,48796705.0,115.30739293174665,15.0,713.0136783578789,5.0,65.0,205.0,360.0,1310.0,47756540.0,4938840.0,44807455.0,16632715.0,10111055.0,11386460.0,1173610.0,12.955574166749853,17.703173368545148,4.756236625275096,2.772588722239781,17.681626599802716,15.412641246252996,17.617885112108944,16.626882157136432,16.1291400365806,16.24793557599252,13.975595878636787,3.58351893845611
Flynn,2022-05-01,74,5,2022,0.49999999999999994,-0.8660254037844387,16,28.0,9.0,9.0,43.375,44.5,29.334564368107916,15.333333333333334,16.333333333333332,44.333333333333336,16,51.0,51.0,423188,48796705.0,115.30739293174665,15.0,713.0136783578789,5.0,65.0,205.0,360.0,1310.0,47756540.0,4938840.0,44807455.0,16632715.0,10111055.0,11386460.0,1173610.0,12.955574166749853,17.703173368545148,4.756236625275096,2.772588722239781,17.681626599802716,15.412641246252996,17.617885112108944,16.626882157136432,16.1291400365806,16.24793557599252,13.975595878636787,4.31748811353631
Fox Hollow,2022-05-01,80,5,2022,0.49999999999999994,-0.8660254037844387,16,118.0,41.0,6.0,94.375,106.0,46.06788469204984,55.0,56.333333333333336,93.08333333333333,16,156.0,156.0,423188,48796705.0,115.30739293174665,15.0,713.0136783578789,5.0,65.0,205.0,360.0,1310.0,47756540.0,4938840.0,44807455.0,16632715.0,10111055.0,11386460.0,1173610.0,12.955574166749853,17.703173368545148,4.756236625275096,2.772588722239781,17.681626599802716,15.412641246252996,17.617885112108944,16.626882157136432,16.1291400365806,16.24793557599252,13.975595878636787,4.394449154672439
Frick Pond,2022-05-01,110,5,2022,0.49999999999999994,-0.8660254037844387,16,51.0,42.0,57.0,119.9375,110.5,70.20016025622733,50.0,49.5,116.5,16,184.0,184.0,423188,48796705.0,115.30739293174665,15.0,713.0136783578789,5.0,65.0,205.0,360.0,1310.0,47756540.0,4938840.0,44807455.0,16632715.0,10111055.0,11386460.0,1173610.0,12.955574166749853,17.703173368545148,4.756236625275096,2.772588722239781,17.681626599802716,15.412641246252996,17.617885112108944,16.626882157136432,16.1291400365806,16.24793557599252,13.975595878636787,4.709530201312334
Giant Ledge,2022-05-01,569,5,2022,0.49999999999999994,-0.8660254037844387,16,373.0,310.0,294.0,607.0,540.0,311.32426824775484,325.6666666666667,358.8333333333333,639.9166666666666,16,896.0,896.0,423188,48796705.0,115.30739293174665,15.0,713.0136783578789,5.0,65.0,205.0,360.0,1310.0,47756540.0,4938840.0,44807455.0,16632715.0,10111055.0,11386460.0,1173610.0,12.955574166749853,17.703173368545148,4.756236625275096,2.772588722239781,17.681626599802716,15.412641246252996,17.617885112108944,16.626882157136432,16.1291400365806,16.24793557599252,13.975595878636787,6.345636360828596
Hardenburgh- MH Trail,2022-05-01,1,5,2022,0.49999999999999994,-0.8660254037844387,16,15.0,2.0,3.0,8.875,9.0,6.163062009531734,6.666666666666667,6.5,9.833333333333334,16,7.0,7.0,423188,48796705.0,115.30739293174665,15.0,713.0136783578789,5.0,65.0,205.0,360.0,1310.0,47756540.0,4938840.0,44807455.0,16632715.0,10111055.0,11386460.0,1173610.0,12.955574166749853,17.703173368545148,4.756236625275096,2.772588722239781,17.681626599802716,15.412641246252996,17.617885112108944,16.626882157136432,16.1291400365806,16.24793557599252,13.975595878636787,0.6931471805599453
Kelly Hollow,2022-05-01,261,5,2022,0.49999999999999994,-0.8660254037844387,16,233.0,89.0,95.0,179.3125,201.0,76.59827565509117,139.0,125.16666666666667,187.75,16,252.0,252.0,423188,48796705.0,115.30739293174665,15.0,713.0136783578789,5.0,65.0,205.0,360.0,1310.0,47756540.0,4938840.0,44807455.0,16632715.0,10111055.0,11386460.0,1173610.0,12.955574166749853,17.703173368545148,4.756236625275096,2.772588722239781,17.681626599802716,15.412641246252996,17.617885112108944,16.626882157136432,16.1291400365806,16.24793557599252,13.975595878636787,5.568344503761097
Lane Street,2022-05-01,46,5,2022,0.49999999999999994,-0.8660254037844387,16,40.0,23.0,17.0,48.93333333333333,49.0,20.044474360305692,26.666666666666668,37.666666666666664,50.583333333333336,15,89.0,89.0,423188,48796705.0,115.30739293174665,15.0,713.0136783578789,5.0,65.0,205.0,360.0,1310.0,47756540.0,4938840.0,44807455.0,16632715.0,10111055.0,11386460.0,1173610.0,12.955574166749853,17.703173368545148,4.756236625275096,2.772588722239781,17.681626599802716,15.412641246252996,17.617885112108944,16.626882157136432,16.1291400365806,16.24793557599252,13.975595878636787,3.8501476017100584
McKenley Hollow,2022-05-01,108,5,2022,0.49999999999999994,-0.8660254037844387,16,66.0,79.0,97.0,98.375,81.5,40.9257457679963,80.66666666666667,75.5,84.16666666666667,16,148.0,148.0,423188,48796705.0,115.30739293174665,15.0,713.0136783578789,5.0,65.0,205.0,360.0,1310.0,47756540.0,4938840.0,44807455.0,16632715.0,10111055.0,11386460.0,1173610.0,12.955574166749853,17.703173368545148,4.756236625275096,2.772588722239781,17.681626599802716,15.412641246252996,17.617885112108944,16.626882157136432,16.1291400365806,16.24793557599252,13.975595878636787,4.6913478822291435
Millbrook to BLM FT,2022-05-01,252,5,2022,0.49999999999999994,-0.8660254037844387,16,215.0,129.0,205.0,211.625,202.5,68.64291660470147,183.0,172.0,226.75,16,227.0,227.0,423188,48796705.0,115.30739293174665,15.0,713.0136783578789,5.0,65.0,205.0,360.0,1310.0,47756540.0,4938840.0,44807455.0,16632715.0,10111055.0,11386460.0,1173610.0,12.955574166749853,17.703173368545148,4.756236625275096,2.772588722239781,17.681626599802716,15.412641246252996,17.617885112108944,16.626882157136432,16.1291400365806,16.24793557599252,13.975595878636787,5.53338948872752
Mt Tremper,2022-05-01,389,5,2022,0.49999999999999994,-0.8660254037844387,16,364.0,123.0,122.0,240.75,244.0,103.8014932455213,203.0,178.33333333333334,240.75,12,309.0,309.0,423188,48796705.0,115.30739293174665,15.0,713.0136783578789,5.0,65.0,205.0,360.0,1310.0,47756540.0,4938840.0,44807455.0,16632715.0,10111055.0,11386460.0,1173610.0,12.955574166749853,17.703173368545148,4.756236625275096,2.772588722239781,17.681626599802716,15.412641246252996,17.617885112108944,16.626882157136432,16.1291400365806,16.24793557599252,13.975595878636787,5.966146739123692
Neversink Hardenburgh Trail,2022-05-01,19,5,2022,0.49999999999999994,-0.8660254037844387,16,6.0,0.0,0.0,12.125,9.0,12.87827628217379,2.0,3.8333333333333335,14.0,16,17.0,17.0,423188,48796705.0,115.30739293174665,15.0,713.0136783578789,5.0,65.0,205.0,360.0,1310.0,47756540.0,4938840.0,44807455.0,16632715.0,10111055.0,11386460.0,1173610.0,12.955574166749853,17.703173368545148,4.756236625275096,2.772588722239781,17.681626599802716,15.412641246252996,17.617885112108944,16.626882157136432,16.1291400365806,16.24793557599252,13.975595878636787,2.995732273553991
Onteora Lake,2022-05-01,165,5,2022,0.49999999999999994,-0.8660254037844387,16,149.0,106.0,122.0,125.66666666666667,122.0,21.73323108360405,125.66666666666667,125.66666666666667,125.66666666666667,3,,,423188,48796705.0,115.30739293174665,15.0,713.0136783578789,5.0,65.0,205.0,360.0,1310.0,47756540.0,4938840.0,44807455.0,16632715.0,10111055.0,11386460.0,1173610.0,12.955574166749853,17.703173368545148,4.756236625275096,2.772588722239781,17.681626599802716,15.412641246252996,17.617885112108944,16.626882157136432,16.1291400365806,16.24793557599252,13.975595878636787,5.111987788356544
Overlook,2022-05-01,1029,5,2022,0.49999999999999994,-0.8660254037844387,16,906.0,421.0,276.0,617.5625,633.5,323.63847499949696,534.3333333333334,443.3333333333333,682.5,16,776.0,776.0,423188,48796705.0,115.30739293174665,15.0,713.0136783578789,5.0,65.0,205.0,360.0,1310.0,47756540.0,4938840.0,44807455.0,16632715.0,10111055.0,11386460.0,1173610.0,12.955574166749853,17.703173368545148,4.756236625275096,2.772588722239781,17.681626599802716,15.412641246252996,17.617885112108944,16.626882157136432,16.1291400365806,16.24793557599252,13.975595878636787,6.937314081223682
Peekamoose,2022-05-01,113,5,2022,0.49999999999999994,-0.8660254037844387,16,168.0,77.0,104.0,138.4375,136.5,48.29212323626563,116.33333333333333,108.5,141.5,16,237.0,237.0,423188,48796705.0,115.30739293174665,15.0,713.0136783578789,5.0,65.0,205.0,360.0,1310.0,47756540.0,4938840.0,44807455.0,16632715.0,10111055.0,11386460.0,1173610.0,12.955574166749853,17.703173368545148,4.756236625275096,2.772588722239781,17.681626599802716,15.412641246252996,17.617885112108944,16.626882157136432,16.1291400365806,16.24793557599252,13.975595878636787,4.736198448394496
Red Hill Dinch Road,2022-05-01,190,5,2022,0.49999999999999994,-0.8660254037844387,16,213.0,61.0,40.0,180.78571428571428,220.0,115.7199394901518,104.66666666666667,165.66666666666666,202.83333333333334,14,248.0,248.0,423188,48796705.0,115.30739293174665,15.0,713.0136783578789,5.0,65.0,205.0,360.0,1310.0,47756540.0,4938840.0,44807455.0,16632715.0,10111055.0,11386460.0,1173610.0,12.955574166749853,17.703173368545148,4.756236625275096,2.772588722239781,17.681626599802716,15.412641246252996,17.617885112108944,16.626882157136432,16.1291400365806,16.24793557599252,13.975595878636787,5.25227342804663
Rider Hollow,2022-05-01,195,5,2022,0.49999999999999994,-0.8660254037844387,16,112.0,155.0,198.0,193.63636363636363,176.0,74.18661971982917,155.0,160.16666666666666,193.63636363636363,11,,,423188,48796705.0,115.30739293174665,15.0,713.0136783578789,5.0,65.0,205.0,360.0,1310.0,47756540.0,4938840.0,44807455.0,16632715.0,10111055.0,11386460.0,1173610.0,12.955574166749853,17.703173368545148,4.756236625275096,2.772588722239781,17.681626599802716,15.412641246252996,17.617885112108944,16.626882157136432,16.1291400365806,16.24793557599252,13.975595878636787,5.278114659230517
Rochester Hollow,2022-05-01,169,5,2022,0.49999999999999994,-0.8660254037844387,16,148.0,87.0,96.0,302.125,147.0,605.1956019888667,110.33333333333333,102.83333333333333,362.25,16,154.0,154.0,423188,48796705.0,115.30739293174665,15.0,713.0136783578789,5.0,65.0,205.0,360.0,1310.0,47756540.0,4938840.0,44807455.0,16632715.0,10111055.0,11386460.0,1173610.0,12.955574166749853,17.703173368545148,4.756236625275096,2.772588722239781,17.681626599802716,15.412641246252996,17.617885112108944,16.626882157136432,16.1291400365806,16.24793557599252,13.975595878636787,5.135798437050262
Seager,2022-05-01,77,5,2022,0.49999999999999994,-0.8660254037844387,16,50.0,20.0,29.0,57.6875,45.5,40.87006850985205,33.0,34.5,67.58333333333333,16,43.0,43.0,423188,48796705.0,115.30739293174665,15.0,713.0136783578789,5.0,65.0,205.0,360.0,1310.0,47756540.0,4938840.0,44807455.0,16632715.0,10111055.0,11386460.0,1173610.0,12.955574166749853,17.703173368545148,4.756236625275096,2.772588722239781,17.681626599802716,15.412641246252996,17.617885112108944,16.626882157136432,16.1291400365806,16.24793557599252,13.975595878636787,4.356708826689592
Slide Mt,2022-05-01,680,5,2022,0.49999999999999994,-0.8660254037844387,16,331.0,328.0,459.0,563.25,519.0,192.47493343290182,372.6666666666667,387.8333333333333,561.4166666666666,16,589.0,589.0,423188,48796705.0,115.30739293174665,15.0,713.0136783578789,5.0,65.0,205.0,360.0,1310.0,47756540.0,4938840.0,44807455.0,16632715.0,10111055.0,11386460.0,1173610.0,12.955574166749853,17.703173368545148,4.756236625275096,2.772588722239781,17.681626599802716,15.412641246252996,17.617885112108944,16.626882157136432,16.1291400365806,16.24793557599252,13.975595878636787,6.523562306149512
Upper Cherrytown Road,2022-05-01,364,5,2022,0.49999999999999994,-0.8660254037844387,16,174.0,46.0,16.0,99.46153846153847,97.0,54.30564026049747,78.66666666666667,64.83333333333333,95.08333333333333,13,90.0,90.0,423188,48796705.0,115.30739293174665,15.0,713.0136783578789,5.0,65.0,205.0,360.0,1310.0,47756540.0,4938840.0,44807455.0,16632715.0,10111055.0,11386460.0,1173610.0,12.955574166749853,17.703173368545148,4.756236625275096,2.772588722239781,17.681626599802716,15.412641246252996,17.617885112108944,16.626882157136432,16.1291400365806,16.24793557599252,13.975595878636787,5.8998973535824915
Wittenberg,2022-05-01,393,5,2022,0.49999999999999994,-0.8660254037844387,16,181.0,93.0,128.0,320.0,256.5,208.6074463356154,134.0,131.33333333333334,348.75,16,530.0,530.0,423188,48796705.0,115.30739293174665,15.0,713.0136783578789,5.0,65.0,205.0,360.0,1310.0,47756540.0,4938840.0,44807455.0,16632715.0,10111055.0,11386460.0,1173610.0,12.955574166749853,17.703173368545148,4.756236625275096,2.772588722239781,17.681626599802716,15.412641246252996,17.617885112108944,16.626882157136432,16.1291400365806,16.24793557599252,13.975595878636787,5.976350909297934
Woodchuck Hollow,2022-05-01,2,5,2022,0.49999999999999994,-0.8660254037844387,16,2.0,1.0,6.0,5.111111111111111,6.0,2.260776661041756,3.0,5.0,5.111111111111111,9,8.0,8.0,423188,48796705.0,115.30739293174665,15.0,713.0136783578789,5.0,65.0,205.0,360.0,1310.0,47756540.0,4938840.0,44807455.0,16632715.0,10111055.0,11386460.0,1173610.0,12.955574166749853,17.703173368545148,4.756236625275096,2.772588722239781,17.681626599802716,15.412641246252996,17.617885112108944,16.626882157136432,16.1291400365806,16.24793557599252,13.975595878636787,1.0986122886681098
Woodland Valley,2022-05-01,157,5,2022,0.49999999999999994,-0.8660254037844387,16,85.0,18.0,23.0,83.375,56.5,67.72087319775689,42.0,39.333333333333336,100.33333333333333,16,119.0,119.0,423188,48796705.0,115.30739293174665,15.0,713.0136783578789,5.0,65.0,205.0,360.0,1310.0,47756540.0,4938840.0,44807455.0,16632715.0,10111055.0,11386460.0,1173610.0,12.955574166749853,17.703173368545148,4.756236625275096,2.772588722239781,17.681626599802716,15.412641246252996,17.617885112108944,16.626882157136432,16.1291400365806,16.24793557599252,13.975595878636787,5.062595033026967
Alder Lake,2022-06-01,228,6,2022,1.2246467991473532e-16,-1.0,17,206.0,86.0,42.0,157.05882352941177,106.0,114.30467542287766,111.33333333333333,74.83333333333333,167.0,17,264.0,264.0,429726,47396420.0,110.29451324797662,15.0,732.1125900014696,5.0,65.0,195.0,345.0,1210.0,45645343.0,3035500.0,44512472.0,16404240.0,8475990.0,10830185.0,1744560.0,12.970905402324803,17.674057277485446,4.712179960102992,2.772588722239781,17.636412166375308,14.92588704298759,17.6112799999968,16.613050456924817,15.952748136548148,16.197847793344927,14.3720135060369,5.43372200355424
Ashokan HP,2022-06-01,180,6,2022,1.2246467991473532e-16,-1.0,17,173.0,128.0,80.0,135.94117647058823,128.0,56.17102298809779,127.0,100.16666666666667,140.83333333333334,17,178.0,178.0,429726,47396420.0,110.29451324797662,15.0,732.1125900014696,5.0,65.0,195.0,345.0,1210.0,45645343.0,3035500.0,44512472.0,16404240.0,8475990.0,10830185.0,1744560.0,12.970905402324803,17.674057277485446,4.712179960102992,2.772588722239781,17.636412166375308,14.92588704298759,17.6112799999968,16.613050456924817,15.952748136548148,16.197847793344927,14.3720135060369,5.198497031265826
Bangle Hill,2022-06-01,5,6,2022,1.2246467991473532e-16,-1.0,17,14.0,7.0,3.0,5.6,3.0,5.176871642217914,8.0,5.6,5.6,5,,,429726,47396420.0,110.29451324797662,15.0,732.1125900014696,5.0,65.0,195.0,345.0,1210.0,45645343.0,3035500.0,44512472.0,16404240.0,8475990.0,10830185.0,1744560.0,12.970905402324803,17.674057277485446,4.712179960102992,2.772588722239781,17.636412166375308,14.92588704298759,17.6112799999968,16.613050456924817,15.952748136548148,16.197847793344927,14.3720135060369,1.791759469228055
Beaverkill Road to BLM FT,2022-06-01,197,6,2022,1.2246467991473532e-16,-1.0,17,217.0,133.0,44.0,147.0,135.0,74.40682092389112,131.33333333333334,102.33333333333333,156.58333333333334,17,187.0,187.0,429726,47396420.0,110.29451324797662,15.0,732.1125900014696,5.0,65.0,195.0,345.0,1210.0,45645343.0,3035500.0,44512472.0,16404240.0,8475990.0,10830185.0,1744560.0,12.970905402324803,17.674057277485446,4.712179960102992,2.772588722239781,17.636412166375308,14.92588704298759,17.6112799999968,16.613050456924817,15.952748136548148,16.197847793344927,14.3720135060369,5.288267030694535
Biscuit Brook,2022-06-01,121,6,2022,1.2246467991473532e-16,-1.0,17,144.0,160.0,83.0,127.0,127.0,33.105890714493704,129.0,113.0,121.5,17,175.0,175.0,429726,47396420.0,110.29451324797662,15.0,732.1125900014696,5.0,65.0,195.0,345.0,1210.0,45645343.0,3035500.0,44512472.0,16404240.0,8475990.0,10830185.0,1744560.0,12.970905402324803,17.674057277485446,4.712179960102992,2.772588722239781,17.636412166375308,14.92588704298759,17.6112799999968,16.613050456924817,15.952748136548148,16.197847793344927,14.3720135060369,4.804021044733257
Cathedral Glen,2022-06-01,27,6,2022,1.2246467991473532e-16,-1.0,17,23.0,6.0,1.0,8.333333333333334,6.0,7.416198487095663,10.0,10.166666666666666,8.333333333333334,9,,,429726,47396420.0,110.29451324797662,15.0,732.1125900014696,5.0,65.0,195.0,345.0,1210.0,45645343.0,3035500.0,44512472.0,16404240.0,8475990.0,10830185.0,1744560.0,12.970905402324803,17.674057277485446,4.712179960102992,2.772588722239781,17.636412166375308,14.92588704298759,17.6112799999968,16.613050456924817,15.952748136548148,16.197847793344927,14.3720135060369,3.332204510175204
Denning,2022-06-01,381,6,2022,1.2246467991473532e-16,-1.0,17,253.0,137.0,111.0,206.52941176470588,210.0,100.99697869680237,167.0,137.16666666666666,213.83333333333334,17,438.0,438.0,429726,47396420.0,110.29451324797662,15.0,732.1125900014696,5.0,65.0,195.0,345.0,1210.0,45645343.0,3035500.0,44512472.0,16404240.0,8475990.0,10830185.0,1744560.0,12.970905402324803,17.674057277485446,4.712179960102992,2.772588722239781,17.636412166375308,14.92588704298759,17.6112799999968,16.613050456924817,15.952748136548148,16.197847793344927,14.3720135060369,5.945420608606575
Dry Brook Ridge to Lean-to,2022-06-01,27,6,2022,1.2246467991473532e-16,-1.0,17,35.0,17.0,12.0,25.705882352941178,21.0,14.316793923057428,21.333333333333332,19.333333333333332,27.833333333333332,17,21.0,21.0,429726,47396420.0,110.29451324797662,15.0,732.1125900014696,5.0,65.0,195.0,345.0,1210.0,45645343.0,3035500.0,44512472.0,16404240.0,8475990.0,10830185.0,1744560.0,12.970905402324803,17.674057277485446,4.712179960102992,2.772588722239781,17.636412166375308,14.92588704298759,17.6112799999968,16.613050456924817,15.952748136548148,16.197847793344927,14.3720135060369,3.332204510175204
Flynn,2022-06-01,119,6,2022,1.2246467991473532e-16,-1.0,17,74.0,28.0,9.0,45.1764705882353,45.0,29.35820859256753,37.0,21.166666666666668,46.25,17,91.0,91.0,429726,47396420.0,110.29451324797662,15.0,732.1125900014696,5.0,65.0,195.0,345.0,1210.0,45645343.0,3035500.0,44512472.0,16404240.0,8475990.0,10830185.0,1744560.0,12.970905402324803,17.674057277485446,4.712179960102992,2.772588722239781,17.636412166375308,14.92588704298759,17.6112799999968,16.613050456924817,15.952748136548148,16.197847793344927,14.3720135060369,4.787491742782046
Fox Hollow,2022-06-01,86,6,2022,1.2246467991473532e-16,-1.0,17,80.0,118.0,41.0,93.52941176470588,106.0,44.74108521127257,79.66666666666667,54.666666666666664,86.75,17,121.0,121.0,429726,47396420.0,110.29451324797662,15.0,732.1125900014696,5.0,65.0,195.0,345.0,1210.0,45645343.0,3035500.0,44512472.0,16404240.0,8475990.0,10830185.0,1744560.0,12.970905402324803,17.674057277485446,4.712179960102992,2.772588722239781,17.636412166375308,14.92588704298759,17.6112799999968,16.613050456924817,15.952748136548148,16.197847793344927,14.3720135060369,4.465908118654584
Frick Pond,2022-06-01,184,6,2022,1.2246467991473532e-16,-1.0,17,110.0,51.0,42.0,119.3529411764706,110.0,68.01373131257263,67.66666666666667,63.5,110.33333333333333,17,107.0,107.0,429726,47396420.0,110.29451324797662,15.0,732.1125900014696,5.0,65.0,195.0,345.0,1210.0,45645343.0,3035500.0,44512472.0,16404240.0,8475990.0,10830185.0,1744560.0,12.970905402324803,17.674057277485446,4.712179960102992,2.772588722239781,17.636412166375308,14.92588704298759,17.6112799999968,16.613050456924817,15.952748136548148,16.197847793344927,14.3720135060369,5.220355825078324
Giant Ledge,2022-06-01,633,6,2022,1.2246467991473532e-16,-1.0,17,569.0,373.0,310.0,604.7647058823529,548.0,301.57928671656254,417.3333333333333,370.1666666666667,612.6666666666666,17,836.0,836.0,429726,47396420.0,110.29451324797662,15.0,732.1125900014696,5.0,65.0,195.0,345.0,1210.0,45645343.0,3035500.0,44512472.0,16404240.0,8475990.0,10830185.0,1744560.0,12.970905402324803,17.674057277485446,4.712179960102992,2.772588722239781,17.636412166375308,14.92588704298759,17.6112799999968,16.613050456924817,15.952748136548148,16.197847793344927,14.3720135060369,6.452048954437226
Hardenburgh- MH Trail,2022-06-01,7,6,2022,1.2246467991473532e-16,-1.0,17,1.0,15.0,2.0,8.411764705882353,8.0,6.265568844181386,6.0,5.333333333333333,9.333333333333334,17,15.0,15.0,429726,47396420.0,110.29451324797662,15.0,732.1125900014696,5.0,65.0,195.0,345.0,1210.0,45645343.0,3035500.0,44512472.0,16404240.0,8475990.0,10830185.0,1744560.0,12.970905402324803,17.674057277485446,4.712179960102992,2.772588722239781,17.636412166375308,14.92588704298759,17.6112799999968,16.613050456924817,15.952748136548148,16.197847793344927,14.3720135060369,2.0794415416798357
Kelly Hollow,2022-06-01,224,6,2022,1.2246467991473532e-16,-1.0,17,261.0,233.0,89.0,184.11764705882354,202.0,76.76659621292093,194.33333333333334,146.66666666666666,188.5,17,277.0,277.0,429726,47396420.0,110.29451324797662,15.0,732.1125900014696,5.0,65.0,195.0,345.0,1210.0,45645343.0,3035500.0,44512472.0,16404240.0,8475990.0,10830185.0,1744560.0,12.970905402324803,17.674057277485446,4.712179960102992,2.772588722239781,17.636412166375308,14.92588704298759,17.6112799999968,16.613050456924817,15.952748136548148,16.197847793344927,14.3720135060369,5.41610040220442
Lane Street,2022-06-01,40,6,2022,1.2246467991473532e-16,-1.0,17,46.0,40.0,23.0,48.75,48.5,19.378682445752943,36.333333333333336,34.166666666666664,49.583333333333336,16,68.0,68.0,429726,47396420.0,110.29451324797662,15.0,732.1125900014696,5.0,65.0,195.0,345.0,1210.0,45645343.0,3035500.0,44512472.0,16404240.0,8475990.0,10830185.0,1744560.0,12.970905402324803,17.674057277485446,4.712179960102992,2.772588722239781,17.636412166375308,14.92588704298759,17.6112799999968,16.613050456924817,15.952748136548148,16.197847793344927,14.3720135060369,3.713572066704308
McKenley Hollow,2022-06-01,49,6,2022,1.2246467991473532e-16,-1.0,17,108.0,66.0,79.0,98.94117647058823,83.0,39.694884097694654,84.33333333333333,80.16666666666667,80.83333333333333,17,83.0,83.0,429726,47396420.0,110.29451324797662,15.0,732.1125900014696,5.0,65.0,195.0,345.0,1210.0,45645343.0,3035500.0,44512472.0,16404240.0,8475990.0,10830185.0,1744560.0,12.970905402324803,17.674057277485446,4.712179960102992,2.772588722239781,17.636412166375308,14.92588704298759,17.6112799999968,16.613050456924817,15.952748136548148,16.197847793344927,14.3720135060369,3.912023005428146
Millbrook to BLM FT,2022-06-01,315,6,2022,1.2246467991473532e-16,-1.0,17,252.0,215.0,129.0,214.0,205.0,67.18072640274143,198.66666666666666,181.83333333333334,228.83333333333334,17,288.0,288.0,429726,47396420.0,110.29451324797662,15.0,732.1125900014696,5.0,65.0,195.0,345.0,1210.0,45645343.0,3035500.0,44512472.0,16404240.0,8475990.0,10830185.0,1744560.0,12.970905402324803,17.674057277485446,4.712179960102992,2.772588722239781,17.636412166375308,14.92588704298759,17.6112799999968,16.613050456924817,15.952748136548148,16.197847793344927,14.3720135060369,5.755742213586912
Mt Tremper,2022-06-01,340,6,2022,1.2246467991473532e-16,-1.0,17,389.0,364.0,123.0,252.15384615384616,248.0,107.5521936502197,292.0,210.83333333333334,247.41666666666666,13,240.0,240.0,429726,47396420.0,110.29451324797662,15.0,732.1125900014696,5.0,65.0,195.0,345.0,1210.0,45645343.0,3035500.0,44512472.0,16404240.0,8475990.0,10830185.0,1744560.0,12.970905402324803,17.674057277485446,4.712179960102992,2.772588722239781,17.636412166375308,14.92588704298759,17.6112799999968,16.613050456924817,15.952748136548148,16.197847793344927,14.3720135060369,5.831882477283517
Neversink Hardenburgh Trail,2022-06-01,19,6,2022,1.2246467991473532e-16,-1.0,17,19.0,6.0,0.0,12.529411764705882,10.0,12.580330118178653,8.333333333333334,5.333333333333333,14.166666666666666,17,23.0,23.0,429726,47396420.0,110.29451324797662,15.0,732.1125900014696,5.0,65.0,195.0,345.0,1210.0,45645343.0,3035500.0,44512472.0,16404240.0,8475990.0,10830185.0,1744560.0,12.970905402324803,17.674057277485446,4.712179960102992,2.772588722239781,17.636412166375308,14.92588704298759,17.6112799999968,16.613050456924817,15.952748136548148,16.197847793344927,14.3720135060369,2.995732273553991
Onteora Lake,2022-06-01,187,6,2022,1.2246467991473532e-16,-1.0,17,165.0,149.0,106.0,135.5,135.5,26.488991424111763,140.0,135.5,135.5,4,,,429726,47396420.0,110.29451324797662,15.0,732.1125900014696,5.0,65.0,195.0,345.0,1210.0,45645343.0,3035500.0,44512472.0,16404240.0,8475990.0,10830185.0,1744560.0,12.970905402324803,17.674057277485446,4.712179960102992,2.772588722239781,17.636412166375308,14.92588704298759,17.6112799999968,16.613050456924817,15.952748136548148,16.197847793344927,14.3720135060369,5.236441962829949
Overlook,2022-06-01,959,6,2022,1.2246467991473532e-16,-1.0,17,1029.0,906.0,421.0,641.7647058823529,698.0,328.86652486452704,785.3333333333334,498.5,703.5833333333334,17,1014.0,1014.0,429726,47396420.0,110.29451324797662,15.0,732.1125900014696,5.0,65.0,195.0,345.0,1210.0,45645343.0,3035500.0,44512472.0,16404240.0,8475990.0,10830185.0,1744560.0,12.970905402324803,17.674057277485446,4.712179960102992,2.772588722239781,17.636412166375308,14.92588704298759,17.6112799999968,16.613050456924817,15.952748136548148,16.197847793344927,14.3720135060369,6.866933284461882
Peekamoose,2022-06-01,175,6,2022,1.2246467991473532e-16,-1.0,17,113.0,168.0,77.0,136.94117647058823,130.0,47.163903819864316,119.33333333333333,107.0,131.16666666666666,17,163.0,163.0,429726,47396420.0,110.29451324797662,15.0,732.1125900014696,5.0,65.0,195.0,345.0,1210.0,45645343.0,3035500.0,44512472.0,16404240.0,8475990.0,10830185.0,1744560.0,12.970905402324803,17.674057277485446,4.712179960102992,2.772588722239781,17.636412166375308,14.92588704298759,17.6112799999968,16.613050456924817,15.952748136548148,16.197847793344927,14.3720135060369,5.170483995038151
Red Hill Dinch Road,2022-06-01,170,6,2022,1.2246467991473532e-16,-1.0,17,190.0,213.0,61.0,181.4,213.0,111.535900690572,154.66666666666666,158.66666666666666,214.25,15,269.0,269.0,429726,47396420.0,110.29451324797662,15.0,732.1125900014696,5.0,65.0,195.0,345.0,1210.0,45645343.0,3035500.0,44512472.0,16404240.0,8475990.0,10830185.0,1744560.0,12.970905402324803,17.674057277485446,4.712179960102992,2.772588722239781,17.636412166375308,14.92588704298759,17.6112799999968,16.613050456924817,15.952748136548148,16.197847793344927,14.3720135060369,5.14166355650266
Rider Hollow,2022-06-01,151,6,2022,1.2246467991473532e-16,-1.0,17,195.0,112.0,155.0,193.75,181.5,70.735261876431,154.0,168.0,193.75,12,176.0,176.0,429726,47396420.0,110.29451324797662,15.0,732.1125900014696,5.0,65.0,195.0,345.0,1210.0,45645343.0,3035500.0,44512472.0,16404240.0,8475990.0,10830185.0,1744560.0,12.970905402324803,17.674057277485446,4.712179960102992,2.772588722239781,17.636412166375308,14.92588704298759,17.6112799999968,16.613050456924817,15.952748136548148,16.197847793344927,14.3720135060369,5.0238805208462765
Rochester Hollow,2022-06-01,161,6,2022,1.2246467991473532e-16,-1.0,17,169.0,148.0,87.0,294.29411764705884,148.0,586.8669743546959,134.66666666666666,108.5,363.5,17,239.0,239.0,429726,47396420.0,110.29451324797662,15.0,732.1125900014696,5.0,65.0,195.0,345.0,1210.0,45645343.0,3035500.0,44512472.0,16404240.0,8475990.0,10830185.0,1744560.0,12.970905402324803,17.674057277485446,4.712179960102992,2.772588722239781,17.636412166375308,14.92588704298759,17.6112799999968,16.613050456924817,15.952748136548148,16.197847793344927,14.3720135060369,5.087596335232384
Seager,2022-06-01,62,6,2022,1.2246467991473532e-16,-1.0,17,77.0,50.0,20.0,58.8235294117647,48.0,39.848518313291216,49.0,39.0,70.41666666666667,17,82.0,82.0,429726,47396420.0,110.29451324797662,15.0,732.1125900014696,5.0,65.0,195.0,345.0,1210.0,45645343.0,3035500.0,44512472.0,16404240.0,8475990.0,10830185.0,1744560.0,12.970905402324803,17.674057277485446,4.712179960102992,2.772588722239781,17.636412166375308,14.92588704298759,17.6112799999968,16.613050456924817,15.952748136548148,16.197847793344927,14.3720135060369,4.143134726391533
Slide Mt,2022-06-01,758,6,2022,1.2246467991473532e-16,-1.0,17,680.0,331.0,328.0,570.1176470588235,571.0,188.50195037218487,446.3333333333333,423.3333333333333,569.0,17,624.0,624.0,429726,47396420.0,110.29451324797662,15.0,732.1125900014696,5.0,65.0,195.0,345.0,1210.0,45645343.0,3035500.0,44512472.0,16404240.0,8475990.0,10830185.0,1744560.0,12.970905402324803,17.674057277485446,4.712179960102992,2.772588722239781,17.636412166375308,14.92588704298759,17.6112799999968,16.613050456924817,15.952748136548148,16.197847793344927,14.3720135060369,6.63200177739563
Upper Cherrytown Road,2022-06-01,251,6,2022,1.2246467991473532e-16,-1.0,17,364.0,174.0,46.0,118.35714285714286,106.0,87.86843937024624,194.66666666666666,113.83333333333333,117.91666666666667,14,121.0,121.0,429726,47396420.0,110.29451324797662,15.0,732.1125900014696,5.0,65.0,195.0,345.0,1210.0,45645343.0,3035500.0,44512472.0,16404240.0,8475990.0,10830185.0,1744560.0,12.970905402324803,17.674057277485446,4.712179960102992,2.772588722239781,17.636412166375308,14.92588704298759,17.6112799999968,16.613050456924817,15.952748136548148,16.197847793344927,14.3720135060369,5.529429087511423
Wittenberg,2022-06-01,424,6,2022,1.2246467991473532e-16,-1.0,17,393.0,181.0,93.0,324.29411764705884,262.0,202.7577879841741,222.33333333333334,159.0,337.3333333333333,17,596.0,596.0,429726,47396420.0,110.29451324797662,15.0,732.1125900014696,5.0,65.0,195.0,345.0,1210.0,45645343.0,3035500.0,44512472.0,16404240.0,8475990.0,10830185.0,1744560.0,12.970905402324803,17.674057277485446,4.712179960102992,2.772588722239781,17.636412166375308,14.92588704298759,17.6112799999968,16.613050456924817,15.952748136548148,16.197847793344927,14.3720135060369,6.052089168924417
Woodchuck Hollow,2022-06-01,3,6,2022,1.2246467991473532e-16,-1.0,17,2.0,2.0,1.0,4.8,5.5,2.3475755815545343,1.6666666666666667,4.166666666666667,4.8,10,6.0,6.0,429726,47396420.0,110.29451324797662,15.0,732.1125900014696,5.0,65.0,195.0,345.0,1210.0,45645343.0,3035500.0,44512472.0,16404240.0,8475990.0,10830185.0,1744560.0,12.970905402324803,17.674057277485446,4.712179960102992,2.772588722239781,17.636412166375308,14.92588704298759,17.6112799999968,16.613050456924817,15.952748136548148,16.197847793344927,14.3720135060369,1.3862943611198906
Woodland Valley,2022-06-01,165,6,2022,1.2246467991473532e-16,-1.0,17,157.0,85.0,18.0,87.70588235294117,62.0,67.95841072476087,86.66666666666667,58.166666666666664,103.5,17,183.0,183.0,429726,47396420.0,110.29451324797662,15.0,732.1125900014696,5.0,65.0,195.0,345.0,1210.0,45645343.0,3035500.0,44512472.0,16404240.0,8475990.0,10830185.0,1744560.0,12.970905402324803,17.674057277485446,4.712179960102992,2.772588722239781,17.636412166375308,14.92588704298759,17.6112799999968,16.613050456924817,15.952748136548148,16.197847793344927,14.3720135060369,5.111987788356544
Alder Lake,2022-07-01,318,7,2022,-0.4999999999999998,-0.8660254037844388,18,228.0,206.0,86.0,161.0,156.0,112.14538882760235,173.33333333333334,102.5,164.0,18,408.0,408.0,444419,47896995.0,107.7744088349058,15.0,710.1782599350386,5.0,60.0,190.0,340.0,1185.0,45817566.0,2901665.0,46059315.0,19023420.0,8231240.0,8823675.0,1909095.0,13.00452534023539,17.684563346427066,4.689276093840477,2.772588722239781,17.64017813449645,14.880795612763276,17.64544060205115,16.76118146220984,15.923447351079053,15.992949121199647,14.462140389552438,5.765191102784844
Ashokan HP,2022-07-01,235,7,2022,-0.4999999999999998,-0.8660254037844388,18,180.0,173.0,128.0,138.38888888888889,131.5,55.47457169348099,160.33333333333334,110.33333333333333,141.0,18,246.0,246.0,444419,47896995.0,107.7744088349058,15.0,710.1782599350386,5.0,60.0,190.0,340.0,1185.0,45817566.0,2901665.0,46059315.0,19023420.0,8231240.0,8823675.0,1909095.0,13.00452534023539,17.684563346427066,4.689276093840477,2.772588722239781,17.64017813449645,14.880795612763276,17.64544060205115,16.76118146220984,15.923447351079053,15.992949121199647,14.462140389552438,5.4638318050256105
Bangle Hill,2022-07-01,29,7,2022,-0.4999999999999998,-0.8660254037844388,18,5.0,14.0,7.0,5.5,4.0,4.636809247747852,8.666666666666666,5.5,5.5,6,,,444419,47896995.0,107.7744088349058,15.0,710.1782599350386,5.0,60.0,190.0,340.0,1185.0,45817566.0,2901665.0,46059315.0,19023420.0,8231240.0,8823675.0,1909095.0,13.00452534023539,17.684563346427066,4.689276093840477,2.772588722239781,17.64017813449645,14.880795612763276,17.64544060205115,16.76118146220984,15.923447351079053,15.992949121199647,14.462140389552438,3.4011973816621555
Beaverkill Road to BLM FT,2022-07-01,311,7,2022,-0.4999999999999998,-0.8660254037844388,18,197.0,217.0,133.0,149.77777777777777,140.5,73.14092405241973,182.33333333333334,120.5,157.41666666666666,18,275.0,275.0,444419,47896995.0,107.7744088349058,15.0,710.1782599350386,5.0,60.0,190.0,340.0,1185.0,45817566.0,2901665.0,46059315.0,19023420.0,8231240.0,8823675.0,1909095.0,13.00452534023539,17.684563346427066,4.689276093840477,2.772588722239781,17.64017813449645,14.880795612763276,17.64544060205115,16.76118146220984,15.923447351079053,15.992949121199647,14.462140389552438,5.7430031878094825
Biscuit Brook,2022-07-01,145,7,2022,-0.4999999999999998,-0.8660254037844388,18,121.0,144.0,160.0,126.66666666666667,125.0,32.14855224990242,141.66666666666666,114.66666666666667,117.0,18,123.0,123.0,444419,47896995.0,107.7744088349058,15.0,710.1782599350386,5.0,60.0,190.0,340.0,1185.0,45817566.0,2901665.0,46059315.0,19023420.0,8231240.0,8823675.0,1909095.0,13.00452534023539,17.684563346427066,4.689276093840477,2.772588722239781,17.64017813449645,14.880795612763276,17.64544060205115,16.76118146220984,15.923447351079053,15.992949121199647,14.462140389552438,4.983606621708336
Cathedral Glen,2022-07-01,9,7,2022,-0.4999999999999998,-0.8660254037844388,18,27.0,23.0,6.0,10.2,6.5,9.150591966279194,18.666666666666668,14.0,10.2,10,,,444419,47896995.0,107.7744088349058,15.0,710.1782599350386,5.0,60.0,190.0,340.0,1185.0,45817566.0,2901665.0,46059315.0,19023420.0,8231240.0,8823675.0,1909095.0,13.00452534023539,17.684563346427066,4.689276093840477,2.772588722239781,17.64017813449645,14.880795612763276,17.64544060205115,16.76118146220984,15.923447351079053,15.992949121199647,14.462140389552438,2.302585092994046
Denning,2022-07-01,386,7,2022,-0.4999999999999998,-0.8660254037844388,18,381.0,253.0,137.0,216.22222222222223,217.0,106.26136232979044,257.0,174.0,209.08333333333334,18,249.0,249.0,444419,47896995.0,107.7744088349058,15.0,710.1782599350386,5.0,60.0,190.0,340.0,1185.0,45817566.0,2901665.0,46059315.0,19023420.0,8231240.0,8823675.0,1909095.0,13.00452534023539,17.684563346427066,4.689276093840477,2.772588722239781,17.64017813449645,14.880795612763276,17.64544060205115,16.76118146220984,15.923447351079053,15.992949121199647,14.462140389552438,5.958424693029782
Dry Brook Ridge to Lean-to,2022-07-01,36,7,2022,-0.4999999999999998,-0.8660254037844388,18,27.0,35.0,17.0,25.77777777777778,21.5,13.89267922136376,26.333333333333332,20.166666666666668,28.333333333333332,18,60.0,60.0,444419,47896995.0,107.7744088349058,15.0,710.1782599350386,5.0,60.0,190.0,340.0,1185.0,45817566.0,2901665.0,46059315.0,19023420.0,8231240.0,8823675.0,1909095.0,13.00452534023539,17.684563346427066,4.689276093840477,2.772588722239781,17.64017813449645,14.880795612763276,17.64544060205115,16.76118146220984,15.923447351079053,15.992949121199647,14.462140389552438,3.6109179126442243
Flynn,2022-07-01,64,7,2022,-0.4999999999999998,-0.8660254037844388,18,119.0,74.0,28.0,49.27777777777778,45.0,33.37629584275353,73.66666666666667,41.0,48.583333333333336,18,91.0,91.0,444419,47896995.0,107.7744088349058,15.0,710.1782599350386,5.0,60.0,190.0,340.0,1185.0,45817566.0,2901665.0,46059315.0,19023420.0,8231240.0,8823675.0,1909095.0,13.00452534023539,17.684563346427066,4.689276093840477,2.772588722239781,17.64017813449645,14.880795612763276,17.64544060205115,16.76118146220984,15.923447351079053,15.992949121199647,14.462140389552438,4.174387269895637
Fox Hollow,2022-07-01,93,7,2022,-0.4999999999999998,-0.8660254037844388,18,86.0,80.0,118.0,93.11111111111111,101.5,43.44149397399692,94.66666666666667,59.333333333333336,83.83333333333333,18,146.0,146.0,444419,47896995.0,107.7744088349058,15.0,710.1782599350386,5.0,60.0,190.0,340.0,1185.0,45817566.0,2901665.0,46059315.0,19023420.0,8231240.0,8823675.0,1909095.0,13.00452534023539,17.684563346427066,4.689276093840477,2.772588722239781,17.64017813449645,14.880795612763276,17.64544060205115,16.76118146220984,15.923447351079053,15.992949121199647,14.462140389552438,4.543294782270004
Frick Pond,2022-07-01,271,7,2022,-0.4999999999999998,-0.8660254037844388,18,184.0,110.0,51.0,122.94444444444444,110.5,67.7195533689992,115.0,81.0,116.75,18,237.0,237.0,444419,47896995.0,107.7744088349058,15.0,710.1782599350386,5.0,60.0,190.0,340.0,1185.0,45817566.0,2901665.0,46059315.0,19023420.0,8231240.0,8823675.0,1909095.0,13.00452534023539,17.684563346427066,4.689276093840477,2.772588722239781,17.64017813449645,14.880795612763276,17.64544060205115,16.76118146220984,15.923447351079053,15.992949121199647,14.462140389552438,5.605802066295998
Giant Ledge,2022-07-01,874,7,2022,-0.4999999999999998,-0.8660254037844388,18,633.0,569.0,373.0,606.3333333333334,558.5,292.65056456664576,525.0,413.1666666666667,595.75,18,906.0,906.0,444419,47896995.0,107.7744088349058,15.0,710.1782599350386,5.0,60.0,190.0,340.0,1185.0,45817566.0,2901665.0,46059315.0,19023420.0,8231240.0,8823675.0,1909095.0,13.00452534023539,17.684563346427066,4.689276093840477,2.772588722239781,17.64017813449645,14.880795612763276,17.64544060205115,16.76118146220984,15.923447351079053,15.992949121199647,14.462140389552438,6.774223886357614
Hardenburgh- MH Trail,2022-07-01,18,7,2022,-0.4999999999999998,-0.8660254037844388,18,7.0,1.0,15.0,8.333333333333334,7.5,6.087595874350709,7.666666666666667,4.833333333333333,8.666666666666666,18,13.0,13.0,444419,47896995.0,107.7744088349058,15.0,710.1782599350386,5.0,60.0,190.0,340.0,1185.0,45817566.0,2901665.0,46059315.0,19023420.0,8231240.0,8823675.0,1909095.0,13.00452534023539,17.684563346427066,4.689276093840477,2.772588722239781,17.64017813449645,14.880795612763276,17.64544060205115,16.76118146220984,15.923447351079053,15.992949121199647,14.462140389552438,2.9444389791664403
Kelly Hollow,2022-07-01,375,7,2022,-0.4999999999999998,-0.8660254037844388,18,224.0,261.0,233.0,186.33333333333334,210.5,75.06546162791356,239.33333333333334,162.33333333333334,184.08333333333334,18,273.0,273.0,444419,47896995.0,107.7744088349058,15.0,710.1782599350386,5.0,60.0,190.0,340.0,1185.0,45817566.0,2901665.0,46059315.0,19023420.0,8231240.0,8823675.0,1909095.0,13.00452534023539,17.684563346427066,4.689276093840477,2.772588722239781,17.64017813449645,14.880795612763276,17.64544060205115,16.76118146220984,15.923447351079053,15.992949121199647,14.462140389552438,5.929589143389895
Lane Street,2022-07-01,87,7,2022,-0.4999999999999998,-0.8660254037844388,18,40.0,46.0,40.0,48.23529411764706,48.0,18.88295994992809,42.0,32.833333333333336,45.5,17,68.0,68.0,444419,47896995.0,107.7744088349058,15.0,710.1782599350386,5.0,60.0,190.0,340.0,1185.0,45817566.0,2901665.0,46059315.0,19023420.0,8231240.0,8823675.0,1909095.0,13.00452534023539,17.684563346427066,4.689276093840477,2.772588722239781,17.64017813449645,14.880795612763276,17.64544060205115,16.76118146220984,15.923447351079053,15.992949121199647,14.462140389552438,4.477336814478207
McKenley Hollow,2022-07-01,88,7,2022,-0.4999999999999998,-0.8660254037844388,18,49.0,108.0,66.0,96.16666666666667,81.5,40.26858357987541,74.33333333333333,77.5,78.0,18,115.0,115.0,444419,47896995.0,107.7744088349058,15.0,710.1782599350386,5.0,60.0,190.0,340.0,1185.0,45817566.0,2901665.0,46059315.0,19023420.0,8231240.0,8823675.0,1909095.0,13.00452534023539,17.684563346427066,4.689276093840477,2.772588722239781,17.64017813449645,14.880795612763276,17.64544060205115,16.76118146220984,15.923447351079053,15.992949121199647,14.462140389552438,4.48863636973214
Millbrook to BLM FT,2022-07-01,423,7,2022,-0.4999999999999998,-0.8660254037844388,18,315.0,252.0,215.0,219.61111111111111,210.0,69.38650393343488,260.6666666666667,208.0,231.08333333333334,18,291.0,291.0,444419,47896995.0,107.7744088349058,15.0,710.1782599350386,5.0,60.0,190.0,340.0,1185.0,45817566.0,2901665.0,46059315.0,19023420.0,8231240.0,8823675.0,1909095.0,13.00452534023539,17.684563346427066,4.689276093840477,2.772588722239781,17.64017813449645,14.880795612763276,17.64544060205115,16.76118146220984,15.923447351079053,15.992949121199647,14.462140389552438,6.049733455231958
Mt Tremper,2022-07-01,523,7,2022,-0.4999999999999998,-0.8660254037844388,18,340.0,389.0,364.0,258.42857142857144,255.0,105.9664056240426,364.3333333333333,246.83333333333334,255.75,14,325.0,325.0,444419,47896995.0,107.7744088349058,15.0,710.1782599350386,5.0,60.0,190.0,340.0,1185.0,45817566.0,2901665.0,46059315.0,19023420.0,8231240.0,8823675.0,1909095.0,13.00452534023539,17.684563346427066,4.689276093840477,2.772588722239781,17.64017813449645,14.880795612763276,17.64544060205115,16.76118146220984,15.923447351079053,15.992949121199647,14.462140389552438,6.261491684321042
Neversink Hardenburgh Trail,2022-07-01,34,7,2022,-0.4999999999999998,-0.8660254037844388,18,19.0,19.0,6.0,12.88888888888889,10.5,12.299636000777989,14.666666666666666,7.5,13.833333333333334,18,47.0,47.0,444419,47896995.0,107.7744088349058,15.0,710.1782599350386,5.0,60.0,190.0,340.0,1185.0,45817566.0,2901665.0,46059315.0,19023420.0,8231240.0,8823675.0,1909095.0,13.00452534023539,17.684563346427066,4.689276093840477,2.772588722239781,17.64017813449645,14.880795612763276,17.64544060205115,16.76118146220984,15.923447351079053,15.992949121199647,14.462140389552438,3.5553480614894135
Onteora Lake,2022-07-01,195,7,2022,-0.4999999999999998,-0.8660254037844388,18,187.0,165.0,149.0,145.8,149.0,32.50692233971097,167.0,145.8,145.8,5,,,444419,47896995.0,107.7744088349058,15.0,710.1782599350386,5.0,60.0,190.0,340.0,1185.0,45817566.0,2901665.0,46059315.0,19023420.0,8231240.0,8823675.0,1909095.0,13.00452534023539,17.684563346427066,4.689276093840477,2.772588722239781,17.64017813449645,14.880795612763276,17.64544060205115,16.76118146220984,15.923447351079053,15.992949121199647,14.462140389552438,5.278114659230517
Overlook,2022-07-01,1217,7,2022,-0.4999999999999998,-0.8660254037844388,18,959.0,1029.0,906.0,659.3888888888889,712.5,327.6923124426128,964.6666666666666,604.1666666666666,699.0,18,988.0,988.0,444419,47896995.0,107.7744088349058,15.0,710.1782599350386,5.0,60.0,190.0,340.0,1185.0,45817566.0,2901665.0,46059315.0,19023420.0,8231240.0,8823675.0,1909095.0,13.00452534023539,17.684563346427066,4.689276093840477,2.772588722239781,17.64017813449645,14.880795612763276,17.64544060205115,16.76118146220984,15.923447351079053,15.992949121199647,14.462140389552438,7.1049654482698426
Peekamoose,2022-07-01,206,7,2022,-0.4999999999999998,-0.8660254037844388,18,175.0,113.0,168.0,139.05555555555554,136.5,46.6267686587389,152.0,115.0,132.16666666666666,18,170.0,170.0,444419,47896995.0,107.7744088349058,15.0,710.1782599350386,5.0,60.0,190.0,340.0,1185.0,45817566.0,2901665.0,46059315.0,19023420.0,8231240.0,8823675.0,1909095.0,13.00452534023539,17.684563346427066,4.689276093840477,2.772588722239781,17.64017813449645,14.880795612763276,17.64544060205115,16.76118146220984,15.923447351079053,15.992949121199647,14.462140389552438,5.332718793265369
Red Hill Dinch Road,2022-07-01,250,7,2022,-0.4999999999999998,-0.8660254037844388,18,170.0,190.0,213.0,180.6875,201.5,107.79160063134171,191.0,131.5,209.5,16,329.0,329.0,444419,47896995.0,107.7744088349058,15.0,710.1782599350386,5.0,60.0,190.0,340.0,1185.0,45817566.0,2901665.0,46059315.0,19023420.0,8231240.0,8823675.0,1909095.0,13.00452534023539,17.684563346427066,4.689276093840477,2.772588722239781,17.64017813449645,14.880795612763276,17.64544060205115,16.76118146220984,15.923447351079053,15.992949121199647,14.462140389552438,5.5254529391317835
Rider Hollow,2022-07-01,231,7,2022,-0.4999999999999998,-0.8660254037844388,18,151.0,195.0,112.0,190.46153846153845,176.0,68.75392762673683,152.66666666666666,159.83333333333334,174.0,13,,,444419,47896995.0,107.7744088349058,15.0,710.1782599350386,5.0,60.0,190.0,340.0,1185.0,45817566.0,2901665.0,46059315.0,19023420.0,8231240.0,8823675.0,1909095.0,13.00452534023539,17.684563346427066,4.689276093840477,2.772588722239781,17.64017813449645,14.880795612763276,17.64544060205115,16.76118146220984,15.923447351079053,15.992949121199647,14.462140389552438,5.44673737166631
Rochester Hollow,2022-07-01,283,7,2022,-0.4999999999999998,-0.8660254037844388,18,161.0,169.0,148.0,286.8888888888889,151.0,570.2107854726014,159.33333333333334,117.0,357.0,18,276.0,276.0,444419,47896995.0,107.7744088349058,15.0,710.1782599350386,5.0,60.0,190.0,340.0,1185.0,45817566.0,2901665.0,46059315.0,19023420.0,8231240.0,8823675.0,1909095.0,13.00452534023539,17.684563346427066,4.689276093840477,2.772588722239781,17.64017813449645,14.880795612763276,17.64544060205115,16.76118146220984,15.923447351079053,15.992949121199647,14.462140389552438,5.648974238161206
Seager,2022-07-01,119,7,2022,-0.4999999999999998,-0.8660254037844388,18,62.0,77.0,50.0,59.0,49.0,38.665990528233095,63.0,41.333333333333336,68.75,18,123.0,123.0,444419,47896995.0,107.7744088349058,15.0,710.1782599350386,5.0,60.0,190.0,340.0,1185.0,45817566.0,2901665.0,46059315.0,19023420.0,8231240.0,8823675.0,1909095.0,13.00452534023539,17.684563346427066,4.689276093840477,2.772588722239781,17.64017813449645,14.880795612763276,17.64544060205115,16.76118146220984,15.923447351079053,15.992949121199647,14.462140389552438,4.787491742782046
Slide Mt,2022-07-01,816,7,2022,-0.4999999999999998,-0.8660254037844388,18,758.0,680.0,331.0,580.5555555555555,580.0,188.15926364846356,589.6666666666666,482.3333333333333,580.1666666666666,18,835.0,835.0,444419,47896995.0,107.7744088349058,15.0,710.1782599350386,5.0,60.0,190.0,340.0,1185.0,45817566.0,2901665.0,46059315.0,19023420.0,8231240.0,8823675.0,1909095.0,13.00452534023539,17.684563346427066,4.689276093840477,2.772588722239781,17.64017813449645,14.880795612763276,17.64544060205115,16.76118146220984,15.923447351079053,15.992949121199647,14.462140389552438,6.705639094860003
Upper Cherrytown Road,2022-07-01,704,7,2022,-0.4999999999999998,-0.8660254037844388,18,251.0,364.0,174.0,127.2,115.0,91.33627037335324,263.0,147.16666666666666,128.75,15,154.0,154.0,444419,47896995.0,107.7744088349058,15.0,710.1782599350386,5.0,60.0,190.0,340.0,1185.0,45817566.0,2901665.0,46059315.0,19023420.0,8231240.0,8823675.0,1909095.0,13.00452534023539,17.684563346427066,4.689276093840477,2.772588722239781,17.64017813449645,14.880795612763276,17.64544060205115,16.76118146220984,15.923447351079053,15.992949121199647,14.462140389552438,6.558197802812269
Wittenberg,2022-07-01,469,7,2022,-0.4999999999999998,-0.8660254037844388,18,424.0,393.0,181.0,329.8333333333333,274.0,198.1028401969988,332.6666666666667,210.33333333333334,323.0,18,609.0,609.0,444419,47896995.0,107.7744088349058,15.0,710.1782599350386,5.0,60.0,190.0,340.0,1185.0,45817566.0,2901665.0,46059315.0,19023420.0,8231240.0,8823675.0,1909095.0,13.00452534023539,17.684563346427066,4.689276093840477,2.772588722239781,17.64017813449645,14.880795612763276,17.64544060205115,16.76118146220984,15.923447351079053,15.992949121199647,14.462140389552438,6.152732694704104
Woodland Valley,2022-07-01,221,7,2022,-0.4999999999999998,-0.8660254037844388,18,165.0,157.0,85.0,92.0,73.5,68.40020639803741,135.66666666666666,77.16666666666667,102.0,18,210.0,210.0,444419,47896995.0,107.7744088349058,15.0,710.1782599350386,5.0,60.0,190.0,340.0,1185.0,45817566.0,2901665.0,46059315.0,19023420.0,8231240.0,8823675.0,1909095.0,13.00452534023539,17.684563346427066,4.689276093840477,2.772588722239781,17.64017813449645,14.880795612763276,17.64544060205115,16.76118146220984,15.923447351079053,15.992949121199647,14.462140389552438,5.402677381872279
Alder Lake,2022-08-01,320,8,2022,-0.8660254037844384,-0.5000000000000004,19,318.0,228.0,206.0,169.26315789473685,206.0,114.78329442197838,250.66666666666666,151.83333333333334,156.5,19,290.0,290.0,463155,55828810.0,120.54022951279809,20.0,813.5353269585598,5.0,70.0,210.0,375.0,1425.0,53018647.0,3690350.0,53221700.0,22720860.0,8834745.0,11709260.0,2079030.0,13.045819209364536,17.837800620265924,4.800245315077963,3.044522437723423,17.786154258688637,15.121232133444124,17.789976784671598,16.938794047225944,15.994202914030078,16.275890625128167,14.547412477743894,5.771441123130016
Ashokan HP,2022-08-01,177,8,2022,-0.8660254037844384,-0.5000000000000004,19,235.0,180.0,173.0,143.47368421052633,135.0,58.28985848618249,196.0,141.66666666666666,140.08333333333334,19,157.0,157.0,463155,55828810.0,120.54022951279809,20.0,813.5353269585598,5.0,70.0,210.0,375.0,1425.0,53018647.0,3690350.0,53221700.0,22720860.0,8834745.0,11709260.0,2079030.0,13.045819209364536,17.837800620265924,4.800245315077963,3.044522437723423,17.786154258688637,15.121232133444124,17.789976784671598,16.938794047225944,15.994202914030078,16.275890625128167,14.547412477743894,5.181783550292085
Bangle Hill,2022-08-01,19,8,2022,-0.8660254037844384,-0.5000000000000004,19,29.0,5.0,14.0,8.857142857142858,5.0,9.839183086492689,16.0,10.166666666666666,8.857142857142858,7,,,463155,55828810.0,120.54022951279809,20.0,813.5353269585598,5.0,70.0,210.0,375.0,1425.0,53018647.0,3690350.0,53221700.0,22720860.0,8834745.0,11709260.0,2079030.0,13.045819209364536,17.837800620265924,4.800245315077963,3.044522437723423,17.786154258688637,15.121232133444124,17.789976784671598,16.938794047225944,15.994202914030078,16.275890625128167,14.547412477743894,2.995732273553991
Beaverkill Road to BLM FT,2022-08-01,249,8,2022,-0.8660254037844384,-0.5000000000000004,19,311.0,197.0,217.0,158.26315789473685,146.0,80.12756642120611,241.66666666666666,161.33333333333334,160.41666666666666,19,146.0,146.0,463155,55828810.0,120.54022951279809,20.0,813.5353269585598,5.0,70.0,210.0,375.0,1425.0,53018647.0,3690350.0,53221700.0,22720860.0,8834745.0,11709260.0,2079030.0,13.045819209364536,17.837800620265924,4.800245315077963,3.044522437723423,17.786154258688637,15.121232133444124,17.789976784671598,16.938794047225944,15.994202914030078,16.275890625128167,14.547412477743894,5.521460917862246
Biscuit Brook,2022-08-01,107,8,2022,-0.8660254037844384,-0.5000000000000004,19,145.0,121.0,144.0,127.63157894736842,127.0,31.524612124348867,136.66666666666666,125.0,118.83333333333333,19,105.0,105.0,463155,55828810.0,120.54022951279809,20.0,813.5353269585598,5.0,70.0,210.0,375.0,1425.0,53018647.0,3690350.0,53221700.0,22720860.0,8834745.0,11709260.0,2079030.0,13.045819209364536,17.837800620265924,4.800245315077963,3.044522437723423,17.786154258688637,15.121232133444124,17.789976784671598,16.938794047225944,15.994202914030078,16.275890625128167,14.547412477743894,4.68213122712422
Cathedral Glen,2022-08-01,8,8,2022,-0.8660254037844384,-0.5000000000000004,19,9.0,27.0,23.0,10.090909090909092,7.0,8.688550459708976,19.666666666666668,14.0,10.090909090909092,11,,,463155,55828810.0,120.54022951279809,20.0,813.5353269585598,5.0,70.0,210.0,375.0,1425.0,53018647.0,3690350.0,53221700.0,22720860.0,8834745.0,11709260.0,2079030.0,13.045819209364536,17.837800620265924,4.800245315077963,3.044522437723423,17.786154258688637,15.121232133444124,17.789976784671598,16.938794047225944,15.994202914030078,16.275890625128167,14.547412477743894,2.1972245773362196
Denning,2022-08-01,325,8,2022,-0.8660254037844384,-0.5000000000000004,19,386.0,381.0,253.0,225.1578947368421,224.0,110.36870689642198,340.0,226.33333333333334,220.5,19,299.0,299.0,463155,55828810.0,120.54022951279809,20.0,813.5353269585598,5.0,70.0,210.0,375.0,1425.0,53018647.0,3690350.0,53221700.0,22720860.0,8834745.0,11709260.0,2079030.0,13.045819209364536,17.837800620265924,4.800245315077963,3.044522437723423,17.786154258688637,15.121232133444124,17.789976784671598,16.938794047225944,15.994202914030078,16.275890625128167,14.547412477743894,5.786897381366708
Dry Brook Ridge to Lean-to,2022-08-01,46,8,2022,-0.8660254037844384,-0.5000000000000004,19,36.0,27.0,35.0,26.31578947368421,22.0,13.70341657146108,32.666666666666664,24.333333333333332,26.333333333333332,19,21.0,21.0,463155,55828810.0,120.54022951279809,20.0,813.5353269585598,5.0,70.0,210.0,375.0,1425.0,53018647.0,3690350.0,53221700.0,22720860.0,8834745.0,11709260.0,2079030.0,13.045819209364536,17.837800620265924,4.800245315077963,3.044522437723423,17.786154258688637,15.121232133444124,17.789976784671598,16.938794047225944,15.994202914030078,16.275890625128167,14.547412477743894,3.8501476017100584
Flynn,2022-08-01,116,8,2022,-0.8660254037844384,-0.5000000000000004,19,64.0,119.0,74.0,50.05263157894737,45.0,32.61130288754792,85.66666666666667,50.5,46.333333333333336,19,82.0,82.0,463155,55828810.0,120.54022951279809,20.0,813.5353269585598,5.0,70.0,210.0,375.0,1425.0,53018647.0,3690350.0,53221700.0,22720860.0,8834745.0,11709260.0,2079030.0,13.045819209364536,17.837800620265924,4.800245315077963,3.044522437723423,17.786154258688637,15.121232133444124,17.789976784671598,16.938794047225944,15.994202914030078,16.275890625128167,14.547412477743894,4.762173934797756
Fox Hollow,2022-08-01,89,8,2022,-0.8660254037844384,-0.5000000000000004,19,93.0,86.0,80.0,93.10526315789474,97.0,42.21755129595866,86.33333333333333,70.66666666666667,79.41666666666667,19,106.0,106.0,463155,55828810.0,120.54022951279809,20.0,813.5353269585598,5.0,70.0,210.0,375.0,1425.0,53018647.0,3690350.0,53221700.0,22720860.0,8834745.0,11709260.0,2079030.0,13.045819209364536,17.837800620265924,4.800245315077963,3.044522437723423,17.786154258688637,15.121232133444124,17.789976784671598,16.938794047225944,15.994202914030078,16.275890625128167,14.547412477743894,4.499809670330265
Frick Pond,2022-08-01,260,8,2022,-0.8660254037844384,-0.5000000000000004,19,271.0,184.0,110.0,130.73684210526315,111.0,74.05991726318116,188.33333333333334,119.16666666666667,119.58333333333333,19,253.0,253.0,463155,55828810.0,120.54022951279809,20.0,813.5353269585598,5.0,70.0,210.0,375.0,1425.0,53018647.0,3690350.0,53221700.0,22720860.0,8834745.0,11709260.0,2079030.0,13.045819209364536,17.837800620265924,4.800245315077963,3.044522437723423,17.786154258688637,15.121232133444124,17.789976784671598,16.938794047225944,15.994202914030078,16.275890625128167,14.547412477743894,5.564520407322694
Giant Ledge,2022-08-01,735,8,2022,-0.8660254037844384,-0.5000000000000004,19,874.0,633.0,569.0,620.421052631579,569.0,290.9590112005992,692.0,508.8333333333333,593.0833333333334,19,835.0,835.0,463155,55828810.0,120.54022951279809,20.0,813.5353269585598,5.0,70.0,210.0,375.0,1425.0,53018647.0,3690350.0,53221700.0,22720860.0,8834745.0,11709260.0,2079030.0,13.045819209364536,17.837800620265924,4.800245315077963,3.044522437723423,17.786154258688637,15.121232133444124,17.789976784671598,16.938794047225944,15.994202914030078,16.275890625128167,14.547412477743894,6.601230118728877
Hardenburgh- MH Trail,2022-08-01,4,8,2022,-0.8660254037844384,-0.5000000000000004,19,18.0,7.0,1.0,8.842105263157896,8.0,6.318079506857345,8.666666666666666,7.666666666666667,9.083333333333334,19,19.0,19.0,463155,55828810.0,120.54022951279809,20.0,813.5353269585598,5.0,70.0,210.0,375.0,1425.0,53018647.0,3690350.0,53221700.0,22720860.0,8834745.0,11709260.0,2079030.0,13.045819209364536,17.837800620265924,4.800245315077963,3.044522437723423,17.786154258688637,15.121232133444124,17.789976784671598,16.938794047225944,15.994202914030078,16.275890625128167,14.547412477743894,1.6094379124341003
Kelly Hollow,2022-08-01,342,8,2022,-0.8660254037844384,-0.5000000000000004,19,375.0,224.0,261.0,196.26315789473685,219.0,84.82455233222615,286.6666666666667,212.83333333333334,192.58333333333334,19,279.0,279.0,463155,55828810.0,120.54022951279809,20.0,813.5353269585598,5.0,70.0,210.0,375.0,1425.0,53018647.0,3690350.0,53221700.0,22720860.0,8834745.0,11709260.0,2079030.0,13.045819209364536,17.837800620265924,4.800245315077963,3.044522437723423,17.786154258688637,15.121232133444124,17.789976784671598,16.938794047225944,15.994202914030078,16.275890625128167,14.547412477743894,5.8377304471659395
Lane Street,2022-08-01,51,8,2022,-0.8660254037844384,-0.5000000000000004,19,87.0,40.0,46.0,50.388888888888886,48.5,20.471325394284875,57.666666666666664,42.166666666666664,47.083333333333336,18,39.0,39.0,463155,55828810.0,120.54022951279809,20.0,813.5353269585598,5.0,70.0,210.0,375.0,1425.0,53018647.0,3690350.0,53221700.0,22720860.0,8834745.0,11709260.0,2079030.0,13.045819209364536,17.837800620265924,4.800245315077963,3.044522437723423,17.786154258688637,15.121232133444124,17.789976784671598,16.938794047225944,15.994202914030078,16.275890625128167,14.547412477743894,3.9512437185814275
McKenley Hollow,2022-08-01,88,8,2022,-0.8660254037844384,-0.5000000000000004,19,88.0,49.0,108.0,95.73684210526316,83.0,39.17885215445127,81.66666666666667,81.16666666666667,75.75,19,63.0,63.0,463155,55828810.0,120.54022951279809,20.0,813.5353269585598,5.0,70.0,210.0,375.0,1425.0,53018647.0,3690350.0,53221700.0,22720860.0,8834745.0,11709260.0,2079030.0,13.045819209364536,17.837800620265924,4.800245315077963,3.044522437723423,17.786154258688637,15.121232133444124,17.789976784671598,16.938794047225944,15.994202914030078,16.275890625128167,14.547412477743894,4.48863636973214
Millbrook to BLM FT,2022-08-01,429,8,2022,-0.8660254037844384,-0.5000000000000004,19,423.0,315.0,252.0,230.31578947368422,215.0,82.00139066000916,330.0,256.5,242.08333333333334,19,269.0,269.0,463155,55828810.0,120.54022951279809,20.0,813.5353269585598,5.0,70.0,210.0,375.0,1425.0,53018647.0,3690350.0,53221700.0,22720860.0,8834745.0,11709260.0,2079030.0,13.045819209364536,17.837800620265924,4.800245315077963,3.044522437723423,17.786154258688637,15.121232133444124,17.789976784671598,16.938794047225944,15.994202914030078,16.275890625128167,14.547412477743894,6.063785208687608
Mt Tremper,2022-08-01,341,8,2022,-0.8660254037844384,-0.5000000000000004,19,523.0,340.0,389.0,276.06666666666666,262.0,122.855005518507,417.3333333333333,310.1666666666667,272.25,15,262.0,262.0,463155,55828810.0,120.54022951279809,20.0,813.5353269585598,5.0,70.0,210.0,375.0,1425.0,53018647.0,3690350.0,53221700.0,22720860.0,8834745.0,11709260.0,2079030.0,13.045819209364536,17.837800620265924,4.800245315077963,3.044522437723423,17.786154258688637,15.121232133444124,17.789976784671598,16.938794047225944,15.994202914030078,16.275890625128167,14.547412477743894,5.834810737062605
Neversink Hardenburgh Trail,2022-08-01,36,8,2022,-0.8660254037844384,-0.5000000000000004,19,34.0,19.0,19.0,14.0,11.0,12.897028081435401,24.0,13.0,12.75,19,33.0,33.0,463155,55828810.0,120.54022951279809,20.0,813.5353269585598,5.0,70.0,210.0,375.0,1425.0,53018647.0,3690350.0,53221700.0,22720860.0,8834745.0,11709260.0,2079030.0,13.045819209364536,17.837800620265924,4.800245315077963,3.044522437723423,17.786154258688637,15.121232133444124,17.789976784671598,16.938794047225944,15.994202914030078,16.275890625128167,14.547412477743894,3.6109179126442243
Onteora Lake,2022-08-01,190,8,2022,-0.8660254037844384,-0.5000000000000004,19,195.0,187.0,165.0,154.0,157.0,35.33836442168765,182.33333333333334,154.0,154.0,6,,,463155,55828810.0,120.54022951279809,20.0,813.5353269585598,5.0,70.0,210.0,375.0,1425.0,53018647.0,3690350.0,53221700.0,22720860.0,8834745.0,11709260.0,2079030.0,13.045819209364536,17.837800620265924,4.800245315077963,3.044522437723423,17.786154258688637,15.121232133444124,17.789976784671598,16.938794047225944,15.994202914030078,16.275890625128167,14.547412477743894,5.25227342804663
Overlook,2022-08-01,997,8,2022,-0.8660254037844384,-0.5000000000000004,19,1217.0,959.0,1029.0,688.7368421052631,727.0,343.1928259586346,1068.3333333333333,801.3333333333334,718.0833333333334,19,727.0,727.0,463155,55828810.0,120.54022951279809,20.0,813.5353269585598,5.0,70.0,210.0,375.0,1425.0,53018647.0,3690350.0,53221700.0,22720860.0,8834745.0,11709260.0,2079030.0,13.045819209364536,17.837800620265924,4.800245315077963,3.044522437723423,17.786154258688637,15.121232133444124,17.789976784671598,16.938794047225944,15.994202914030078,16.275890625128167,14.547412477743894,6.905753276311464
Peekamoose,2022-08-01,135,8,2022,-0.8660254037844384,-0.5000000000000004,19,206.0,175.0,113.0,142.57894736842104,143.0,47.84502271741973,164.66666666666666,140.5,135.16666666666666,19,128.0,128.0,463155,55828810.0,120.54022951279809,20.0,813.5353269585598,5.0,70.0,210.0,375.0,1425.0,53018647.0,3690350.0,53221700.0,22720860.0,8834745.0,11709260.0,2079030.0,13.045819209364536,17.837800620265924,4.800245315077963,3.044522437723423,17.786154258688637,15.121232133444124,17.789976784671598,16.938794047225944,15.994202914030078,16.275890625128167,14.547412477743894,4.912654885736052
Red Hill Dinch Road,2022-08-01,308,8,2022,-0.8660254037844384,-0.5000000000000004,19,250.0,170.0,190.0,184.76470588235293,213.0,105.71395923183744,203.33333333333334,154.0,209.66666666666666,17,314.0,314.0,463155,55828810.0,120.54022951279809,20.0,813.5353269585598,5.0,70.0,210.0,375.0,1425.0,53018647.0,3690350.0,53221700.0,22720860.0,8834745.0,11709260.0,2079030.0,13.045819209364536,17.837800620265924,4.800245315077963,3.044522437723423,17.786154258688637,15.121232133444124,17.789976784671598,16.938794047225944,15.994202914030078,16.275890625128167,14.547412477743894,5.733341276897746
Rider Hollow,2022-08-01,147,8,2022,-0.8660254037844384,-0.5000000000000004,19,231.0,151.0,195.0,193.35714285714286,181.5,66.93924586789605,192.33333333333334,173.66666666666666,177.66666666666666,14,254.0,254.0,463155,55828810.0,120.54022951279809,20.0,813.5353269585598,5.0,70.0,210.0,375.0,1425.0,53018647.0,3690350.0,53221700.0,22720860.0,8834745.0,11709260.0,2079030.0,13.045819209364536,17.837800620265924,4.800245315077963,3.044522437723423,17.786154258688637,15.121232133444124,17.789976784671598,16.938794047225944,15.994202914030078,16.275890625128167,14.547412477743894,4.997212273764115
Rochester Hollow,2022-08-01,187,8,2022,-0.8660254037844384,-0.5000000000000004,19,283.0,161.0,169.0,286.6842105263158,154.0,554.1459948657313,204.33333333333334,157.33333333333334,357.5833333333333,19,278.0,278.0,463155,55828810.0,120.54022951279809,20.0,813.5353269585598,5.0,70.0,210.0,375.0,1425.0,53018647.0,3690350.0,53221700.0,22720860.0,8834745.0,11709260.0,2079030.0,13.045819209364536,17.837800620265924,4.800245315077963,3.044522437723423,17.786154258688637,15.121232133444124,17.789976784671598,16.938794047225944,15.994202914030078,16.275890625128167,14.547412477743894,5.236441962829949
Seager,2022-08-01,119,8,2022,-0.8660254037844384,-0.5000000000000004,19,119.0,62.0,77.0,62.1578947368421,50.0,40.01841681289411,86.0,59.5,68.41666666666667,19,126.0,126.0,463155,55828810.0,120.54022951279809,20.0,813.5353269585598,5.0,70.0,210.0,375.0,1425.0,53018647.0,3690350.0,53221700.0,22720860.0,8834745.0,11709260.0,2079030.0,13.045819209364536,17.837800620265924,4.800245315077963,3.044522437723423,17.786154258688637,15.121232133444124,17.789976784671598,16.938794047225944,15.994202914030078,16.275890625128167,14.547412477743894,4.787491742782046
Slide Mt,2022-08-01,801,8,2022,-0.8660254037844384,-0.5000000000000004,19,816.0,758.0,680.0,592.9473684210526,589.0,190.66884430114558,751.3333333333334,562.0,578.5833333333334,19,764.0,764.0,463155,55828810.0,120.54022951279809,20.0,813.5353269585598,5.0,70.0,210.0,375.0,1425.0,53018647.0,3690350.0,53221700.0,22720860.0,8834745.0,11709260.0,2079030.0,13.045819209364536,17.837800620265924,4.800245315077963,3.044522437723423,17.786154258688637,15.121232133444124,17.789976784671598,16.938794047225944,15.994202914030078,16.275890625128167,14.547412477743894,6.687108607866515
Upper Cherrytown Road,2022-08-01,341,8,2022,-0.8660254037844384,-0.5000000000000004,19,704.0,251.0,364.0,163.25,118.0,169.05561215174134,439.6666666666667,259.1666666666667,174.58333333333334,16,175.0,175.0,463155,55828810.0,120.54022951279809,20.0,813.5353269585598,5.0,70.0,210.0,375.0,1425.0,53018647.0,3690350.0,53221700.0,22720860.0,8834745.0,11709260.0,2079030.0,13.045819209364536,17.837800620265924,4.800245315077963,3.044522437723423,17.786154258688637,15.121232133444124,17.789976784671598,16.938794047225944,15.994202914030078,16.275890625128167,14.547412477743894,5.834810737062605
Wittenberg,2022-08-01,520,8,2022,-0.8660254037844384,-0.5000000000000004,19,469.0,424.0,393.0,337.1578947368421,286.0,195.15072897005498,428.6666666666667,281.3333333333333,311.3333333333333,19,513.0,513.0,463155,55828810.0,120.54022951279809,20.0,813.5353269585598,5.0,70.0,210.0,375.0,1425.0,53018647.0,3690350.0,53221700.0,22720860.0,8834745.0,11709260.0,2079030.0,13.045819209364536,17.837800620265924,4.800245315077963,3.044522437723423,17.786154258688637,15.121232133444124,17.789976784671598,16.938794047225944,15.994202914030078,16.275890625128167,14.547412477743894,6.255750041753367
Woodchuck Hollow,2022-08-01,3,8,2022,-0.8660254037844384,-0.5000000000000004,19,3.0,2.0,2.0,4.636363636363637,5.0,2.292279532375023,2.3333333333333335,3.3333333333333335,4.636363636363637,11,,,463155,55828810.0,120.54022951279809,20.0,813.5353269585598,5.0,70.0,210.0,375.0,1425.0,53018647.0,3690350.0,53221700.0,22720860.0,8834745.0,11709260.0,2079030.0,13.045819209364536,17.837800620265924,4.800245315077963,3.044522437723423,17.786154258688637,15.121232133444124,17.789976784671598,16.938794047225944,15.994202914030078,16.275890625128167,14.547412477743894,1.3862943611198906
Woodland Valley,2022-08-01,186,8,2022,-0.8660254037844384,-0.5000000000000004,19,221.0,165.0,157.0,98.78947368421052,85.0,72.76337520985282,181.0,111.5,102.91666666666667,19,133.0,133.0,463155,55828810.0,120.54022951279809,20.0,813.5353269585598,5.0,70.0,210.0,375.0,1425.0,53018647.0,3690350.0,53221700.0,22720860.0,8834745.0,11709260.0,2079030.0,13.045819209364536,17.837800620265924,4.800245315077963,3.044522437723423,17.786154258688637,15.121232133444124,17.789976784671598,16.938794047225944,15.994202914030078,16.275890625128167,14.547412477743894,5.231108616854587
Alder Lake,2022-09-01,176,9,2022,-1.0,-1.8369701987210297e-16,20,320.0,318.0,228.0,176.8,207.5,116.69555532058172,288.6666666666667,200.0,159.0,20,261.0,261.0,456753,59212080.0,129.6369810378914,20.0,885.4310270297537,5.0,75.0,220.0,395.0,1500.0,53323479.0,3459010.0,56705790.0,22388500.0,12012210.0,13678280.0,1339900.0,13.031900231727905,17.896636149980537,4.872422339377215,3.044522437723423,17.791887317461608,15.056493268024107,17.853386897521457,16.924058036802677,16.301434273698646,16.43131980436833,14.108106288600773,5.176149732573829
Ashokan HP,2022-09-01,155,9,2022,-1.0,-1.8369701987210297e-16,20,177.0,235.0,180.0,145.15,146.0,57.22832846543194,197.33333333333334,162.16666666666666,141.75,20,200.0,200.0,456753,59212080.0,129.6369810378914,20.0,885.4310270297537,5.0,75.0,220.0,395.0,1500.0,53323479.0,3459010.0,56705790.0,22388500.0,12012210.0,13678280.0,1339900.0,13.031900231727905,17.896636149980537,4.872422339377215,3.044522437723423,17.791887317461608,15.056493268024107,17.853386897521457,16.924058036802677,16.301434273698646,16.43131980436833,14.108106288600773,5.049856007249537
Bangle Hill,2022-09-01,30,9,2022,-1.0,-1.8369701987210297e-16,20,19.0,29.0,5.0,10.125,6.0,9.789754119194502,17.666666666666668,12.833333333333334,10.125,8,,,456753,59212080.0,129.6369810378914,20.0,885.4310270297537,5.0,75.0,220.0,395.0,1500.0,53323479.0,3459010.0,56705790.0,22388500.0,12012210.0,13678280.0,1339900.0,13.031900231727905,17.896636149980537,4.872422339377215,3.044522437723423,17.791887317461608,15.056493268024107,17.853386897521457,16.924058036802677,16.301434273698646,16.43131980436833,14.108106288600773,3.4339872044851463
Beaverkill Road to BLM FT,2022-09-01,244,9,2022,-1.0,-1.8369701987210297e-16,20,249.0,311.0,197.0,162.8,149.0,80.58640345028826,252.33333333333334,191.83333333333334,169.0,20,219.0,219.0,456753,59212080.0,129.6369810378914,20.0,885.4310270297537,5.0,75.0,220.0,395.0,1500.0,53323479.0,3459010.0,56705790.0,22388500.0,12012210.0,13678280.0,1339900.0,13.031900231727905,17.896636149980537,4.872422339377215,3.044522437723423,17.791887317461608,15.056493268024107,17.853386897521457,16.924058036802677,16.301434273698646,16.43131980436833,14.108106288600773,5.501258210544727
Biscuit Brook,2022-09-01,125,9,2022,-1.0,-1.8369701987210297e-16,20,107.0,145.0,121.0,126.6,125.0,31.02867943320214,124.33333333333333,126.66666666666667,119.0,20,88.0,88.0,456753,59212080.0,129.6369810378914,20.0,885.4310270297537,5.0,75.0,220.0,395.0,1500.0,53323479.0,3459010.0,56705790.0,22388500.0,12012210.0,13678280.0,1339900.0,13.031900231727905,17.896636149980537,4.872422339377215,3.044522437723423,17.791887317461608,15.056493268024107,17.853386897521457,16.924058036802677,16.301434273698646,16.43131980436833,14.108106288600773,4.836281906951478
Cathedral Glen,2022-09-01,24,9,2022,-1.0,-1.8369701987210297e-16,20,8.0,9.0,27.0,9.916666666666666,7.5,8.306167843381461,14.666666666666666,12.333333333333334,9.916666666666666,12,5.0,5.0,456753,59212080.0,129.6369810378914,20.0,885.4310270297537,5.0,75.0,220.0,395.0,1500.0,53323479.0,3459010.0,56705790.0,22388500.0,12012210.0,13678280.0,1339900.0,13.031900231727905,17.896636149980537,4.872422339377215,3.044522437723423,17.791887317461608,15.056493268024107,17.853386897521457,16.924058036802677,16.301434273698646,16.43131980436833,14.108106288600773,3.2188758248682006
Denning,2022-09-01,299,9,2022,-1.0,-1.8369701987210297e-16,20,325.0,386.0,381.0,230.15,236.5,109.72035026902665,364.0,265.5,222.66666666666666,20,293.0,293.0,456753,59212080.0,129.6369810378914,20.0,885.4310270297537,5.0,75.0,220.0,395.0,1500.0,53323479.0,3459010.0,56705790.0,22388500.0,12012210.0,13678280.0,1339900.0,13.031900231727905,17.896636149980537,4.872422339377215,3.044522437723423,17.791887317461608,15.056493268024107,17.853386897521457,16.924058036802677,16.301434273698646,16.43131980436833,14.108106288600773,5.703782474656201
Dry Brook Ridge to Lean-to,2022-09-01,19,9,2022,-1.0,-1.8369701987210297e-16,20,46.0,36.0,27.0,27.3,23.5,14.04541506010151,36.333333333333336,28.833333333333332,28.416666666666668,20,40.0,40.0,456753,59212080.0,129.6369810378914,20.0,885.4310270297537,5.0,75.0,220.0,395.0,1500.0,53323479.0,3459010.0,56705790.0,22388500.0,12012210.0,13678280.0,1339900.0,13.031900231727905,17.896636149980537,4.872422339377215,3.044522437723423,17.791887317461608,15.056493268024107,17.853386897521457,16.924058036802677,16.301434273698646,16.43131980436833,14.108106288600773,2.995732273553991
Flynn,2022-09-01,28,9,2022,-1.0,-1.8369701987210297e-16,20,116.0,64.0,119.0,53.35,46.0,34.99966165249992,99.66666666666667,68.33333333333333,49.166666666666664,20,47.0,47.0,456753,59212080.0,129.6369810378914,20.0,885.4310270297537,5.0,75.0,220.0,395.0,1500.0,53323479.0,3459010.0,56705790.0,22388500.0,12012210.0,13678280.0,1339900.0,13.031900231727905,17.896636149980537,4.872422339377215,3.044522437723423,17.791887317461608,15.056493268024107,17.853386897521457,16.924058036802677,16.301434273698646,16.43131980436833,14.108106288600773,3.367295829986474
Fox Hollow,2022-09-01,93,9,2022,-1.0,-1.8369701987210297e-16,20,89.0,93.0,86.0,92.9,95.0,41.10179916666474,89.33333333333333,84.5,78.0,20,97.0,97.0,456753,59212080.0,129.6369810378914,20.0,885.4310270297537,5.0,75.0,220.0,395.0,1500.0,53323479.0,3459010.0,56705790.0,22388500.0,12012210.0,13678280.0,1339900.0,13.031900231727905,17.896636149980537,4.872422339377215,3.044522437723423,17.791887317461608,15.056493268024107,17.853386897521457,16.924058036802677,16.301434273698646,16.43131980436833,14.108106288600773,4.543294782270004
Frick Pond,2022-09-01,117,9,2022,-1.0,-1.8369701987210297e-16,20,260.0,271.0,184.0,137.2,121.0,77.6636472570221,238.33333333333334,153.0,120.16666666666667,20,131.0,131.0,456753,59212080.0,129.6369810378914,20.0,885.4310270297537,5.0,75.0,220.0,395.0,1500.0,53323479.0,3459010.0,56705790.0,22388500.0,12012210.0,13678280.0,1339900.0,13.031900231727905,17.896636149980537,4.872422339377215,3.044522437723423,17.791887317461608,15.056493268024107,17.853386897521457,16.924058036802677,16.301434273698646,16.43131980436833,14.108106288600773,4.770684624465665
Giant Ledge,2022-09-01,602,9,2022,-1.0,-1.8369701987210297e-16,20,735.0,874.0,633.0,626.15,586.5,284.3552772223694,747.3333333333334,582.3333333333334,584.75,20,609.0,609.0,456753,59212080.0,129.6369810378914,20.0,885.4310270297537,5.0,75.0,220.0,395.0,1500.0,53323479.0,3459010.0,56705790.0,22388500.0,12012210.0,13678280.0,1339900.0,13.031900231727905,17.896636149980537,4.872422339377215,3.044522437723423,17.791887317461608,15.056493268024107,17.853386897521457,16.924058036802677,16.301434273698646,16.43131980436833,14.108106288600773,6.401917196727186
Hardenburgh- MH Trail,2022-09-01,8,9,2022,-1.0,-1.8369701987210297e-16,20,4.0,18.0,7.0,8.6,7.5,6.244155161766123,9.666666666666666,7.833333333333333,7.833333333333333,20,6.0,6.0,456753,59212080.0,129.6369810378914,20.0,885.4310270297537,5.0,75.0,220.0,395.0,1500.0,53323479.0,3459010.0,56705790.0,22388500.0,12012210.0,13678280.0,1339900.0,13.031900231727905,17.896636149980537,4.872422339377215,3.044522437723423,17.791887317461608,15.056493268024107,17.853386897521457,16.924058036802677,16.301434273698646,16.43131980436833,14.108106288600773,2.1972245773362196
Kelly Hollow,2022-09-01,191,9,2022,-1.0,-1.8369701987210297e-16,20,342.0,375.0,224.0,203.55,221.5,88.7607517579227,313.6666666666667,254.0,197.83333333333334,20,202.0,202.0,456753,59212080.0,129.6369810378914,20.0,885.4310270297537,5.0,75.0,220.0,395.0,1500.0,53323479.0,3459010.0,56705790.0,22388500.0,12012210.0,13678280.0,1339900.0,13.031900231727905,17.896636149980537,4.872422339377215,3.044522437723423,17.791887317461608,15.056493268024107,17.853386897521457,16.924058036802677,16.301434273698646,16.43131980436833,14.108106288600773,5.2574953720277815
Lane Street,2022-09-01,61,9,2022,-1.0,-1.8369701987210297e-16,20,51.0,87.0,40.0,50.421052631578945,49.0,19.89504625521328,59.333333333333336,47.833333333333336,45.666666666666664,19,59.0,59.0,456753,59212080.0,129.6369810378914,20.0,885.4310270297537,5.0,75.0,220.0,395.0,1500.0,53323479.0,3459010.0,56705790.0,22388500.0,12012210.0,13678280.0,1339900.0,13.031900231727905,17.896636149980537,4.872422339377215,3.044522437723423,17.791887317461608,15.056493268024107,17.853386897521457,16.924058036802677,16.301434273698646,16.43131980436833,14.108106288600773,4.127134385045092
McKenley Hollow,2022-09-01,73,9,2022,-1.0,-1.8369701987210297e-16,20,88.0,88.0,49.0,95.35,85.5,38.17311674601988,75.0,79.66666666666667,77.83333333333333,20,71.0,71.0,456753,59212080.0,129.6369810378914,20.0,885.4310270297537,5.0,75.0,220.0,395.0,1500.0,53323479.0,3459010.0,56705790.0,22388500.0,12012210.0,13678280.0,1339900.0,13.031900231727905,17.896636149980537,4.872422339377215,3.044522437723423,17.791887317461608,15.056493268024107,17.853386897521457,16.924058036802677,16.301434273698646,16.43131980436833,14.108106288600773,4.30406509320417
Millbrook to BLM FT,2022-09-01,346,9,2022,-1.0,-1.8369701987210297e-16,20,429.0,423.0,315.0,240.25,221.0,91.34600213070716,389.0,293.8333333333333,255.41666666666666,20,248.0,248.0,456753,59212080.0,129.6369810378914,20.0,885.4310270297537,5.0,75.0,220.0,395.0,1500.0,53323479.0,3459010.0,56705790.0,22388500.0,12012210.0,13678280.0,1339900.0,13.031900231727905,17.896636149980537,4.872422339377215,3.044522437723423,17.791887317461608,15.056493268024107,17.853386897521457,16.924058036802677,16.301434273698646,16.43131980436833,14.108106288600773,5.849324779946859
Mt Tremper,2022-09-01,58,9,2022,-1.0,-1.8369701987210297e-16,20,341.0,523.0,340.0,280.125,285.5,119.79419852396862,401.3333333333333,346.6666666666667,278.8333333333333,16,248.0,248.0,456753,59212080.0,129.6369810378914,20.0,885.4310270297537,5.0,75.0,220.0,395.0,1500.0,53323479.0,3459010.0,56705790.0,22388500.0,12012210.0,13678280.0,1339900.0,13.031900231727905,17.896636149980537,4.872422339377215,3.044522437723423,17.791887317461608,15.056493268024107,17.853386897521457,16.924058036802677,16.301434273698646,16.43131980436833,14.108106288600773,4.07753744390572
Neversink Hardenburgh Trail,2022-09-01,13,9,2022,-1.0,-1.8369701987210297e-16,20,36.0,34.0,19.0,15.1,11.0,13.482542318436128,29.666666666666668,19.0,13.0,20,11.0,11.0,456753,59212080.0,129.6369810378914,20.0,885.4310270297537,5.0,75.0,220.0,395.0,1500.0,53323479.0,3459010.0,56705790.0,22388500.0,12012210.0,13678280.0,1339900.0,13.031900231727905,17.896636149980537,4.872422339377215,3.044522437723423,17.791887317461608,15.056493268024107,17.853386897521457,16.924058036802677,16.301434273698646,16.43131980436833,14.108106288600773,2.6390573296152584
Onteora Lake,2022-09-01,186,9,2022,-1.0,-1.8369701987210297e-16,20,190.0,195.0,187.0,159.14285714285714,165.0,35.01156271590178,190.66666666666666,165.33333333333334,159.14285714285714,7,,,456753,59212080.0,129.6369810378914,20.0,885.4310270297537,5.0,75.0,220.0,395.0,1500.0,53323479.0,3459010.0,56705790.0,22388500.0,12012210.0,13678280.0,1339900.0,13.031900231727905,17.896636149980537,4.872422339377215,3.044522437723423,17.791887317461608,15.056493268024107,17.853386897521457,16.924058036802677,16.301434273698646,16.43131980436833,14.108106288600773,5.231108616854587
Overlook,2022-09-01,802,9,2022,-1.0,-1.8369701987210297e-16,20,997.0,1217.0,959.0,704.15,751.5,341.077128952876,1057.6666666666667,921.5,740.5833333333334,20,822.0,822.0,456753,59212080.0,129.6369810378914,20.0,885.4310270297537,5.0,75.0,220.0,395.0,1500.0,53323479.0,3459010.0,56705790.0,22388500.0,12012210.0,13678280.0,1339900.0,13.031900231727905,17.896636149980537,4.872422339377215,3.044522437723423,17.791887317461608,15.056493268024107,17.853386897521457,16.924058036802677,16.301434273698646,16.43131980436833,14.108106288600773,6.688354713946762
Peekamoose,2022-09-01,163,9,2022,-1.0,-1.8369701987210297e-16,20,135.0,206.0,175.0,142.2,139.0,46.59975152407214,172.0,145.66666666666666,135.75,20,130.0,130.0,456753,59212080.0,129.6369810378914,20.0,885.4310270297537,5.0,75.0,220.0,395.0,1500.0,53323479.0,3459010.0,56705790.0,22388500.0,12012210.0,13678280.0,1339900.0,13.031900231727905,17.896636149980537,4.872422339377215,3.044522437723423,17.791887317461608,15.056493268024107,17.853386897521457,16.924058036802677,16.301434273698646,16.43131980436833,14.108106288600773,5.099866427824199
Red Hill Dinch Road,2022-09-01,263,9,2022,-1.0,-1.8369701987210297e-16,20,308.0,250.0,170.0,191.61111111111111,220.0,106.59165561033205,242.66666666666666,198.66666666666666,212.91666666666666,18,232.0,232.0,456753,59212080.0,129.6369810378914,20.0,885.4310270297537,5.0,75.0,220.0,395.0,1500.0,53323479.0,3459010.0,56705790.0,22388500.0,12012210.0,13678280.0,1339900.0,13.031900231727905,17.896636149980537,4.872422339377215,3.044522437723423,17.791887317461608,15.056493268024107,17.853386897521457,16.924058036802677,16.301434273698646,16.43131980436833,14.108106288600773,5.575949103146316
Rider Hollow,2022-09-01,223,9,2022,-1.0,-1.8369701987210297e-16,20,147.0,231.0,151.0,190.26666666666668,176.0,65.6053859577601,176.33333333333334,165.16666666666666,176.25,15,,,456753,59212080.0,129.6369810378914,20.0,885.4310270297537,5.0,75.0,220.0,395.0,1500.0,53323479.0,3459010.0,56705790.0,22388500.0,12012210.0,13678280.0,1339900.0,13.031900231727905,17.896636149980537,4.872422339377215,3.044522437723423,17.791887317461608,15.056493268024107,17.853386897521457,16.924058036802677,16.301434273698646,16.43131980436833,14.108106288600773,5.4116460518550396
Rochester Hollow,2022-09-01,169,9,2022,-1.0,-1.8369701987210297e-16,20,187.0,283.0,161.0,281.7,157.5,539.8264925930027,210.33333333333334,172.5,350.0,20,227.0,227.0,456753,59212080.0,129.6369810378914,20.0,885.4310270297537,5.0,75.0,220.0,395.0,1500.0,53323479.0,3459010.0,56705790.0,22388500.0,12012210.0,13678280.0,1339900.0,13.031900231727905,17.896636149980537,4.872422339377215,3.044522437723423,17.791887317461608,15.056493268024107,17.853386897521457,16.924058036802677,16.301434273698646,16.43131980436833,14.108106288600773,5.135798437050262
Seager,2022-09-01,46,9,2022,-1.0,-1.8369701987210297e-16,20,119.0,119.0,62.0,65.0,50.0,40.972391217809864,100.0,74.5,67.83333333333333,20,126.0,126.0,456753,59212080.0,129.6369810378914,20.0,885.4310270297537,5.0,75.0,220.0,395.0,1500.0,53323479.0,3459010.0,56705790.0,22388500.0,12012210.0,13678280.0,1339900.0,13.031900231727905,17.896636149980537,4.872422339377215,3.044522437723423,17.791887317461608,15.056493268024107,17.853386897521457,16.924058036802677,16.301434273698646,16.43131980436833,14.108106288600773,3.8501476017100584
Slide Mt,2022-09-01,735,9,2022,-1.0,-1.8369701987210297e-16,20,801.0,816.0,758.0,603.35,606.5,191.32564551460146,791.6666666666666,619.0,581.6666666666666,20,708.0,708.0,456753,59212080.0,129.6369810378914,20.0,885.4310270297537,5.0,75.0,220.0,395.0,1500.0,53323479.0,3459010.0,56705790.0,22388500.0,12012210.0,13678280.0,1339900.0,13.031900231727905,17.896636149980537,4.872422339377215,3.044522437723423,17.791887317461608,15.056493268024107,17.853386897521457,16.924058036802677,16.301434273698646,16.43131980436833,14.108106288600773,6.601230118728877
Upper Cherrytown Road,2022-09-01,170,9,2022,-1.0,-1.8369701987210297e-16,20,341.0,704.0,251.0,173.7058823529412,121.0,169.26929901265407,432.0,313.3333333333333,188.41666666666666,17,97.0,97.0,456753,59212080.0,129.6369810378914,20.0,885.4310270297537,5.0,75.0,220.0,395.0,1500.0,53323479.0,3459010.0,56705790.0,22388500.0,12012210.0,13678280.0,1339900.0,13.031900231727905,17.896636149980537,4.872422339377215,3.044522437723423,17.791887317461608,15.056493268024107,17.853386897521457,16.924058036802677,16.301434273698646,16.43131980436833,14.108106288600773,5.14166355650266
Wittenberg,2022-09-01,439,9,2022,-1.0,-1.8369701987210297e-16,20,520.0,469.0,424.0,346.3,339.5,194.29605733194083,471.0,346.6666666666667,311.9166666666667,20,621.0,621.0,456753,59212080.0,129.6369810378914,20.0,885.4310270297537,5.0,75.0,220.0,395.0,1500.0,53323479.0,3459010.0,56705790.0,22388500.0,12012210.0,13678280.0,1339900.0,13.031900231727905,17.896636149980537,4.872422339377215,3.044522437723423,17.791887317461608,15.056493268024107,17.853386897521457,16.924058036802677,16.301434273698646,16.43131980436833,14.108106288600773,6.0867747269123065
Woodchuck Hollow,2022-09-01,1,9,2022,-1.0,-1.8369701987210297e-16,20,3.0,3.0,2.0,4.5,5.0,2.2360679774997894,2.6666666666666665,2.8333333333333335,4.5,12,1.0,1.0,456753,59212080.0,129.6369810378914,20.0,885.4310270297537,5.0,75.0,220.0,395.0,1500.0,53323479.0,3459010.0,56705790.0,22388500.0,12012210.0,13678280.0,1339900.0,13.031900231727905,17.896636149980537,4.872422339377215,3.044522437723423,17.791887317461608,15.056493268024107,17.853386897521457,16.924058036802677,16.301434273698646,16.43131980436833,14.108106288600773,0.6931471805599453
Woodland Valley,2022-09-01,141,9,2022,-1.0,-1.8369701987210297e-16,20,186.0,221.0,165.0,103.15,102.0,73.45838420851847,190.66666666666666,138.66666666666666,107.33333333333333,20,157.0,157.0,456753,59212080.0,129.6369810378914,20.0,885.4310270297537,5.0,75.0,220.0,395.0,1500.0,53323479.0,3459010.0,56705790.0,22388500.0,12012210.0,13678280.0,1339900.0,13.031900231727905,17.896636149980537,4.872422339377215,3.044522437723423,17.791887317461608,15.056493268024107,17.853386897521457,16.924058036802677,16.301434273698646,16.43131980436833,14.108106288600773,4.955827057601261
Alder Lake,2022-10-01,203,10,2022,-0.8660254037844386,0.5000000000000001,21,176.0,320.0,318.0,176.76190476190476,206.0,113.74089183838184,271.3333333333333,222.33333333333334,151.91666666666666,21,226.0,226.0,423999,56225005.0,132.60645661900145,20.0,909.9090351558173,5.0,70.0,230.0,420.0,1575.0,52959234.0,2842120.0,54257440.0,18586105.0,14575930.0,13169000.0,906280.0,12.957488734214095,17.844872162523743,4.894898587921324,3.044522437723423,17.78503302462465,14.860061162383817,17.809250702269416,16.737924870300635,16.49488216466167,16.393376216628265,13.71710469146253,5.318119993844216
Ashokan HP,2022-10-01,197,10,2022,-0.8660254037844386,0.5000000000000001,21,155.0,177.0,235.0,145.61904761904762,155.0,55.82067376024423,189.0,174.66666666666666,138.0,21,196.0,196.0,423999,56225005.0,132.60645661900145,20.0,909.9090351558173,5.0,70.0,230.0,420.0,1575.0,52959234.0,2842120.0,54257440.0,18586105.0,14575930.0,13169000.0,906280.0,12.957488734214095,17.844872162523743,4.894898587921324,3.044522437723423,17.78503302462465,14.860061162383817,17.809250702269416,16.737924870300635,16.49488216466167,16.393376216628265,13.71710469146253,5.288267030694535
Bangle Hill,2022-10-01,7,10,2022,-0.8660254037844386,0.5000000000000001,21,30.0,19.0,29.0,12.333333333333334,7.0,11.302654555457314,26.0,17.333333333333332,12.333333333333334,9,,,423999,56225005.0,132.60645661900145,20.0,909.9090351558173,5.0,70.0,230.0,420.0,1575.0,52959234.0,2842120.0,54257440.0,18586105.0,14575930.0,13169000.0,906280.0,12.957488734214095,17.844872162523743,4.894898587921324,3.044522437723423,17.78503302462465,14.860061162383817,17.809250702269416,16.737924870300635,16.49488216466167,16.393376216628265,13.71710469146253,2.0794415416798357
Beaverkill Road to BLM FT,2022-10-01,280,10,2022,-0.8660254037844386,0.5000000000000001,21,244.0,249.0,311.0,166.66666666666666,152.0,80.51976982911299,268.0,225.16666666666666,171.08333333333334,21,303.0,303.0,423999,56225005.0,132.60645661900145,20.0,909.9090351558173,5.0,70.0,230.0,420.0,1575.0,52959234.0,2842120.0,54257440.0,18586105.0,14575930.0,13169000.0,906280.0,12.957488734214095,17.844872162523743,4.894898587921324,3.044522437723423,17.78503302462465,14.860061162383817,17.809250702269416,16.737924870300635,16.49488216466167,16.393376216628265,13.71710469146253,5.638354669333745
Biscuit Brook,2022-10-01,133,10,2022,-0.8660254037844386,0.5000000000000001,21,125.0,107.0,145.0,126.52380952380952,125.0,30.24503107556521,125.66666666666667,133.66666666666666,122.08333333333333,21,155.0,155.0,423999,56225005.0,132.60645661900145,20.0,909.9090351558173,5.0,70.0,230.0,420.0,1575.0,52959234.0,2842120.0,54257440.0,18586105.0,14575930.0,13169000.0,906280.0,12.957488734214095,17.844872162523743,4.894898587921324,3.044522437723423,17.78503302462465,14.860061162383817,17.809250702269416,16.737924870300635,16.49488216466167,16.393376216628265,13.71710469146253,4.897839799950911
Cathedral Glen,2022-10-01,9,10,2022,-0.8660254037844386,0.5000000000000001,21,24.0,8.0,9.0,11.0,8.0,8.860022573334675,13.666666666666666,16.166666666666668,11.5,13,7.0,7.0,423999,56225005.0,132.60645661900145,20.0,909.9090351558173,5.0,70.0,230.0,420.0,1575.0,52959234.0,2842120.0,54257440.0,18586105.0,14575930.0,13169000.0,906280.0,12.957488734214095,17.844872162523743,4.894898587921324,3.044522437723423,17.78503302462465,14.860061162383817,17.809250702269416,16.737924870300635,16.49488216466167,16.393376216628265,13.71710469146253,2.302585092994046
Denning,2022-10-01,360,10,2022,-0.8660254037844386,0.5000000000000001,21,299.0,325.0,386.0,233.42857142857142,249.0,107.99239391205819,336.6666666666667,296.8333333333333,223.16666666666666,21,254.0,254.0,423999,56225005.0,132.60645661900145,20.0,909.9090351558173,5.0,70.0,230.0,420.0,1575.0,52959234.0,2842120.0,54257440.0,18586105.0,14575930.0,13169000.0,906280.0,12.957488734214095,17.844872162523743,4.894898587921324,3.044522437723423,17.78503302462465,14.860061162383817,17.809250702269416,16.737924870300635,16.49488216466167,16.393376216628265,13.71710469146253,5.8888779583328805
Dry Brook Ridge to Lean-to,2022-10-01,40,10,2022,-0.8660254037844386,0.5000000000000001,21,19.0,46.0,36.0,26.904761904761905,22.0,13.809072242206433,33.666666666666664,30.0,26.666666666666668,21,39.0,39.0,423999,56225005.0,132.60645661900145,20.0,909.9090351558173,5.0,70.0,230.0,420.0,1575.0,52959234.0,2842120.0,54257440.0,18586105.0,14575930.0,13169000.0,906280.0,12.957488734214095,17.844872162523743,4.894898587921324,3.044522437723423,17.78503302462465,14.860061162383817,17.809250702269416,16.737924870300635,16.49488216466167,16.393376216628265,13.71710469146253,3.713572066704308
Flynn,2022-10-01,52,10,2022,-0.8660254037844386,0.5000000000000001,21,28.0,116.0,64.0,52.142857142857146,45.0,34.55905918031582,69.33333333333333,71.5,47.583333333333336,21,72.0,72.0,423999,56225005.0,132.60645661900145,20.0,909.9090351558173,5.0,70.0,230.0,420.0,1575.0,52959234.0,2842120.0,54257440.0,18586105.0,14575930.0,13169000.0,906280.0,12.957488734214095,17.844872162523743,4.894898587921324,3.044522437723423,17.78503302462465,14.860061162383817,17.809250702269416,16.737924870300635,16.49488216466167,16.393376216628265,13.71710469146253,3.970291913552122
Fox Hollow,2022-10-01,127,10,2022,-0.8660254037844386,0.5000000000000001,21,93.0,89.0,93.0,92.9047619047619,93.0,40.06108431121749,91.66666666666667,93.16666666666667,77.66666666666667,21,153.0,153.0,423999,56225005.0,132.60645661900145,20.0,909.9090351558173,5.0,70.0,230.0,420.0,1575.0,52959234.0,2842120.0,54257440.0,18586105.0,14575930.0,13169000.0,906280.0,12.957488734214095,17.844872162523743,4.894898587921324,3.044522437723423,17.78503302462465,14.860061162383817,17.809250702269416,16.737924870300635,16.49488216466167,16.393376216628265,13.71710469146253,4.852030263919617
Frick Pond,2022-10-01,206,10,2022,-0.8660254037844386,0.5000000000000001,21,117.0,260.0,271.0,136.23809523809524,117.0,75.82539466557675,216.0,165.5,119.0,21,189.0,189.0,423999,56225005.0,132.60645661900145,20.0,909.9090351558173,5.0,70.0,230.0,420.0,1575.0,52959234.0,2842120.0,54257440.0,18586105.0,14575930.0,13169000.0,906280.0,12.957488734214095,17.844872162523743,4.894898587921324,3.044522437723423,17.78503302462465,14.860061162383817,17.809250702269416,16.737924870300635,16.49488216466167,16.393376216628265,13.71710469146253,5.332718793265369
Giant Ledge,2022-10-01,1366,10,2022,-0.8660254037844386,0.5000000000000001,21,602.0,735.0,874.0,625.0,602.0,277.2053390539223,737.0,631.0,584.1666666666666,21,1444.0,1444.0,423999,56225005.0,132.60645661900145,20.0,909.9090351558173,5.0,70.0,230.0,420.0,1575.0,52959234.0,2842120.0,54257440.0,18586105.0,14575930.0,13169000.0,906280.0,12.957488734214095,17.844872162523743,4.894898587921324,3.044522437723423,17.78503302462465,14.860061162383817,17.809250702269416,16.737924870300635,16.49488216466167,16.393376216628265,13.71710469146253,7.220373836723949
Hardenburgh- MH Trail,2022-10-01,8,10,2022,-0.8660254037844386,0.5000000000000001,21,8.0,4.0,18.0,8.571428571428571,8.0,6.087457832062811,10.0,8.833333333333334,8.0,21,19.0,19.0,423999,56225005.0,132.60645661900145,20.0,909.9090351558173,5.0,70.0,230.0,420.0,1575.0,52959234.0,2842120.0,54257440.0,18586105.0,14575930.0,13169000.0,906280.0,12.957488734214095,17.844872162523743,4.894898587921324,3.044522437723423,17.78503302462465,14.860061162383817,17.809250702269416,16.737924870300635,16.49488216466167,16.393376216628265,13.71710469146253,2.1972245773362196
Kelly Hollow,2022-10-01,337,10,2022,-0.8660254037844386,0.5000000000000001,21,191.0,342.0,375.0,202.95238095238096,219.0,86.55661510853817,302.6666666666667,271.0,196.91666666666666,21,219.0,219.0,423999,56225005.0,132.60645661900145,20.0,909.9090351558173,5.0,70.0,230.0,420.0,1575.0,52959234.0,2842120.0,54257440.0,18586105.0,14575930.0,13169000.0,906280.0,12.957488734214095,17.844872162523743,4.894898587921324,3.044522437723423,17.78503302462465,14.860061162383817,17.809250702269416,16.737924870300635,16.49488216466167,16.393376216628265,13.71710469146253,5.823045895483019
Lane Street,2022-10-01,108,10,2022,-0.8660254037844386,0.5000000000000001,21,61.0,51.0,87.0,50.95,50.0,19.508365277220786,66.33333333333333,54.166666666666664,47.5,20,67.0,67.0,423999,56225005.0,132.60645661900145,20.0,909.9090351558173,5.0,70.0,230.0,420.0,1575.0,52959234.0,2842120.0,54257440.0,18586105.0,14575930.0,13169000.0,906280.0,12.957488734214095,17.844872162523743,4.894898587921324,3.044522437723423,17.78503302462465,14.860061162383817,17.809250702269416,16.737924870300635,16.49488216466167,16.393376216628265,13.71710469146253,4.6913478822291435
McKenley Hollow,2022-10-01,143,10,2022,-0.8660254037844386,0.5000000000000001,21,73.0,88.0,88.0,94.28571428571429,83.0,37.52484890994614,83.0,78.66666666666667,78.0,21,77.0,77.0,423999,56225005.0,132.60645661900145,20.0,909.9090351558173,5.0,70.0,230.0,420.0,1575.0,52959234.0,2842120.0,54257440.0,18586105.0,14575930.0,13169000.0,906280.0,12.957488734214095,17.844872162523743,4.894898587921324,3.044522437723423,17.78503302462465,14.860061162383817,17.809250702269416,16.737924870300635,16.49488216466167,16.393376216628265,13.71710469146253,4.969813299576001
Millbrook to BLM FT,2022-10-01,456,10,2022,-0.8660254037844386,0.5000000000000001,21,346.0,429.0,423.0,245.28571428571428,227.0,91.97507426316264,399.3333333333333,330.0,263.5833333333333,21,366.0,366.0,423999,56225005.0,132.60645661900145,20.0,909.9090351558173,5.0,70.0,230.0,420.0,1575.0,52959234.0,2842120.0,54257440.0,18586105.0,14575930.0,13169000.0,906280.0,12.957488734214095,17.844872162523743,4.894898587921324,3.044522437723423,17.78503302462465,14.860061162383817,17.809250702269416,16.737924870300635,16.49488216466167,16.393376216628265,13.71710469146253,6.124683390894205
Mt Tremper,2022-10-01,526,10,2022,-0.8660254037844386,0.5000000000000001,21,58.0,341.0,523.0,267.05882352941177,262.0,127.89080820578708,307.3333333333333,335.8333333333333,263.0,17,435.0,435.0,423999,56225005.0,132.60645661900145,20.0,909.9090351558173,5.0,70.0,230.0,420.0,1575.0,52959234.0,2842120.0,54257440.0,18586105.0,14575930.0,13169000.0,906280.0,12.957488734214095,17.844872162523743,4.894898587921324,3.044522437723423,17.78503302462465,14.860061162383817,17.809250702269416,16.737924870300635,16.49488216466167,16.393376216628265,13.71710469146253,6.267200548541362
Neversink Hardenburgh Trail,2022-10-01,20,10,2022,-0.8660254037844386,0.5000000000000001,21,13.0,36.0,34.0,15.0,11.0,13.149144458861192,27.666666666666668,21.166666666666668,13.166666666666666,21,14.0,14.0,423999,56225005.0,132.60645661900145,20.0,909.9090351558173,5.0,70.0,230.0,420.0,1575.0,52959234.0,2842120.0,54257440.0,18586105.0,14575930.0,13169000.0,906280.0,12.957488734214095,17.844872162523743,4.894898587921324,3.044522437723423,17.78503302462465,14.860061162383817,17.809250702269416,16.737924870300635,16.49488216466167,16.393376216628265,13.71710469146253,3.044522437723423
Onteora Lake,2022-10-01,240,10,2022,-0.8660254037844386,0.5000000000000001,21,186.0,190.0,195.0,162.5,175.5,33.77657683746449,190.33333333333334,178.66666666666666,162.5,8,,,423999,56225005.0,132.60645661900145,20.0,909.9090351558173,5.0,70.0,230.0,420.0,1575.0,52959234.0,2842120.0,54257440.0,18586105.0,14575930.0,13169000.0,906280.0,12.957488734214095,17.844872162523743,4.894898587921324,3.044522437723423,17.78503302462465,14.860061162383817,17.809250702269416,16.737924870300635,16.49488216466167,16.393376216628265,13.71710469146253,5.484796933490655
Overlook,2022-10-01,511,10,2022,-0.8660254037844386,0.5000000000000001,21,802.0,997.0,1217.0,708.8095238095239,776.0,333.1258949778025,1005.3333333333334,985.0,738.9166666666666,21,1203.0,1203.0,423999,56225005.0,132.60645661900145,20.0,909.9090351558173,5.0,70.0,230.0,420.0,1575.0,52959234.0,2842120.0,54257440.0,18586105.0,14575930.0,13169000.0,906280.0,12.957488734214095,17.844872162523743,4.894898587921324,3.044522437723423,17.78503302462465,14.860061162383817,17.809250702269416,16.737924870300635,16.49488216466167,16.393376216628265,13.71710469146253,6.238324625039508
Peekamoose,2022-10-01,211,10,2022,-0.8660254037844386,0.5000000000000001,21,163.0,135.0,206.0,143.1904761904762,143.0,45.64605026463851,168.0,160.0,138.5,21,219.0,219.0,423999,56225005.0,132.60645661900145,20.0,909.9090351558173,5.0,70.0,230.0,420.0,1575.0,52959234.0,2842120.0,54257440.0,18586105.0,14575930.0,13169000.0,906280.0,12.957488734214095,17.844872162523743,4.894898587921324,3.044522437723423,17.78503302462465,14.860061162383817,17.809250702269416,16.737924870300635,16.49488216466167,16.393376216628265,13.71710469146253,5.356586274672012
Red Hill Dinch Road,2022-10-01,278,10,2022,-0.8660254037844386,0.5000000000000001,21,263.0,308.0,250.0,195.3684210526316,227.0,104.87516946155864,273.6666666666667,232.33333333333334,207.41666666666666,19,333.0,333.0,423999,56225005.0,132.60645661900145,20.0,909.9090351558173,5.0,70.0,230.0,420.0,1575.0,52959234.0,2842120.0,54257440.0,18586105.0,14575930.0,13169000.0,906280.0,12.957488734214095,17.844872162523743,4.894898587921324,3.044522437723423,17.78503302462465,14.860061162383817,17.809250702269416,16.737924870300635,16.49488216466167,16.393376216628265,13.71710469146253,5.631211781821365
Rider Hollow,2022-10-01,218,10,2022,-0.8660254037844386,0.5000000000000001,21,223.0,147.0,231.0,192.3125,181.5,63.906931027341116,200.33333333333334,176.5,180.16666666666666,16,,,423999,56225005.0,132.60645661900145,20.0,909.9090351558173,5.0,70.0,230.0,420.0,1575.0,52959234.0,2842120.0,54257440.0,18586105.0,14575930.0,13169000.0,906280.0,12.957488734214095,17.844872162523743,4.894898587921324,3.044522437723423,17.78503302462465,14.860061162383817,17.809250702269416,16.737924870300635,16.49488216466167,16.393376216628265,13.71710469146253,5.389071729816501
Rochester Hollow,2022-10-01,225,10,2022,-0.8660254037844386,0.5000000000000001,21,169.0,187.0,283.0,276.3333333333333,161.0,526.7322216585325,213.0,186.16666666666666,345.1666666666667,21,2556.0,2556.0,423999,56225005.0,132.60645661900145,20.0,909.9090351558173,5.0,70.0,230.0,420.0,1575.0,52959234.0,2842120.0,54257440.0,18586105.0,14575930.0,13169000.0,906280.0,12.957488734214095,17.844872162523743,4.894898587921324,3.044522437723423,17.78503302462465,14.860061162383817,17.809250702269416,16.737924870300635,16.49488216466167,16.393376216628265,13.71710469146253,5.420534999272286
Seager,2022-10-01,61,10,2022,-0.8660254037844386,0.5000000000000001,21,46.0,119.0,119.0,64.0952380952381,50.0,40.14960119590823,94.66666666666667,78.83333333333333,61.166666666666664,21,104.0,104.0,423999,56225005.0,132.60645661900145,20.0,909.9090351558173,5.0,70.0,230.0,420.0,1575.0,52959234.0,2842120.0,54257440.0,18586105.0,14575930.0,13169000.0,906280.0,12.957488734214095,17.844872162523743,4.894898587921324,3.044522437723423,17.78503302462465,14.860061162383817,17.809250702269416,16.737924870300635,16.49488216466167,16.393376216628265,13.71710469146253,4.127134385045092
Slide Mt,2022-10-01,841,10,2022,-0.8660254037844386,0.5000000000000001,21,735.0,801.0,816.0,609.6190476190476,624.0,188.6810738231252,784.0,686.8333333333334,583.9166666666666,21,890.0,890.0,423999,56225005.0,132.60645661900145,20.0,909.9090351558173,5.0,70.0,230.0,420.0,1575.0,52959234.0,2842120.0,54257440.0,18586105.0,14575930.0,13169000.0,906280.0,12.957488734214095,17.844872162523743,4.894898587921324,3.044522437723423,17.78503302462465,14.860061162383817,17.809250702269416,16.737924870300635,16.49488216466167,16.393376216628265,13.71710469146253,6.7357800142423265
Trails End Road,2022-10-01,124,10,2022,-0.8660254037844386,0.5000000000000001,21,149.0,301.0,186.0,212.0,186.0,79.26537705707328,212.0,212.0,212.0,3,,,423999,56225005.0,132.60645661900145,20.0,909.9090351558173,5.0,70.0,230.0,420.0,1575.0,52959234.0,2842120.0,54257440.0,18586105.0,14575930.0,13169000.0,906280.0,12.957488734214095,17.844872162523743,4.894898587921324,3.044522437723423,17.78503302462465,14.860061162383817,17.809250702269416,16.737924870300635,16.49488216466167,16.393376216628265,13.71710469146253,4.8283137373023015
Upper Cherrytown Road,2022-10-01,237,10,2022,-0.8660254037844386,0.5000000000000001,21,170.0,341.0,704.0,173.5,136.5,164.21766402086772,405.0,334.0,194.5,18,115.0,115.0,423999,56225005.0,132.60645661900145,20.0,909.9090351558173,5.0,70.0,230.0,420.0,1575.0,52959234.0,2842120.0,54257440.0,18586105.0,14575930.0,13169000.0,906280.0,12.957488734214095,17.844872162523743,4.894898587921324,3.044522437723423,17.78503302462465,14.860061162383817,17.809250702269416,16.737924870300635,16.49488216466167,16.393376216628265,13.71710469146253,5.472270673671475
Wittenberg,2022-10-01,638,10,2022,-0.8660254037844386,0.5000000000000001,21,439.0,520.0,469.0,350.7142857142857,393.0,190.4537064110706,476.0,404.3333333333333,296.75,21,528.0,528.0,423999,56225005.0,132.60645661900145,20.0,909.9090351558173,5.0,70.0,230.0,420.0,1575.0,52959234.0,2842120.0,54257440.0,18586105.0,14575930.0,13169000.0,906280.0,12.957488734214095,17.844872162523743,4.894898587921324,3.044522437723423,17.78503302462465,14.860061162383817,17.809250702269416,16.737924870300635,16.49488216466167,16.393376216628265,13.71710469146253,6.459904454377535
Woodland Valley,2022-10-01,169,10,2022,-0.8660254037844386,0.5000000000000001,21,141.0,186.0,221.0,104.95238095238095,119.0,72.07321013419354,182.66666666666666,159.16666666666666,106.0,21,166.0,166.0,423999,56225005.0,132.60645661900145,20.0,909.9090351558173,5.0,70.0,230.0,420.0,1575.0,52959234.0,2842120.0,54257440.0,18586105.0,14575930.0,13169000.0,906280.0,12.957488734214095,17.844872162523743,4.894898587921324,3.044522437723423,17.78503302462465,14.860061162383817,17.809250702269416,16.737924870300635,16.49488216466167,16.393376216628265,13.71710469146253,5.135798437050262
Alder Lake,2022-11-01,40,11,2022,-0.5000000000000004,0.8660254037844384,22,203.0,176.0,320.0,177.95454545454547,204.5,111.14061332715386,233.0,241.83333333333334,150.0,22,106.0,106.0,374259,64645080.0,172.72819090522873,15.0,1034.0248938094155,5.0,65.0,210.0,430.0,3410.0,61893251.0,3094215.0,62279560.0,15229240.0,31485220.0,10059655.0,574610.0,12.832706022031779,17.984422573667143,5.157491956596704,2.772588722239781,17.940921717172728,14.945045120218767,17.947143856093412,16.538727887779203,17.265028819095846,16.1240435272202,13.261448569096263,3.713572066704308
Ashokan HP,2022-11-01,85,11,2022,-0.5000000000000004,0.8660254037844384,22,197.0,155.0,177.0,147.95454545454547,156.0,55.56590019129776,176.33333333333334,186.16666666666666,138.08333333333334,22,112.0,112.0,374259,64645080.0,172.72819090522873,15.0,1034.0248938094155,5.0,65.0,210.0,430.0,3410.0,61893251.0,3094215.0,62279560.0,15229240.0,31485220.0,10059655.0,574610.0,12.832706022031779,17.984422573667143,5.157491956596704,2.772588722239781,17.940921717172728,14.945045120218767,17.947143856093412,16.538727887779203,17.265028819095846,16.1240435272202,13.261448569096263,4.454347296253507
Bangle Hill,2022-11-01,10,11,2022,-0.5000000000000004,0.8660254037844384,22,7.0,30.0,19.0,11.8,7.0,10.788883167408942,18.666666666666668,17.333333333333332,11.8,10,,,374259,64645080.0,172.72819090522873,15.0,1034.0248938094155,5.0,65.0,210.0,430.0,3410.0,61893251.0,3094215.0,62279560.0,15229240.0,31485220.0,10059655.0,574610.0,12.832706022031779,17.984422573667143,5.157491956596704,2.772588722239781,17.940921717172728,14.945045120218767,17.947143856093412,16.538727887779203,17.265028819095846,16.1240435272202,13.261448569096263,2.3978952727983707
Beaverkill Road to BLM FT,2022-11-01,86,11,2022,-0.5000000000000004,0.8660254037844384,22,280.0,244.0,249.0,171.8181818181818,161.5,82.21032049893005,257.6666666666667,249.66666666666666,169.16666666666666,22,135.0,135.0,374259,64645080.0,172.72819090522873,15.0,1034.0248938094155,5.0,65.0,210.0,430.0,3410.0,61893251.0,3094215.0,62279560.0,15229240.0,31485220.0,10059655.0,574610.0,12.832706022031779,17.984422573667143,5.157491956596704,2.772588722239781,17.940921717172728,14.945045120218767,17.947143856093412,16.538727887779203,17.265028819095846,16.1240435272202,13.261448569096263,4.465908118654584
Biscuit Brook,2022-11-01,77,11,2022,-0.5000000000000004,0.8660254037844384,22,133.0,125.0,107.0,126.81818181818181,126.0,29.548404781108328,121.66666666666667,129.16666666666666,120.25,22,134.0,134.0,374259,64645080.0,172.72819090522873,15.0,1034.0248938094155,5.0,65.0,210.0,430.0,3410.0,61893251.0,3094215.0,62279560.0,15229240.0,31485220.0,10059655.0,574610.0,12.832706022031779,17.984422573667143,5.157491956596704,2.772588722239781,17.940921717172728,14.945045120218767,17.947143856093412,16.538727887779203,17.265028819095846,16.1240435272202,13.261448569096263,4.356708826689592
Cathedral Glen,2022-11-01,2,11,2022,-0.5000000000000004,0.8660254037844384,22,9.0,24.0,8.0,10.857142857142858,8.5,8.529200006287384,13.666666666666666,16.666666666666668,11.666666666666666,14,2.0,2.0,374259,64645080.0,172.72819090522873,15.0,1034.0248938094155,5.0,65.0,210.0,430.0,3410.0,61893251.0,3094215.0,62279560.0,15229240.0,31485220.0,10059655.0,574610.0,12.832706022031779,17.984422573667143,5.157491956596704,2.772588722239781,17.940921717172728,14.945045120218767,17.947143856093412,16.538727887779203,17.265028819095846,16.1240435272202,13.261448569096263,1.0986122886681098
Denning,2022-11-01,155,11,2022,-0.5000000000000004,0.8660254037844384,22,360.0,299.0,325.0,239.1818181818182,251.0,108.7897213122796,328.0,334.0,232.0,22,210.0,210.0,374259,64645080.0,172.72819090522873,15.0,1034.0248938094155,5.0,65.0,210.0,430.0,3410.0,61893251.0,3094215.0,62279560.0,15229240.0,31485220.0,10059655.0,574610.0,12.832706022031779,17.984422573667143,5.157491956596704,2.772588722239781,17.940921717172728,14.945045120218767,17.947143856093412,16.538727887779203,17.265028819095846,16.1240435272202,13.261448569096263,5.049856007249537
Dry Brook Ridge to Lean-to,2022-11-01,37,11,2022,-0.5000000000000004,0.8660254037844384,22,40.0,19.0,46.0,27.5,23.5,13.762440259807194,35.0,33.833333333333336,26.75,22,37.0,37.0,374259,64645080.0,172.72819090522873,15.0,1034.0248938094155,5.0,65.0,210.0,430.0,3410.0,61893251.0,3094215.0,62279560.0,15229240.0,31485220.0,10059655.0,574610.0,12.832706022031779,17.984422573667143,5.157491956596704,2.772588722239781,17.940921717172728,14.945045120218767,17.947143856093412,16.538727887779203,17.265028819095846,16.1240435272202,13.261448569096263,3.6375861597263857
Flynn,2022-11-01,28,11,2022,-0.5000000000000004,0.8660254037844384,22,52.0,28.0,116.0,52.13636363636363,46.0,33.726202127673815,65.33333333333333,75.5,45.916666666666664,22,45.0,45.0,374259,64645080.0,172.72819090522873,15.0,1034.0248938094155,5.0,65.0,210.0,430.0,3410.0,61893251.0,3094215.0,62279560.0,15229240.0,31485220.0,10059655.0,574610.0,12.832706022031779,17.984422573667143,5.157491956596704,2.772588722239781,17.940921717172728,14.945045120218767,17.947143856093412,16.538727887779203,17.265028819095846,16.1240435272202,13.261448569096263,3.367295829986474
Fox Hollow,2022-11-01,101,11,2022,-0.5000000000000004,0.8660254037844384,22,127.0,93.0,89.0,94.45454545454545,95.0,39.76565552467807,103.0,94.66666666666667,75.5,22,90.0,90.0,374259,64645080.0,172.72819090522873,15.0,1034.0248938094155,5.0,65.0,210.0,430.0,3410.0,61893251.0,3094215.0,62279560.0,15229240.0,31485220.0,10059655.0,574610.0,12.832706022031779,17.984422573667143,5.157491956596704,2.772588722239781,17.940921717172728,14.945045120218767,17.947143856093412,16.538727887779203,17.265028819095846,16.1240435272202,13.261448569096263,4.624972813284271
Frick Pond,2022-11-01,53,11,2022,-0.5000000000000004,0.8660254037844384,22,206.0,117.0,260.0,139.4090909090909,124.0,75.47794322462632,194.33333333333334,191.33333333333334,120.41666666666667,22,26.0,26.0,374259,64645080.0,172.72819090522873,15.0,1034.0248938094155,5.0,65.0,210.0,430.0,3410.0,61893251.0,3094215.0,62279560.0,15229240.0,31485220.0,10059655.0,574610.0,12.832706022031779,17.984422573667143,5.157491956596704,2.772588722239781,17.940921717172728,14.945045120218767,17.947143856093412,16.538727887779203,17.265028819095846,16.1240435272202,13.261448569096263,3.9889840465642745
Giant Ledge,2022-11-01,367,11,2022,-0.5000000000000004,0.8660254037844384,22,1366.0,602.0,735.0,658.6818181818181,603.0,313.2759906541616,901.0,796.5,577.6666666666666,22,501.0,501.0,374259,64645080.0,172.72819090522873,15.0,1034.0248938094155,5.0,65.0,210.0,430.0,3410.0,61893251.0,3094215.0,62279560.0,15229240.0,31485220.0,10059655.0,574610.0,12.832706022031779,17.984422573667143,5.157491956596704,2.772588722239781,17.940921717172728,14.945045120218767,17.947143856093412,16.538727887779203,17.265028819095846,16.1240435272202,13.261448569096263,5.908082938168931
Hardenburgh- MH Trail,2022-11-01,5,11,2022,-0.5000000000000004,0.8660254037844384,22,8.0,8.0,4.0,8.545454545454545,8.0,5.9419996051295145,6.666666666666667,7.666666666666667,7.083333333333333,22,8.0,8.0,374259,64645080.0,172.72819090522873,15.0,1034.0248938094155,5.0,65.0,210.0,430.0,3410.0,61893251.0,3094215.0,62279560.0,15229240.0,31485220.0,10059655.0,574610.0,12.832706022031779,17.984422573667143,5.157491956596704,2.772588722239781,17.940921717172728,14.945045120218767,17.947143856093412,16.538727887779203,17.265028819095846,16.1240435272202,13.261448569096263,1.791759469228055
Kelly Hollow,2022-11-01,180,11,2022,-0.5000000000000004,0.8660254037844384,22,337.0,191.0,342.0,209.04545454545453,221.5,89.17424210244488,290.0,288.3333333333333,206.75,22,132.0,132.0,374259,64645080.0,172.72819090522873,15.0,1034.0248938094155,5.0,65.0,210.0,430.0,3410.0,61893251.0,3094215.0,62279560.0,15229240.0,31485220.0,10059655.0,574610.0,12.832706022031779,17.984422573667143,5.157491956596704,2.772588722239781,17.940921717172728,14.945045120218767,17.947143856093412,16.538727887779203,17.265028819095846,16.1240435272202,13.261448569096263,5.198497031265826
Lane Street,2022-11-01,61,11,2022,-0.5000000000000004,0.8660254037844384,22,108.0,61.0,51.0,53.666666666666664,51.0,22.72736969676283,73.33333333333333,65.5,51.583333333333336,21,48.0,48.0,374259,64645080.0,172.72819090522873,15.0,1034.0248938094155,5.0,65.0,210.0,430.0,3410.0,61893251.0,3094215.0,62279560.0,15229240.0,31485220.0,10059655.0,574610.0,12.832706022031779,17.984422573667143,5.157491956596704,2.772588722239781,17.940921717172728,14.945045120218767,17.947143856093412,16.538727887779203,17.265028819095846,16.1240435272202,13.261448569096263,4.127134385045092
McKenley Hollow,2022-11-01,77,11,2022,-0.5000000000000004,0.8660254037844384,22,143.0,73.0,88.0,96.5,85.5,38.06479438311169,101.33333333333333,91.5,83.5,22,80.0,80.0,374259,64645080.0,172.72819090522873,15.0,1034.0248938094155,5.0,65.0,210.0,430.0,3410.0,61893251.0,3094215.0,62279560.0,15229240.0,31485220.0,10059655.0,574610.0,12.832706022031779,17.984422573667143,5.157491956596704,2.772588722239781,17.940921717172728,14.945045120218767,17.947143856093412,16.538727887779203,17.265028819095846,16.1240435272202,13.261448569096263,4.356708826689592
Millbrook to BLM FT,2022-11-01,188,11,2022,-0.5000000000000004,0.8660254037844384,22,456.0,346.0,429.0,254.86363636363637,237.5,100.37325362510694,410.3333333333333,370.1666666666667,271.0833333333333,22,193.0,193.0,374259,64645080.0,172.72819090522873,15.0,1034.0248938094155,5.0,65.0,210.0,430.0,3410.0,61893251.0,3094215.0,62279560.0,15229240.0,31485220.0,10059655.0,574610.0,12.832706022031779,17.984422573667143,5.157491956596704,2.772588722239781,17.940921717172728,14.945045120218767,17.947143856093412,16.538727887779203,17.265028819095846,16.1240435272202,13.261448569096263,5.241747015059643
Mt Tremper,2022-11-01,365,11,2022,-0.5000000000000004,0.8660254037844384,22,526.0,58.0,341.0,281.44444444444446,285.5,138.27135393949624,308.3333333333333,362.8333333333333,270.5833333333333,18,194.0,194.0,374259,64645080.0,172.72819090522873,15.0,1034.0248938094155,5.0,65.0,210.0,430.0,3410.0,61893251.0,3094215.0,62279560.0,15229240.0,31485220.0,10059655.0,574610.0,12.832706022031779,17.984422573667143,5.157491956596704,2.772588722239781,17.940921717172728,14.945045120218767,17.947143856093412,16.538727887779203,17.265028819095846,16.1240435272202,13.261448569096263,5.902633333401366
Neversink Hardenburgh Trail,2022-11-01,12,11,2022,-0.5000000000000004,0.8660254037844384,22,20.0,13.0,36.0,15.227272727272727,12.0,12.876452551189333,23.0,23.5,13.666666666666666,22,10.0,10.0,374259,64645080.0,172.72819090522873,15.0,1034.0248938094155,5.0,65.0,210.0,430.0,3410.0,61893251.0,3094215.0,62279560.0,15229240.0,31485220.0,10059655.0,574610.0,12.832706022031779,17.984422573667143,5.157491956596704,2.772588722239781,17.940921717172728,14.945045120218767,17.947143856093412,16.538727887779203,17.265028819095846,16.1240435272202,13.261448569096263,2.5649493574615367
Onteora Lake,2022-11-01,169,11,2022,-0.5000000000000004,0.8660254037844384,22,240.0,186.0,190.0,171.11111111111111,186.0,40.81189913629493,205.33333333333334,193.83333333333334,171.11111111111111,9,,,374259,64645080.0,172.72819090522873,15.0,1034.0248938094155,5.0,65.0,210.0,430.0,3410.0,61893251.0,3094215.0,62279560.0,15229240.0,31485220.0,10059655.0,574610.0,12.832706022031779,17.984422573667143,5.157491956596704,2.772588722239781,17.940921717172728,14.945045120218767,17.947143856093412,16.538727887779203,17.265028819095846,16.1240435272202,13.261448569096263,5.135798437050262
Overlook,2022-11-01,552,11,2022,-0.5000000000000004,0.8660254037844384,22,511.0,802.0,997.0,699.8181818181819,751.5,327.8216176322315,770.0,919.1666666666666,681.25,22,698.0,698.0,374259,64645080.0,172.72819090522873,15.0,1034.0248938094155,5.0,65.0,210.0,430.0,3410.0,61893251.0,3094215.0,62279560.0,15229240.0,31485220.0,10059655.0,574610.0,12.832706022031779,17.984422573667143,5.157491956596704,2.772588722239781,17.940921717172728,14.945045120218767,17.947143856093412,16.538727887779203,17.265028819095846,16.1240435272202,13.261448569096263,6.315358001522335
Peekamoose,2022-11-01,88,11,2022,-0.5000000000000004,0.8660254037844384,22,211.0,163.0,135.0,146.27272727272728,143.5,46.83322164180732,169.66666666666666,167.16666666666666,137.83333333333334,22,122.0,122.0,374259,64645080.0,172.72819090522873,15.0,1034.0248938094155,5.0,65.0,210.0,430.0,3410.0,61893251.0,3094215.0,62279560.0,15229240.0,31485220.0,10059655.0,574610.0,12.832706022031779,17.984422573667143,5.157491956596704,2.772588722239781,17.940921717172728,14.945045120218767,17.947143856093412,16.538727887779203,17.265028819095846,16.1240435272202,13.261448569096263,4.48863636973214
Red Hill Dinch Road,2022-11-01,99,11,2022,-0.5000000000000004,0.8660254037844384,22,278.0,263.0,308.0,199.5,229.5,103.73676199628406,283.0,243.16666666666666,204.41666666666666,20,115.0,115.0,374259,64645080.0,172.72819090522873,15.0,1034.0248938094155,5.0,65.0,210.0,430.0,3410.0,61893251.0,3094215.0,62279560.0,15229240.0,31485220.0,10059655.0,574610.0,12.832706022031779,17.984422573667143,5.157491956596704,2.772588722239781,17.940921717172728,14.945045120218767,17.947143856093412,16.538727887779203,17.265028819095846,16.1240435272202,13.261448569096263,4.605170185988092
Rider Hollow,2022-11-01,108,11,2022,-0.5000000000000004,0.8660254037844384,22,218.0,223.0,147.0,193.8235294117647,187.0,62.1904688176951,196.0,194.16666666666666,177.16666666666666,17,148.0,148.0,374259,64645080.0,172.72819090522873,15.0,1034.0248938094155,5.0,65.0,210.0,430.0,3410.0,61893251.0,3094215.0,62279560.0,15229240.0,31485220.0,10059655.0,574610.0,12.832706022031779,17.984422573667143,5.157491956596704,2.772588722239781,17.940921717172728,14.945045120218767,17.947143856093412,16.538727887779203,17.265028819095846,16.1240435272202,13.261448569096263,4.6913478822291435
Rochester Hollow,2022-11-01,140,11,2022,-0.5000000000000004,0.8660254037844384,22,225.0,169.0,187.0,274.0,165.0,514.1545070723947,193.66666666666666,199.0,150.91666666666666,22,135.0,135.0,374259,64645080.0,172.72819090522873,15.0,1034.0248938094155,5.0,65.0,210.0,430.0,3410.0,61893251.0,3094215.0,62279560.0,15229240.0,31485220.0,10059655.0,574610.0,12.832706022031779,17.984422573667143,5.157491956596704,2.772588722239781,17.940921717172728,14.945045120218767,17.947143856093412,16.538727887779203,17.265028819095846,16.1240435272202,13.261448569096263,4.948759890378168
Seager,2022-11-01,19,11,2022,-0.5000000000000004,0.8660254037844384,22,61.0,46.0,119.0,63.95454545454545,50.0,39.187555450225545,75.33333333333333,80.66666666666667,57.583333333333336,22,50.0,50.0,374259,64645080.0,172.72819090522873,15.0,1034.0248938094155,5.0,65.0,210.0,430.0,3410.0,61893251.0,3094215.0,62279560.0,15229240.0,31485220.0,10059655.0,574610.0,12.832706022031779,17.984422573667143,5.157491956596704,2.772588722239781,17.940921717172728,14.945045120218767,17.947143856093412,16.538727887779203,17.265028819095846,16.1240435272202,13.261448569096263,2.995732273553991
Slide Mt,2022-11-01,355,11,2022,-0.5000000000000004,0.8660254037844384,22,841.0,735.0,801.0,620.1363636363636,652.0,190.62735911534327,792.3333333333334,771.8333333333334,579.8333333333334,22,467.0,467.0,374259,64645080.0,172.72819090522873,15.0,1034.0248938094155,5.0,65.0,210.0,430.0,3410.0,61893251.0,3094215.0,62279560.0,15229240.0,31485220.0,10059655.0,574610.0,12.832706022031779,17.984422573667143,5.157491956596704,2.772588722239781,17.940921717172728,14.945045120218767,17.947143856093412,16.538727887779203,17.265028819095846,16.1240435272202,13.261448569096263,5.87493073085203
Trails End Road,2022-11-01,86,11,2022,-0.5000000000000004,0.8660254037844384,22,124.0,149.0,301.0,190.0,167.5,78.26024959496786,191.33333333333334,190.0,190.0,4,,,374259,64645080.0,172.72819090522873,15.0,1034.0248938094155,5.0,65.0,210.0,430.0,3410.0,61893251.0,3094215.0,62279560.0,15229240.0,31485220.0,10059655.0,574610.0,12.832706022031779,17.984422573667143,5.157491956596704,2.772588722239781,17.940921717172728,14.945045120218767,17.947143856093412,16.538727887779203,17.265028819095846,16.1240435272202,13.261448569096263,4.465908118654584
Upper Cherrytown Road,2022-11-01,86,11,2022,-0.5000000000000004,0.8660254037844384,22,237.0,170.0,341.0,176.8421052631579,152.0,160.2544030103714,249.33333333333334,344.5,204.66666666666666,19,70.0,70.0,374259,64645080.0,172.72819090522873,15.0,1034.0248938094155,5.0,65.0,210.0,430.0,3410.0,61893251.0,3094215.0,62279560.0,15229240.0,31485220.0,10059655.0,574610.0,12.832706022031779,17.984422573667143,5.157491956596704,2.772588722239781,17.940921717172728,14.945045120218767,17.947143856093412,16.538727887779203,17.265028819095846,16.1240435272202,13.261448569096263,4.465908118654584
Wittenberg,2022-11-01,173,11,2022,-0.5000000000000004,0.8660254037844384,22,638.0,439.0,520.0,363.77272727272725,408.5,195.6958115273565,532.3333333333334,480.5,305.9166666666667,22,227.0,227.0,374259,64645080.0,172.72819090522873,15.0,1034.0248938094155,5.0,65.0,210.0,430.0,3410.0,61893251.0,3094215.0,62279560.0,15229240.0,31485220.0,10059655.0,574610.0,12.832706022031779,17.984422573667143,5.157491956596704,2.772588722239781,17.940921717172728,14.945045120218767,17.947143856093412,16.538727887779203,17.265028819095846,16.1240435272202,13.261448569096263,5.159055299214529
Woodchuck Hollow,2022-11-01,3,11,2022,-0.5000000000000004,0.8660254037844384,22,1.0,3.0,3.0,4.230769230769231,5.0,2.3506682083273738,2.3333333333333335,2.0,4.166666666666667,13,2.0,2.0,374259,64645080.0,172.72819090522873,15.0,1034.0248938094155,5.0,65.0,210.0,430.0,3410.0,61893251.0,3094215.0,62279560.0,15229240.0,31485220.0,10059655.0,574610.0,12.832706022031779,17.984422573667143,5.157491956596704,2.772588722239781,17.940921717172728,14.945045120218767,17.947143856093412,16.538727887779203,17.265028819095846,16.1240435272202,13.261448569096263,1.3862943611198906
Woodland Valley,2022-11-01,50,11,2022,-0.5000000000000004,0.8660254037844384,22,169.0,141.0,186.0,107.86363636363636,126.0,71.64947443036262,165.33333333333334,173.16666666666666,106.25,22,44.0,44.0,374259,64645080.0,172.72819090522873,15.0,1034.0248938094155,5.0,65.0,210.0,430.0,3410.0,61893251.0,3094215.0,62279560.0,15229240.0,31485220.0,10059655.0,574610.0,12.832706022031779,17.984422573667143,5.157491956596704,2.772588722239781,17.940921717172728,14.945045120218767,17.947143856093412,16.538727887779203,17.265028819095846,16.1240435272202,13.261448569096263,3.9318256327243257
Alder Lake,2022-12-01,51,12,2022,-2.4492935982947064e-16,1.0,23,40.0,203.0,176.0,171.95652173913044,203.0,112.33087419068139,139.66666666666666,214.16666666666666,144.5,23,62.0,62.0,345744,29489240.0,85.29212365218196,15.0,566.697032696317,5.0,50.0,145.0,270.0,955.0,28498220.0,1308435.0,28822410.0,9062205.0,8303475.0,5673775.0,334165.0,12.753456788106458,17.199536042922094,4.457738326858032,2.772588722239781,17.16535222223797,14.084343088789401,17.176663802219096,16.019623136239524,15.932184780277323,15.551365415249473,12.719393154480294,3.9512437185814275
Ashokan HP,2022-12-01,49,12,2022,-2.4492935982947064e-16,1.0,23,85.0,197.0,155.0,145.2173913043478,155.0,55.8528558086002,145.66666666666666,171.5,135.83333333333334,23,119.0,119.0,345744,29489240.0,85.29212365218196,15.0,566.697032696317,5.0,50.0,145.0,270.0,955.0,28498220.0,1308435.0,28822410.0,9062205.0,8303475.0,5673775.0,334165.0,12.753456788106458,17.199536042922094,4.457738326858032,2.772588722239781,17.16535222223797,14.084343088789401,17.176663802219096,16.019623136239524,15.932184780277323,15.551365415249473,12.719393154480294,3.912023005428146
Bangle Hill,2022-12-01,4,12,2022,-2.4492935982947064e-16,1.0,23,10.0,7.0,30.0,11.636363636363637,7.0,10.249611966047565,15.666666666666666,16.666666666666668,11.636363636363637,11,,,345744,29489240.0,85.29212365218196,15.0,566.697032696317,5.0,50.0,145.0,270.0,955.0,28498220.0,1308435.0,28822410.0,9062205.0,8303475.0,5673775.0,334165.0,12.753456788106458,17.199536042922094,4.457738326858032,2.772588722239781,17.16535222223797,14.084343088789401,17.176663802219096,16.019623136239524,15.932184780277323,15.551365415249473,12.719393154480294,1.6094379124341003
Beaverkill Road to BLM FT,2022-12-01,63,12,2022,-2.4492935982947064e-16,1.0,23,86.0,280.0,244.0,168.08695652173913,152.0,82.28935258833378,203.33333333333334,227.83333333333334,165.08333333333334,23,88.0,88.0,345744,29489240.0,85.29212365218196,15.0,566.697032696317,5.0,50.0,145.0,270.0,955.0,28498220.0,1308435.0,28822410.0,9062205.0,8303475.0,5673775.0,334165.0,12.753456788106458,17.199536042922094,4.457738326858032,2.772588722239781,17.16535222223797,14.084343088789401,17.176663802219096,16.019623136239524,15.932184780277323,15.551365415249473,12.719393154480294,4.1588830833596715
Biscuit Brook,2022-12-01,72,12,2022,-2.4492935982947064e-16,1.0,23,77.0,133.0,125.0,124.65217391304348,125.0,30.681070112385378,111.66666666666667,118.0,115.5,23,111.0,111.0,345744,29489240.0,85.29212365218196,15.0,566.697032696317,5.0,50.0,145.0,270.0,955.0,28498220.0,1308435.0,28822410.0,9062205.0,8303475.0,5673775.0,334165.0,12.753456788106458,17.199536042922094,4.457738326858032,2.772588722239781,17.16535222223797,14.084343088789401,17.176663802219096,16.019623136239524,15.932184780277323,15.551365415249473,12.719393154480294,4.290459441148391
Cathedral Glen,2022-12-01,0,12,2022,-2.4492935982947064e-16,1.0,23,2.0,9.0,24.0,10.266666666666667,8.0,8.531175322366336,11.666666666666666,13.166666666666666,11.666666666666666,15,4.0,4.0,345744,29489240.0,85.29212365218196,15.0,566.697032696317,5.0,50.0,145.0,270.0,955.0,28498220.0,1308435.0,28822410.0,9062205.0,8303475.0,5673775.0,334165.0,12.753456788106458,17.199536042922094,4.457738326858032,2.772588722239781,17.16535222223797,14.084343088789401,17.176663802219096,16.019623136239524,15.932184780277323,15.551365415249473,12.719393154480294,0.0
Denning,2022-12-01,72,12,2022,-2.4492935982947064e-16,1.0,23,155.0,360.0,299.0,235.52173913043478,249.0,107.72813828641117,271.3333333333333,317.6666666666667,227.41666666666666,23,160.0,160.0,345744,29489240.0,85.29212365218196,15.0,566.697032696317,5.0,50.0,145.0,270.0,955.0,28498220.0,1308435.0,28822410.0,9062205.0,8303475.0,5673775.0,334165.0,12.753456788106458,17.199536042922094,4.457738326858032,2.772588722239781,17.16535222223797,14.084343088789401,17.176663802219096,16.019623136239524,15.932184780277323,15.551365415249473,12.719393154480294,4.290459441148391
Dry Brook Ridge to Lean-to,2022-12-01,0,12,2022,-2.4492935982947064e-16,1.0,23,37.0,40.0,19.0,27.91304347826087,25.0,13.591150340899507,32.0,34.166666666666664,26.75,23,22.0,22.0,345744,29489240.0,85.29212365218196,15.0,566.697032696317,5.0,50.0,145.0,270.0,955.0,28498220.0,1308435.0,28822410.0,9062205.0,8303475.0,5673775.0,334165.0,12.753456788106458,17.199536042922094,4.457738326858032,2.772588722239781,17.16535222223797,14.084343088789401,17.176663802219096,16.019623136239524,15.932184780277323,15.551365415249473,12.719393154480294,0.0
Flynn,2022-12-01,13,12,2022,-2.4492935982947064e-16,1.0,23,28.0,52.0,28.0,51.08695652173913,45.0,33.33291172328887,36.0,67.83333333333333,44.5,23,0.0,0.0,345744,29489240.0,85.29212365218196,15.0,566.697032696317,5.0,50.0,145.0,270.0,955.0,28498220.0,1308435.0,28822410.0,9062205.0,8303475.0,5673775.0,334165.0,12.753456788106458,17.199536042922094,4.457738326858032,2.772588722239781,17.16535222223797,14.084343088789401,17.176663802219096,16.019623136239524,15.932184780277323,15.551365415249473,12.719393154480294,2.6390573296152584
Fox Hollow,2022-12-01,20,12,2022,-2.4492935982947064e-16,1.0,23,101.0,127.0,93.0,94.73913043478261,97.0,38.87534553053615,107.0,98.16666666666667,76.41666666666667,23,58.0,58.0,345744,29489240.0,85.29212365218196,15.0,566.697032696317,5.0,50.0,145.0,270.0,955.0,28498220.0,1308435.0,28822410.0,9062205.0,8303475.0,5673775.0,334165.0,12.753456788106458,17.199536042922094,4.457738326858032,2.772588722239781,17.16535222223797,14.084343088789401,17.176663802219096,16.019623136239524,15.932184780277323,15.551365415249473,12.719393154480294,3.044522437723423
Frick Pond,2022-12-01,39,12,2022,-2.4492935982947064e-16,1.0,23,53.0,206.0,117.0,135.65217391304347,117.0,75.91179612230127,125.33333333333333,181.83333333333334,122.66666666666667,23,79.0,79.0,345744,29489240.0,85.29212365218196,15.0,566.697032696317,5.0,50.0,145.0,270.0,955.0,28498220.0,1308435.0,28822410.0,9062205.0,8303475.0,5673775.0,334165.0,12.753456788106458,17.199536042922094,4.457738326858032,2.772588722239781,17.16535222223797,14.084343088789401,17.176663802219096,16.019623136239524,15.932184780277323,15.551365415249473,12.719393154480294,3.6888794541139363
Giant Ledge,2022-12-01,238,12,2022,-2.4492935982947064e-16,1.0,23,367.0,1366.0,602.0,646.0,602.0,312.0575413139524,778.3333333333334,762.8333333333334,566.5,23,375.0,375.0,345744,29489240.0,85.29212365218196,15.0,566.697032696317,5.0,50.0,145.0,270.0,955.0,28498220.0,1308435.0,28822410.0,9062205.0,8303475.0,5673775.0,334165.0,12.753456788106458,17.199536042922094,4.457738326858032,2.772588722239781,17.16535222223797,14.084343088789401,17.176663802219096,16.019623136239524,15.932184780277323,15.551365415249473,12.719393154480294,5.476463551931511
Hardenburgh- MH Trail,2022-12-01,5,12,2022,-2.4492935982947064e-16,1.0,23,5.0,8.0,8.0,8.391304347826088,8.0,5.852265532057436,7.0,8.333333333333334,6.833333333333333,23,10.0,10.0,345744,29489240.0,85.29212365218196,15.0,566.697032696317,5.0,50.0,145.0,270.0,955.0,28498220.0,1308435.0,28822410.0,9062205.0,8303475.0,5673775.0,334165.0,12.753456788106458,17.199536042922094,4.457738326858032,2.772588722239781,17.16535222223797,14.084343088789401,17.176663802219096,16.019623136239524,15.932184780277323,15.551365415249473,12.719393154480294,1.791759469228055
Kelly Hollow,2022-12-01,90,12,2022,-2.4492935982947064e-16,1.0,23,180.0,337.0,191.0,207.7826086956522,219.0,87.3342359828238,236.0,274.8333333333333,210.75,23,130.0,130.0,345744,29489240.0,85.29212365218196,15.0,566.697032696317,5.0,50.0,145.0,270.0,955.0,28498220.0,1308435.0,28822410.0,9062205.0,8303475.0,5673775.0,334165.0,12.753456788106458,17.199536042922094,4.457738326858032,2.772588722239781,17.16535222223797,14.084343088789401,17.176663802219096,16.019623136239524,15.932184780277323,15.551365415249473,12.719393154480294,4.51085950651685
Lane Street,2022-12-01,11,12,2022,-2.4492935982947064e-16,1.0,23,61.0,108.0,61.0,54.0,52.0,22.234679048300933,76.66666666666667,68.0,51.083333333333336,22,31.0,31.0,345744,29489240.0,85.29212365218196,15.0,566.697032696317,5.0,50.0,145.0,270.0,955.0,28498220.0,1308435.0,28822410.0,9062205.0,8303475.0,5673775.0,334165.0,12.753456788106458,17.199536042922094,4.457738326858032,2.772588722239781,17.16535222223797,14.084343088789401,17.176663802219096,16.019623136239524,15.932184780277323,15.551365415249473,12.719393154480294,2.4849066497880004
McKenley Hollow,2022-12-01,60,12,2022,-2.4492935982947064e-16,1.0,23,77.0,143.0,73.0,95.65217391304348,83.0,37.41123882623822,97.66666666666667,86.33333333333333,83.25,23,65.0,65.0,345744,29489240.0,85.29212365218196,15.0,566.697032696317,5.0,50.0,145.0,270.0,955.0,28498220.0,1308435.0,28822410.0,9062205.0,8303475.0,5673775.0,334165.0,12.753456788106458,17.199536042922094,4.457738326858032,2.772588722239781,17.16535222223797,14.084343088789401,17.176663802219096,16.019623136239524,15.932184780277323,15.551365415249473,12.719393154480294,4.110873864173311
Millbrook to BLM FT,2022-12-01,122,12,2022,-2.4492935982947064e-16,1.0,23,188.0,456.0,346.0,251.95652173913044,227.0,99.05162944870057,330.0,359.5,270.6666666666667,23,158.0,158.0,345744,29489240.0,85.29212365218196,15.0,566.697032696317,5.0,50.0,145.0,270.0,955.0,28498220.0,1308435.0,28822410.0,9062205.0,8303475.0,5673775.0,334165.0,12.753456788106458,17.199536042922094,4.457738326858032,2.772588722239781,17.16535222223797,14.084343088789401,17.176663802219096,16.019623136239524,15.932184780277323,15.551365415249473,12.719393154480294,4.812184355372417
Neversink Hardenburgh Trail,2022-12-01,5,12,2022,-2.4492935982947064e-16,1.0,23,12.0,20.0,13.0,15.08695652173913,12.0,12.598387499554567,15.0,22.333333333333332,13.833333333333334,23,6.0,6.0,345744,29489240.0,85.29212365218196,15.0,566.697032696317,5.0,50.0,145.0,270.0,955.0,28498220.0,1308435.0,28822410.0,9062205.0,8303475.0,5673775.0,334165.0,12.753456788106458,17.199536042922094,4.457738326858032,2.772588722239781,17.16535222223797,14.084343088789401,17.176663802219096,16.019623136239524,15.932184780277323,15.551365415249473,12.719393154480294,1.791759469228055
Onteora Lake,2022-12-01,127,12,2022,-2.4492935982947064e-16,1.0,23,169.0,240.0,186.0,170.9,177.5,38.483618448489075,198.33333333333334,194.5,170.9,10,,,345744,29489240.0,85.29212365218196,15.0,566.697032696317,5.0,50.0,145.0,270.0,955.0,28498220.0,1308435.0,28822410.0,9062205.0,8303475.0,5673775.0,334165.0,12.753456788106458,17.199536042922094,4.457738326858032,2.772588722239781,17.16535222223797,14.084343088789401,17.176663802219096,16.019623136239524,15.932184780277323,15.551365415249473,12.719393154480294,4.852030263919617
Overlook,2022-12-01,302,12,2022,-2.4492935982947064e-16,1.0,23,552.0,511.0,802.0,693.3913043478261,727.0,321.7641342703795,621.6666666666666,839.6666666666666,669.0833333333334,23,325.0,325.0,345744,29489240.0,85.29212365218196,15.0,566.697032696317,5.0,50.0,145.0,270.0,955.0,28498220.0,1308435.0,28822410.0,9062205.0,8303475.0,5673775.0,334165.0,12.753456788106458,17.199536042922094,4.457738326858032,2.772588722239781,17.16535222223797,14.084343088789401,17.176663802219096,16.019623136239524,15.932184780277323,15.551365415249473,12.719393154480294,5.713732805509369
Peekamoose,2022-12-01,58,12,2022,-2.4492935982947064e-16,1.0,23,88.0,211.0,163.0,143.7391304347826,143.0,47.34229071473599,154.0,163.0,135.0,23,127.0,127.0,345744,29489240.0,85.29212365218196,15.0,566.697032696317,5.0,50.0,145.0,270.0,955.0,28498220.0,1308435.0,28822410.0,9062205.0,8303475.0,5673775.0,334165.0,12.753456788106458,17.199536042922094,4.457738326858032,2.772588722239781,17.16535222223797,14.084343088789401,17.176663802219096,16.019623136239524,15.932184780277323,15.551365415249473,12.719393154480294,4.07753744390572
Red Hill Dinch Road,2022-12-01,97,12,2022,-2.4492935982947064e-16,1.0,23,99.0,278.0,263.0,194.71428571428572,227.0,103.46117284138184,213.33333333333334,228.0,193.33333333333334,21,40.0,40.0,345744,29489240.0,85.29212365218196,15.0,566.697032696317,5.0,50.0,145.0,270.0,955.0,28498220.0,1308435.0,28822410.0,9062205.0,8303475.0,5673775.0,334165.0,12.753456788106458,17.199536042922094,4.457738326858032,2.772588722239781,17.16535222223797,14.084343088789401,17.176663802219096,16.019623136239524,15.932184780277323,15.551365415249473,12.719393154480294,4.584967478670572
Rider Hollow,2022-12-01,136,12,2022,-2.4492935982947064e-16,1.0,23,108.0,218.0,223.0,189.05555555555554,181.5,63.63450065178964,183.0,179.66666666666666,173.83333333333334,18,200.0,200.0,345744,29489240.0,85.29212365218196,15.0,566.697032696317,5.0,50.0,145.0,270.0,955.0,28498220.0,1308435.0,28822410.0,9062205.0,8303475.0,5673775.0,334165.0,12.753456788106458,17.199536042922094,4.457738326858032,2.772588722239781,17.16535222223797,14.084343088789401,17.176663802219096,16.019623136239524,15.932184780277323,15.551365415249473,12.719393154480294,4.919980925828125
Rochester Hollow,2022-12-01,76,12,2022,-2.4492935982947064e-16,1.0,23,140.0,225.0,169.0,268.17391304347825,161.0,503.10975236512877,178.0,194.16666666666666,151.33333333333334,23,110.0,110.0,345744,29489240.0,85.29212365218196,15.0,566.697032696317,5.0,50.0,145.0,270.0,955.0,28498220.0,1308435.0,28822410.0,9062205.0,8303475.0,5673775.0,334165.0,12.753456788106458,17.199536042922094,4.457738326858032,2.772588722239781,17.16535222223797,14.084343088789401,17.176663802219096,16.019623136239524,15.932184780277323,15.551365415249473,12.719393154480294,4.343805421853684
Seager,2022-12-01,16,12,2022,-2.4492935982947064e-16,1.0,23,19.0,61.0,46.0,62.0,50.0,39.417347357822955,42.0,71.0,55.0,23,48.0,48.0,345744,29489240.0,85.29212365218196,15.0,566.697032696317,5.0,50.0,145.0,270.0,955.0,28498220.0,1308435.0,28822410.0,9062205.0,8303475.0,5673775.0,334165.0,12.753456788106458,17.199536042922094,4.457738326858032,2.772588722239781,17.16535222223797,14.084343088789401,17.176663802219096,16.019623136239524,15.932184780277323,15.551365415249473,12.719393154480294,2.833213344056216
Slide Mt,2022-12-01,264,12,2022,-2.4492935982947064e-16,1.0,23,355.0,841.0,735.0,608.6086956521739,624.0,194.27668627511517,643.6666666666666,717.6666666666666,570.5,23,404.0,404.0,345744,29489240.0,85.29212365218196,15.0,566.697032696317,5.0,50.0,145.0,270.0,955.0,28498220.0,1308435.0,28822410.0,9062205.0,8303475.0,5673775.0,334165.0,12.753456788106458,17.199536042922094,4.457738326858032,2.772588722239781,17.16535222223797,14.084343088789401,17.176663802219096,16.019623136239524,15.932184780277323,15.551365415249473,12.719393154480294,5.579729825986222
Trails End Road,2022-12-01,32,12,2022,-2.4492935982947064e-16,1.0,23,86.0,124.0,149.0,169.2,149.0,82.1991484140803,119.66666666666667,169.2,169.2,5,,,345744,29489240.0,85.29212365218196,15.0,566.697032696317,5.0,50.0,145.0,270.0,955.0,28498220.0,1308435.0,28822410.0,9062205.0,8303475.0,5673775.0,334165.0,12.753456788106458,17.199536042922094,4.457738326858032,2.772588722239781,17.16535222223797,14.084343088789401,17.176663802219096,16.019623136239524,15.932184780277323,15.551365415249473,12.719393154480294,3.4965075614664802
Upper Cherrytown Road,2022-12-01,68,12,2022,-2.4492935982947064e-16,1.0,23,86.0,237.0,170.0,172.3,136.5,157.29727136523178,164.33333333333334,298.1666666666667,206.0,20,51.0,51.0,345744,29489240.0,85.29212365218196,15.0,566.697032696317,5.0,50.0,145.0,270.0,955.0,28498220.0,1308435.0,28822410.0,9062205.0,8303475.0,5673775.0,334165.0,12.753456788106458,17.199536042922094,4.457738326858032,2.772588722239781,17.16535222223797,14.084343088789401,17.176663802219096,16.019623136239524,15.932184780277323,15.551365415249473,12.719393154480294,4.23410650459726
Wittenberg,2022-12-01,98,12,2022,-2.4492935982947064e-16,1.0,23,173.0,638.0,439.0,355.4782608695652,393.0,195.29066205977958,416.6666666666667,443.8333333333333,301.4166666666667,23,116.0,116.0,345744,29489240.0,85.29212365218196,15.0,566.697032696317,5.0,50.0,145.0,270.0,955.0,28498220.0,1308435.0,28822410.0,9062205.0,8303475.0,5673775.0,334165.0,12.753456788106458,17.199536042922094,4.457738326858032,2.772588722239781,17.16535222223797,14.084343088789401,17.176663802219096,16.019623136239524,15.932184780277323,15.551365415249473,12.719393154480294,4.59511985013459
Woodland Valley,2022-12-01,30,12,2022,-2.4492935982947064e-16,1.0,23,50.0,169.0,141.0,105.34782608695652,119.0,71.03431225672958,120.0,155.33333333333334,106.75,23,51.0,51.0,345744,29489240.0,85.29212365218196,15.0,566.697032696317,5.0,50.0,145.0,270.0,955.0,28498220.0,1308435.0,28822410.0,9062205.0,8303475.0,5673775.0,334165.0,12.753456788106458,17.199536042922094,4.457738326858032,2.772588722239781,17.16535222223797,14.084343088789401,17.176663802219096,16.019623136239524,15.932184780277323,15.551365415249473,12.719393154480294,3.4339872044851463
Alder Lake,2023-01-01,40,1,2023,0.49999999999999994,0.8660254037844387,24,51.0,40.0,203.0,166.91666666666666,189.5,112.60199884960984,98.0,184.66666666666666,143.58333333333334,24,22.0,56.0,401260,46642230.0,116.23942082440313,15.0,827.4962241569266,5.0,65.0,200.0,360.0,1245.0,43956207.0,2281575.0,45200750.0,13664340.0,13778515.0,10117700.0,743010.0,12.902367367380815,17.658016933339322,4.764218175745221,2.772588722239781,17.598704423542486,14.640376990212708,17.626624259708677,16.43030015078808,16.43862112544286,16.129797022102647,13.518466128435527,3.713572066704308
Ashokan HP,2023-01-01,84,1,2023,0.49999999999999994,0.8660254037844387,24,49.0,85.0,197.0,141.20833333333334,145.0,58.04868958313219,110.33333333333333,149.66666666666666,130.0,24,47.0,79.5,401260,46642230.0,116.23942082440313,15.0,827.4962241569266,5.0,65.0,200.0,360.0,1245.0,43956207.0,2281575.0,45200750.0,13664340.0,13778515.0,10117700.0,743010.0,12.902367367380815,17.658016933339322,4.764218175745221,2.772588722239781,17.598704423542486,14.640376990212708,17.626624259708677,16.43030015078808,16.43862112544286,16.129797022102647,13.518466128435527,4.442651256490317
Bangle Hill,2023-01-01,11,1,2023,0.49999999999999994,0.8660254037844387,24,4.0,10.0,7.0,11.0,7.0,10.018165319240662,7.0,16.5,11.0,12,1.0,1.0,401260,46642230.0,116.23942082440313,15.0,827.4962241569266,5.0,65.0,200.0,360.0,1245.0,43956207.0,2281575.0,45200750.0,13664340.0,13778515.0,10117700.0,743010.0,12.902367367380815,17.658016933339322,4.764218175745221,2.772588722239781,17.598704423542486,14.640376990212708,17.626624259708677,16.43030015078808,16.43862112544286,16.129797022102647,13.518466128435527,2.4849066497880004
Beaverkill Road to BLM FT,2023-01-01,59,1,2023,0.49999999999999994,0.8660254037844387,24,63.0,86.0,280.0,163.70833333333334,149.0,83.29020985668734,143.0,205.5,163.0,24,66.0,92.5,401260,46642230.0,116.23942082440313,15.0,827.4962241569266,5.0,65.0,200.0,360.0,1245.0,43956207.0,2281575.0,45200750.0,13664340.0,13778515.0,10117700.0,743010.0,12.902367367380815,17.658016933339322,4.764218175745221,2.772588722239781,17.598704423542486,14.640376990212708,17.626624259708677,16.43030015078808,16.43862112544286,16.129797022102647,13.518466128435527,4.0943445622221
Biscuit Brook,2023-01-01,47,1,2023,0.49999999999999994,0.8660254037844387,24,72.0,77.0,133.0,122.45833333333333,124.0,31.873362418860967,94.0,109.83333333333333,112.25,24,83.0,93.0,401260,46642230.0,116.23942082440313,15.0,827.4962241569266,5.0,65.0,200.0,360.0,1245.0,43956207.0,2281575.0,45200750.0,13664340.0,13778515.0,10117700.0,743010.0,12.902367367380815,17.658016933339322,4.764218175745221,2.772588722239781,17.598704423542486,14.640376990212708,17.626624259708677,16.43030015078808,16.43862112544286,16.129797022102647,13.518466128435527,3.871201010907891
Cathedral Glen,2023-01-01,11,1,2023,0.49999999999999994,0.8660254037844387,24,0.0,2.0,9.0,9.625,7.5,8.632303670901914,3.6666666666666665,8.666666666666666,11.333333333333334,16,9.0,9.0,401260,46642230.0,116.23942082440313,15.0,827.4962241569266,5.0,65.0,200.0,360.0,1245.0,43956207.0,2281575.0,45200750.0,13664340.0,13778515.0,10117700.0,743010.0,12.902367367380815,17.658016933339322,4.764218175745221,2.772588722239781,17.598704423542486,14.640376990212708,17.626624259708677,16.43030015078808,16.43862112544286,16.129797022102647,13.518466128435527,2.4849066497880004
Denning,2023-01-01,88,1,2023,0.49999999999999994,0.8660254037844387,24,72.0,155.0,360.0,228.70833333333334,236.5,110.5210895344597,195.66666666666666,266.1666666666667,220.08333333333334,24,72.0,97.5,401260,46642230.0,116.23942082440313,15.0,827.4962241569266,5.0,65.0,200.0,360.0,1245.0,43956207.0,2281575.0,45200750.0,13664340.0,13778515.0,10117700.0,743010.0,12.902367367380815,17.658016933339322,4.764218175745221,2.772588722239781,17.598704423542486,14.640376990212708,17.626624259708677,16.43030015078808,16.43862112544286,16.129797022102647,13.518466128435527,4.48863636973214
Dry Brook Ridge to Lean-to,2023-01-01,15,1,2023,0.49999999999999994,0.8660254037844387,24,0.0,37.0,40.0,26.75,23.5,14.462094381971218,25.666666666666668,29.666666666666668,24.916666666666668,24,11.0,13.0,401260,46642230.0,116.23942082440313,15.0,827.4962241569266,5.0,65.0,200.0,360.0,1245.0,43956207.0,2281575.0,45200750.0,13664340.0,13778515.0,10117700.0,743010.0,12.902367367380815,17.658016933339322,4.764218175745221,2.772588722239781,17.598704423542486,14.640376990212708,17.626624259708677,16.43030015078808,16.43862112544286,16.129797022102647,13.518466128435527,2.772588722239781
Flynn,2023-01-01,34,1,2023,0.49999999999999994,0.8660254037844387,24,13.0,28.0,52.0,49.5,45.0,33.51443556595199,31.0,50.166666666666664,45.583333333333336,24,7.0,25.5,401260,46642230.0,116.23942082440313,15.0,827.4962241569266,5.0,65.0,200.0,360.0,1245.0,43956207.0,2281575.0,45200750.0,13664340.0,13778515.0,10117700.0,743010.0,12.902367367380815,17.658016933339322,4.764218175745221,2.772588722239781,17.598704423542486,14.640376990212708,17.626624259708677,16.43030015078808,16.43862112544286,16.129797022102647,13.518466128435527,3.5553480614894135
Fox Hollow,2023-01-01,44,1,2023,0.49999999999999994,0.8660254037844387,24,20.0,101.0,127.0,91.625,95.0,40.967444657180295,82.66666666666667,87.16666666666667,73.25,24,25.0,74.0,401260,46642230.0,116.23942082440313,15.0,827.4962241569266,5.0,65.0,200.0,360.0,1245.0,43956207.0,2281575.0,45200750.0,13664340.0,13778515.0,10117700.0,743010.0,12.902367367380815,17.658016933339322,4.764218175745221,2.772588722239781,17.598704423542486,14.640376990212708,17.626624259708677,16.43030015078808,16.43862112544286,16.129797022102647,13.518466128435527,3.8066624897703196
Frick Pond,2023-01-01,61,1,2023,0.49999999999999994,0.8660254037844387,24,39.0,53.0,206.0,131.625,114.0,76.81984147001516,99.33333333333333,157.66666666666666,119.33333333333333,24,42.0,76.5,401260,46642230.0,116.23942082440313,15.0,827.4962241569266,5.0,65.0,200.0,360.0,1245.0,43956207.0,2281575.0,45200750.0,13664340.0,13778515.0,10117700.0,743010.0,12.902367367380815,17.658016933339322,4.764218175745221,2.772588722239781,17.598704423542486,14.640376990212708,17.626624259708677,16.43030015078808,16.43862112544286,16.129797022102647,13.518466128435527,4.127134385045092
Giant Ledge,2023-01-01,503,1,2023,0.49999999999999994,0.8660254037844387,24,238.0,367.0,1366.0,629.0,585.5,316.3573928328529,657.0,697.0,555.0833333333334,24,300.0,416.0,401260,46642230.0,116.23942082440313,15.0,827.4962241569266,5.0,65.0,200.0,360.0,1245.0,43956207.0,2281575.0,45200750.0,13664340.0,13778515.0,10117700.0,743010.0,12.902367367380815,17.658016933339322,4.764218175745221,2.772588722239781,17.598704423542486,14.640376990212708,17.626624259708677,16.43030015078808,16.43862112544286,16.129797022102647,13.518466128435527,6.222576268071369
Hardenburgh- MH Trail,2023-01-01,4,1,2023,0.49999999999999994,0.8660254037844387,24,5.0,5.0,8.0,8.25,7.5,5.765338709458674,6.0,8.0,6.416666666666667,24,1.0,5.5,401260,46642230.0,116.23942082440313,15.0,827.4962241569266,5.0,65.0,200.0,360.0,1245.0,43956207.0,2281575.0,45200750.0,13664340.0,13778515.0,10117700.0,743010.0,12.902367367380815,17.658016933339322,4.764218175745221,2.772588722239781,17.598704423542486,14.640376990212708,17.626624259708677,16.43030015078808,16.43862112544286,16.129797022102647,13.518466128435527,1.6094379124341003
Kelly Hollow,2023-01-01,85,1,2023,0.49999999999999994,0.8660254037844387,24,90.0,180.0,337.0,202.875,210.5,88.73375540247402,202.33333333333334,252.5,207.41666666666666,24,72.0,90.0,401260,46642230.0,116.23942082440313,15.0,827.4962241569266,5.0,65.0,200.0,360.0,1245.0,43956207.0,2281575.0,45200750.0,13664340.0,13778515.0,10117700.0,743010.0,12.902367367380815,17.658016933339322,4.764218175745221,2.772588722239781,17.598704423542486,14.640376990212708,17.626624259708677,16.43030015078808,16.43862112544286,16.129797022102647,13.518466128435527,4.454347296253507
Lane Street,2023-01-01,31,1,2023,0.49999999999999994,0.8660254037844387,24,11.0,61.0,108.0,52.130434782608695,51.0,23.50107221504834,60.0,63.166666666666664,48.0,23,53.0,53.0,401260,46642230.0,116.23942082440313,15.0,827.4962241569266,5.0,65.0,200.0,360.0,1245.0,43956207.0,2281575.0,45200750.0,13664340.0,13778515.0,10117700.0,743010.0,12.902367367380815,17.658016933339322,4.764218175745221,2.772588722239781,17.598704423542486,14.640376990212708,17.626624259708677,16.43030015078808,16.43862112544286,16.129797022102647,13.518466128435527,3.4657359027997265
McKenley Hollow,2023-01-01,91,1,2023,0.49999999999999994,0.8660254037844387,24,60.0,77.0,143.0,94.16666666666667,81.5,37.30563154441346,93.33333333333333,88.16666666666667,82.83333333333333,24,66.0,141.0,401260,46642230.0,116.23942082440313,15.0,827.4962241569266,5.0,65.0,200.0,360.0,1245.0,43956207.0,2281575.0,45200750.0,13664340.0,13778515.0,10117700.0,743010.0,12.902367367380815,17.658016933339322,4.764218175745221,2.772588722239781,17.598704423542486,14.640376990212708,17.626624259708677,16.43030015078808,16.43862112544286,16.129797022102647,13.518466128435527,4.5217885770490405
Millbrook to BLM FT,2023-01-01,221,1,2023,0.49999999999999994,0.8660254037844387,24,122.0,188.0,456.0,246.54166666666666,221.0,100.44075873116826,255.33333333333334,327.3333333333333,267.6666666666667,24,132.0,158.5,401260,46642230.0,116.23942082440313,15.0,827.4962241569266,5.0,65.0,200.0,360.0,1245.0,43956207.0,2281575.0,45200750.0,13664340.0,13778515.0,10117700.0,743010.0,12.902367367380815,17.658016933339322,4.764218175745221,2.772588722239781,17.598704423542486,14.640376990212708,17.626624259708677,16.43030015078808,16.43862112544286,16.129797022102647,13.518466128435527,5.402677381872279
Mt Tremper,2023-01-01,67,1,2023,0.49999999999999994,0.8660254037844387,24,365.0,526.0,58.0,285.8421052631579,309.0,135.73596230177287,316.3333333333333,358.8333333333333,284.8333333333333,19,143.0,143.0,401260,46642230.0,116.23942082440313,15.0,827.4962241569266,5.0,65.0,200.0,360.0,1245.0,43956207.0,2281575.0,45200750.0,13664340.0,13778515.0,10117700.0,743010.0,12.902367367380815,17.658016933339322,4.764218175745221,2.772588722239781,17.598704423542486,14.640376990212708,17.626624259708677,16.43030015078808,16.43862112544286,16.129797022102647,13.518466128435527,4.219507705176107
Neversink Hardenburgh Trail,2023-01-01,0,1,2023,0.49999999999999994,0.8660254037844387,24,5.0,12.0,20.0,14.666666666666666,11.5,12.492316479119985,12.333333333333334,20.0,13.75,24,1.0,4.0,401260,46642230.0,116.23942082440313,15.0,827.4962241569266,5.0,65.0,200.0,360.0,1245.0,43956207.0,2281575.0,45200750.0,13664340.0,13778515.0,10117700.0,743010.0,12.902367367380815,17.658016933339322,4.764218175745221,2.772588722239781,17.598704423542486,14.640376990212708,17.626624259708677,16.43030015078808,16.43862112544286,16.129797022102647,13.518466128435527,0.0
Onteora Lake,2023-01-01,306,1,2023,0.49999999999999994,0.8660254037844387,24,127.0,169.0,240.0,166.9090909090909,169.0,38.83414617435162,178.66666666666666,184.5,166.9090909090909,11,,,401260,46642230.0,116.23942082440313,15.0,827.4962241569266,5.0,65.0,200.0,360.0,1245.0,43956207.0,2281575.0,45200750.0,13664340.0,13778515.0,10117700.0,743010.0,12.902367367380815,17.658016933339322,4.764218175745221,2.772588722239781,17.598704423542486,14.640376990212708,17.626624259708677,16.43030015078808,16.43862112544286,16.129797022102647,13.518466128435527,5.726847747587197
Overlook,2023-01-01,488,1,2023,0.49999999999999994,0.8660254037844387,24,302.0,552.0,511.0,677.0833333333334,712.5,324.6745416120803,455.0,730.1666666666666,667.1666666666666,24,34.0,221.5,401260,46642230.0,116.23942082440313,15.0,827.4962241569266,5.0,65.0,200.0,360.0,1245.0,43956207.0,2281575.0,45200750.0,13664340.0,13778515.0,10117700.0,743010.0,12.902367367380815,17.658016933339322,4.764218175745221,2.772588722239781,17.598704423542486,14.640376990212708,17.626624259708677,16.43030015078808,16.43862112544286,16.129797022102647,13.518466128435527,6.192362489474872
Peekamoose,2023-01-01,139,1,2023,0.49999999999999994,0.8660254037844387,24,58.0,88.0,211.0,140.16666666666666,139.0,49.49893865060373,119.0,143.5,129.25,24,53.0,98.0,401260,46642230.0,116.23942082440313,15.0,827.4962241569266,5.0,65.0,200.0,360.0,1245.0,43956207.0,2281575.0,45200750.0,13664340.0,13778515.0,10117700.0,743010.0,12.902367367380815,17.658016933339322,4.764218175745221,2.772588722239781,17.598704423542486,14.640376990212708,17.626624259708677,16.43030015078808,16.43862112544286,16.129797022102647,13.518466128435527,4.941642422609304
Red Hill Dinch Road,2023-01-01,112,1,2023,0.49999999999999994,0.8660254037844387,24,97.0,99.0,278.0,190.27272727272728,220.0,103.09458524332646,158.0,215.83333333333334,173.66666666666666,22,89.0,89.0,401260,46642230.0,116.23942082440313,15.0,827.4962241569266,5.0,65.0,200.0,360.0,1245.0,43956207.0,2281575.0,45200750.0,13664340.0,13778515.0,10117700.0,743010.0,12.902367367380815,17.658016933339322,4.764218175745221,2.772588722239781,17.598704423542486,14.640376990212708,17.626624259708677,16.43030015078808,16.43862112544286,16.129797022102647,13.518466128435527,4.727387818712341
Rider Hollow,2023-01-01,228,1,2023,0.49999999999999994,0.8660254037844387,24,136.0,108.0,218.0,186.26315789473685,176.0,63.02807320310456,154.0,177.16666666666666,168.5,19,148.0,268.0,401260,46642230.0,116.23942082440313,15.0,827.4962241569266,5.0,65.0,200.0,360.0,1245.0,43956207.0,2281575.0,45200750.0,13664340.0,13778515.0,10117700.0,743010.0,12.902367367380815,17.658016933339322,4.764218175745221,2.772588722239781,17.598704423542486,14.640376990212708,17.626624259708677,16.43030015078808,16.43862112544286,16.129797022102647,13.518466128435527,5.43372200355424
Rochester Hollow,2023-01-01,99,1,2023,0.49999999999999994,0.8660254037844387,24,76.0,140.0,225.0,260.1666666666667,157.5,493.61221063984385,147.0,180.0,148.5,24,41.0,93.5,401260,46642230.0,116.23942082440313,15.0,827.4962241569266,5.0,65.0,200.0,360.0,1245.0,43956207.0,2281575.0,45200750.0,13664340.0,13778515.0,10117700.0,743010.0,12.902367367380815,17.658016933339322,4.764218175745221,2.772588722239781,17.598704423542486,14.640376990212708,17.626624259708677,16.43030015078808,16.43862112544286,16.129797022102647,13.518466128435527,4.605170185988092
Seager,2023-01-01,15,1,2023,0.49999999999999994,0.8660254037844387,24,16.0,19.0,61.0,60.083333333333336,49.0,39.67796088145338,32.0,63.333333333333336,52.333333333333336,24,10.0,14.0,401260,46642230.0,116.23942082440313,15.0,827.4962241569266,5.0,65.0,200.0,360.0,1245.0,43956207.0,2281575.0,45200750.0,13664340.0,13778515.0,10117700.0,743010.0,12.902367367380815,17.658016933339322,4.764218175745221,2.772588722239781,17.598704423542486,14.640376990212708,17.626624259708677,16.43030015078808,16.43862112544286,16.129797022102647,13.518466128435527,2.772588722239781
Slide Mt,2023-01-01,478,1,2023,0.49999999999999994,0.8660254037844387,24,264.0,355.0,841.0,594.25,606.5,202.60933709545782,486.6666666666667,635.3333333333334,558.8333333333334,24,338.0,584.5,401260,46642230.0,116.23942082440313,15.0,827.4962241569266,5.0,65.0,200.0,360.0,1245.0,43956207.0,2281575.0,45200750.0,13664340.0,13778515.0,10117700.0,743010.0,12.902367367380815,17.658016933339322,4.764218175745221,2.772588722239781,17.598704423542486,14.640376990212708,17.626624259708677,16.43030015078808,16.43862112544286,16.129797022102647,13.518466128435527,6.171700597410915
Trails End Road,2023-01-01,58,1,2023,0.49999999999999994,0.8660254037844387,24,32.0,86.0,124.0,146.33333333333334,136.5,92.42654741288709,80.66666666666667,146.33333333333334,146.33333333333334,6,,,401260,46642230.0,116.23942082440313,15.0,827.4962241569266,5.0,65.0,200.0,360.0,1245.0,43956207.0,2281575.0,45200750.0,13664340.0,13778515.0,10117700.0,743010.0,12.902367367380815,17.658016933339322,4.764218175745221,2.772588722239781,17.598704423542486,14.640376990212708,17.626624259708677,16.43030015078808,16.43862112544286,16.129797022102647,13.518466128435527,4.07753744390572
Upper Cherrytown Road,2023-01-01,81,1,2023,0.49999999999999994,0.8660254037844387,24,68.0,86.0,237.0,167.33333333333334,121.0,154.99462356266858,130.33333333333334,267.6666666666667,207.41666666666666,21,32.0,32.0,401260,46642230.0,116.23942082440313,15.0,827.4962241569266,5.0,65.0,200.0,360.0,1245.0,43956207.0,2281575.0,45200750.0,13664340.0,13778515.0,10117700.0,743010.0,12.902367367380815,17.658016933339322,4.764218175745221,2.772588722239781,17.598704423542486,14.640376990212708,17.626624259708677,16.43030015078808,16.43862112544286,16.129797022102647,13.518466128435527,4.406719247264253
Wittenberg,2023-01-01,216,1,2023,0.49999999999999994,0.8660254037844387,24,98.0,173.0,638.0,344.75,339.5,198.09730810452945,303.0,389.5,299.9166666666667,24,43.0,147.0,401260,46642230.0,116.23942082440313,15.0,827.4962241569266,5.0,65.0,200.0,360.0,1245.0,43956207.0,2281575.0,45200750.0,13664340.0,13778515.0,10117700.0,743010.0,12.902367367380815,17.658016933339322,4.764218175745221,2.772588722239781,17.598704423542486,14.640376990212708,17.626624259708677,16.43030015078808,16.43862112544286,16.129797022102647,13.518466128435527,5.37989735354046
Woodchuck Hollow,2023-01-01,2,1,2023,0.49999999999999994,0.8660254037844387,24,3.0,1.0,3.0,4.142857142857143,4.0,2.2822776362202752,2.3333333333333335,2.3333333333333335,3.9166666666666665,14,5.0,5.0,401260,46642230.0,116.23942082440313,15.0,827.4962241569266,5.0,65.0,200.0,360.0,1245.0,43956207.0,2281575.0,45200750.0,13664340.0,13778515.0,10117700.0,743010.0,12.902367367380815,17.658016933339322,4.764218175745221,2.772588722239781,17.598704423542486,14.640376990212708,17.626624259708677,16.43030015078808,16.43862112544286,16.129797022102647,13.518466128435527,1.0986122886681098
Woodland Valley,2023-01-01,18,1,2023,0.49999999999999994,0.8660254037844387,24,30.0,50.0,169.0,102.20833333333333,102.0,71.15505369730717,83.0,132.83333333333334,105.0,24,15.0,19.0,401260,46642230.0,116.23942082440313,15.0,827.4962241569266,5.0,65.0,200.0,360.0,1245.0,43956207.0,2281575.0,45200750.0,13664340.0,13778515.0,10117700.0,743010.0,12.902367367380815,17.658016933339322,4.764218175745221,2.772588722239781,17.598704423542486,14.640376990212708,17.626624259708677,16.43030015078808,16.43862112544286,16.129797022102647,13.518466128435527,2.9444389791664403
Alder Lake,2023-02-01,45,2,2023,0.8660254037844386,0.5000000000000001,25,40.0,51.0,40.0,161.84,176.0,113.1159729363335,43.666666666666664,138.33333333333334,145.08333333333334,25,31.0,33.5,390233,44398990.0,113.77559048055905,15.0,788.7241813929428,5.0,65.0,195.0,345.0,1240.0,42100965.0,2350865.0,42810140.0,12740865.0,12250555.0,10992830.0,697965.0,12.874501838177796,17.608727301919007,4.742978834801286,2.772588722239781,17.55558124375754,14.67029432887527,17.57228557173869,16.360325180680363,16.32108188168012,16.21275389102338,13.45592566995639,3.828641396489095
Ashokan HP,2023-02-01,98,2,2023,0.8660254037844386,0.5000000000000001,25,84.0,49.0,85.0,138.92,135.0,57.966887099446694,72.66666666666667,124.5,133.08333333333334,25,54.0,62.5,390233,44398990.0,113.77559048055905,15.0,788.7241813929428,5.0,65.0,195.0,345.0,1240.0,42100965.0,2350865.0,42810140.0,12740865.0,12250555.0,10992830.0,697965.0,12.874501838177796,17.608727301919007,4.742978834801286,2.772588722239781,17.55558124375754,14.67029432887527,17.57228557173869,16.360325180680363,16.32108188168012,16.21275389102338,13.45592566995639,4.59511985013459
Bangle Hill,2023-02-01,18,2,2023,0.8660254037844386,0.5000000000000001,25,11.0,4.0,10.0,11.0,7.0,9.591663046625438,8.333333333333334,13.5,11.833333333333334,13,3.0,3.0,390233,44398990.0,113.77559048055905,15.0,788.7241813929428,5.0,65.0,195.0,345.0,1240.0,42100965.0,2350865.0,42810140.0,12740865.0,12250555.0,10992830.0,697965.0,12.874501838177796,17.608727301919007,4.742978834801286,2.772588722239781,17.55558124375754,14.67029432887527,17.57228557173869,16.360325180680363,16.32108188168012,16.21275389102338,13.45592566995639,2.9444389791664403
Beaverkill Road to BLM FT,2023-02-01,71,2,2023,0.8660254037844386,0.5000000000000001,25,59.0,63.0,86.0,159.52,146.0,84.18289612504432,69.33333333333333,163.5,162.41666666666666,25,66.0,69.5,390233,44398990.0,113.77559048055905,15.0,788.7241813929428,5.0,65.0,195.0,345.0,1240.0,42100965.0,2350865.0,42810140.0,12740865.0,12250555.0,10992830.0,697965.0,12.874501838177796,17.608727301919007,4.742978834801286,2.772588722239781,17.55558124375754,14.67029432887527,17.57228557173869,16.360325180680363,16.32108188168012,16.21275389102338,13.45592566995639,4.276666119016055
Biscuit Brook,2023-02-01,68,2,2023,0.8660254037844386,0.5000000000000001,25,47.0,72.0,77.0,119.44,123.0,34.66035198898016,65.33333333333333,93.5,109.25,25,97.0,114.0,390233,44398990.0,113.77559048055905,15.0,788.7241813929428,5.0,65.0,195.0,345.0,1240.0,42100965.0,2350865.0,42810140.0,12740865.0,12250555.0,10992830.0,697965.0,12.874501838177796,17.608727301919007,4.742978834801286,2.772588722239781,17.55558124375754,14.67029432887527,17.57228557173869,16.360325180680363,16.32108188168012,16.21275389102338,13.45592566995639,4.23410650459726
Cathedral Glen,2023-02-01,10,2,2023,0.8660254037844386,0.5000000000000001,25,11.0,0.0,2.0,9.705882352941176,8.0,8.364842391539371,4.333333333333333,9.0,11.5,17,18.0,18.0,390233,44398990.0,113.77559048055905,15.0,788.7241813929428,5.0,65.0,195.0,345.0,1240.0,42100965.0,2350865.0,42810140.0,12740865.0,12250555.0,10992830.0,697965.0,12.874501838177796,17.608727301919007,4.742978834801286,2.772588722239781,17.55558124375754,14.67029432887527,17.57228557173869,16.360325180680363,16.32108188168012,16.21275389102338,13.45592566995639,2.3978952727983707
Denning,2023-02-01,118,2,2023,0.8660254037844386,0.5000000000000001,25,88.0,72.0,155.0,223.08,224.0,111.79405172011612,105.0,216.5,221.41666666666666,25,90.0,92.0,390233,44398990.0,113.77559048055905,15.0,788.7241813929428,5.0,65.0,195.0,345.0,1240.0,42100965.0,2350865.0,42810140.0,12740865.0,12250555.0,10992830.0,697965.0,12.874501838177796,17.608727301919007,4.742978834801286,2.772588722239781,17.55558124375754,14.67029432887527,17.57228557173869,16.360325180680363,16.32108188168012,16.21275389102338,13.45592566995639,4.77912349311153
Dry Brook Ridge to Lean-to,2023-02-01,11,2,2023,0.8660254037844386,0.5000000000000001,25,15.0,0.0,37.0,26.28,22.0,14.35130656072819,17.333333333333332,26.166666666666668,25.25,25,19.0,13.0,390233,44398990.0,113.77559048055905,15.0,788.7241813929428,5.0,65.0,195.0,345.0,1240.0,42100965.0,2350865.0,42810140.0,12740865.0,12250555.0,10992830.0,697965.0,12.874501838177796,17.608727301919007,4.742978834801286,2.772588722239781,17.55558124375754,14.67029432887527,17.57228557173869,16.360325180680363,16.32108188168012,16.21275389102338,13.45592566995639,2.4849066497880004
Flynn,2023-02-01,11,2,2023,0.8660254037844386,0.5000000000000001,25,34.0,13.0,28.0,48.88,45.0,32.95491870217049,25.0,45.166666666666664,47.833333333333336,25,9.0,19.5,390233,44398990.0,113.77559048055905,15.0,788.7241813929428,5.0,65.0,195.0,345.0,1240.0,42100965.0,2350865.0,42810140.0,12740865.0,12250555.0,10992830.0,697965.0,12.874501838177796,17.608727301919007,4.742978834801286,2.772588722239781,17.55558124375754,14.67029432887527,17.57228557173869,16.360325180680363,16.32108188168012,16.21275389102338,13.45592566995639,2.4849066497880004
Fox Hollow,2023-02-01,60,2,2023,0.8660254037844386,0.5000000000000001,25,44.0,20.0,101.0,89.72,93.0,41.22046417335286,55.0,79.0,74.83333333333333,25,6.0,26.5,390233,44398990.0,113.77559048055905,15.0,788.7241813929428,5.0,65.0,195.0,345.0,1240.0,42100965.0,2350865.0,42810140.0,12740865.0,12250555.0,10992830.0,697965.0,12.874501838177796,17.608727301919007,4.742978834801286,2.772588722239781,17.55558124375754,14.67029432887527,17.57228557173869,16.360325180680363,16.32108188168012,16.21275389102338,13.45592566995639,4.110873864173311
Frick Pond,2023-02-01,43,2,2023,0.8660254037844386,0.5000000000000001,25,61.0,39.0,53.0,128.8,111.0,76.51742720888272,51.0,122.66666666666667,120.91666666666667,25,57.0,103.5,390233,44398990.0,113.77559048055905,15.0,788.7241813929428,5.0,65.0,195.0,345.0,1240.0,42100965.0,2350865.0,42810140.0,12740865.0,12250555.0,10992830.0,697965.0,12.874501838177796,17.608727301919007,4.742978834801286,2.772588722239781,17.55558124375754,14.67029432887527,17.57228557173869,16.360325180680363,16.32108188168012,16.21275389102338,13.45592566995639,3.784189633918261
Giant Ledge,2023-02-01,317,2,2023,0.8660254037844386,0.5000000000000001,25,503.0,238.0,367.0,623.96,569.0,310.72006157740554,369.3333333333333,635.1666666666666,572.0,25,294.0,321.5,390233,44398990.0,113.77559048055905,15.0,788.7241813929428,5.0,65.0,195.0,345.0,1240.0,42100965.0,2350865.0,42810140.0,12740865.0,12250555.0,10992830.0,697965.0,12.874501838177796,17.608727301919007,4.742978834801286,2.772588722239781,17.55558124375754,14.67029432887527,17.57228557173869,16.360325180680363,16.32108188168012,16.21275389102338,13.45592566995639,5.762051382780177
Hardenburgh- MH Trail,2023-02-01,3,2,2023,0.8660254037844386,0.5000000000000001,25,4.0,5.0,5.0,8.08,7.0,5.7075972761457745,4.666666666666667,5.666666666666667,6.666666666666667,25,3.0,2.0,390233,44398990.0,113.77559048055905,15.0,788.7241813929428,5.0,65.0,195.0,345.0,1240.0,42100965.0,2350865.0,42810140.0,12740865.0,12250555.0,10992830.0,697965.0,12.874501838177796,17.608727301919007,4.742978834801286,2.772588722239781,17.55558124375754,14.67029432887527,17.57228557173869,16.360325180680363,16.32108188168012,16.21275389102338,13.45592566995639,1.3862943611198906
Kelly Hollow,2023-02-01,114,2,2023,0.8660254037844386,0.5000000000000001,25,85.0,90.0,180.0,198.16,202.0,90.00772189095777,118.33333333333333,204.16666666666666,208.5,25,95.0,87.0,390233,44398990.0,113.77559048055905,15.0,788.7241813929428,5.0,65.0,195.0,345.0,1240.0,42100965.0,2350865.0,42810140.0,12740865.0,12250555.0,10992830.0,697965.0,12.874501838177796,17.608727301919007,4.742978834801286,2.772588722239781,17.55558124375754,14.67029432887527,17.57228557173869,16.360325180680363,16.32108188168012,16.21275389102338,13.45592566995639,4.74493212836325
Lane Street,2023-02-01,22,2,2023,0.8660254037844386,0.5000000000000001,25,31.0,11.0,61.0,51.25,50.0,23.385707266358786,34.333333333333336,53.833333333333336,48.0,24,17.0,21.0,390233,44398990.0,113.77559048055905,15.0,788.7241813929428,5.0,65.0,195.0,345.0,1240.0,42100965.0,2350865.0,42810140.0,12740865.0,12250555.0,10992830.0,697965.0,12.874501838177796,17.608727301919007,4.742978834801286,2.772588722239781,17.55558124375754,14.67029432887527,17.57228557173869,16.360325180680363,16.32108188168012,16.21275389102338,13.45592566995639,3.1354942159291497
McKenley Hollow,2023-02-01,71,2,2023,0.8660254037844386,0.5000000000000001,25,91.0,60.0,77.0,94.04,83.0,36.52565308565109,76.0,88.66666666666667,84.91666666666667,25,97.0,103.0,390233,44398990.0,113.77559048055905,15.0,788.7241813929428,5.0,65.0,195.0,345.0,1240.0,42100965.0,2350865.0,42810140.0,12740865.0,12250555.0,10992830.0,697965.0,12.874501838177796,17.608727301919007,4.742978834801286,2.772588722239781,17.55558124375754,14.67029432887527,17.57228557173869,16.360325180680363,16.32108188168012,16.21275389102338,13.45592566995639,4.276666119016055
Millbrook to BLM FT,2023-02-01,167,2,2023,0.8660254037844386,0.5000000000000001,25,221.0,122.0,188.0,245.52,221.0,98.45858689486323,177.0,293.6666666666667,275.0833333333333,25,205.0,155.5,390233,44398990.0,113.77559048055905,15.0,788.7241813929428,5.0,65.0,195.0,345.0,1240.0,42100965.0,2350865.0,42810140.0,12740865.0,12250555.0,10992830.0,697965.0,12.874501838177796,17.608727301919007,4.742978834801286,2.772588722239781,17.55558124375754,14.67029432887527,17.57228557173869,16.360325180680363,16.32108188168012,16.21275389102338,13.45592566995639,5.123963979403259
Mt Tremper,2023-02-01,244,2,2023,0.8660254037844386,0.5000000000000001,25,67.0,365.0,526.0,274.9,285.5,140.88700212731143,319.3333333333333,313.3333333333333,280.0833333333333,20,122.0,122.0,390233,44398990.0,113.77559048055905,15.0,788.7241813929428,5.0,65.0,195.0,345.0,1240.0,42100965.0,2350865.0,42810140.0,12740865.0,12250555.0,10992830.0,697965.0,12.874501838177796,17.608727301919007,4.742978834801286,2.772588722239781,17.55558124375754,14.67029432887527,17.57228557173869,16.360325180680363,16.32108188168012,16.21275389102338,13.45592566995639,5.501258210544727
Neversink Hardenburgh Trail,2023-02-01,1,2,2023,0.8660254037844386,0.5000000000000001,25,0.0,5.0,12.0,14.08,11.0,12.576167937809991,5.666666666666667,14.333333333333334,13.666666666666666,25,0.0,0.0,390233,44398990.0,113.77559048055905,15.0,788.7241813929428,5.0,65.0,195.0,345.0,1240.0,42100965.0,2350865.0,42810140.0,12740865.0,12250555.0,10992830.0,697965.0,12.874501838177796,17.608727301919007,4.742978834801286,2.772588722239781,17.55558124375754,14.67029432887527,17.57228557173869,16.360325180680363,16.32108188168012,16.21275389102338,13.45592566995639,0.6931471805599453
Onteora Lake,2023-02-01,277,2,2023,0.8660254037844386,0.5000000000000001,25,306.0,127.0,169.0,178.5,177.5,54.61851168039841,200.66666666666666,203.0,178.5,12,122.0,122.0,390233,44398990.0,113.77559048055905,15.0,788.7241813929428,5.0,65.0,195.0,345.0,1240.0,42100965.0,2350865.0,42810140.0,12740865.0,12250555.0,10992830.0,697965.0,12.874501838177796,17.608727301919007,4.742978834801286,2.772588722239781,17.55558124375754,14.67029432887527,17.57228557173869,16.360325180680363,16.32108188168012,16.21275389102338,13.45592566995639,5.627621113690637
Overlook,2023-02-01,353,2,2023,0.8660254037844386,0.5000000000000001,25,488.0,302.0,552.0,669.52,698.0,320.08034408046154,447.3333333333333,608.6666666666666,705.0,25,276.0,301.0,390233,44398990.0,113.77559048055905,15.0,788.7241813929428,5.0,65.0,195.0,345.0,1240.0,42100965.0,2350865.0,42810140.0,12740865.0,12250555.0,10992830.0,697965.0,12.874501838177796,17.608727301919007,4.742978834801286,2.772588722239781,17.55558124375754,14.67029432887527,17.57228557173869,16.360325180680363,16.32108188168012,16.21275389102338,13.45592566995639,5.869296913133774
Peekamoose,2023-02-01,90,2,2023,0.8660254037844386,0.5000000000000001,25,139.0,58.0,88.0,140.12,139.0,48.457300791521604,95.0,132.33333333333334,136.41666666666666,25,104.0,92.5,390233,44398990.0,113.77559048055905,15.0,788.7241813929428,5.0,65.0,195.0,345.0,1240.0,42100965.0,2350865.0,42810140.0,12740865.0,12250555.0,10992830.0,697965.0,12.874501838177796,17.608727301919007,4.742978834801286,2.772588722239781,17.55558124375754,14.67029432887527,17.57228557173869,16.360325180680363,16.32108188168012,16.21275389102338,13.45592566995639,4.51085950651685
Red Hill Dinch Road,2023-02-01,76,2,2023,0.8660254037844386,0.5000000000000001,25,112.0,97.0,99.0,186.8695652173913,213.0,102.03800733408832,102.66666666666667,192.83333333333334,173.41666666666666,23,8.0,8.0,390233,44398990.0,113.77559048055905,15.0,788.7241813929428,5.0,65.0,195.0,345.0,1240.0,42100965.0,2350865.0,42810140.0,12740865.0,12250555.0,10992830.0,697965.0,12.874501838177796,17.608727301919007,4.742978834801286,2.772588722239781,17.55558124375754,14.67029432887527,17.57228557173869,16.360325180680363,16.32108188168012,16.21275389102338,13.45592566995639,4.343805421853684
Rider Hollow,2023-02-01,189,2,2023,0.8660254037844386,0.5000000000000001,25,228.0,136.0,108.0,188.35,181.5,62.052842506672455,157.33333333333334,176.66666666666666,175.16666666666666,20,198.0,192.5,390233,44398990.0,113.77559048055905,15.0,788.7241813929428,5.0,65.0,195.0,345.0,1240.0,42100965.0,2350865.0,42810140.0,12740865.0,12250555.0,10992830.0,697965.0,12.874501838177796,17.608727301919007,4.742978834801286,2.772588722239781,17.55558124375754,14.67029432887527,17.57228557173869,16.360325180680363,16.32108188168012,16.21275389102338,13.45592566995639,5.247024072160486
Rochester Hollow,2023-02-01,94,2,2023,0.8660254037844386,0.5000000000000001,25,99.0,76.0,140.0,253.72,154.0,484.2930861919601,105.0,149.33333333333334,153.33333333333334,25,96.0,88.0,390233,44398990.0,113.77559048055905,15.0,788.7241813929428,5.0,65.0,195.0,345.0,1240.0,42100965.0,2350865.0,42810140.0,12740865.0,12250555.0,10992830.0,697965.0,12.874501838177796,17.608727301919007,4.742978834801286,2.772588722239781,17.55558124375754,14.67029432887527,17.57228557173869,16.360325180680363,16.32108188168012,16.21275389102338,13.45592566995639,4.553876891600541
Seager,2023-02-01,27,2,2023,0.8660254037844386,0.5000000000000001,25,15.0,16.0,19.0,58.28,48.0,39.875347438402756,16.666666666666668,46.0,52.75,25,29.0,26.0,390233,44398990.0,113.77559048055905,15.0,788.7241813929428,5.0,65.0,195.0,345.0,1240.0,42100965.0,2350865.0,42810140.0,12740865.0,12250555.0,10992830.0,697965.0,12.874501838177796,17.608727301919007,4.742978834801286,2.772588722239781,17.55558124375754,14.67029432887527,17.57228557173869,16.360325180680363,16.32108188168012,16.21275389102338,13.45592566995639,3.332204510175204
Slide Mt,2023-02-01,220,2,2023,0.8660254037844386,0.5000000000000001,25,478.0,264.0,355.0,589.6,589.0,199.70144382719587,365.6666666666667,579.0,570.5,25,459.0,451.0,390233,44398990.0,113.77559048055905,15.0,788.7241813929428,5.0,65.0,195.0,345.0,1240.0,42100965.0,2350865.0,42810140.0,12740865.0,12250555.0,10992830.0,697965.0,12.874501838177796,17.608727301919007,4.742978834801286,2.772588722239781,17.55558124375754,14.67029432887527,17.57228557173869,16.360325180680363,16.32108188168012,16.21275389102338,13.45592566995639,5.3981627015177525
Trails End Road,2023-02-01,38,2,2023,0.8660254037844386,0.5000000000000001,25,58.0,32.0,86.0,133.71428571428572,124.0,90.73902924635809,58.666666666666664,125.0,133.71428571428572,7,,,390233,44398990.0,113.77559048055905,15.0,788.7241813929428,5.0,65.0,195.0,345.0,1240.0,42100965.0,2350865.0,42810140.0,12740865.0,12250555.0,10992830.0,697965.0,12.874501838177796,17.608727301919007,4.742978834801286,2.772588722239781,17.55558124375754,14.67029432887527,17.57228557173869,16.360325180680363,16.32108188168012,16.21275389102338,13.45592566995639,3.6635616461296463
Upper Cherrytown Road,2023-02-01,75,2,2023,0.8660254037844386,0.5000000000000001,25,81.0,68.0,86.0,163.4090909090909,118.0,152.3750570423454,78.33333333333333,163.83333333333334,211.5,22,16.0,16.0,390233,44398990.0,113.77559048055905,15.0,788.7241813929428,5.0,65.0,195.0,345.0,1240.0,42100965.0,2350865.0,42810140.0,12740865.0,12250555.0,10992830.0,697965.0,12.874501838177796,17.608727301919007,4.742978834801286,2.772588722239781,17.55558124375754,14.67029432887527,17.57228557173869,16.360325180680363,16.32108188168012,16.21275389102338,13.45592566995639,4.330733340286331
Wittenberg,2023-02-01,123,2,2023,0.8660254037844386,0.5000000000000001,25,216.0,98.0,173.0,339.6,286.0,195.6284744100408,162.33333333333334,347.3333333333333,314.3333333333333,25,128.0,132.0,390233,44398990.0,113.77559048055905,15.0,788.7241813929428,5.0,65.0,195.0,345.0,1240.0,42100965.0,2350865.0,42810140.0,12740865.0,12250555.0,10992830.0,697965.0,12.874501838177796,17.608727301919007,4.742978834801286,2.772588722239781,17.55558124375754,14.67029432887527,17.57228557173869,16.360325180680363,16.32108188168012,16.21275389102338,13.45592566995639,4.820281565605037
Woodchuck Hollow,2023-02-01,1,2,2023,0.8660254037844386,0.5000000000000001,25,2.0,3.0,1.0,4.0,3.0,2.267786838055363,2.0,2.3333333333333335,3.6666666666666665,15,6.0,6.0,390233,44398990.0,113.77559048055905,15.0,788.7241813929428,5.0,65.0,195.0,345.0,1240.0,42100965.0,2350865.0,42810140.0,12740865.0,12250555.0,10992830.0,697965.0,12.874501838177796,17.608727301919007,4.742978834801286,2.772588722239781,17.55558124375754,14.67029432887527,17.57228557173869,16.360325180680363,16.32108188168012,16.21275389102338,13.45592566995639,0.6931471805599453
Woodland Valley,2023-02-01,40,2,2023,0.8660254037844386,0.5000000000000001,25,18.0,30.0,50.0,98.84,85.0,71.66396118924305,32.666666666666664,99.0,105.25,25,23.0,18.5,390233,44398990.0,113.77559048055905,15.0,788.7241813929428,5.0,65.0,195.0,345.0,1240.0,42100965.0,2350865.0,42810140.0,12740865.0,12250555.0,10992830.0,697965.0,12.874501838177796,17.608727301919007,4.742978834801286,2.772588722239781,17.55558124375754,14.67029432887527,17.57228557173869,16.360325180680363,16.32108188168012,16.21275389102338,13.45592566995639,3.713572066704308
Alder Lake,2023-03-01,51,3,2023,1.0,6.123233995736766e-17,26,45.0,40.0,51.0,157.34615384615384,141.0,113.17453505367443,45.333333333333336,92.5,146.25,26,42.0,63.5,415723,55849490.0,134.3430361081778,20.0,865.1707517212998,5.0,75.0,225.0,405.0,1735.0,53366125.0,5513510.0,51222915.0,16047900.0,14839355.0,14949970.0,898470.0,12.937776857516935,17.83817096974055,4.9078125637442565,3.044522437723423,17.792686758079494,15.52271218328181,17.751697568001525,16.591088620171803,16.51279339853545,16.520219917999757,13.708449708669287,3.9512437185814275
Ashokan HP,2023-03-01,51,3,2023,1.0,6.123233995736766e-17,26,98.0,84.0,49.0,137.34615384615384,131.5,57.35987608612299,77.0,111.33333333333333,136.75,26,80.0,96.0,415723,55849490.0,134.3430361081778,20.0,865.1707517212998,5.0,75.0,225.0,405.0,1735.0,53366125.0,5513510.0,51222915.0,16047900.0,14839355.0,14949970.0,898470.0,12.937776857516935,17.83817096974055,4.9078125637442565,3.044522437723423,17.792686758079494,15.52271218328181,17.751697568001525,16.591088620171803,16.51279339853545,16.520219917999757,13.708449708669287,3.9512437185814275
Bangle Hill,2023-03-01,5,3,2023,1.0,6.123233995736766e-17,26,18.0,11.0,4.0,11.5,8.5,9.403354556916213,11.0,13.333333333333334,13.083333333333334,14,3.0,3.0,415723,55849490.0,134.3430361081778,20.0,865.1707517212998,5.0,75.0,225.0,405.0,1735.0,53366125.0,5513510.0,51222915.0,16047900.0,14839355.0,14949970.0,898470.0,12.937776857516935,17.83817096974055,4.9078125637442565,3.044522437723423,17.792686758079494,15.52271218328181,17.751697568001525,16.591088620171803,16.51279339853545,16.520219917999757,13.708449708669287,1.791759469228055
Beaverkill Road to BLM FT,2023-03-01,25,3,2023,1.0,6.123233995736766e-17,26,71.0,59.0,63.0,156.1153846153846,140.5,84.28918171299419,64.33333333333333,133.83333333333334,162.83333333333334,26,44.0,74.5,415723,55849490.0,134.3430361081778,20.0,865.1707517212998,5.0,75.0,225.0,405.0,1735.0,53366125.0,5513510.0,51222915.0,16047900.0,14839355.0,14949970.0,898470.0,12.937776857516935,17.83817096974055,4.9078125637442565,3.044522437723423,17.792686758079494,15.52271218328181,17.751697568001525,16.591088620171803,16.51279339853545,16.520219917999757,13.708449708669287,3.258096538021482
Biscuit Brook,2023-03-01,59,3,2023,1.0,6.123233995736766e-17,26,68.0,47.0,72.0,117.46153846153847,122.0,35.42680428063562,62.333333333333336,87.0,106.83333333333333,26,83.0,141.0,415723,55849490.0,134.3430361081778,20.0,865.1707517212998,5.0,75.0,225.0,405.0,1735.0,53366125.0,5513510.0,51222915.0,16047900.0,14839355.0,14949970.0,898470.0,12.937776857516935,17.83817096974055,4.9078125637442565,3.044522437723423,17.792686758079494,15.52271218328181,17.751697568001525,16.591088620171803,16.51279339853545,16.520219917999757,13.708449708669287,4.0943445622221
Cathedral Glen,2023-03-01,1,3,2023,1.0,6.123233995736766e-17,26,10.0,11.0,0.0,9.722222222222221,8.5,8.115385211077967,7.0,9.333333333333334,10.833333333333334,18,1.0,1.0,415723,55849490.0,134.3430361081778,20.0,865.1707517212998,5.0,75.0,225.0,405.0,1735.0,53366125.0,5513510.0,51222915.0,16047900.0,14839355.0,14949970.0,898470.0,12.937776857516935,17.83817096974055,4.9078125637442565,3.044522437723423,17.792686758079494,15.52271218328181,17.751697568001525,16.591088620171803,16.51279339853545,16.520219917999757,13.708449708669287,0.6931471805599453
Denning,2023-03-01,71,3,2023,1.0,6.123233995736766e-17,26,118.0,88.0,72.0,219.03846153846155,217.0,111.45707003837154,92.66666666666667,182.0,223.75,26,111.0,137.5,415723,55849490.0,134.3430361081778,20.0,865.1707517212998,5.0,75.0,225.0,405.0,1735.0,53366125.0,5513510.0,51222915.0,16047900.0,14839355.0,14949970.0,898470.0,12.937776857516935,17.83817096974055,4.9078125637442565,3.044522437723423,17.792686758079494,15.52271218328181,17.751697568001525,16.591088620171803,16.51279339853545,16.520219917999757,13.708449708669287,4.276666119016055
Dry Brook Ridge to Lean-to,2023-03-01,12,3,2023,1.0,6.123233995736766e-17,26,11.0,15.0,0.0,25.692307692307693,21.5,14.377118572980416,8.666666666666666,20.333333333333332,24.583333333333332,26,12.0,12.5,415723,55849490.0,134.3430361081778,20.0,865.1707517212998,5.0,75.0,225.0,405.0,1735.0,53366125.0,5513510.0,51222915.0,16047900.0,14839355.0,14949970.0,898470.0,12.937776857516935,17.83817096974055,4.9078125637442565,3.044522437723423,17.792686758079494,15.52271218328181,17.751697568001525,16.591088620171803,16.51279339853545,16.520219917999757,13.708449708669287,2.5649493574615367
Flynn,2023-03-01,16,3,2023,1.0,6.123233995736766e-17,26,11.0,34.0,13.0,47.42307692307692,44.5,33.13267037462942,19.333333333333332,27.666666666666668,48.0,26,9.0,27.0,415723,55849490.0,134.3430361081778,20.0,865.1707517212998,5.0,75.0,225.0,405.0,1735.0,53366125.0,5513510.0,51222915.0,16047900.0,14839355.0,14949970.0,898470.0,12.937776857516935,17.83817096974055,4.9078125637442565,3.044522437723423,17.792686758079494,15.52271218328181,17.751697568001525,16.591088620171803,16.51279339853545,16.520219917999757,13.708449708669287,2.833213344056216
Fox Hollow,2023-03-01,50,3,2023,1.0,6.123233995736766e-17,26,60.0,44.0,20.0,88.57692307692308,93.0,40.80605158740363,41.333333333333336,74.16666666666667,79.33333333333333,26,41.0,73.5,415723,55849490.0,134.3430361081778,20.0,865.1707517212998,5.0,75.0,225.0,405.0,1735.0,53366125.0,5513510.0,51222915.0,16047900.0,14839355.0,14949970.0,898470.0,12.937776857516935,17.83817096974055,4.9078125637442565,3.044522437723423,17.792686758079494,15.52271218328181,17.751697568001525,16.591088620171803,16.51279339853545,16.520219917999757,13.708449708669287,3.9318256327243257
Frick Pond,2023-03-01,58,3,2023,1.0,6.123233995736766e-17,26,43.0,61.0,39.0,125.5,110.5,76.83657983018244,47.666666666666664,86.5,119.75,26,42.0,96.0,415723,55849490.0,134.3430361081778,20.0,865.1707517212998,5.0,75.0,225.0,405.0,1735.0,53366125.0,5513510.0,51222915.0,16047900.0,14839355.0,14949970.0,898470.0,12.937776857516935,17.83817096974055,4.9078125637442565,3.044522437723423,17.792686758079494,15.52271218328181,17.751697568001525,16.591088620171803,16.51279339853545,16.520219917999757,13.708449708669287,4.07753744390572
Giant Ledge,2023-03-01,257,3,2023,1.0,6.123233995736766e-17,26,317.0,503.0,238.0,612.1538461538462,558.5,310.33706737129455,352.6666666666667,565.5,573.9166666666666,26,310.0,429.0,415723,55849490.0,134.3430361081778,20.0,865.1707517212998,5.0,75.0,225.0,405.0,1735.0,53366125.0,5513510.0,51222915.0,16047900.0,14839355.0,14949970.0,898470.0,12.937776857516935,17.83817096974055,4.9078125637442565,3.044522437723423,17.792686758079494,15.52271218328181,17.751697568001525,16.591088620171803,16.51279339853545,16.520219917999757,13.708449708669287,5.552959584921617
Hardenburgh- MH Trail,2023-03-01,0,3,2023,1.0,6.123233995736766e-17,26,3.0,4.0,5.0,7.884615384615385,7.0,5.6803304345921495,4.0,5.5,6.666666666666667,26,2.0,2.0,415723,55849490.0,134.3430361081778,20.0,865.1707517212998,5.0,75.0,225.0,405.0,1735.0,53366125.0,5513510.0,51222915.0,16047900.0,14839355.0,14949970.0,898470.0,12.937776857516935,17.83817096974055,4.9078125637442565,3.044522437723423,17.792686758079494,15.52271218328181,17.751697568001525,16.591088620171803,16.51279339853545,16.520219917999757,13.708449708669287,0.0
Kelly Hollow,2023-03-01,74,3,2023,1.0,6.123233995736766e-17,26,114.0,85.0,90.0,194.92307692307693,201.0,89.72042045239112,96.33333333333333,166.16666666666666,210.08333333333334,26,89.0,144.5,415723,55849490.0,134.3430361081778,20.0,865.1707517212998,5.0,75.0,225.0,405.0,1735.0,53366125.0,5513510.0,51222915.0,16047900.0,14839355.0,14949970.0,898470.0,12.937776857516935,17.83817096974055,4.9078125637442565,3.044522437723423,17.792686758079494,15.52271218328181,17.751697568001525,16.591088620171803,16.51279339853545,16.520219917999757,13.708449708669287,4.31748811353631
Lane Street,2023-03-01,16,3,2023,1.0,6.123233995736766e-17,26,22.0,31.0,11.0,50.08,49.0,23.628937061718766,21.333333333333332,49.0,48.416666666666664,25,23.0,36.0,415723,55849490.0,134.3430361081778,20.0,865.1707517212998,5.0,75.0,225.0,405.0,1735.0,53366125.0,5513510.0,51222915.0,16047900.0,14839355.0,14949970.0,898470.0,12.937776857516935,17.83817096974055,4.9078125637442565,3.044522437723423,17.792686758079494,15.52271218328181,17.751697568001525,16.591088620171803,16.51279339853545,16.520219917999757,13.708449708669287,2.833213344056216
McKenley Hollow,2023-03-01,105,3,2023,1.0,6.123233995736766e-17,26,71.0,91.0,60.0,93.15384615384616,81.5,36.07180872392434,74.0,85.83333333333333,82.75,26,79.0,110.0,415723,55849490.0,134.3430361081778,20.0,865.1707517212998,5.0,75.0,225.0,405.0,1735.0,53366125.0,5513510.0,51222915.0,16047900.0,14839355.0,14949970.0,898470.0,12.937776857516935,17.83817096974055,4.9078125637442565,3.044522437723423,17.792686758079494,15.52271218328181,17.751697568001525,16.591088620171803,16.51279339853545,16.520219917999757,13.708449708669287,4.663439094112067
Millbrook to BLM FT,2023-03-01,139,3,2023,1.0,6.123233995736766e-17,26,167.0,221.0,122.0,242.5,218.0,97.6906341467799,170.0,250.0,271.9166666666667,26,129.0,151.5,415723,55849490.0,134.3430361081778,20.0,865.1707517212998,5.0,75.0,225.0,405.0,1735.0,53366125.0,5513510.0,51222915.0,16047900.0,14839355.0,14949970.0,898470.0,12.937776857516935,17.83817096974055,4.9078125637442565,3.044522437723423,17.792686758079494,15.52271218328181,17.751697568001525,16.591088620171803,16.51279339853545,16.520219917999757,13.708449708669287,4.941642422609304
Mt Tremper,2023-03-01,117,3,2023,1.0,6.123233995736766e-17,26,244.0,67.0,365.0,273.42857142857144,262.0,137.48511607754907,225.33333333333334,266.8333333333333,288.5,21,123.0,123.0,415723,55849490.0,134.3430361081778,20.0,865.1707517212998,5.0,75.0,225.0,405.0,1735.0,53366125.0,5513510.0,51222915.0,16047900.0,14839355.0,14949970.0,898470.0,12.937776857516935,17.83817096974055,4.9078125637442565,3.044522437723423,17.792686758079494,15.52271218328181,17.751697568001525,16.591088620171803,16.51279339853545,16.520219917999757,13.708449708669287,4.770684624465665
Neversink Hardenburgh Trail,2023-03-01,0,3,2023,1.0,6.123233995736766e-17,26,1.0,0.0,5.0,13.576923076923077,11.0,12.586256240592201,2.0,8.5,13.75,26,0.0,5.5,415723,55849490.0,134.3430361081778,20.0,865.1707517212998,5.0,75.0,225.0,405.0,1735.0,53366125.0,5513510.0,51222915.0,16047900.0,14839355.0,14949970.0,898470.0,12.937776857516935,17.83817096974055,4.9078125637442565,3.044522437723423,17.792686758079494,15.52271218328181,17.751697568001525,16.591088620171803,16.51279339853545,16.520219917999757,13.708449708669287,0.0
Onteora Lake,2023-03-01,275,3,2023,1.0,6.123233995736766e-17,26,277.0,306.0,127.0,186.07692307692307,186.0,58.99923945620194,236.66666666666666,217.5,191.41666666666666,13,106.0,106.0,415723,55849490.0,134.3430361081778,20.0,865.1707517212998,5.0,75.0,225.0,405.0,1735.0,53366125.0,5513510.0,51222915.0,16047900.0,14839355.0,14949970.0,898470.0,12.937776857516935,17.83817096974055,4.9078125637442565,3.044522437723423,17.792686758079494,15.52271218328181,17.751697568001525,16.591088620171803,16.51279339853545,16.520219917999757,13.708449708669287,5.62040086571715
Overlook,2023-03-01,327,3,2023,1.0,6.123233995736766e-17,26,353.0,488.0,302.0,657.3461538461538,633.5,319.6977250225834,381.0,501.3333333333333,711.4166666666666,26,421.0,404.0,415723,55849490.0,134.3430361081778,20.0,865.1707517212998,5.0,75.0,225.0,405.0,1735.0,53366125.0,5513510.0,51222915.0,16047900.0,14839355.0,14949970.0,898470.0,12.937776857516935,17.83817096974055,4.9078125637442565,3.044522437723423,17.792686758079494,15.52271218328181,17.751697568001525,16.591088620171803,16.51279339853545,16.520219917999757,13.708449708669287,5.793013608384144
Peekamoose,2023-03-01,63,3,2023,1.0,6.123233995736766e-17,26,90.0,139.0,58.0,138.19230769230768,137.0,48.485065107324935,95.66666666666667,124.83333333333333,135.25,26,77.0,113.0,415723,55849490.0,134.3430361081778,20.0,865.1707517212998,5.0,75.0,225.0,405.0,1735.0,53366125.0,5513510.0,51222915.0,16047900.0,14839355.0,14949970.0,898470.0,12.937776857516935,17.83817096974055,4.9078125637442565,3.044522437723423,17.792686758079494,15.52271218328181,17.751697568001525,16.591088620171803,16.51279339853545,16.520219917999757,13.708449708669287,4.1588830833596715
Red Hill Dinch Road,2023-03-01,114,3,2023,1.0,6.123233995736766e-17,26,76.0,112.0,97.0,182.25,201.5,102.32907275273622,95.0,154.16666666666666,176.41666666666666,24,61.0,57.0,415723,55849490.0,134.3430361081778,20.0,865.1707517212998,5.0,75.0,225.0,405.0,1735.0,53366125.0,5513510.0,51222915.0,16047900.0,14839355.0,14949970.0,898470.0,12.937776857516935,17.83817096974055,4.9078125637442565,3.044522437723423,17.792686758079494,15.52271218328181,17.751697568001525,16.591088620171803,16.51279339853545,16.520219917999757,13.708449708669287,4.74493212836325
Rider Hollow,2023-03-01,130,3,2023,1.0,6.123233995736766e-17,26,189.0,228.0,136.0,188.38095238095238,187.0,60.48179576573119,184.33333333333334,183.66666666666666,174.41666666666666,21,155.0,159.5,415723,55849490.0,134.3430361081778,20.0,865.1707517212998,5.0,75.0,225.0,405.0,1735.0,53366125.0,5513510.0,51222915.0,16047900.0,14839355.0,14949970.0,898470.0,12.937776857516935,17.83817096974055,4.9078125637442565,3.044522437723423,17.792686758079494,15.52271218328181,17.751697568001525,16.591088620171803,16.51279339853545,16.520219917999757,13.708449708669287,4.875197323201151
Rochester Hollow,2023-03-01,79,3,2023,1.0,6.123233995736766e-17,26,94.0,99.0,76.0,247.57692307692307,151.0,475.54113791148905,89.66666666666667,133.83333333333334,153.16666666666666,26,87.0,89.5,415723,55849490.0,134.3430361081778,20.0,865.1707517212998,5.0,75.0,225.0,405.0,1735.0,53366125.0,5513510.0,51222915.0,16047900.0,14839355.0,14949970.0,898470.0,12.937776857516935,17.83817096974055,4.9078125637442565,3.044522437723423,17.792686758079494,15.52271218328181,17.751697568001525,16.591088620171803,16.51279339853545,16.520219917999757,13.708449708669287,4.382026634673881
Seager,2023-03-01,23,3,2023,1.0,6.123233995736766e-17,26,27.0,15.0,16.0,57.07692307692308,47.0,39.54837349568053,19.333333333333332,30.666666666666668,52.583333333333336,26,20.0,26.5,415723,55849490.0,134.3430361081778,20.0,865.1707517212998,5.0,75.0,225.0,405.0,1735.0,53366125.0,5513510.0,51222915.0,16047900.0,14839355.0,14949970.0,898470.0,12.937776857516935,17.83817096974055,4.9078125637442565,3.044522437723423,17.792686758079494,15.52271218328181,17.751697568001525,16.591088620171803,16.51279339853545,16.520219917999757,13.708449708669287,3.1780538303479458
Slide Mt,2023-03-01,277,3,2023,1.0,6.123233995736766e-17,26,220.0,478.0,264.0,575.3846153846154,580.0,208.66107963356785,320.6666666666667,482.1666666666667,550.5833333333334,26,328.0,449.5,415723,55849490.0,134.3430361081778,20.0,865.1707517212998,5.0,75.0,225.0,405.0,1735.0,53366125.0,5513510.0,51222915.0,16047900.0,14839355.0,14949970.0,898470.0,12.937776857516935,17.83817096974055,4.9078125637442565,3.044522437723423,17.792686758079494,15.52271218328181,17.751697568001525,16.591088620171803,16.51279339853545,16.520219917999757,13.708449708669287,5.627621113690637
Trails End Road,2023-03-01,43,3,2023,1.0,6.123233995736766e-17,26,38.0,58.0,32.0,121.75,105.0,90.56765427016424,42.666666666666664,81.16666666666667,121.75,8,,,415723,55849490.0,134.3430361081778,20.0,865.1707517212998,5.0,75.0,225.0,405.0,1735.0,53366125.0,5513510.0,51222915.0,16047900.0,14839355.0,14949970.0,898470.0,12.937776857516935,17.83817096974055,4.9078125637442565,3.044522437723423,17.792686758079494,15.52271218328181,17.751697568001525,16.591088620171803,16.51279339853545,16.520219917999757,13.708449708669287,3.784189633918261
Upper Cherrytown Road,2023-03-01,62,3,2023,1.0,6.123233995736766e-17,26,75.0,81.0,68.0,159.56521739130434,115.0,150.008734923536,74.66666666666667,119.5,216.41666666666666,23,46.0,46.0,415723,55849490.0,134.3430361081778,20.0,865.1707517212998,5.0,75.0,225.0,405.0,1735.0,53366125.0,5513510.0,51222915.0,16047900.0,14839355.0,14949970.0,898470.0,12.937776857516935,17.83817096974055,4.9078125637442565,3.044522437723423,17.792686758079494,15.52271218328181,17.751697568001525,16.591088620171803,16.51279339853545,16.520219917999757,13.708449708669287,4.143134726391533
Wittenberg,2023-03-01,118,3,2023,1.0,6.123233995736766e-17,26,123.0,216.0,98.0,331.2692307692308,274.0,196.32657643677436,145.66666666666666,281.1666666666667,313.9166666666667,26,93.0,177.5,415723,55849490.0,134.3430361081778,20.0,865.1707517212998,5.0,75.0,225.0,405.0,1735.0,53366125.0,5513510.0,51222915.0,16047900.0,14839355.0,14949970.0,898470.0,12.937776857516935,17.83817096974055,4.9078125637442565,3.044522437723423,17.792686758079494,15.52271218328181,17.751697568001525,16.591088620171803,16.51279339853545,16.520219917999757,13.708449708669287,4.77912349311153
Woodland Valley,2023-03-01,19,3,2023,1.0,6.123233995736766e-17,26,40.0,18.0,30.0,96.57692307692308,73.5,71.15794998560489,29.333333333333332,74.66666666666667,106.66666666666667,26,18.0,24.5,415723,55849490.0,134.3430361081778,20.0,865.1707517212998,5.0,75.0,225.0,405.0,1735.0,53366125.0,5513510.0,51222915.0,16047900.0,14839355.0,14949970.0,898470.0,12.937776857516935,17.83817096974055,4.9078125637442565,3.044522437723423,17.792686758079494,15.52271218328181,17.751697568001525,16.591088620171803,16.51279339853545,16.520219917999757,13.708449708669287,2.995732273553991
Alder Lake,2023-04-01,134,4,2023,0.8660254037844387,-0.49999999999999983,27,51.0,45.0,40.0,153.40740740740742,106.0,112.84818231018278,45.333333333333336,71.66666666666667,147.0,27,86.0,147.5,437492,62951920.0,143.89273403856527,20.0,1003.1942638897335,5.0,80.0,245.0,440.0,1700.0,60786970.0,5173090.0,58747865.0,19632510.0,15208860.0,16778620.0,1298475.0,12.988815984651804,17.95788183427178,4.9759937034079655,3.044522437723423,17.922886031209263,15.458980940170575,17.888765386924575,16.792697474526438,16.537388776487344,16.63561607445822,14.076701827049286,4.90527477843843
Ashokan HP,2023-04-01,120,4,2023,0.8660254037844387,-0.49999999999999983,27,51.0,98.0,84.0,134.14814814814815,128.0,58.64935156288122,77.66666666666667,94.0,134.33333333333334,27,128.0,131.5,437492,62951920.0,143.89273403856527,20.0,1003.1942638897335,5.0,80.0,245.0,440.0,1700.0,60786970.0,5173090.0,58747865.0,19632510.0,15208860.0,16778620.0,1298475.0,12.988815984651804,17.95788183427178,4.9759937034079655,3.044522437723423,17.922886031209263,15.458980940170575,17.888765386924575,16.792697474526438,16.537388776487344,16.63561607445822,14.076701827049286,4.795790545596741
Bangle Hill,2023-04-01,11,4,2023,0.8660254037844387,-0.49999999999999983,27,5.0,18.0,11.0,11.066666666666666,7.0,9.215411522216982,11.333333333333334,9.166666666666666,13.25,15,7.0,7.0,437492,62951920.0,143.89273403856527,20.0,1003.1942638897335,5.0,80.0,245.0,440.0,1700.0,60786970.0,5173090.0,58747865.0,19632510.0,15208860.0,16778620.0,1298475.0,12.988815984651804,17.95788183427178,4.9759937034079655,3.044522437723423,17.922886031209263,15.458980940170575,17.888765386924575,16.792697474526438,16.537388776487344,16.63561607445822,14.076701827049286,2.4849066497880004
Beaverkill Road to BLM FT,2023-04-01,108,4,2023,0.8660254037844387,-0.49999999999999983,27,25.0,71.0,59.0,151.25925925925927,135.0,86.41829960791007,51.666666666666664,97.33333333333333,161.25,27,133.0,142.5,437492,62951920.0,143.89273403856527,20.0,1003.1942638897335,5.0,80.0,245.0,440.0,1700.0,60786970.0,5173090.0,58747865.0,19632510.0,15208860.0,16778620.0,1298475.0,12.988815984651804,17.95788183427178,4.9759937034079655,3.044522437723423,17.922886031209263,15.458980940170575,17.888765386924575,16.792697474526438,16.537388776487344,16.63561607445822,14.076701827049286,4.6913478822291435
Biscuit Brook,2023-04-01,74,4,2023,0.8660254037844387,-0.49999999999999983,27,59.0,68.0,47.0,115.29629629629629,121.0,36.51534431400546,58.0,76.0,104.83333333333333,27,160.0,150.5,437492,62951920.0,143.89273403856527,20.0,1003.1942638897335,5.0,80.0,245.0,440.0,1700.0,60786970.0,5173090.0,58747865.0,19632510.0,15208860.0,16778620.0,1298475.0,12.988815984651804,17.95788183427178,4.9759937034079655,3.044522437723423,17.922886031209263,15.458980940170575,17.888765386924575,16.792697474526438,16.537388776487344,16.63561607445822,14.076701827049286,4.31748811353631
Cathedral Glen,2023-04-01,14,4,2023,0.8660254037844387,-0.49999999999999983,27,1.0,10.0,11.0,9.263157894736842,8.0,8.136625735682642,7.333333333333333,5.5,10.833333333333334,19,6.0,6.0,437492,62951920.0,143.89273403856527,20.0,1003.1942638897335,5.0,80.0,245.0,440.0,1700.0,60786970.0,5173090.0,58747865.0,19632510.0,15208860.0,16778620.0,1298475.0,12.988815984651804,17.95788183427178,4.9759937034079655,3.044522437723423,17.922886031209263,15.458980940170575,17.888765386924575,16.792697474526438,16.537388776487344,16.63561607445822,14.076701827049286,2.70805020110221
Denning,2023-04-01,118,4,2023,0.8660254037844387,-0.49999999999999983,27,71.0,118.0,88.0,213.55555555555554,210.0,112.94496050096303,92.33333333333333,144.0,220.41666666666666,27,137.0,180.5,437492,62951920.0,143.89273403856527,20.0,1003.1942638897335,5.0,80.0,245.0,440.0,1700.0,60786970.0,5173090.0,58747865.0,19632510.0,15208860.0,16778620.0,1298475.0,12.988815984651804,17.95788183427178,4.9759937034079655,3.044522437723423,17.922886031209263,15.458980940170575,17.888765386924575,16.792697474526438,16.537388776487344,16.63561607445822,14.076701827049286,4.77912349311153
Dry Brook Ridge to Lean-to,2023-04-01,10,4,2023,0.8660254037844387,-0.49999999999999983,27,12.0,11.0,15.0,25.185185185185187,21.0,14.342076442940776,12.666666666666666,19.166666666666668,24.583333333333332,27,17.0,30.0,437492,62951920.0,143.89273403856527,20.0,1003.1942638897335,5.0,80.0,245.0,440.0,1700.0,60786970.0,5173090.0,58747865.0,19632510.0,15208860.0,16778620.0,1298475.0,12.988815984651804,17.95788183427178,4.9759937034079655,3.044522437723423,17.922886031209263,15.458980940170575,17.888765386924575,16.792697474526438,16.537388776487344,16.63561607445822,14.076701827049286,2.3978952727983707
Flynn,2023-04-01,33,4,2023,0.8660254037844387,-0.49999999999999983,27,16.0,11.0,34.0,46.25925925925926,44.0,33.04727684881928,20.333333333333332,25.666666666666668,48.583333333333336,27,28.0,35.5,437492,62951920.0,143.89273403856527,20.0,1003.1942638897335,5.0,80.0,245.0,440.0,1700.0,60786970.0,5173090.0,58747865.0,19632510.0,15208860.0,16778620.0,1298475.0,12.988815984651804,17.95788183427178,4.9759937034079655,3.044522437723423,17.922886031209263,15.458980940170575,17.888765386924575,16.792697474526438,16.537388776487344,16.63561607445822,14.076701827049286,3.5263605246161616
Fox Hollow,2023-04-01,53,4,2023,0.8660254037844387,-0.49999999999999983,27,50.0,60.0,44.0,87.14814814814815,93.0,40.696535199055674,51.333333333333336,67.0,80.08333333333333,27,118.0,117.5,437492,62951920.0,143.89273403856527,20.0,1003.1942638897335,5.0,80.0,245.0,440.0,1700.0,60786970.0,5173090.0,58747865.0,19632510.0,15208860.0,16778620.0,1298475.0,12.988815984651804,17.95788183427178,4.9759937034079655,3.044522437723423,17.922886031209263,15.458980940170575,17.888765386924575,16.792697474526438,16.537388776487344,16.63561607445822,14.076701827049286,3.9889840465642745
Frick Pond,2023-04-01,62,4,2023,0.8660254037844387,-0.49999999999999983,27,58.0,43.0,61.0,123.0,110.0,76.45612115153673,54.0,76.66666666666667,121.08333333333333,27,51.0,80.5,437492,62951920.0,143.89273403856527,20.0,1003.1942638897335,5.0,80.0,245.0,440.0,1700.0,60786970.0,5173090.0,58747865.0,19632510.0,15208860.0,16778620.0,1298475.0,12.988815984651804,17.95788183427178,4.9759937034079655,3.044522437723423,17.922886031209263,15.458980940170575,17.888765386924575,16.792697474526438,16.537388776487344,16.63561607445822,14.076701827049286,4.143134726391533
Giant Ledge,2023-04-01,331,4,2023,0.8660254037844387,-0.49999999999999983,27,257.0,317.0,503.0,599.0,548.0,311.89186982276163,359.0,508.0,569.5,27,373.0,488.5,437492,62951920.0,143.89273403856527,20.0,1003.1942638897335,5.0,80.0,245.0,440.0,1700.0,60786970.0,5173090.0,58747865.0,19632510.0,15208860.0,16778620.0,1298475.0,12.988815984651804,17.95788183427178,4.9759937034079655,3.044522437723423,17.922886031209263,15.458980940170575,17.888765386924575,16.792697474526438,16.537388776487344,16.63561607445822,14.076701827049286,5.805134968916488
Hardenburgh- MH Trail,2023-04-01,1,4,2023,0.8660254037844387,-0.49999999999999983,27,0.0,3.0,4.0,7.592592592592593,7.0,5.773009209037808,2.3333333333333335,4.166666666666667,6.5,27,15.0,13.0,437492,62951920.0,143.89273403856527,20.0,1003.1942638897335,5.0,80.0,245.0,440.0,1700.0,60786970.0,5173090.0,58747865.0,19632510.0,15208860.0,16778620.0,1298475.0,12.988815984651804,17.95788183427178,4.9759937034079655,3.044522437723423,17.922886031209263,15.458980940170575,17.888765386924575,16.792697474526438,16.537388776487344,16.63561607445822,14.076701827049286,0.6931471805599453
Kelly Hollow,2023-04-01,139,4,2023,0.8660254037844387,-0.49999999999999983,27,74.0,114.0,85.0,190.44444444444446,200.0,91.00394468767794,91.0,146.66666666666666,208.83333333333334,27,233.0,231.0,437492,62951920.0,143.89273403856527,20.0,1003.1942638897335,5.0,80.0,245.0,440.0,1700.0,60786970.0,5173090.0,58747865.0,19632510.0,15208860.0,16778620.0,1298475.0,12.988815984651804,17.95788183427178,4.9759937034079655,3.044522437723423,17.922886031209263,15.458980940170575,17.888765386924575,16.792697474526438,16.537388776487344,16.63561607445822,14.076701827049286,4.941642422609304
Lane Street,2023-04-01,34,4,2023,0.8660254037844387,-0.49999999999999983,27,16.0,22.0,31.0,48.76923076923077,48.5,24.096983532895056,23.0,41.5,47.833333333333336,26,40.0,49.0,437492,62951920.0,143.89273403856527,20.0,1003.1942638897335,5.0,80.0,245.0,440.0,1700.0,60786970.0,5173090.0,58747865.0,19632510.0,15208860.0,16778620.0,1298475.0,12.988815984651804,17.95788183427178,4.9759937034079655,3.044522437723423,17.922886031209263,15.458980940170575,17.888765386924575,16.792697474526438,16.537388776487344,16.63561607445822,14.076701827049286,3.5553480614894135
McKenley Hollow,2023-04-01,84,4,2023,0.8660254037844387,-0.49999999999999983,27,105.0,71.0,91.0,93.5925925925926,83.0,35.444712374734195,89.0,91.16666666666667,84.91666666666667,27,66.0,82.0,437492,62951920.0,143.89273403856527,20.0,1003.1942638897335,5.0,80.0,245.0,440.0,1700.0,60786970.0,5173090.0,58747865.0,19632510.0,15208860.0,16778620.0,1298475.0,12.988815984651804,17.95788183427178,4.9759937034079655,3.044522437723423,17.922886031209263,15.458980940170575,17.888765386924575,16.792697474526438,16.537388776487344,16.63561607445822,14.076701827049286,4.442651256490317
Millbrook to BLM FT,2023-04-01,124,4,2023,0.8660254037844387,-0.49999999999999983,27,139.0,167.0,221.0,238.66666666666666,215.0,97.84249509366492,175.66666666666666,215.5,272.75,27,215.0,207.5,437492,62951920.0,143.89273403856527,20.0,1003.1942638897335,5.0,80.0,245.0,440.0,1700.0,60786970.0,5173090.0,58747865.0,19632510.0,15208860.0,16778620.0,1298475.0,12.988815984651804,17.95788183427178,4.9759937034079655,3.044522437723423,17.922886031209263,15.458980940170575,17.888765386924575,16.792697474526438,16.537388776487344,16.63561607445822,14.076701827049286,4.8283137373023015
Mt Tremper,2023-04-01,203,4,2023,0.8660254037844387,-0.49999999999999983,27,117.0,244.0,67.0,266.3181818181818,255.0,138.25455692606488,142.66666666666666,229.5,288.0833333333333,22,364.0,364.0,437492,62951920.0,143.89273403856527,20.0,1003.1942638897335,5.0,80.0,245.0,440.0,1700.0,60786970.0,5173090.0,58747865.0,19632510.0,15208860.0,16778620.0,1298475.0,12.988815984651804,17.95788183427178,4.9759937034079655,3.044522437723423,17.922886031209263,15.458980940170575,17.888765386924575,16.792697474526438,16.537388776487344,16.63561607445822,14.076701827049286,5.318119993844216
Neversink Hardenburgh Trail,2023-04-01,13,4,2023,0.8660254037844387,-0.49999999999999983,27,0.0,1.0,0.0,13.074074074074074,11.0,12.61539330136592,0.3333333333333333,6.333333333333333,13.75,27,6.0,7.0,437492,62951920.0,143.89273403856527,20.0,1003.1942638897335,5.0,80.0,245.0,440.0,1700.0,60786970.0,5173090.0,58747865.0,19632510.0,15208860.0,16778620.0,1298475.0,12.988815984651804,17.95788183427178,4.9759937034079655,3.044522437723423,17.922886031209263,15.458980940170575,17.888765386924575,16.792697474526438,16.537388776487344,16.63561607445822,14.076701827049286,2.6390573296152584
Onteora Lake,2023-04-01,519,4,2023,0.8660254037844387,-0.49999999999999983,27,275.0,277.0,306.0,192.42857142857142,186.5,61.46507987431599,286.0,232.33333333333334,205.5,14,149.0,149.0,437492,62951920.0,143.89273403856527,20.0,1003.1942638897335,5.0,80.0,245.0,440.0,1700.0,60786970.0,5173090.0,58747865.0,19632510.0,15208860.0,16778620.0,1298475.0,12.988815984651804,17.95788183427178,4.9759937034079655,3.044522437723423,17.922886031209263,15.458980940170575,17.888765386924575,16.792697474526438,16.537388776487344,16.63561607445822,14.076701827049286,6.253828811575473
Overlook,2023-04-01,810,4,2023,0.8660254037844387,-0.49999999999999983,27,327.0,353.0,488.0,645.1111111111111,569.0,319.8709274948417,389.3333333333333,422.1666666666667,703.5833333333334,27,906.0,737.5,437492,62951920.0,143.89273403856527,20.0,1003.1942638897335,5.0,80.0,245.0,440.0,1700.0,60786970.0,5173090.0,58747865.0,19632510.0,15208860.0,16778620.0,1298475.0,12.988815984651804,17.95788183427178,4.9759937034079655,3.044522437723423,17.922886031209263,15.458980940170575,17.888765386924575,16.792697474526438,16.537388776487344,16.63561607445822,14.076701827049286,6.698268054115413
Peekamoose,2023-04-01,92,4,2023,0.8660254037844387,-0.49999999999999983,27,63.0,90.0,139.0,135.40740740740742,135.0,49.69697348721724,97.33333333333333,108.16666666666667,134.08333333333334,27,168.0,156.0,437492,62951920.0,143.89273403856527,20.0,1003.1942638897335,5.0,80.0,245.0,440.0,1700.0,60786970.0,5173090.0,58747865.0,19632510.0,15208860.0,16778620.0,1298475.0,12.988815984651804,17.95788183427178,4.9759937034079655,3.044522437723423,17.922886031209263,15.458980940170575,17.888765386924575,16.792697474526438,16.537388776487344,16.63561607445822,14.076701827049286,4.532599493153256
Red Hill Dinch Road,2023-04-01,124,4,2023,0.8660254037844387,-0.49999999999999983,27,114.0,76.0,112.0,179.52,190.0,101.10024727961846,100.66666666666667,129.33333333333334,180.83333333333334,25,213.0,220.0,437492,62951920.0,143.89273403856527,20.0,1003.1942638897335,5.0,80.0,245.0,440.0,1700.0,60786970.0,5173090.0,58747865.0,19632510.0,15208860.0,16778620.0,1298475.0,12.988815984651804,17.95788183427178,4.9759937034079655,3.044522437723423,17.922886031209263,15.458980940170575,17.888765386924575,16.792697474526438,16.537388776487344,16.63561607445822,14.076701827049286,4.8283137373023015
Rider Hollow,2023-04-01,103,4,2023,0.8660254037844387,-0.49999999999999983,27,130.0,189.0,228.0,185.72727272727272,181.5,60.322294558307554,182.33333333333334,168.16666666666666,172.33333333333334,22,112.0,112.0,437492,62951920.0,143.89273403856527,20.0,1003.1942638897335,5.0,80.0,245.0,440.0,1700.0,60786970.0,5173090.0,58747865.0,19632510.0,15208860.0,16778620.0,1298475.0,12.988815984651804,17.95788183427178,4.9759937034079655,3.044522437723423,17.922886031209263,15.458980940170575,17.888765386924575,16.792697474526438,16.537388776487344,16.63561607445822,14.076701827049286,4.6443908991413725
Rochester Hollow,2023-04-01,148,4,2023,0.8660254037844387,-0.49999999999999983,27,79.0,94.0,99.0,241.33333333333334,148.0,467.4336645656053,90.66666666666667,118.83333333333333,152.5,27,148.0,158.5,437492,62951920.0,143.89273403856527,20.0,1003.1942638897335,5.0,80.0,245.0,440.0,1700.0,60786970.0,5173090.0,58747865.0,19632510.0,15208860.0,16778620.0,1298475.0,12.988815984651804,17.95788183427178,4.9759937034079655,3.044522437723423,17.922886031209263,15.458980940170575,17.888765386924575,16.792697474526438,16.537388776487344,16.63561607445822,14.076701827049286,5.003946305945459
Seager,2023-04-01,48,4,2023,0.8660254037844387,-0.49999999999999983,27,23.0,27.0,15.0,55.81481481481482,46.0,39.33097921392151,21.666666666666668,26.833333333333332,52.833333333333336,27,50.0,44.0,437492,62951920.0,143.89273403856527,20.0,1003.1942638897335,5.0,80.0,245.0,440.0,1700.0,60786970.0,5173090.0,58747865.0,19632510.0,15208860.0,16778620.0,1298475.0,12.988815984651804,17.95788183427178,4.9759937034079655,3.044522437723423,17.922886031209263,15.458980940170575,17.888765386924575,16.792697474526438,16.537388776487344,16.63561607445822,14.076701827049286,3.8918202981106265
Slide Mt,2023-04-01,307,4,2023,0.8660254037844387,-0.49999999999999983,27,277.0,220.0,478.0,564.3333333333334,571.0,212.51443389893453,325.0,405.8333333333333,546.3333333333334,27,331.0,380.5,437492,62951920.0,143.89273403856527,20.0,1003.1942638897335,5.0,80.0,245.0,440.0,1700.0,60786970.0,5173090.0,58747865.0,19632510.0,15208860.0,16778620.0,1298475.0,12.988815984651804,17.95788183427178,4.9759937034079655,3.044522437723423,17.922886031209263,15.458980940170575,17.888765386924575,16.792697474526438,16.537388776487344,16.63561607445822,14.076701827049286,5.730099782973574
Trails End Road,2023-04-01,115,4,2023,0.8660254037844387,-0.49999999999999983,27,43.0,38.0,58.0,113.0,86.0,88.69188237939252,46.333333333333336,63.5,113.0,9,,,437492,62951920.0,143.89273403856527,20.0,1003.1942638897335,5.0,80.0,245.0,440.0,1700.0,60786970.0,5173090.0,58747865.0,19632510.0,15208860.0,16778620.0,1298475.0,12.988815984651804,17.95788183427178,4.9759937034079655,3.044522437723423,17.922886031209263,15.458980940170575,17.888765386924575,16.792697474526438,16.537388776487344,16.63561607445822,14.076701827049286,4.7535901911063645
Upper Cherrytown Road,2023-04-01,168,4,2023,0.8660254037844387,-0.49999999999999983,27,62.0,75.0,81.0,155.5,106.0,148.056980805423,72.66666666666667,101.5,217.75,24,174.0,163.0,437492,62951920.0,143.89273403856527,20.0,1003.1942638897335,5.0,80.0,245.0,440.0,1700.0,60786970.0,5173090.0,58747865.0,19632510.0,15208860.0,16778620.0,1298475.0,12.988815984651804,17.95788183427178,4.9759937034079655,3.044522437723423,17.922886031209263,15.458980940170575,17.888765386924575,16.792697474526438,16.537388776487344,16.63561607445822,14.076701827049286,5.1298987149230735
Wittenberg,2023-04-01,146,4,2023,0.8660254037844387,-0.49999999999999983,27,118.0,123.0,216.0,323.3703703703704,262.0,196.84065170904654,152.33333333333334,227.66666666666666,316.0,27,181.0,233.5,437492,62951920.0,143.89273403856527,20.0,1003.1942638897335,5.0,80.0,245.0,440.0,1700.0,60786970.0,5173090.0,58747865.0,19632510.0,15208860.0,16778620.0,1298475.0,12.988815984651804,17.95788183427178,4.9759937034079655,3.044522437723423,17.922886031209263,15.458980940170575,17.888765386924575,16.792697474526438,16.537388776487344,16.63561607445822,14.076701827049286,4.990432586778736
Woodland Valley,2023-04-01,55,4,2023,0.8660254037844387,-0.49999999999999983,27,19.0,40.0,18.0,93.70370370370371,62.0,71.35545627070952,25.666666666666668,54.333333333333336,106.75,27,85.0,73.5,437492,62951920.0,143.89273403856527,20.0,1003.1942638897335,5.0,80.0,245.0,440.0,1700.0,60786970.0,5173090.0,58747865.0,19632510.0,15208860.0,16778620.0,1298475.0,12.988815984651804,17.95788183427178,4.9759937034079655,3.044522437723423,17.922886031209263,15.458980940170575,17.888765386924575,16.792697474526438,16.537388776487344,16.63561607445822,14.076701827049286,4.02535169073515
Alder Lake,2023-05-01,170,5,2023,0.49999999999999994,-0.8660254037844387,28,134.0,51.0,45.0,152.71428571428572,120.0,110.79940404401071,76.66666666666667,60.166666666666664,151.0,28,206.0,226.0,448349,65828735.0,146.82476151390992,20.0,999.6420542895455,5.0,80.0,255.0,450.0,1640.0,64262905.0,7563750.0,59333210.0,23163900.0,13503180.0,16533620.0,1629295.0,13.013329456380193,18.002567018287518,4.996027528405473,3.044522437723423,17.978493133162935,15.838877789128212,17.898679757788372,16.958105633445435,16.418435845281987,16.620906502069232,14.30365857764599,5.14166355650266
Ashokan HP,2023-05-01,186,5,2023,0.49999999999999994,-0.8660254037844387,28,120.0,51.0,98.0,133.64285714285714,124.0,57.61507922842208,89.66666666666667,81.16666666666667,133.66666666666666,28,173.0,182.0,448349,65828735.0,146.82476151390992,20.0,999.6420542895455,5.0,80.0,255.0,450.0,1640.0,64262905.0,7563750.0,59333210.0,23163900.0,13503180.0,16533620.0,1629295.0,13.013329456380193,18.002567018287518,4.996027528405473,3.044522437723423,17.978493133162935,15.838877789128212,17.898679757788372,16.958105633445435,16.418435845281987,16.620906502069232,14.30365857764599,5.231108616854587
Bangle Hill,2023-05-01,5,5,2023,0.49999999999999994,-0.8660254037844387,28,11.0,5.0,18.0,11.0625,8.5,8.902948949645841,11.333333333333334,9.833333333333334,13.583333333333334,16,14.0,14.0,448349,65828735.0,146.82476151390992,20.0,999.6420542895455,5.0,80.0,255.0,450.0,1640.0,64262905.0,7563750.0,59333210.0,23163900.0,13503180.0,16533620.0,1629295.0,13.013329456380193,18.002567018287518,4.996027528405473,3.044522437723423,17.978493133162935,15.838877789128212,17.898679757788372,16.958105633445435,16.418435845281987,16.620906502069232,14.30365857764599,1.791759469228055
Beaverkill Road to BLM FT,2023-05-01,201,5,2023,0.49999999999999994,-0.8660254037844387,28,108.0,25.0,71.0,149.71428571428572,134.0,85.19600805413239,68.0,68.66666666666667,159.16666666666666,28,217.0,194.0,448349,65828735.0,146.82476151390992,20.0,999.6420542895455,5.0,80.0,255.0,450.0,1640.0,64262905.0,7563750.0,59333210.0,23163900.0,13503180.0,16533620.0,1629295.0,13.013329456380193,18.002567018287518,4.996027528405473,3.044522437723423,17.978493133162935,15.838877789128212,17.898679757788372,16.958105633445435,16.418435845281987,16.620906502069232,14.30365857764599,5.308267697401205
Biscuit Brook,2023-05-01,157,5,2023,0.49999999999999994,-0.8660254037844387,28,74.0,59.0,68.0,113.82142857142857,116.0,36.67278087550572,67.0,66.16666666666667,97.66666666666667,28,144.0,135.5,448349,65828735.0,146.82476151390992,20.0,999.6420542895455,5.0,80.0,255.0,450.0,1640.0,64262905.0,7563750.0,59333210.0,23163900.0,13503180.0,16533620.0,1629295.0,13.013329456380193,18.002567018287518,4.996027528405473,3.044522437723423,17.978493133162935,15.838877789128212,17.898679757788372,16.958105633445435,16.418435845281987,16.620906502069232,14.30365857764599,5.062595033026967
Cathedral Glen,2023-05-01,15,5,2023,0.49999999999999994,-0.8660254037844387,28,14.0,1.0,10.0,9.5,8.5,7.990125484819239,8.333333333333334,6.333333333333333,11.5,20,23.0,23.0,448349,65828735.0,146.82476151390992,20.0,999.6420542895455,5.0,80.0,255.0,450.0,1640.0,64262905.0,7563750.0,59333210.0,23163900.0,13503180.0,16533620.0,1629295.0,13.013329456380193,18.002567018287518,4.996027528405473,3.044522437723423,17.978493133162935,15.838877789128212,17.898679757788372,16.958105633445435,16.418435845281987,16.620906502069232,14.30365857764599,2.772588722239781
Denning,2023-05-01,361,5,2023,0.49999999999999994,-0.8660254037844387,28,118.0,71.0,118.0,210.14285714285714,187.0,112.2951515346992,102.33333333333333,103.66666666666667,218.83333333333334,28,253.0,296.5,448349,65828735.0,146.82476151390992,20.0,999.6420542895455,5.0,80.0,255.0,450.0,1640.0,64262905.0,7563750.0,59333210.0,23163900.0,13503180.0,16533620.0,1629295.0,13.013329456380193,18.002567018287518,4.996027528405473,3.044522437723423,17.978493133162935,15.838877789128212,17.898679757788372,16.958105633445435,16.418435845281987,16.620906502069232,14.30365857764599,5.8916442118257715
Dry Brook Ridge to Lean-to,2023-05-01,25,5,2023,0.49999999999999994,-0.8660254037844387,28,10.0,12.0,11.0,24.642857142857142,21.0,14.363570910890138,11.0,14.166666666666666,24.0,28,35.0,30.0,448349,65828735.0,146.82476151390992,20.0,999.6420542895455,5.0,80.0,255.0,450.0,1640.0,64262905.0,7563750.0,59333210.0,23163900.0,13503180.0,16533620.0,1629295.0,13.013329456380193,18.002567018287518,4.996027528405473,3.044522437723423,17.978493133162935,15.838877789128212,17.898679757788372,16.958105633445435,16.418435845281987,16.620906502069232,14.30365857764599,3.258096538021482
Flynn,2023-05-01,62,5,2023,0.49999999999999994,-0.8660254037844387,28,33.0,16.0,11.0,45.785714285714285,43.5,32.526179931746995,20.0,22.5,49.0,28,74.0,62.5,448349,65828735.0,146.82476151390992,20.0,999.6420542895455,5.0,80.0,255.0,450.0,1640.0,64262905.0,7563750.0,59333210.0,23163900.0,13503180.0,16533620.0,1629295.0,13.013329456380193,18.002567018287518,4.996027528405473,3.044522437723423,17.978493133162935,15.838877789128212,17.898679757788372,16.958105633445435,16.418435845281987,16.620906502069232,14.30365857764599,4.143134726391533
Fox Hollow,2023-05-01,102,5,2023,0.49999999999999994,-0.8660254037844387,28,53.0,50.0,60.0,85.92857142857143,91.5,40.45384070163459,54.333333333333336,54.666666666666664,74.66666666666667,28,80.0,118.0,448349,65828735.0,146.82476151390992,20.0,999.6420542895455,5.0,80.0,255.0,450.0,1640.0,64262905.0,7563750.0,59333210.0,23163900.0,13503180.0,16533620.0,1629295.0,13.013329456380193,18.002567018287518,4.996027528405473,3.044522437723423,17.978493133162935,15.838877789128212,17.898679757788372,16.958105633445435,16.418435845281987,16.620906502069232,14.30365857764599,4.634728988229636
Frick Pond,2023-05-01,113,5,2023,0.49999999999999994,-0.8660254037844387,28,62.0,58.0,43.0,120.82142857142857,110.0,75.9073770735091,54.333333333333336,52.666666666666664,122.0,28,110.0,147.0,448349,65828735.0,146.82476151390992,20.0,999.6420542895455,5.0,80.0,255.0,450.0,1640.0,64262905.0,7563750.0,59333210.0,23163900.0,13503180.0,16533620.0,1629295.0,13.013329456380193,18.002567018287518,4.996027528405473,3.044522437723423,17.978493133162935,15.838877789128212,17.898679757788372,16.958105633445435,16.418435845281987,16.620906502069232,14.30365857764599,4.736198448394496
Giant Ledge,2023-05-01,616,5,2023,0.49999999999999994,-0.8660254037844387,28,331.0,257.0,317.0,589.4285714285714,540.0,310.2238652341992,301.6666666666667,335.5,566.0,28,569.0,732.5,448349,65828735.0,146.82476151390992,20.0,999.6420542895455,5.0,80.0,255.0,450.0,1640.0,64262905.0,7563750.0,59333210.0,23163900.0,13503180.0,16533620.0,1629295.0,13.013329456380193,18.002567018287518,4.996027528405473,3.044522437723423,17.978493133162935,15.838877789128212,17.898679757788372,16.958105633445435,16.418435845281987,16.620906502069232,14.30365857764599,6.424869023905388
Hardenburgh- MH Trail,2023-05-01,12,5,2023,0.49999999999999994,-0.8660254037844387,28,1.0,0.0,3.0,7.357142857142857,6.5,5.800474346594651,1.3333333333333333,3.0,5.333333333333333,28,1.0,4.0,448349,65828735.0,146.82476151390992,20.0,999.6420542895455,5.0,80.0,255.0,450.0,1640.0,64262905.0,7563750.0,59333210.0,23163900.0,13503180.0,16533620.0,1629295.0,13.013329456380193,18.002567018287518,4.996027528405473,3.044522437723423,17.978493133162935,15.838877789128212,17.898679757788372,16.958105633445435,16.418435845281987,16.620906502069232,14.30365857764599,2.5649493574615367
Kelly Hollow,2023-05-01,158,5,2023,0.49999999999999994,-0.8660254037844387,28,139.0,74.0,114.0,188.60714285714286,195.5,89.83043255910889,109.0,113.66666666666667,201.0,28,261.0,256.5,448349,65828735.0,146.82476151390992,20.0,999.6420542895455,5.0,80.0,255.0,450.0,1640.0,64262905.0,7563750.0,59333210.0,23163900.0,13503180.0,16533620.0,1629295.0,13.013329456380193,18.002567018287518,4.996027528405473,3.044522437723423,17.978493133162935,15.838877789128212,17.898679757788372,16.958105633445435,16.418435845281987,16.620906502069232,14.30365857764599,5.0689042022202315
Lane Street,2023-05-01,63,5,2023,0.49999999999999994,-0.8660254037844387,28,34.0,16.0,22.0,48.22222222222222,48.0,23.799375126466163,24.0,29.166666666666668,47.333333333333336,27,46.0,67.5,448349,65828735.0,146.82476151390992,20.0,999.6420542895455,5.0,80.0,255.0,450.0,1640.0,64262905.0,7563750.0,59333210.0,23163900.0,13503180.0,16533620.0,1629295.0,13.013329456380193,18.002567018287518,4.996027528405473,3.044522437723423,17.978493133162935,15.838877789128212,17.898679757788372,16.958105633445435,16.418435845281987,16.620906502069232,14.30365857764599,4.1588830833596715
McKenley Hollow,2023-05-01,146,5,2023,0.49999999999999994,-0.8660254037844387,28,84.0,105.0,71.0,93.25,83.5,34.82934586427562,86.66666666666667,81.33333333333333,86.41666666666667,28,108.0,128.0,448349,65828735.0,146.82476151390992,20.0,999.6420542895455,5.0,80.0,255.0,450.0,1640.0,64262905.0,7563750.0,59333210.0,23163900.0,13503180.0,16533620.0,1629295.0,13.013329456380193,18.002567018287518,4.996027528405473,3.044522437723423,17.978493133162935,15.838877789128212,17.898679757788372,16.958105633445435,16.418435845281987,16.620906502069232,14.30365857764599,4.990432586778736
Millbrook to BLM FT,2023-05-01,273,5,2023,0.49999999999999994,-0.8660254037844387,28,124.0,139.0,167.0,234.57142857142858,210.0,98.42855223043715,143.33333333333334,160.16666666666666,265.1666666666667,28,252.0,239.5,448349,65828735.0,146.82476151390992,20.0,999.6420542895455,5.0,80.0,255.0,450.0,1640.0,64262905.0,7563750.0,59333210.0,23163900.0,13503180.0,16533620.0,1629295.0,13.013329456380193,18.002567018287518,4.996027528405473,3.044522437723423,17.978493133162935,15.838877789128212,17.898679757788372,16.958105633445435,16.418435845281987,16.620906502069232,14.30365857764599,5.6131281063880705
Mt Tremper,2023-05-01,297,5,2023,0.49999999999999994,-0.8660254037844387,28,203.0,117.0,244.0,263.5652173913044,248.0,135.71957254405683,188.0,253.66666666666666,294.75,23,389.0,349.0,448349,65828735.0,146.82476151390992,20.0,999.6420542895455,5.0,80.0,255.0,450.0,1640.0,64262905.0,7563750.0,59333210.0,23163900.0,13503180.0,16533620.0,1629295.0,13.013329456380193,18.002567018287518,4.996027528405473,3.044522437723423,17.978493133162935,15.838877789128212,17.898679757788372,16.958105633445435,16.418435845281987,16.620906502069232,14.30365857764599,5.697093486505405
Neversink Hardenburgh Trail,2023-05-01,26,5,2023,0.49999999999999994,-0.8660254037844387,28,13.0,0.0,1.0,13.071428571428571,11.0,12.37957867837061,4.666666666666667,5.166666666666667,14.333333333333334,28,19.0,18.0,448349,65828735.0,146.82476151390992,20.0,999.6420542895455,5.0,80.0,255.0,450.0,1640.0,64262905.0,7563750.0,59333210.0,23163900.0,13503180.0,16533620.0,1629295.0,13.013329456380193,18.002567018287518,4.996027528405473,3.044522437723423,17.978493133162935,15.838877789128212,17.898679757788372,16.958105633445435,16.418435845281987,16.620906502069232,14.30365857764599,3.295836866004329
Onteora Lake,2023-05-01,515,5,2023,0.49999999999999994,-0.8660254037844387,28,519.0,275.0,277.0,214.2,187.0,103.04381869587603,357.0,278.8333333333333,236.33333333333334,15,165.0,165.0,448349,65828735.0,146.82476151390992,20.0,999.6420542895455,5.0,80.0,255.0,450.0,1640.0,64262905.0,7563750.0,59333210.0,23163900.0,13503180.0,16533620.0,1629295.0,13.013329456380193,18.002567018287518,4.996027528405473,3.044522437723423,17.978493133162935,15.838877789128212,17.898679757788372,16.958105633445435,16.418435845281987,16.620906502069232,14.30365857764599,6.246106765481563
Overlook,2023-05-01,1047,5,2023,0.49999999999999994,-0.8660254037844387,28,810.0,327.0,353.0,651.0,633.5,315.43444467731945,496.6666666666667,472.0,695.5833333333334,28,1029.0,902.5,448349,65828735.0,146.82476151390992,20.0,999.6420542895455,5.0,80.0,255.0,450.0,1640.0,64262905.0,7563750.0,59333210.0,23163900.0,13503180.0,16533620.0,1629295.0,13.013329456380193,18.002567018287518,4.996027528405473,3.044522437723423,17.978493133162935,15.838877789128212,17.898679757788372,16.958105633445435,16.418435845281987,16.620906502069232,14.30365857764599,6.954638864880987
Peekamoose,2023-05-01,234,5,2023,0.49999999999999994,-0.8660254037844387,28,92.0,63.0,90.0,133.85714285714286,132.5,49.45309358987024,81.66666666666667,88.33333333333333,127.75,28,113.0,175.0,448349,65828735.0,146.82476151390992,20.0,999.6420542895455,5.0,80.0,255.0,450.0,1640.0,64262905.0,7563750.0,59333210.0,23163900.0,13503180.0,16533620.0,1629295.0,13.013329456380193,18.002567018287518,4.996027528405473,3.044522437723423,17.978493133162935,15.838877789128212,17.898679757788372,16.958105633445435,16.418435845281987,16.620906502069232,14.30365857764599,5.459585514144159
Red Hill Dinch Road,2023-05-01,186,5,2023,0.49999999999999994,-0.8660254037844387,28,124.0,114.0,76.0,177.3846153846154,180.0,99.65423299512246,104.66666666666667,103.66666666666667,173.41666666666666,26,190.0,219.0,448349,65828735.0,146.82476151390992,20.0,999.6420542895455,5.0,80.0,255.0,450.0,1640.0,64262905.0,7563750.0,59333210.0,23163900.0,13503180.0,16533620.0,1629295.0,13.013329456380193,18.002567018287518,4.996027528405473,3.044522437723423,17.978493133162935,15.838877789128212,17.898679757788372,16.958105633445435,16.418435845281987,16.620906502069232,14.30365857764599,5.231108616854587
Rider Hollow,2023-05-01,224,5,2023,0.49999999999999994,-0.8660254037844387,28,103.0,130.0,189.0,182.1304347826087,176.0,61.407953547511106,140.66666666666666,149.0,171.58333333333334,23,195.0,195.0,448349,65828735.0,146.82476151390992,20.0,999.6420542895455,5.0,80.0,255.0,450.0,1640.0,64262905.0,7563750.0,59333210.0,23163900.0,13503180.0,16533620.0,1629295.0,13.013329456380193,18.002567018287518,4.996027528405473,3.044522437723423,17.978493133162935,15.838877789128212,17.898679757788372,16.958105633445435,16.418435845281987,16.620906502069232,14.30365857764599,5.41610040220442
Rochester Hollow,2023-05-01,113,5,2023,0.49999999999999994,-0.8660254037844387,28,148.0,79.0,94.0,238.0,148.0,459.0348167219595,107.0,106.0,152.5,28,169.0,161.5,448349,65828735.0,146.82476151390992,20.0,999.6420542895455,5.0,80.0,255.0,450.0,1640.0,64262905.0,7563750.0,59333210.0,23163900.0,13503180.0,16533620.0,1629295.0,13.013329456380193,18.002567018287518,4.996027528405473,3.044522437723423,17.978493133162935,15.838877789128212,17.898679757788372,16.958105633445435,16.418435845281987,16.620906502069232,14.30365857764599,4.736198448394496
Seager,2023-05-01,70,5,2023,0.49999999999999994,-0.8660254037844387,28,48.0,23.0,27.0,55.535714285714285,47.0,38.62400150247889,32.666666666666664,24.666666666666668,52.666666666666664,28,77.0,60.0,448349,65828735.0,146.82476151390992,20.0,999.6420542895455,5.0,80.0,255.0,450.0,1640.0,64262905.0,7563750.0,59333210.0,23163900.0,13503180.0,16533620.0,1629295.0,13.013329456380193,18.002567018287518,4.996027528405473,3.044522437723423,17.978493133162935,15.838877789128212,17.898679757788372,16.958105633445435,16.418435845281987,16.620906502069232,14.30365857764599,4.2626798770413155
Slide Mt,2023-05-01,691,5,2023,0.49999999999999994,-0.8660254037844387,28,307.0,277.0,220.0,555.1428571428571,524.5,214.13715132297705,268.0,316.8333333333333,544.3333333333334,28,680.0,634.5,448349,65828735.0,146.82476151390992,20.0,999.6420542895455,5.0,80.0,255.0,450.0,1640.0,64262905.0,7563750.0,59333210.0,23163900.0,13503180.0,16533620.0,1629295.0,13.013329456380193,18.002567018287518,4.996027528405473,3.044522437723423,17.978493133162935,15.838877789128212,17.898679757788372,16.958105633445435,16.418435845281987,16.620906502069232,14.30365857764599,6.539585955617669
Trails End Road,2023-05-01,224,5,2023,0.49999999999999994,-0.8660254037844387,28,115.0,43.0,38.0,113.2,100.5,83.62190037437693,65.33333333333333,62.0,113.2,10,,,448349,65828735.0,146.82476151390992,20.0,999.6420542895455,5.0,80.0,255.0,450.0,1640.0,64262905.0,7563750.0,59333210.0,23163900.0,13503180.0,16533620.0,1629295.0,13.013329456380193,18.002567018287518,4.996027528405473,3.044522437723423,17.978493133162935,15.838877789128212,17.898679757788372,16.958105633445435,16.418435845281987,16.620906502069232,14.30365857764599,5.41610040220442
Upper Cherrytown Road,2023-05-01,136,5,2023,0.49999999999999994,-0.8660254037844387,28,168.0,62.0,75.0,156.0,115.0,144.96120170583575,101.66666666666667,90.0,217.25,25,364.0,227.0,448349,65828735.0,146.82476151390992,20.0,999.6420542895455,5.0,80.0,255.0,450.0,1640.0,64262905.0,7563750.0,59333210.0,23163900.0,13503180.0,16533620.0,1629295.0,13.013329456380193,18.002567018287518,4.996027528405473,3.044522437723423,17.978493133162935,15.838877789128212,17.898679757788372,16.958105633445435,16.418435845281987,16.620906502069232,14.30365857764599,4.919980925828125
Wittenberg,2023-05-01,592,5,2023,0.49999999999999994,-0.8660254037844387,28,146.0,118.0,123.0,317.0357142857143,256.5,196.0478932685237,129.0,145.66666666666666,313.0833333333333,28,393.0,461.5,448349,65828735.0,146.82476151390992,20.0,999.6420542895455,5.0,80.0,255.0,450.0,1640.0,64262905.0,7563750.0,59333210.0,23163900.0,13503180.0,16533620.0,1629295.0,13.013329456380193,18.002567018287518,4.996027528405473,3.044522437723423,17.978493133162935,15.838877789128212,17.898679757788372,16.958105633445435,16.418435845281987,16.620906502069232,14.30365857764599,6.385194398997726
Woodchuck Hollow,2023-05-01,6,5,2023,0.49999999999999994,-0.8660254037844387,28,1.0,2.0,3.0,3.8125,3.0,2.3157072353818817,2.0,2.1666666666666665,3.1666666666666665,16,2.0,5.0,448349,65828735.0,146.82476151390992,20.0,999.6420542895455,5.0,80.0,255.0,450.0,1640.0,64262905.0,7563750.0,59333210.0,23163900.0,13503180.0,16533620.0,1629295.0,13.013329456380193,18.002567018287518,4.996027528405473,3.044522437723423,17.978493133162935,15.838877789128212,17.898679757788372,16.958105633445435,16.418435845281987,16.620906502069232,14.30365857764599,1.9459101490553132
Woodland Valley,2023-05-01,108,5,2023,0.49999999999999994,-0.8660254037844387,28,55.0,19.0,40.0,92.32142857142857,58.5,70.40257443284646,38.0,35.333333333333336,104.25,28,157.0,138.0,448349,65828735.0,146.82476151390992,20.0,999.6420542895455,5.0,80.0,255.0,450.0,1640.0,64262905.0,7563750.0,59333210.0,23163900.0,13503180.0,16533620.0,1629295.0,13.013329456380193,18.002567018287518,4.996027528405473,3.044522437723423,17.978493133162935,15.838877789128212,17.898679757788372,16.958105633445435,16.418435845281987,16.620906502069232,14.30365857764599,4.6913478822291435
Alder Lake,2023-06-01,234,6,2023,1.2246467991473532e-16,-1.0,29,170.0,134.0,51.0,153.31034482758622,134.0,108.85019307295558,118.33333333333333,81.83333333333333,148.0,29,228.0,246.0,433764,54996380.0,126.78871460056621,20.0,898.3786855526062,5.0,70.0,220.0,385.0,1405.0,53618215.0,3918665.0,52043240.0,19870995.0,11136600.0,12287790.0,1755265.0,12.980258191777823,17.82277794103183,4.850378232884416,3.044522437723423,17.797399419051114,15.181261847726928,17.767585488685462,16.80477173908956,16.225747629209252,16.324116725761403,14.378130970348561,5.459585514144159
Ashokan HP,2023-06-01,112,6,2023,1.2246467991473532e-16,-1.0,29,186.0,120.0,51.0,135.44827586206895,128.0,57.406188197351625,119.0,98.0,134.75,29,180.0,179.0,433764,54996380.0,126.78871460056621,20.0,898.3786855526062,5.0,70.0,220.0,385.0,1405.0,53618215.0,3918665.0,52043240.0,19870995.0,11136600.0,12287790.0,1755265.0,12.980258191777823,17.82277794103183,4.850378232884416,3.044522437723423,17.797399419051114,15.181261847726928,17.767585488685462,16.80477173908956,16.225747629209252,16.324116725761403,14.378130970348561,4.727387818712341
Beaverkill Road to BLM FT,2023-06-01,238,6,2023,1.2246467991473532e-16,-1.0,29,201.0,108.0,25.0,151.48275862068965,135.0,84.20112855099441,111.33333333333333,87.83333333333333,157.83333333333334,29,197.0,192.0,433764,54996380.0,126.78871460056621,20.0,898.3786855526062,5.0,70.0,220.0,385.0,1405.0,53618215.0,3918665.0,52043240.0,19870995.0,11136600.0,12287790.0,1755265.0,12.980258191777823,17.82277794103183,4.850378232884416,3.044522437723423,17.797399419051114,15.181261847726928,17.767585488685462,16.80477173908956,16.225747629209252,16.324116725761403,14.378130970348561,5.476463551931511
Biscuit Brook,2023-06-01,121,6,2023,1.2246467991473532e-16,-1.0,29,157.0,74.0,59.0,115.3103448275862,121.0,36.89376974917879,96.66666666666667,79.5,98.75,29,121.0,148.0,433764,54996380.0,126.78871460056621,20.0,898.3786855526062,5.0,70.0,220.0,385.0,1405.0,53618215.0,3918665.0,52043240.0,19870995.0,11136600.0,12287790.0,1755265.0,12.980258191777823,17.82277794103183,4.850378232884416,3.044522437723423,17.797399419051114,15.181261847726928,17.767585488685462,16.80477173908956,16.225747629209252,16.324116725761403,14.378130970348561,4.804021044733257
Cathedral Glen,2023-06-01,3,6,2023,1.2246467991473532e-16,-1.0,29,15.0,14.0,1.0,9.761904761904763,9.0,7.879751023381144,10.0,8.5,10.833333333333334,21,27.0,27.0,433764,54996380.0,126.78871460056621,20.0,898.3786855526062,5.0,70.0,220.0,385.0,1405.0,53618215.0,3918665.0,52043240.0,19870995.0,11136600.0,12287790.0,1755265.0,12.980258191777823,17.82277794103183,4.850378232884416,3.044522437723423,17.797399419051114,15.181261847726928,17.767585488685462,16.80477173908956,16.225747629209252,16.324116725761403,14.378130970348561,1.3862943611198906
Denning,2023-06-01,272,6,2023,1.2246467991473532e-16,-1.0,29,361.0,118.0,71.0,215.3448275862069,210.0,113.77429908817247,183.33333333333334,138.0,227.83333333333334,29,381.0,409.5,433764,54996380.0,126.78871460056621,20.0,898.3786855526062,5.0,70.0,220.0,385.0,1405.0,53618215.0,3918665.0,52043240.0,19870995.0,11136600.0,12287790.0,1755265.0,12.980258191777823,17.82277794103183,4.850378232884416,3.044522437723423,17.797399419051114,15.181261847726928,17.767585488685462,16.80477173908956,16.225747629209252,16.324116725761403,14.378130970348561,5.60947179518496
Dry Brook Ridge to Lean-to,2023-06-01,49,6,2023,1.2246467991473532e-16,-1.0,29,25.0,10.0,12.0,24.655172413793103,21.0,14.10490254706033,15.666666666666666,12.166666666666666,23.166666666666668,29,27.0,24.0,433764,54996380.0,126.78871460056621,20.0,898.3786855526062,5.0,70.0,220.0,385.0,1405.0,53618215.0,3918665.0,52043240.0,19870995.0,11136600.0,12287790.0,1755265.0,12.980258191777823,17.82277794103183,4.850378232884416,3.044522437723423,17.797399419051114,15.181261847726928,17.767585488685462,16.80477173908956,16.225747629209252,16.324116725761403,14.378130970348561,3.912023005428146
Flynn,2023-06-01,35,6,2023,1.2246467991473532e-16,-1.0,29,62.0,33.0,16.0,46.3448275862069,44.0,32.081676859973875,37.0,28.166666666666668,48.0,29,119.0,105.0,433764,54996380.0,126.78871460056621,20.0,898.3786855526062,5.0,70.0,220.0,385.0,1405.0,53618215.0,3918665.0,52043240.0,19870995.0,11136600.0,12287790.0,1755265.0,12.980258191777823,17.82277794103183,4.850378232884416,3.044522437723423,17.797399419051114,15.181261847726928,17.767585488685462,16.80477173908956,16.225747629209252,16.324116725761403,14.378130970348561,3.58351893845611
Fox Hollow,2023-06-01,88,6,2023,1.2246467991473532e-16,-1.0,29,102.0,53.0,50.0,86.48275862068965,93.0,39.83682851839414,68.33333333333333,54.833333333333336,76.5,29,86.0,103.5,433764,54996380.0,126.78871460056621,20.0,898.3786855526062,5.0,70.0,220.0,385.0,1405.0,53618215.0,3918665.0,52043240.0,19870995.0,11136600.0,12287790.0,1755265.0,12.980258191777823,17.82277794103183,4.850378232884416,3.044522437723423,17.797399419051114,15.181261847726928,17.767585488685462,16.80477173908956,16.225747629209252,16.324116725761403,14.378130970348561,4.48863636973214
Frick Pond,2023-06-01,166,6,2023,1.2246467991473532e-16,-1.0,29,113.0,62.0,58.0,120.55172413793103,110.0,74.55371323841267,77.66666666666667,62.666666666666664,122.25,29,184.0,145.5,433764,54996380.0,126.78871460056621,20.0,898.3786855526062,5.0,70.0,220.0,385.0,1405.0,53618215.0,3918665.0,52043240.0,19870995.0,11136600.0,12287790.0,1755265.0,12.980258191777823,17.82277794103183,4.850378232884416,3.044522437723423,17.797399419051114,15.181261847726928,17.767585488685462,16.80477173908956,16.225747629209252,16.324116725761403,14.378130970348561,5.117993812416755
Giant Ledge,2023-06-01,485,6,2023,1.2246467991473532e-16,-1.0,29,616.0,331.0,257.0,590.3448275862069,548.0,304.6737453949798,401.3333333333333,377.0,569.9166666666666,29,633.0,734.5,433764,54996380.0,126.78871460056621,20.0,898.3786855526062,5.0,70.0,220.0,385.0,1405.0,53618215.0,3918665.0,52043240.0,19870995.0,11136600.0,12287790.0,1755265.0,12.980258191777823,17.82277794103183,4.850378232884416,3.044522437723423,17.797399419051114,15.181261847726928,17.767585488685462,16.80477173908956,16.225747629209252,16.324116725761403,14.378130970348561,6.186208623900494
Hardenburgh- MH Trail,2023-06-01,5,6,2023,1.2246467991473532e-16,-1.0,29,12.0,1.0,0.0,7.517241379310345,7.0,5.760832588977621,4.333333333333333,4.166666666666667,6.25,29,7.0,11.0,433764,54996380.0,126.78871460056621,20.0,898.3786855526062,5.0,70.0,220.0,385.0,1405.0,53618215.0,3918665.0,52043240.0,19870995.0,11136600.0,12287790.0,1755265.0,12.980258191777823,17.82277794103183,4.850378232884416,3.044522437723423,17.797399419051114,15.181261847726928,17.767585488685462,16.80477173908956,16.225747629209252,16.324116725761403,14.378130970348561,1.791759469228055
Kelly Hollow,2023-06-01,151,6,2023,1.2246467991473532e-16,-1.0,29,158.0,139.0,74.0,187.55172413793105,191.0,88.39464520259476,123.66666666666667,110.0,192.41666666666666,29,224.0,250.5,433764,54996380.0,126.78871460056621,20.0,898.3786855526062,5.0,70.0,220.0,385.0,1405.0,53618215.0,3918665.0,52043240.0,19870995.0,11136600.0,12287790.0,1755265.0,12.980258191777823,17.82277794103183,4.850378232884416,3.044522437723423,17.797399419051114,15.181261847726928,17.767585488685462,16.80477173908956,16.225747629209252,16.324116725761403,14.378130970348561,5.0238805208462765
Lane Street,2023-06-01,51,6,2023,1.2246467991473532e-16,-1.0,29,63.0,34.0,16.0,48.75,48.5,23.520873314600408,37.666666666666664,29.5,48.75,28,40.0,54.0,433764,54996380.0,126.78871460056621,20.0,898.3786855526062,5.0,70.0,220.0,385.0,1405.0,53618215.0,3918665.0,52043240.0,19870995.0,11136600.0,12287790.0,1755265.0,12.980258191777823,17.82277794103183,4.850378232884416,3.044522437723423,17.797399419051114,15.181261847726928,17.767585488685462,16.80477173908956,16.225747629209252,16.324116725761403,14.378130970348561,3.9512437185814275
McKenley Hollow,2023-06-01,91,6,2023,1.2246467991473532e-16,-1.0,29,146.0,84.0,105.0,95.06896551724138,84.0,35.576809294903214,111.66666666666667,92.83333333333333,89.58333333333333,29,49.0,66.0,433764,54996380.0,126.78871460056621,20.0,898.3786855526062,5.0,70.0,220.0,385.0,1405.0,53618215.0,3918665.0,52043240.0,19870995.0,11136600.0,12287790.0,1755265.0,12.980258191777823,17.82277794103183,4.850378232884416,3.044522437723423,17.797399419051114,15.181261847726928,17.767585488685462,16.80477173908956,16.225747629209252,16.324116725761403,14.378130970348561,4.5217885770490405
Millbrook to BLM FT,2023-06-01,260,6,2023,1.2246467991473532e-16,-1.0,29,273.0,124.0,139.0,235.89655172413794,215.0,96.9179862518475,178.66666666666666,174.33333333333334,266.9166666666667,29,315.0,301.5,433764,54996380.0,126.78871460056621,20.0,898.3786855526062,5.0,70.0,220.0,385.0,1405.0,53618215.0,3918665.0,52043240.0,19870995.0,11136600.0,12287790.0,1755265.0,12.980258191777823,17.82277794103183,4.850378232884416,3.044522437723423,17.797399419051114,15.181261847726928,17.767585488685462,16.80477173908956,16.225747629209252,16.324116725761403,14.378130970348561,5.564520407322694
Mt Tremper,2023-06-01,288,6,2023,1.2246467991473532e-16,-1.0,29,297.0,203.0,117.0,264.9583333333333,255.0,132.91169973909834,205.66666666666666,215.5,289.1666666666667,24,340.0,290.0,433764,54996380.0,126.78871460056621,20.0,898.3786855526062,5.0,70.0,220.0,385.0,1405.0,53618215.0,3918665.0,52043240.0,19870995.0,11136600.0,12287790.0,1755265.0,12.980258191777823,17.82277794103183,4.850378232884416,3.044522437723423,17.797399419051114,15.181261847726928,17.767585488685462,16.80477173908956,16.225747629209252,16.324116725761403,14.378130970348561,5.666426688112432
Neversink Hardenburgh Trail,2023-06-01,11,6,2023,1.2246467991473532e-16,-1.0,29,26.0,13.0,0.0,13.517241379310345,11.0,12.391300778181822,13.0,7.5,14.916666666666666,29,19.0,21.0,433764,54996380.0,126.78871460056621,20.0,898.3786855526062,5.0,70.0,220.0,385.0,1405.0,53618215.0,3918665.0,52043240.0,19870995.0,11136600.0,12287790.0,1755265.0,12.980258191777823,17.82277794103183,4.850378232884416,3.044522437723423,17.797399419051114,15.181261847726928,17.767585488685462,16.80477173908956,16.225747629209252,16.324116725761403,14.378130970348561,2.4849066497880004
Onteora Lake,2023-06-01,494,6,2023,1.2246467991473532e-16,-1.0,29,515.0,519.0,275.0,233.0,188.5,124.76057069443054,436.3333333333333,336.5,265.5,16,187.0,187.0,433764,54996380.0,126.78871460056621,20.0,898.3786855526062,5.0,70.0,220.0,385.0,1405.0,53618215.0,3918665.0,52043240.0,19870995.0,11136600.0,12287790.0,1755265.0,12.980258191777823,17.82277794103183,4.850378232884416,3.044522437723423,17.797399419051114,15.181261847726928,17.767585488685462,16.80477173908956,16.225747629209252,16.324116725761403,14.378130970348561,6.20455776256869
Overlook,2023-06-01,885,6,2023,1.2246467991473532e-16,-1.0,29,1047.0,810.0,327.0,664.6551724137931,698.0,318.3595536790426,728.0,554.5,697.0833333333334,29,959.0,986.5,433764,54996380.0,126.78871460056621,20.0,898.3786855526062,5.0,70.0,220.0,385.0,1405.0,53618215.0,3918665.0,52043240.0,19870995.0,11136600.0,12287790.0,1755265.0,12.980258191777823,17.82277794103183,4.850378232884416,3.044522437723423,17.797399419051114,15.181261847726928,17.767585488685462,16.80477173908956,16.225747629209252,16.324116725761403,14.378130970348561,6.786716950605081
Peekamoose,2023-06-01,49,6,2023,1.2246467991473532e-16,-1.0,29,234.0,92.0,63.0,137.31034482758622,135.0,52.00075785730425,129.66666666666666,112.66666666666667,137.83333333333334,29,175.0,169.0,433764,54996380.0,126.78871460056621,20.0,898.3786855526062,5.0,70.0,220.0,385.0,1405.0,53618215.0,3918665.0,52043240.0,19870995.0,11136600.0,12287790.0,1755265.0,12.980258191777823,17.82277794103183,4.850378232884416,3.044522437723423,17.797399419051114,15.181261847726928,17.767585488685462,16.80477173908956,16.225747629209252,16.324116725761403,14.378130970348561,3.912023005428146
Red Hill Dinch Road,2023-06-01,195,6,2023,1.2246467991473532e-16,-1.0,29,186.0,124.0,114.0,177.7037037037037,186.0,97.7330803042398,141.33333333333334,118.16666666666667,173.08333333333334,27,170.0,219.5,433764,54996380.0,126.78871460056621,20.0,898.3786855526062,5.0,70.0,220.0,385.0,1405.0,53618215.0,3918665.0,52043240.0,19870995.0,11136600.0,12287790.0,1755265.0,12.980258191777823,17.82277794103183,4.850378232884416,3.044522437723423,17.797399419051114,15.181261847726928,17.767585488685462,16.80477173908956,16.225747629209252,16.324116725761403,14.378130970348561,5.278114659230517
Rider Hollow,2023-06-01,77,6,2023,1.2246467991473532e-16,-1.0,29,224.0,103.0,130.0,183.875,181.5,60.66322752634452,152.33333333333334,168.33333333333334,174.0,24,151.0,163.5,433764,54996380.0,126.78871460056621,20.0,898.3786855526062,5.0,70.0,220.0,385.0,1405.0,53618215.0,3918665.0,52043240.0,19870995.0,11136600.0,12287790.0,1755265.0,12.980258191777823,17.82277794103183,4.850378232884416,3.044522437723423,17.797399419051114,15.181261847726928,17.767585488685462,16.80477173908956,16.225747629209252,16.324116725761403,14.378130970348561,4.356708826689592
Rochester Hollow,2023-06-01,131,6,2023,1.2246467991473532e-16,-1.0,29,113.0,148.0,79.0,233.68965517241378,148.0,451.3604912965337,113.33333333333333,101.5,147.83333333333334,29,161.0,200.0,433764,54996380.0,126.78871460056621,20.0,898.3786855526062,5.0,70.0,220.0,385.0,1405.0,53618215.0,3918665.0,52043240.0,19870995.0,11136600.0,12287790.0,1755265.0,12.980258191777823,17.82277794103183,4.850378232884416,3.044522437723423,17.797399419051114,15.181261847726928,17.767585488685462,16.80477173908956,16.225747629209252,16.324116725761403,14.378130970348561,4.882801922586371
Seager,2023-06-01,61,6,2023,1.2246467991473532e-16,-1.0,29,70.0,48.0,23.0,56.03448275862069,48.0,38.02300314905315,47.0,33.166666666666664,52.083333333333336,29,62.0,72.0,433764,54996380.0,126.78871460056621,20.0,898.3786855526062,5.0,70.0,220.0,385.0,1405.0,53618215.0,3918665.0,52043240.0,19870995.0,11136600.0,12287790.0,1755265.0,12.980258191777823,17.82277794103183,4.850378232884416,3.044522437723423,17.797399419051114,15.181261847726928,17.767585488685462,16.80477173908956,16.225747629209252,16.324116725761403,14.378130970348561,4.127134385045092
Slide Mt,2023-06-01,587,6,2023,1.2246467991473532e-16,-1.0,29,691.0,307.0,277.0,559.8275862068965,571.0,211.78646067704227,425.0,372.8333333333333,545.25,29,758.0,691.0,433764,54996380.0,126.78871460056621,20.0,898.3786855526062,5.0,70.0,220.0,385.0,1405.0,53618215.0,3918665.0,52043240.0,19870995.0,11136600.0,12287790.0,1755265.0,12.980258191777823,17.82277794103183,4.850378232884416,3.044522437723423,17.797399419051114,15.181261847726928,17.767585488685462,16.80477173908956,16.225747629209252,16.324116725761403,14.378130970348561,6.376726947898627
Trails End Road,2023-06-01,34,6,2023,1.2246467991473532e-16,-1.0,29,224.0,115.0,43.0,123.27272727272727,115.0,86.07797733345144,127.33333333333333,85.0,123.27272727272727,11,,,433764,54996380.0,126.78871460056621,20.0,898.3786855526062,5.0,70.0,220.0,385.0,1405.0,53618215.0,3918665.0,52043240.0,19870995.0,11136600.0,12287790.0,1755265.0,12.980258191777823,17.82277794103183,4.850378232884416,3.044522437723423,17.797399419051114,15.181261847726928,17.767585488685462,16.80477173908956,16.225747629209252,16.324116725761403,14.378130970348561,3.5553480614894135
Upper Cherrytown Road,2023-06-01,143,6,2023,1.2246467991473532e-16,-1.0,29,136.0,168.0,62.0,155.23076923076923,118.0,142.08653917730777,122.0,98.33333333333333,198.25,26,251.0,186.0,433764,54996380.0,126.78871460056621,20.0,898.3786855526062,5.0,70.0,220.0,385.0,1405.0,53618215.0,3918665.0,52043240.0,19870995.0,11136600.0,12287790.0,1755265.0,12.980258191777823,17.82277794103183,4.850378232884416,3.044522437723423,17.797399419051114,15.181261847726928,17.767585488685462,16.80477173908956,16.225747629209252,16.324116725761403,14.378130970348561,4.969813299576001
Wittenberg,2023-06-01,469,6,2023,1.2246467991473532e-16,-1.0,29,592.0,146.0,118.0,326.51724137931035,262.0,199.171250917692,285.3333333333333,215.5,329.6666666666667,29,424.0,510.0,433764,54996380.0,126.78871460056621,20.0,898.3786855526062,5.0,70.0,220.0,385.0,1405.0,53618215.0,3918665.0,52043240.0,19870995.0,11136600.0,12287790.0,1755265.0,12.980258191777823,17.82277794103183,4.850378232884416,3.044522437723423,17.797399419051114,15.181261847726928,17.767585488685462,16.80477173908956,16.225747629209252,16.324116725761403,14.378130970348561,6.152732694704104
Woodland Valley,2023-06-01,119,6,2023,1.2246467991473532e-16,-1.0,29,108.0,55.0,19.0,92.86206896551724,62.0,69.19523318528887,60.666666666666664,45.0,100.16666666666667,29,165.0,174.0,433764,54996380.0,126.78871460056621,20.0,898.3786855526062,5.0,70.0,220.0,385.0,1405.0,53618215.0,3918665.0,52043240.0,19870995.0,11136600.0,12287790.0,1755265.0,12.980258191777823,17.82277794103183,4.850378232884416,3.044522437723423,17.797399419051114,15.181261847726928,17.767585488685462,16.80477173908956,16.225747629209252,16.324116725761403,14.378130970348561,4.787491742782046
Alder Lake,2023-07-01,310,7,2023,-0.4999999999999998,-0.8660254037844388,30,234.0,170.0,134.0,156.0,152.0,107.96678927432684,179.33333333333334,112.33333333333333,148.5,30,318.0,363.0,462683,61486205.0,132.89056438209315,20.0,937.2861771433097,5.0,75.0,230.0,405.0,1465.0,59584875.0,4169050.0,58432350.0,24328100.0,10952640.0,12327290.0,2739785.0,13.044799594655965,17.934323414936454,4.897022782567363,3.044522437723423,17.902912341444207,15.243198989937547,17.88338024990121,17.00714265992559,16.209091172360434,16.327326142971984,14.823390373124337,5.739792912179234
Ashokan HP,2023-07-01,180,7,2023,-0.4999999999999998,-0.8660254037844388,30,112.0,186.0,120.0,134.66666666666666,124.0,56.56996481826932,139.33333333333334,108.5,129.08333333333334,30,235.0,240.5,462683,61486205.0,132.89056438209315,20.0,937.2861771433097,5.0,75.0,230.0,405.0,1465.0,59584875.0,4169050.0,58432350.0,24328100.0,10952640.0,12327290.0,2739785.0,13.044799594655965,17.934323414936454,4.897022782567363,3.044522437723423,17.902912341444207,15.243198989937547,17.88338024990121,17.00714265992559,16.209091172360434,16.327326142971984,14.823390373124337,5.198497031265826
Beaverkill Road to BLM FT,2023-07-01,207,7,2023,-0.4999999999999998,-0.8660254037844388,30,238.0,201.0,108.0,154.36666666666667,140.5,84.2309973794697,182.33333333333334,117.0,161.25,30,311.0,293.0,462683,61486205.0,132.89056438209315,20.0,937.2861771433097,5.0,75.0,230.0,405.0,1465.0,59584875.0,4169050.0,58432350.0,24328100.0,10952640.0,12327290.0,2739785.0,13.044799594655965,17.934323414936454,4.897022782567363,3.044522437723423,17.902912341444207,15.243198989937547,17.88338024990121,17.00714265992559,16.209091172360434,16.327326142971984,14.823390373124337,5.337538079701318
Biscuit Brook,2023-07-01,144,7,2023,-0.4999999999999998,-0.8660254037844388,30,121.0,157.0,74.0,115.5,121.0,36.266969868577064,117.33333333333333,87.66666666666667,98.75,30,145.0,134.0,462683,61486205.0,132.89056438209315,20.0,937.2861771433097,5.0,75.0,230.0,405.0,1465.0,59584875.0,4169050.0,58432350.0,24328100.0,10952640.0,12327290.0,2739785.0,13.044799594655965,17.934323414936454,4.897022782567363,3.044522437723423,17.902912341444207,15.243198989937547,17.88338024990121,17.00714265992559,16.209091172360434,16.327326142971984,14.823390373124337,4.976733742420574
Cathedral Glen,2023-07-01,11,7,2023,-0.4999999999999998,-0.8660254037844388,30,3.0,15.0,14.0,9.454545454545455,8.5,7.823817559997242,10.666666666666666,9.0,8.833333333333334,22,9.0,9.0,462683,61486205.0,132.89056438209315,20.0,937.2861771433097,5.0,75.0,230.0,405.0,1465.0,59584875.0,4169050.0,58432350.0,24328100.0,10952640.0,12327290.0,2739785.0,13.044799594655965,17.934323414936454,4.897022782567363,3.044522437723423,17.902912341444207,15.243198989937547,17.88338024990121,17.00714265992559,16.209091172360434,16.327326142971984,14.823390373124337,2.4849066497880004
Denning,2023-07-01,310,7,2023,-0.4999999999999998,-0.8660254037844388,30,272.0,361.0,118.0,217.23333333333332,217.0,112.27296887599384,250.33333333333334,171.33333333333334,218.75,30,386.0,317.5,462683,61486205.0,132.89056438209315,20.0,937.2861771433097,5.0,75.0,230.0,405.0,1465.0,59584875.0,4169050.0,58432350.0,24328100.0,10952640.0,12327290.0,2739785.0,13.044799594655965,17.934323414936454,4.897022782567363,3.044522437723423,17.902912341444207,15.243198989937547,17.88338024990121,17.00714265992559,16.209091172360434,16.327326142971984,14.823390373124337,5.739792912179234
Dry Brook Ridge to Lean-to,2023-07-01,22,7,2023,-0.4999999999999998,-0.8660254037844388,30,49.0,25.0,10.0,25.466666666666665,21.5,14.554850674634885,28.0,20.333333333333332,25.0,30,36.0,48.0,462683,61486205.0,132.89056438209315,20.0,937.2861771433097,5.0,75.0,230.0,405.0,1465.0,59584875.0,4169050.0,58432350.0,24328100.0,10952640.0,12327290.0,2739785.0,13.044799594655965,17.934323414936454,4.897022782567363,3.044522437723423,17.902912341444207,15.243198989937547,17.88338024990121,17.00714265992559,16.209091172360434,16.327326142971984,14.823390373124337,3.1354942159291497
Flynn,2023-07-01,82,7,2023,-0.4999999999999998,-0.8660254037844388,30,35.0,62.0,33.0,45.96666666666667,43.5,31.591665567572296,43.333333333333336,31.833333333333332,41.0,30,64.0,77.5,462683,61486205.0,132.89056438209315,20.0,937.2861771433097,5.0,75.0,230.0,405.0,1465.0,59584875.0,4169050.0,58432350.0,24328100.0,10952640.0,12327290.0,2739785.0,13.044799594655965,17.934323414936454,4.897022782567363,3.044522437723423,17.902912341444207,15.243198989937547,17.88338024990121,17.00714265992559,16.209091172360434,16.327326142971984,14.823390373124337,4.418840607796598
Fox Hollow,2023-07-01,88,7,2023,-0.4999999999999998,-0.8660254037844388,30,88.0,102.0,53.0,86.53333333333333,91.5,39.14494139453537,81.0,66.16666666666667,76.66666666666667,30,93.0,119.5,462683,61486205.0,132.89056438209315,20.0,937.2861771433097,5.0,75.0,230.0,405.0,1465.0,59584875.0,4169050.0,58432350.0,24328100.0,10952640.0,12327290.0,2739785.0,13.044799594655965,17.934323414936454,4.897022782567363,3.044522437723423,17.902912341444207,15.243198989937547,17.88338024990121,17.00714265992559,16.209091172360434,16.327326142971984,14.823390373124337,4.48863636973214
Frick Pond,2023-07-01,204,7,2023,-0.4999999999999998,-0.8660254037844388,30,166.0,113.0,62.0,122.06666666666666,110.5,73.72546153236966,113.66666666666667,83.83333333333333,120.75,30,271.0,254.0,462683,61486205.0,132.89056438209315,20.0,937.2861771433097,5.0,75.0,230.0,405.0,1465.0,59584875.0,4169050.0,58432350.0,24328100.0,10952640.0,12327290.0,2739785.0,13.044799594655965,17.934323414936454,4.897022782567363,3.044522437723423,17.902912341444207,15.243198989937547,17.88338024990121,17.00714265992559,16.209091172360434,16.327326142971984,14.823390373124337,5.3230099791384085
Giant Ledge,2023-07-01,712,7,2023,-0.4999999999999998,-0.8660254037844388,30,485.0,616.0,331.0,586.8333333333334,540.0,299.9918485482603,477.3333333333333,418.1666666666667,557.5833333333334,30,874.0,890.0,462683,61486205.0,132.89056438209315,20.0,937.2861771433097,5.0,75.0,230.0,405.0,1465.0,59584875.0,4169050.0,58432350.0,24328100.0,10952640.0,12327290.0,2739785.0,13.044799594655965,17.934323414936454,4.897022782567363,3.044522437723423,17.902912341444207,15.243198989937547,17.88338024990121,17.00714265992559,16.209091172360434,16.327326142971984,14.823390373124337,6.569481420414296
Hardenburgh- MH Trail,2023-07-01,10,7,2023,-0.4999999999999998,-0.8660254037844388,30,5.0,12.0,1.0,7.433333333333334,6.5,5.6792625391423615,6.0,4.166666666666667,6.083333333333333,30,18.0,15.5,462683,61486205.0,132.89056438209315,20.0,937.2861771433097,5.0,75.0,230.0,405.0,1465.0,59584875.0,4169050.0,58432350.0,24328100.0,10952640.0,12327290.0,2739785.0,13.044799594655965,17.934323414936454,4.897022782567363,3.044522437723423,17.902912341444207,15.243198989937547,17.88338024990121,17.00714265992559,16.209091172360434,16.327326142971984,14.823390373124337,2.3978952727983707
Kelly Hollow,2023-07-01,279,7,2023,-0.4999999999999998,-0.8660254037844388,30,151.0,158.0,139.0,186.33333333333334,185.5,87.11321738793808,149.33333333333334,120.16666666666667,186.33333333333334,30,375.0,324.0,462683,61486205.0,132.89056438209315,20.0,937.2861771433097,5.0,75.0,230.0,405.0,1465.0,59584875.0,4169050.0,58432350.0,24328100.0,10952640.0,12327290.0,2739785.0,13.044799594655965,17.934323414936454,4.897022782567363,3.044522437723423,17.902912341444207,15.243198989937547,17.88338024990121,17.00714265992559,16.209091172360434,16.327326142971984,14.823390373124337,5.634789603169249
Lane Street,2023-07-01,56,7,2023,-0.4999999999999998,-0.8660254037844388,30,51.0,63.0,34.0,48.827586206896555,49.0,23.100817804814433,49.333333333333336,36.166666666666664,49.666666666666664,29,87.0,77.5,462683,61486205.0,132.89056438209315,20.0,937.2861771433097,5.0,75.0,230.0,405.0,1465.0,59584875.0,4169050.0,58432350.0,24328100.0,10952640.0,12327290.0,2739785.0,13.044799594655965,17.934323414936454,4.897022782567363,3.044522437723423,17.902912341444207,15.243198989937547,17.88338024990121,17.00714265992559,16.209091172360434,16.327326142971984,14.823390373124337,4.04305126783455
McKenley Hollow,2023-07-01,103,7,2023,-0.4999999999999998,-0.8660254037844388,30,91.0,146.0,84.0,94.93333333333334,86.0,34.965927586066165,107.0,98.0,93.08333333333333,30,88.0,101.5,462683,61486205.0,132.89056438209315,20.0,937.2861771433097,5.0,75.0,230.0,405.0,1465.0,59584875.0,4169050.0,58432350.0,24328100.0,10952640.0,12327290.0,2739785.0,13.044799594655965,17.934323414936454,4.897022782567363,3.044522437723423,17.902912341444207,15.243198989937547,17.88338024990121,17.00714265992559,16.209091172360434,16.327326142971984,14.823390373124337,4.6443908991413725
Millbrook to BLM FT,2023-07-01,373,7,2023,-0.4999999999999998,-0.8660254037844388,30,260.0,273.0,124.0,236.7,218.0,95.3339502431611,219.0,197.33333333333334,262.3333333333333,30,423.0,357.0,462683,61486205.0,132.89056438209315,20.0,937.2861771433097,5.0,75.0,230.0,405.0,1465.0,59584875.0,4169050.0,58432350.0,24328100.0,10952640.0,12327290.0,2739785.0,13.044799594655965,17.934323414936454,4.897022782567363,3.044522437723423,17.902912341444207,15.243198989937547,17.88338024990121,17.00714265992559,16.209091172360434,16.327326142971984,14.823390373124337,5.924255797414532
Mt Tremper,2023-07-01,257,7,2023,-0.4999999999999998,-0.8660254037844388,30,288.0,297.0,203.0,265.88,262.0,130.19482836631158,262.6666666666667,202.66666666666666,280.75,25,523.0,424.0,462683,61486205.0,132.89056438209315,20.0,937.2861771433097,5.0,75.0,230.0,405.0,1465.0,59584875.0,4169050.0,58432350.0,24328100.0,10952640.0,12327290.0,2739785.0,13.044799594655965,17.934323414936454,4.897022782567363,3.044522437723423,17.902912341444207,15.243198989937547,17.88338024990121,17.00714265992559,16.209091172360434,16.327326142971984,14.823390373124337,5.552959584921617
Neversink Hardenburgh Trail,2023-07-01,15,7,2023,-0.4999999999999998,-0.8660254037844388,30,11.0,26.0,13.0,13.433333333333334,11.0,12.184454010756077,16.666666666666668,8.5,14.25,30,34.0,40.5,462683,61486205.0,132.89056438209315,20.0,937.2861771433097,5.0,75.0,230.0,405.0,1465.0,59584875.0,4169050.0,58432350.0,24328100.0,10952640.0,12327290.0,2739785.0,13.044799594655965,17.934323414936454,4.897022782567363,3.044522437723423,17.902912341444207,15.243198989937547,17.88338024990121,17.00714265992559,16.209091172360434,16.327326142971984,14.823390373124337,2.772588722239781
Onteora Lake,2023-07-01,506,7,2023,-0.4999999999999998,-0.8660254037844388,30,494.0,515.0,519.0,248.35294117647058,190.0,136.37995691104624,509.3333333333333,397.6666666666667,291.0833333333333,17,195.0,195.0,462683,61486205.0,132.89056438209315,20.0,937.2861771433097,5.0,75.0,230.0,405.0,1465.0,59584875.0,4169050.0,58432350.0,24328100.0,10952640.0,12327290.0,2739785.0,13.044799594655965,17.934323414936454,4.897022782567363,3.044522437723423,17.902912341444207,15.243198989937547,17.88338024990121,17.00714265992559,16.209091172360434,16.327326142971984,14.823390373124337,6.2285110035911835
Overlook,2023-07-01,988,7,2023,-0.4999999999999998,-0.8660254037844388,30,885.0,1047.0,810.0,672.0,712.5,315.3985983831713,914.0,651.6666666666666,690.9166666666666,30,1217.0,1102.5,462683,61486205.0,132.89056438209315,20.0,937.2861771433097,5.0,75.0,230.0,405.0,1465.0,59584875.0,4169050.0,58432350.0,24328100.0,10952640.0,12327290.0,2739785.0,13.044799594655965,17.934323414936454,4.897022782567363,3.044522437723423,17.902912341444207,15.243198989937547,17.88338024990121,17.00714265992559,16.209091172360434,16.327326142971984,14.823390373124337,6.8966943316227125
Red Hill Dinch Road,2023-07-01,291,7,2023,-0.4999999999999998,-0.8660254037844388,30,195.0,186.0,124.0,178.32142857142858,188.0,95.96181863074831,168.33333333333334,134.5,175.16666666666666,28,250.0,289.5,462683,61486205.0,132.89056438209315,20.0,937.2861771433097,5.0,75.0,230.0,405.0,1465.0,59584875.0,4169050.0,58432350.0,24328100.0,10952640.0,12327290.0,2739785.0,13.044799594655965,17.934323414936454,4.897022782567363,3.044522437723423,17.902912341444207,15.243198989937547,17.88338024990121,17.00714265992559,16.209091172360434,16.327326142971984,14.823390373124337,5.676753802268282
Rider Hollow,2023-07-01,182,7,2023,-0.4999999999999998,-0.8660254037844388,30,77.0,224.0,103.0,179.6,176.0,63.115634618795795,134.66666666666666,158.5,167.83333333333334,25,231.0,231.0,462683,61486205.0,132.89056438209315,20.0,937.2861771433097,5.0,75.0,230.0,405.0,1465.0,59584875.0,4169050.0,58432350.0,24328100.0,10952640.0,12327290.0,2739785.0,13.044799594655965,17.934323414936454,4.897022782567363,3.044522437723423,17.902912341444207,15.243198989937547,17.88338024990121,17.00714265992559,16.209091172360434,16.327326142971984,14.823390373124337,5.209486152841421
Rochester Hollow,2023-07-01,242,7,2023,-0.4999999999999998,-0.8660254037844388,30,131.0,113.0,148.0,230.26666666666668,147.0,443.906244631666,130.66666666666666,110.66666666666667,145.33333333333334,30,283.0,279.5,462683,61486205.0,132.89056438209315,20.0,937.2861771433097,5.0,75.0,230.0,405.0,1465.0,59584875.0,4169050.0,58432350.0,24328100.0,10952640.0,12327290.0,2739785.0,13.044799594655965,17.934323414936454,4.897022782567363,3.044522437723423,17.902912341444207,15.243198989937547,17.88338024990121,17.00714265992559,16.209091172360434,16.327326142971984,14.823390373124337,5.493061443340548
Seager,2023-07-01,101,7,2023,-0.4999999999999998,-0.8660254037844388,30,61.0,70.0,48.0,56.2,48.0,37.37268041470012,59.666666666666664,40.666666666666664,52.0,30,119.0,121.0,462683,61486205.0,132.89056438209315,20.0,937.2861771433097,5.0,75.0,230.0,405.0,1465.0,59584875.0,4169050.0,58432350.0,24328100.0,10952640.0,12327290.0,2739785.0,13.044799594655965,17.934323414936454,4.897022782567363,3.044522437723423,17.902912341444207,15.243198989937547,17.88338024990121,17.00714265992559,16.209091172360434,16.327326142971984,14.823390373124337,4.624972813284271
Slide Mt,2023-07-01,794,7,2023,-0.4999999999999998,-0.8660254037844388,30,587.0,691.0,307.0,560.7333333333333,579.0,208.1620610922195,528.3333333333334,426.6666666666667,531.0,30,816.0,825.5,462683,61486205.0,132.89056438209315,20.0,937.2861771433097,5.0,75.0,230.0,405.0,1465.0,59584875.0,4169050.0,58432350.0,24328100.0,10952640.0,12327290.0,2739785.0,13.044799594655965,17.934323414936454,4.897022782567363,3.044522437723423,17.902912341444207,15.243198989937547,17.88338024990121,17.00714265992559,16.209091172360434,16.327326142971984,14.823390373124337,6.678342114654332
Upper Cherrytown Road,2023-07-01,329,7,2023,-0.4999999999999998,-0.8660254037844388,30,143.0,136.0,168.0,154.77777777777777,121.0,139.34719597337084,149.0,110.83333333333333,189.25,27,704.0,429.0,462683,61486205.0,132.89056438209315,20.0,937.2861771433097,5.0,75.0,230.0,405.0,1465.0,59584875.0,4169050.0,58432350.0,24328100.0,10952640.0,12327290.0,2739785.0,13.044799594655965,17.934323414936454,4.897022782567363,3.044522437723423,17.902912341444207,15.243198989937547,17.88338024990121,17.00714265992559,16.209091172360434,16.327326142971984,14.823390373124337,5.799092654460526
Wittenberg,2023-07-01,585,7,2023,-0.4999999999999998,-0.8660254037844388,30,469.0,592.0,146.0,331.26666666666665,274.0,197.42845641471965,402.3333333333333,277.3333333333333,333.4166666666667,30,469.0,539.0,462683,61486205.0,132.89056438209315,20.0,937.2861771433097,5.0,75.0,230.0,405.0,1465.0,59584875.0,4169050.0,58432350.0,24328100.0,10952640.0,12327290.0,2739785.0,13.044799594655965,17.934323414936454,4.897022782567363,3.044522437723423,17.902912341444207,15.243198989937547,17.88338024990121,17.00714265992559,16.209091172360434,16.327326142971984,14.823390373124337,6.373319789577012
Woodland Valley,2023-07-01,186,7,2023,-0.4999999999999998,-0.8660254037844388,30,119.0,108.0,55.0,93.73333333333333,73.5,68.15900949040152,94.0,59.833333333333336,96.33333333333333,30,221.0,215.5,462683,61486205.0,132.89056438209315,20.0,937.2861771433097,5.0,75.0,230.0,405.0,1465.0,59584875.0,4169050.0,58432350.0,24328100.0,10952640.0,12327290.0,2739785.0,13.044799594655965,17.934323414936454,4.897022782567363,3.044522437723423,17.902912341444207,15.243198989937547,17.88338024990121,17.00714265992559,16.209091172360434,16.327326142971984,14.823390373124337,5.231108616854587
Alder Lake,2023-08-01,280,8,2023,-0.8660254037844384,-0.5000000000000004,31,310.0,234.0,170.0,160.96774193548387,170.0,109.69639431052957,238.0,157.33333333333334,147.83333333333334,31,320.0,305.0,493057,75822270.0,153.77992808133746,20.0,1111.9287510571664,5.0,80.0,260.0,465.0,1845.0,72963320.0,5819160.0,71211880.0,29501530.0,14046495.0,17393700.0,2698370.0,13.108382093163778,18.14390262012302,5.042004289191329,3.044522437723423,18.10546742078654,15.576666651240245,18.08117023043882,17.199952718268463,16.457883527622126,16.671618687148523,14.808158815562429,5.638354669333745
Ashokan HP,2023-08-01,149,8,2023,-0.8660254037844384,-0.5000000000000004,31,180.0,112.0,186.0,136.1290322580645,128.0,56.211945311463154,159.33333333333334,124.5,124.5,31,177.0,167.0,493057,75822270.0,153.77992808133746,20.0,1111.9287510571664,5.0,80.0,260.0,465.0,1845.0,72963320.0,5819160.0,71211880.0,29501530.0,14046495.0,17393700.0,2698370.0,13.108382093163778,18.14390262012302,5.042004289191329,3.044522437723423,18.10546742078654,15.576666651240245,18.08117023043882,17.199952718268463,16.457883527622126,16.671618687148523,14.808158815562429,5.0106352940962555
Beaverkill Road to BLM FT,2023-08-01,285,8,2023,-0.8660254037844384,-0.5000000000000004,31,207.0,238.0,201.0,156.06451612903226,146.0,83.35303853044631,215.33333333333334,141.66666666666666,152.58333333333334,31,249.0,197.5,493057,75822270.0,153.77992808133746,20.0,1111.9287510571664,5.0,80.0,260.0,465.0,1845.0,72963320.0,5819160.0,71211880.0,29501530.0,14046495.0,17393700.0,2698370.0,13.108382093163778,18.14390262012302,5.042004289191329,3.044522437723423,18.10546742078654,15.576666651240245,18.08117023043882,17.199952718268463,16.457883527622126,16.671618687148523,14.808158815562429,5.655991810819852
Biscuit Brook,2023-08-01,98,8,2023,-0.8660254037844384,-0.5000000000000004,31,144.0,121.0,157.0,116.41935483870968,121.0,36.02293176440844,140.66666666666666,103.83333333333333,98.66666666666667,31,107.0,106.0,493057,75822270.0,153.77992808133746,20.0,1111.9287510571664,5.0,80.0,260.0,465.0,1845.0,72963320.0,5819160.0,71211880.0,29501530.0,14046495.0,17393700.0,2698370.0,13.108382093163778,18.14390262012302,5.042004289191329,3.044522437723423,18.10546742078654,15.576666651240245,18.08117023043882,17.199952718268463,16.457883527622126,16.671618687148523,14.808158815562429,4.59511985013459
Cathedral Glen,2023-08-01,12,8,2023,-0.8660254037844384,-0.5000000000000004,31,11.0,3.0,15.0,9.521739130434783,9.0,7.650725249147603,9.666666666666666,9.0,9.0,23,8.0,8.0,493057,75822270.0,153.77992808133746,20.0,1111.9287510571664,5.0,80.0,260.0,465.0,1845.0,72963320.0,5819160.0,71211880.0,29501530.0,14046495.0,17393700.0,2698370.0,13.108382093163778,18.14390262012302,5.042004289191329,3.044522437723423,18.10546742078654,15.576666651240245,18.08117023043882,17.199952718268463,16.457883527622126,16.671618687148523,14.808158815562429,2.5649493574615367
Denning,2023-08-01,292,8,2023,-0.8660254037844384,-0.5000000000000004,31,310.0,272.0,361.0,220.2258064516129,224.0,111.63622759583,314.3333333333333,208.33333333333334,212.41666666666666,31,325.0,312.0,493057,75822270.0,153.77992808133746,20.0,1111.9287510571664,5.0,80.0,260.0,465.0,1845.0,72963320.0,5819160.0,71211880.0,29501530.0,14046495.0,17393700.0,2698370.0,13.108382093163778,18.14390262012302,5.042004289191329,3.044522437723423,18.10546742078654,15.576666651240245,18.08117023043882,17.199952718268463,16.457883527622126,16.671618687148523,14.808158815562429,5.680172609017068
Dry Brook Ridge to Lean-to,2023-08-01,22,8,2023,-0.8660254037844384,-0.5000000000000004,31,22.0,49.0,25.0,25.35483870967742,22.0,14.323752737083892,32.0,21.5,23.833333333333332,31,46.0,33.5,493057,75822270.0,153.77992808133746,20.0,1111.9287510571664,5.0,80.0,260.0,465.0,1845.0,72963320.0,5819160.0,71211880.0,29501530.0,14046495.0,17393700.0,2698370.0,13.108382093163778,18.14390262012302,5.042004289191329,3.044522437723423,18.10546742078654,15.576666651240245,18.08117023043882,17.199952718268463,16.457883527622126,16.671618687148523,14.808158815562429,3.1354942159291497
Flynn,2023-08-01,95,8,2023,-0.8660254037844384,-0.5000000000000004,31,82.0,35.0,62.0,47.12903225806452,44.0,31.727739635303223,59.666666666666664,39.833333333333336,42.5,31,116.0,99.0,493057,75822270.0,153.77992808133746,20.0,1111.9287510571664,5.0,80.0,260.0,465.0,1845.0,72963320.0,5819160.0,71211880.0,29501530.0,14046495.0,17393700.0,2698370.0,13.108382093163778,18.14390262012302,5.042004289191329,3.044522437723423,18.10546742078654,15.576666651240245,18.08117023043882,17.199952718268463,16.457883527622126,16.671618687148523,14.808158815562429,4.564348191467836
Fox Hollow,2023-08-01,125,8,2023,-0.8660254037844384,-0.5000000000000004,31,88.0,88.0,102.0,86.58064516129032,90.0,38.4878978325641,92.66666666666667,73.5,76.25,31,89.0,97.5,493057,75822270.0,153.77992808133746,20.0,1111.9287510571664,5.0,80.0,260.0,465.0,1845.0,72963320.0,5819160.0,71211880.0,29501530.0,14046495.0,17393700.0,2698370.0,13.108382093163778,18.14390262012302,5.042004289191329,3.044522437723423,18.10546742078654,15.576666651240245,18.08117023043882,17.199952718268463,16.457883527622126,16.671618687148523,14.808158815562429,4.836281906951478
Frick Pond,2023-08-01,214,8,2023,-0.8660254037844384,-0.5000000000000004,31,204.0,166.0,113.0,124.70967741935483,111.0,73.96494374516759,161.0,107.66666666666667,115.16666666666667,31,260.0,256.5,493057,75822270.0,153.77992808133746,20.0,1111.9287510571664,5.0,80.0,260.0,465.0,1845.0,72963320.0,5819160.0,71211880.0,29501530.0,14046495.0,17393700.0,2698370.0,13.108382093163778,18.14390262012302,5.042004289191329,3.044522437723423,18.10546742078654,15.576666651240245,18.08117023043882,17.199952718268463,16.457883527622126,16.671618687148523,14.808158815562429,5.3706380281276624
Giant Ledge,2023-08-01,660,8,2023,-0.8660254037844384,-0.5000000000000004,31,712.0,485.0,616.0,590.8709677419355,548.0,295.80508694470694,604.3333333333334,453.0,544.0833333333334,31,735.0,785.0,493057,75822270.0,153.77992808133746,20.0,1111.9287510571664,5.0,80.0,260.0,465.0,1845.0,72963320.0,5819160.0,71211880.0,29501530.0,14046495.0,17393700.0,2698370.0,13.108382093163778,18.14390262012302,5.042004289191329,3.044522437723423,18.10546742078654,15.576666651240245,18.08117023043882,17.199952718268463,16.457883527622126,16.671618687148523,14.808158815562429,6.493753839851686
Hardenburgh- MH Trail,2023-08-01,4,8,2023,-0.8660254037844384,-0.5000000000000004,31,10.0,5.0,12.0,7.516129032258065,7.0,5.602802678076604,9.0,5.166666666666667,5.416666666666667,31,4.0,11.5,493057,75822270.0,153.77992808133746,20.0,1111.9287510571664,5.0,80.0,260.0,465.0,1845.0,72963320.0,5819160.0,71211880.0,29501530.0,14046495.0,17393700.0,2698370.0,13.108382093163778,18.14390262012302,5.042004289191329,3.044522437723423,18.10546742078654,15.576666651240245,18.08117023043882,17.199952718268463,16.457883527622126,16.671618687148523,14.808158815562429,1.6094379124341003
Kelly Hollow,2023-08-01,289,8,2023,-0.8660254037844384,-0.5000000000000004,31,279.0,151.0,158.0,189.32258064516128,191.0,87.25112686828145,196.0,152.5,178.33333333333334,31,342.0,310.5,493057,75822270.0,153.77992808133746,20.0,1111.9287510571664,5.0,80.0,260.0,465.0,1845.0,72963320.0,5819160.0,71211880.0,29501530.0,14046495.0,17393700.0,2698370.0,13.108382093163778,18.14390262012302,5.042004289191329,3.044522437723423,18.10546742078654,15.576666651240245,18.08117023043882,17.199952718268463,16.457883527622126,16.671618687148523,14.808158815562429,5.66988092298052
Lane Street,2023-08-01,78,8,2023,-0.8660254037844384,-0.5000000000000004,31,56.0,51.0,63.0,49.06666666666667,50.0,22.736774607235517,56.666666666666664,40.333333333333336,47.083333333333336,30,51.0,45.0,493057,75822270.0,153.77992808133746,20.0,1111.9287510571664,5.0,80.0,260.0,465.0,1845.0,72963320.0,5819160.0,71211880.0,29501530.0,14046495.0,17393700.0,2698370.0,13.108382093163778,18.14390262012302,5.042004289191329,3.044522437723423,18.10546742078654,15.576666651240245,18.08117023043882,17.199952718268463,16.457883527622126,16.671618687148523,14.808158815562429,4.3694478524670215
McKenley Hollow,2023-08-01,116,8,2023,-0.8660254037844384,-0.5000000000000004,31,103.0,91.0,146.0,95.19354838709677,88.0,34.408738574998374,113.33333333333333,100.0,94.33333333333333,31,88.0,75.5,493057,75822270.0,153.77992808133746,20.0,1111.9287510571664,5.0,80.0,260.0,465.0,1845.0,72963320.0,5819160.0,71211880.0,29501530.0,14046495.0,17393700.0,2698370.0,13.108382093163778,18.14390262012302,5.042004289191329,3.044522437723423,18.10546742078654,15.576666651240245,18.08117023043882,17.199952718268463,16.457883527622126,16.671618687148523,14.808158815562429,4.762173934797756
Millbrook to BLM FT,2023-08-01,394,8,2023,-0.8660254037844384,-0.5000000000000004,31,373.0,260.0,273.0,241.09677419354838,221.0,96.87564359827833,302.0,222.66666666666666,258.1666666666667,31,429.0,349.0,493057,75822270.0,153.77992808133746,20.0,1111.9287510571664,5.0,80.0,260.0,465.0,1845.0,72963320.0,5819160.0,71211880.0,29501530.0,14046495.0,17393700.0,2698370.0,13.108382093163778,18.14390262012302,5.042004289191329,3.044522437723423,18.10546742078654,15.576666651240245,18.08117023043882,17.199952718268463,16.457883527622126,16.671618687148523,14.808158815562429,5.978885764901122
Mt Tremper,2023-08-01,334,8,2023,-0.8660254037844384,-0.5000000000000004,31,257.0,288.0,297.0,265.53846153846155,259.5,127.5762456789604,280.6666666666667,234.33333333333334,273.8333333333333,26,341.0,301.5,493057,75822270.0,153.77992808133746,20.0,1111.9287510571664,5.0,80.0,260.0,465.0,1845.0,72963320.0,5819160.0,71211880.0,29501530.0,14046495.0,17393700.0,2698370.0,13.108382093163778,18.14390262012302,5.042004289191329,3.044522437723423,18.10546742078654,15.576666651240245,18.08117023043882,17.199952718268463,16.457883527622126,16.671618687148523,14.808158815562429,5.814130531825066
Neversink Hardenburgh Trail,2023-08-01,38,8,2023,-0.8660254037844384,-0.5000000000000004,31,15.0,11.0,26.0,13.483870967741936,11.0,11.982962815992643,17.333333333333332,11.0,12.666666666666666,31,36.0,34.5,493057,75822270.0,153.77992808133746,20.0,1111.9287510571664,5.0,80.0,260.0,465.0,1845.0,72963320.0,5819160.0,71211880.0,29501530.0,14046495.0,17393700.0,2698370.0,13.108382093163778,18.14390262012302,5.042004289191329,3.044522437723423,18.10546742078654,15.576666651240245,18.08117023043882,17.199952718268463,16.457883527622126,16.671618687148523,14.808158815562429,3.6635616461296463
Onteora Lake,2023-08-01,284,8,2023,-0.8660254037844384,-0.5000000000000004,31,506.0,494.0,515.0,262.6666666666667,192.5,145.57916786974386,505.0,431.0,317.0,18,190.0,190.0,493057,75822270.0,153.77992808133746,20.0,1111.9287510571664,5.0,80.0,260.0,465.0,1845.0,72963320.0,5819160.0,71211880.0,29501530.0,14046495.0,17393700.0,2698370.0,13.108382093163778,18.14390262012302,5.042004289191329,3.044522437723423,18.10546742078654,15.576666651240245,18.08117023043882,17.199952718268463,16.457883527622126,16.671618687148523,14.808158815562429,5.652489180268651
Overlook,2023-08-01,1227,8,2023,-0.8660254037844384,-0.5000000000000004,31,988.0,885.0,1047.0,682.1935483870968,727.0,315.24841203457726,973.3333333333334,735.0,671.8333333333334,31,997.0,862.0,493057,75822270.0,153.77992808133746,20.0,1111.9287510571664,5.0,80.0,260.0,465.0,1845.0,72963320.0,5819160.0,71211880.0,29501530.0,14046495.0,17393700.0,2698370.0,13.108382093163778,18.14390262012302,5.042004289191329,3.044522437723423,18.10546742078654,15.576666651240245,18.08117023043882,17.199952718268463,16.457883527622126,16.671618687148523,14.808158815562429,7.113142108707088
Red Hill Dinch Road,2023-08-01,238,8,2023,-0.8660254037844384,-0.5000000000000004,31,291.0,195.0,186.0,182.20689655172413,190.0,96.5277085720338,224.0,164.33333333333334,178.58333333333334,29,308.0,311.0,493057,75822270.0,153.77992808133746,20.0,1111.9287510571664,5.0,80.0,260.0,465.0,1845.0,72963320.0,5819160.0,71211880.0,29501530.0,14046495.0,17393700.0,2698370.0,13.108382093163778,18.14390262012302,5.042004289191329,3.044522437723423,18.10546742078654,15.576666651240245,18.08117023043882,17.199952718268463,16.457883527622126,16.671618687148523,14.808158815562429,5.476463551931511
Rider Hollow,2023-08-01,161,8,2023,-0.8660254037844384,-0.5000000000000004,31,182.0,77.0,224.0,179.69230769230768,179.0,61.84223102752309,161.0,150.83333333333334,163.75,26,147.0,200.5,493057,75822270.0,153.77992808133746,20.0,1111.9287510571664,5.0,80.0,260.0,465.0,1845.0,72963320.0,5819160.0,71211880.0,29501530.0,14046495.0,17393700.0,2698370.0,13.108382093163778,18.14390262012302,5.042004289191329,3.044522437723423,18.10546742078654,15.576666651240245,18.08117023043882,17.199952718268463,16.457883527622126,16.671618687148523,14.808158815562429,5.087596335232384
Rochester Hollow,2023-08-01,229,8,2023,-0.8660254037844384,-0.5000000000000004,31,242.0,131.0,113.0,230.6451612903226,148.0,436.4501917658797,162.0,134.5,141.91666666666666,31,187.0,232.5,493057,75822270.0,153.77992808133746,20.0,1111.9287510571664,5.0,80.0,260.0,465.0,1845.0,72963320.0,5819160.0,71211880.0,29501530.0,14046495.0,17393700.0,2698370.0,13.108382093163778,18.14390262012302,5.042004289191329,3.044522437723423,18.10546742078654,15.576666651240245,18.08117023043882,17.199952718268463,16.457883527622126,16.671618687148523,14.808158815562429,5.438079308923196
Seager,2023-08-01,122,8,2023,-0.8660254037844384,-0.5000000000000004,31,101.0,61.0,70.0,57.645161290322584,48.0,37.615199398733104,77.33333333333333,55.0,50.5,31,119.0,122.5,493057,75822270.0,153.77992808133746,20.0,1111.9287510571664,5.0,80.0,260.0,465.0,1845.0,72963320.0,5819160.0,71211880.0,29501530.0,14046495.0,17393700.0,2698370.0,13.108382093163778,18.14390262012302,5.042004289191329,3.044522437723423,18.10546742078654,15.576666651240245,18.08117023043882,17.199952718268463,16.457883527622126,16.671618687148523,14.808158815562429,4.812184355372417
Slide Mt,2023-08-01,606,8,2023,-0.8660254037844384,-0.5000000000000004,31,794.0,587.0,691.0,568.258064516129,587.0,208.9074703853256,690.6666666666666,479.3333333333333,529.1666666666666,31,801.0,782.5,493057,75822270.0,153.77992808133746,20.0,1111.9287510571664,5.0,80.0,260.0,465.0,1845.0,72963320.0,5819160.0,71211880.0,29501530.0,14046495.0,17393700.0,2698370.0,13.108382093163778,18.14390262012302,5.042004289191329,3.044522437723423,18.10546742078654,15.576666651240245,18.08117023043882,17.199952718268463,16.457883527622126,16.671618687148523,14.808158815562429,6.408528791059498
Upper Cherrytown Road,2023-08-01,197,8,2023,-0.8660254037844384,-0.5000000000000004,31,329.0,143.0,136.0,161.0,128.5,140.65034133808035,202.66666666666666,152.16666666666666,158.0,28,341.0,258.0,493057,75822270.0,153.77992808133746,20.0,1111.9287510571664,5.0,80.0,260.0,465.0,1845.0,72963320.0,5819160.0,71211880.0,29501530.0,14046495.0,17393700.0,2698370.0,13.108382093163778,18.14390262012302,5.042004289191329,3.044522437723423,18.10546742078654,15.576666651240245,18.08117023043882,17.199952718268463,16.457883527622126,16.671618687148523,14.808158815562429,5.288267030694535
Wittenberg,2023-08-01,505,8,2023,-0.8660254037844384,-0.5000000000000004,31,585.0,469.0,592.0,339.4516129032258,286.0,199.38786969283052,548.6666666666666,338.8333333333333,343.0833333333333,31,520.0,516.5,493057,75822270.0,153.77992808133746,20.0,1111.9287510571664,5.0,80.0,260.0,465.0,1845.0,72963320.0,5819160.0,71211880.0,29501530.0,14046495.0,17393700.0,2698370.0,13.108382093163778,18.14390262012302,5.042004289191329,3.044522437723423,18.10546742078654,15.576666651240245,18.08117023043882,17.199952718268463,16.457883527622126,16.671618687148523,14.808158815562429,6.226536669287466
Woodchuck Hollow,2023-08-01,1,8,2023,-0.8660254037844384,-0.5000000000000004,31,6.0,1.0,2.0,3.9411764705882355,3.0,2.304088437845163,3.0,2.6666666666666665,3.0,17,3.0,3.0,493057,75822270.0,153.77992808133746,20.0,1111.9287510571664,5.0,80.0,260.0,465.0,1845.0,72963320.0,5819160.0,71211880.0,29501530.0,14046495.0,17393700.0,2698370.0,13.108382093163778,18.14390262012302,5.042004289191329,3.044522437723423,18.10546742078654,15.576666651240245,18.08117023043882,17.199952718268463,16.457883527622126,16.671618687148523,14.808158815562429,0.6931471805599453
Woodland Valley,2023-08-01,153,8,2023,-0.8660254037844384,-0.5000000000000004,31,186.0,119.0,108.0,96.70967741935483,85.0,69.031970153153,137.66666666666666,87.83333333333333,93.41666666666667,31,186.0,159.5,493057,75822270.0,153.77992808133746,20.0,1111.9287510571664,5.0,80.0,260.0,465.0,1845.0,72963320.0,5819160.0,71211880.0,29501530.0,14046495.0,17393700.0,2698370.0,13.108382093163778,18.14390262012302,5.042004289191329,3.044522437723423,18.10546742078654,15.576666651240245,18.08117023043882,17.199952718268463,16.457883527622126,16.671618687148523,14.808158815562429,5.0369526024136295
Alder Lake,2023-09-01,208,9,2023,-1.0,-1.8369701987210297e-16,32,280.0,310.0,234.0,164.6875,173.0,109.94498257559728,274.6666666666667,196.5,144.5,32,176.0,218.5,495142,76026435.0,153.54471040630767,20.0,1131.5441910978018,5.0,80.0,260.0,455.0,1750.0,72947975.0,4835490.0,72250880.0,29853880.0,16177870.0,16931545.0,2049315.0,13.112601888719356,18.146591679872827,5.040483442216336,3.044522437723423,18.105257087517327,15.391493232902803,18.095655078654097,17.21182540610186,16.599154878736677,16.64468906712858,14.53301663690161,5.342334251964811
Ashokan HP,2023-09-01,105,9,2023,-1.0,-1.8369701987210297e-16,32,149.0,180.0,112.0,136.53125,131.5,55.34465873054056,147.0,133.0,122.16666666666667,32,155.0,177.5,495142,76026435.0,153.54471040630767,20.0,1131.5441910978018,5.0,80.0,260.0,455.0,1750.0,72947975.0,4835490.0,72250880.0,29853880.0,16177870.0,16931545.0,2049315.0,13.112601888719356,18.146591679872827,5.040483442216336,3.044522437723423,18.105257087517327,15.391493232902803,18.095655078654097,17.21182540610186,16.599154878736677,16.64468906712858,14.53301663690161,4.663439094112067
Beaverkill Road to BLM FT,2023-09-01,127,9,2023,-1.0,-1.8369701987210297e-16,32,285.0,207.0,238.0,160.09375,149.0,85.10652125235423,243.33333333333334,177.33333333333334,155.58333333333334,32,244.0,231.5,495142,76026435.0,153.54471040630767,20.0,1131.5441910978018,5.0,80.0,260.0,455.0,1750.0,72947975.0,4835490.0,72250880.0,29853880.0,16177870.0,16931545.0,2049315.0,13.112601888719356,18.146591679872827,5.040483442216336,3.044522437723423,18.105257087517327,15.391493232902803,18.095655078654097,17.21182540610186,16.599154878736677,16.64468906712858,14.53301663690161,4.852030263919617
Cathedral Glen,2023-09-01,9,9,2023,-1.0,-1.8369701987210297e-16,32,12.0,11.0,3.0,9.625,9.0,7.499637672407335,8.666666666666666,9.333333333333334,9.333333333333334,24,24.0,14.5,495142,76026435.0,153.54471040630767,20.0,1131.5441910978018,5.0,80.0,260.0,455.0,1750.0,72947975.0,4835490.0,72250880.0,29853880.0,16177870.0,16931545.0,2049315.0,13.112601888719356,18.146591679872827,5.040483442216336,3.044522437723423,18.105257087517327,15.391493232902803,18.095655078654097,17.21182540610186,16.599154878736677,16.64468906712858,14.53301663690161,2.302585092994046
Denning,2023-09-01,243,9,2023,-1.0,-1.8369701987210297e-16,32,292.0,310.0,272.0,222.46875,236.5,110.55139933606127,291.3333333333333,237.33333333333334,209.66666666666666,32,299.0,296.0,495142,76026435.0,153.54471040630767,20.0,1131.5441910978018,5.0,80.0,260.0,455.0,1750.0,72947975.0,4835490.0,72250880.0,29853880.0,16177870.0,16931545.0,2049315.0,13.112601888719356,18.146591679872827,5.040483442216336,3.044522437723423,18.105257087517327,15.391493232902803,18.095655078654097,17.21182540610186,16.599154878736677,16.64468906712858,14.53301663690161,5.497168225293202
Dry Brook Ridge to Lean-to,2023-09-01,22,9,2023,-1.0,-1.8369701987210297e-16,32,22.0,22.0,49.0,25.25,22.0,14.103305492204713,31.0,23.333333333333332,21.833333333333332,32,19.0,29.5,495142,76026435.0,153.54471040630767,20.0,1131.5441910978018,5.0,80.0,260.0,455.0,1750.0,72947975.0,4835490.0,72250880.0,29853880.0,16177870.0,16931545.0,2049315.0,13.112601888719356,18.146591679872827,5.040483442216336,3.044522437723423,18.105257087517327,15.391493232902803,18.095655078654097,17.21182540610186,16.599154878736677,16.64468906712858,14.53301663690161,3.1354942159291497
Flynn,2023-09-01,48,9,2023,-1.0,-1.8369701987210297e-16,32,95.0,82.0,35.0,48.625,44.5,32.33868152198919,70.66666666666667,53.833333333333336,40.75,32,28.0,37.5,495142,76026435.0,153.54471040630767,20.0,1131.5441910978018,5.0,80.0,260.0,455.0,1750.0,72947975.0,4835490.0,72250880.0,29853880.0,16177870.0,16931545.0,2049315.0,13.112601888719356,18.146591679872827,5.040483442216336,3.044522437723423,18.105257087517327,15.391493232902803,18.095655078654097,17.21182540610186,16.599154878736677,16.64468906712858,14.53301663690161,3.8918202981106265
Fox Hollow,2023-09-01,130,9,2023,-1.0,-1.8369701987210297e-16,32,125.0,88.0,88.0,87.78125,91.5,38.46635259883714,100.33333333333333,84.33333333333333,79.25,32,93.0,95.0,495142,76026435.0,153.54471040630767,20.0,1131.5441910978018,5.0,80.0,260.0,455.0,1750.0,72947975.0,4835490.0,72250880.0,29853880.0,16177870.0,16931545.0,2049315.0,13.112601888719356,18.146591679872827,5.040483442216336,3.044522437723423,18.105257087517327,15.391493232902803,18.095655078654097,17.21182540610186,16.599154878736677,16.64468906712858,14.53301663690161,4.875197323201151
Frick Pond,2023-09-01,115,9,2023,-1.0,-1.8369701987210297e-16,32,214.0,204.0,166.0,127.5,112.0,74.45457589005353,194.66666666666666,136.16666666666666,111.33333333333333,32,117.0,124.0,495142,76026435.0,153.54471040630767,20.0,1131.5441910978018,5.0,80.0,260.0,455.0,1750.0,72947975.0,4835490.0,72250880.0,29853880.0,16177870.0,16931545.0,2049315.0,13.112601888719356,18.146591679872827,5.040483442216336,3.044522437723423,18.105257087517327,15.391493232902803,18.095655078654097,17.21182540610186,16.599154878736677,16.64468906712858,14.53301663690161,4.7535901911063645
Giant Ledge,2023-09-01,509,9,2023,-1.0,-1.8369701987210297e-16,32,660.0,712.0,485.0,593.03125,558.5,291.25141388276506,619.0,510.1666666666667,537.8333333333334,32,602.0,605.5,495142,76026435.0,153.54471040630767,20.0,1131.5441910978018,5.0,80.0,260.0,455.0,1750.0,72947975.0,4835490.0,72250880.0,29853880.0,16177870.0,16931545.0,2049315.0,13.112601888719356,18.146591679872827,5.040483442216336,3.044522437723423,18.105257087517327,15.391493232902803,18.095655078654097,17.21182540610186,16.599154878736677,16.64468906712858,14.53301663690161,6.234410725718371
Hardenburgh- MH Trail,2023-09-01,8,9,2023,-1.0,-1.8369701987210297e-16,32,4.0,10.0,5.0,7.40625,6.5,5.546631497381266,6.333333333333333,5.333333333333333,5.416666666666667,32,8.0,7.0,495142,76026435.0,153.54471040630767,20.0,1131.5441910978018,5.0,80.0,260.0,455.0,1750.0,72947975.0,4835490.0,72250880.0,29853880.0,16177870.0,16931545.0,2049315.0,13.112601888719356,18.146591679872827,5.040483442216336,3.044522437723423,18.105257087517327,15.391493232902803,18.095655078654097,17.21182540610186,16.599154878736677,16.64468906712858,14.53301663690161,2.1972245773362196
Kelly Hollow,2023-09-01,169,9,2023,-1.0,-1.8369701987210297e-16,32,289.0,279.0,151.0,192.4375,195.5,87.62233383730869,239.66666666666666,181.66666666666666,173.91666666666666,32,191.0,196.5,495142,76026435.0,153.54471040630767,20.0,1131.5441910978018,5.0,80.0,260.0,455.0,1750.0,72947975.0,4835490.0,72250880.0,29853880.0,16177870.0,16931545.0,2049315.0,13.112601888719356,18.146591679872827,5.040483442216336,3.044522437723423,18.105257087517327,15.391493232902803,18.095655078654097,17.21182540610186,16.599154878736677,16.64468906712858,14.53301663690161,5.135798437050262
Lane Street,2023-09-01,54,9,2023,-1.0,-1.8369701987210297e-16,32,78.0,56.0,51.0,50.0,51.0,22.95067174035072,61.666666666666664,49.666666666666664,49.333333333333336,31,61.0,60.0,495142,76026435.0,153.54471040630767,20.0,1131.5441910978018,5.0,80.0,260.0,455.0,1750.0,72947975.0,4835490.0,72250880.0,29853880.0,16177870.0,16931545.0,2049315.0,13.112601888719356,18.146591679872827,5.040483442216336,3.044522437723423,18.105257087517327,15.391493232902803,18.095655078654097,17.21182540610186,16.599154878736677,16.64468906712858,14.53301663690161,4.007333185232471
McKenley Hollow,2023-09-01,119,9,2023,-1.0,-1.8369701987210297e-16,32,116.0,103.0,91.0,95.84375,88.0,34.048456338463545,103.33333333333333,107.5,96.66666666666667,32,73.0,72.0,495142,76026435.0,153.54471040630767,20.0,1131.5441910978018,5.0,80.0,260.0,455.0,1750.0,72947975.0,4835490.0,72250880.0,29853880.0,16177870.0,16931545.0,2049315.0,13.112601888719356,18.146591679872827,5.040483442216336,3.044522437723423,18.105257087517327,15.391493232902803,18.095655078654097,17.21182540610186,16.599154878736677,16.64468906712858,14.53301663690161,4.787491742782046
Millbrook to BLM FT,2023-09-01,331,9,2023,-1.0,-1.8369701987210297e-16,32,394.0,373.0,260.0,245.875,224.0,99.05936636439851,342.3333333333333,260.5,255.25,32,346.0,297.0,495142,76026435.0,153.54471040630767,20.0,1131.5441910978018,5.0,80.0,260.0,455.0,1750.0,72947975.0,4835490.0,72250880.0,29853880.0,16177870.0,16931545.0,2049315.0,13.112601888719356,18.146591679872827,5.040483442216336,3.044522437723423,18.105257087517327,15.391493232902803,18.095655078654097,17.21182540610186,16.599154878736677,16.64468906712858,14.53301663690161,5.805134968916488
Mt Tremper,2023-09-01,214,9,2023,-1.0,-1.8369701987210297e-16,32,334.0,257.0,288.0,268.0740740740741,262.0,125.79070710629618,293.0,249.33333333333334,258.0833333333333,27,58.0,153.0,495142,76026435.0,153.54471040630767,20.0,1131.5441910978018,5.0,80.0,260.0,455.0,1750.0,72947975.0,4835490.0,72250880.0,29853880.0,16177870.0,16931545.0,2049315.0,13.112601888719356,18.146591679872827,5.040483442216336,3.044522437723423,18.105257087517327,15.391493232902803,18.095655078654097,17.21182540610186,16.599154878736677,16.64468906712858,14.53301663690161,5.3706380281276624
Neversink Hardenburgh Trail,2023-09-01,18,9,2023,-1.0,-1.8369701987210297e-16,32,38.0,15.0,11.0,14.25,11.5,12.559535639659252,21.333333333333332,17.166666666666668,12.833333333333334,32,13.0,12.0,495142,76026435.0,153.54471040630767,20.0,1131.5441910978018,5.0,80.0,260.0,455.0,1750.0,72947975.0,4835490.0,72250880.0,29853880.0,16177870.0,16931545.0,2049315.0,13.112601888719356,18.146591679872827,5.040483442216336,3.044522437723423,18.105257087517327,15.391493232902803,18.095655078654097,17.21182540610186,16.599154878736677,16.64468906712858,14.53301663690161,2.9444389791664403
Onteora Lake,2023-09-01,311,9,2023,-1.0,-1.8369701987210297e-16,32,284.0,506.0,494.0,263.7894736842105,195.0,141.56214926760316,428.0,432.1666666666667,324.8333333333333,19,186.0,186.0,495142,76026435.0,153.54471040630767,20.0,1131.5441910978018,5.0,80.0,260.0,455.0,1750.0,72947975.0,4835490.0,72250880.0,29853880.0,16177870.0,16931545.0,2049315.0,13.112601888719356,18.146591679872827,5.040483442216336,3.044522437723423,18.105257087517327,15.391493232902803,18.095655078654097,17.21182540610186,16.599154878736677,16.64468906712858,14.53301663690161,5.7430031878094825
Overlook,2023-09-01,709,9,2023,-1.0,-1.8369701987210297e-16,32,1227.0,988.0,885.0,699.21875,751.5,324.7324193135416,1033.3333333333333,880.6666666666666,691.0,32,802.0,812.0,495142,76026435.0,153.54471040630767,20.0,1131.5441910978018,5.0,80.0,260.0,455.0,1750.0,72947975.0,4835490.0,72250880.0,29853880.0,16177870.0,16931545.0,2049315.0,13.112601888719356,18.146591679872827,5.040483442216336,3.044522437723423,18.105257087517327,15.391493232902803,18.095655078654097,17.21182540610186,16.599154878736677,16.64468906712858,14.53301663690161,6.565264970035361
Red Hill Dinch Road,2023-09-01,172,9,2023,-1.0,-1.8369701987210297e-16,32,238.0,291.0,195.0,184.06666666666666,192.5,95.39425752012586,241.33333333333334,191.33333333333334,172.75,30,263.0,247.5,495142,76026435.0,153.54471040630767,20.0,1131.5441910978018,5.0,80.0,260.0,455.0,1750.0,72947975.0,4835490.0,72250880.0,29853880.0,16177870.0,16931545.0,2049315.0,13.112601888719356,18.146591679872827,5.040483442216336,3.044522437723423,18.105257087517327,15.391493232902803,18.095655078654097,17.21182540610186,16.599154878736677,16.64468906712858,14.53301663690161,5.153291594497779
Rider Hollow,2023-09-01,89,9,2023,-1.0,-1.8369701987210297e-16,32,161.0,182.0,77.0,179.0,176.0,60.74790278114705,140.0,146.16666666666666,164.91666666666666,27,223.0,223.0,495142,76026435.0,153.54471040630767,20.0,1131.5441910978018,5.0,80.0,260.0,455.0,1750.0,72947975.0,4835490.0,72250880.0,29853880.0,16177870.0,16931545.0,2049315.0,13.112601888719356,18.146591679872827,5.040483442216336,3.044522437723423,18.105257087517327,15.391493232902803,18.095655078654097,17.21182540610186,16.599154878736677,16.64468906712858,14.53301663690161,4.499809670330265
Rochester Hollow,2023-09-01,117,9,2023,-1.0,-1.8369701987210297e-16,32,229.0,242.0,131.0,230.59375,148.0,429.35306618626635,200.66666666666666,157.0,145.41666666666666,32,169.0,198.0,495142,76026435.0,153.54471040630767,20.0,1131.5441910978018,5.0,80.0,260.0,455.0,1750.0,72947975.0,4835490.0,72250880.0,29853880.0,16177870.0,16931545.0,2049315.0,13.112601888719356,18.146591679872827,5.040483442216336,3.044522437723423,18.105257087517327,15.391493232902803,18.095655078654097,17.21182540610186,16.599154878736677,16.64468906712858,14.53301663690161,4.770684624465665
Seager,2023-09-01,36,9,2023,-1.0,-1.8369701987210297e-16,32,122.0,101.0,61.0,59.65625,49.0,38.712846392463206,94.66666666666667,70.83333333333333,50.75,32,46.0,86.0,495142,76026435.0,153.54471040630767,20.0,1131.5441910978018,5.0,80.0,260.0,455.0,1750.0,72947975.0,4835490.0,72250880.0,29853880.0,16177870.0,16931545.0,2049315.0,13.112601888719356,18.146591679872827,5.040483442216336,3.044522437723423,18.105257087517327,15.391493232902803,18.095655078654097,17.21182540610186,16.599154878736677,16.64468906712858,14.53301663690161,3.6109179126442243
Upper Cherrytown Road,2023-09-01,2,9,2023,-1.0,-1.8369701987210297e-16,32,197.0,329.0,143.0,162.24137931034483,136.0,138.2775818966054,223.0,172.5,146.0,29,170.0,133.5,495142,76026435.0,153.54471040630767,20.0,1131.5441910978018,5.0,80.0,260.0,455.0,1750.0,72947975.0,4835490.0,72250880.0,29853880.0,16177870.0,16931545.0,2049315.0,13.112601888719356,18.146591679872827,5.040483442216336,3.044522437723423,18.105257087517327,15.391493232902803,18.095655078654097,17.21182540610186,16.599154878736677,16.64468906712858,14.53301663690161,1.0986122886681098
Wittenberg,2023-09-01,410,9,2023,-1.0,-1.8369701987210297e-16,32,505.0,585.0,469.0,344.625,339.5,198.31674729599746,519.6666666666666,402.5,341.8333333333333,32,439.0,530.0,495142,76026435.0,153.54471040630767,20.0,1131.5441910978018,5.0,80.0,260.0,455.0,1750.0,72947975.0,4835490.0,72250880.0,29853880.0,16177870.0,16931545.0,2049315.0,13.112601888719356,18.146591679872827,5.040483442216336,3.044522437723423,18.105257087517327,15.391493232902803,18.095655078654097,17.21182540610186,16.599154878736677,16.64468906712858,14.53301663690161,6.018593214496234
Woodchuck Hollow,2023-09-01,1,9,2023,-1.0,-1.8369701987210297e-16,32,1.0,6.0,1.0,3.7777777777777777,3.0,2.340325657468749,2.6666666666666665,2.3333333333333335,2.5833333333333335,18,1.0,1.0,495142,76026435.0,153.54471040630767,20.0,1131.5441910978018,5.0,80.0,260.0,455.0,1750.0,72947975.0,4835490.0,72250880.0,29853880.0,16177870.0,16931545.0,2049315.0,13.112601888719356,18.146591679872827,5.040483442216336,3.044522437723423,18.105257087517327,15.391493232902803,18.095655078654097,17.21182540610186,16.599154878736677,16.64468906712858,14.53301663690161,0.6931471805599453
Woodland Valley,2023-09-01,139,9,2023,-1.0,-1.8369701987210297e-16,32,153.0,186.0,119.0,98.46875,96.5,68.63460256572365,152.66666666666666,106.66666666666667,90.66666666666667,32,141.0,149.0,495142,76026435.0,153.54471040630767,20.0,1131.5441910978018,5.0,80.0,260.0,455.0,1750.0,72947975.0,4835490.0,72250880.0,29853880.0,16177870.0,16931545.0,2049315.0,13.112601888719356,18.146591679872827,5.040483442216336,3.044522437723423,18.105257087517327,15.391493232902803,18.095655078654097,17.21182540610186,16.599154878736677,16.64468906712858,14.53301663690161,4.941642422609304
Alder Lake,2023-10-01,147,10,2023,-0.8660254037844386,0.5000000000000001,33,208.0,280.0,310.0,166.0,176.0,108.47580375364822,266.0,222.66666666666666,147.16666666666666,33,203.0,214.5,469517,80454040.0,171.35490301735612,20.0,1271.0199069072821,5.0,90.0,295.0,515.0,2055.0,77215985.0,4836095.0,76677665.0,27396165.0,19512295.0,20533285.0,1721305.0,13.059461915553694,18.203196660097678,5.149555740584672,3.044522437723423,18.162117066097306,15.391618341636415,18.155121037493803,17.125913634560302,16.78655538891453,16.837557834638176,14.358593862991047,4.997212273764115
Ashokan HP,2023-10-01,132,10,2023,-0.8660254037844386,0.5000000000000001,33,105.0,149.0,180.0,135.57575757575756,128.0,54.74887573219557,144.66666666666666,142.0,118.0,33,197.0,196.5,469517,80454040.0,171.35490301735612,20.0,1271.0199069072821,5.0,90.0,295.0,515.0,2055.0,77215985.0,4836095.0,76677665.0,27396165.0,19512295.0,20533285.0,1721305.0,13.059461915553694,18.203196660097678,5.149555740584672,3.044522437723423,18.162117066097306,15.391618341636415,18.155121037493803,17.125913634560302,16.78655538891453,16.837557834638176,14.358593862991047,4.890349128221754
Beaverkill Road to BLM FT,2023-10-01,248,10,2023,-0.8660254037844386,0.5000000000000001,33,127.0,285.0,207.0,159.0909090909091,146.0,83.96404127525503,206.33333333333334,194.33333333333334,145.83333333333334,33,280.0,291.5,469517,80454040.0,171.35490301735612,20.0,1271.0199069072821,5.0,90.0,295.0,515.0,2055.0,77215985.0,4836095.0,76677665.0,27396165.0,19512295.0,20533285.0,1721305.0,13.059461915553694,18.203196660097678,5.149555740584672,3.044522437723423,18.162117066097306,15.391618341636415,18.155121037493803,17.125913634560302,16.78655538891453,16.837557834638176,14.358593862991047,5.517452896464707
Cathedral Glen,2023-10-01,7,10,2023,-0.8660254037844386,0.5000000000000001,33,9.0,12.0,11.0,9.6,9.0,7.342796923970229,10.666666666666666,10.666666666666666,8.083333333333334,25,9.0,8.0,469517,80454040.0,171.35490301735612,20.0,1271.0199069072821,5.0,90.0,295.0,515.0,2055.0,77215985.0,4836095.0,76677665.0,27396165.0,19512295.0,20533285.0,1721305.0,13.059461915553694,18.203196660097678,5.149555740584672,3.044522437723423,18.162117066097306,15.391618341636415,18.155121037493803,17.125913634560302,16.78655538891453,16.837557834638176,14.358593862991047,2.0794415416798357
Denning,2023-10-01,197,10,2023,-0.8660254037844386,0.5000000000000001,33,243.0,292.0,310.0,223.0909090909091,243.0,108.86900489704462,281.6666666666667,266.0,205.0,33,360.0,307.0,469517,80454040.0,171.35490301735612,20.0,1271.0199069072821,5.0,90.0,295.0,515.0,2055.0,77215985.0,4836095.0,76677665.0,27396165.0,19512295.0,20533285.0,1721305.0,13.059461915553694,18.203196660097678,5.149555740584672,3.044522437723423,18.162117066097306,15.391618341636415,18.155121037493803,17.125913634560302,16.78655538891453,16.837557834638176,14.358593862991047,5.288267030694535
Dry Brook Ridge to Lean-to,2023-10-01,10,10,2023,-0.8660254037844386,0.5000000000000001,33,22.0,22.0,22.0,25.151515151515152,22.0,13.892716644255572,22.0,25.0,22.083333333333332,33,40.0,39.5,469517,80454040.0,171.35490301735612,20.0,1271.0199069072821,5.0,90.0,295.0,515.0,2055.0,77215985.0,4836095.0,76677665.0,27396165.0,19512295.0,20533285.0,1721305.0,13.059461915553694,18.203196660097678,5.149555740584672,3.044522437723423,18.162117066097306,15.391618341636415,18.155121037493803,17.125913634560302,16.78655538891453,16.837557834638176,14.358593862991047,2.3978952727983707
Flynn,2023-10-01,38,10,2023,-0.8660254037844386,0.5000000000000001,33,48.0,95.0,82.0,48.60606060606061,45.0,31.829565063337135,75.0,59.166666666666664,42.416666666666664,33,52.0,62.0,469517,80454040.0,171.35490301735612,20.0,1271.0199069072821,5.0,90.0,295.0,515.0,2055.0,77215985.0,4836095.0,76677665.0,27396165.0,19512295.0,20533285.0,1721305.0,13.059461915553694,18.203196660097678,5.149555740584672,3.044522437723423,18.162117066097306,15.391618341636415,18.155121037493803,17.125913634560302,16.78655538891453,16.837557834638176,14.358593862991047,3.6635616461296463
Fox Hollow,2023-10-01,102,10,2023,-0.8660254037844386,0.5000000000000001,33,130.0,125.0,88.0,89.06060606060606,93.0,38.56726218078245,114.33333333333333,97.66666666666667,82.33333333333333,33,127.0,140.0,469517,80454040.0,171.35490301735612,20.0,1271.0199069072821,5.0,90.0,295.0,515.0,2055.0,77215985.0,4836095.0,76677665.0,27396165.0,19512295.0,20533285.0,1721305.0,13.059461915553694,18.203196660097678,5.149555740584672,3.044522437723423,18.162117066097306,15.391618341636415,18.155121037493803,17.125913634560302,16.78655538891453,16.837557834638176,14.358593862991047,4.634728988229636
Frick Pond,2023-10-01,149,10,2023,-0.8660254037844386,0.5000000000000001,33,115.0,214.0,204.0,127.12121212121212,113.0,73.3142881605274,177.66666666666666,145.66666666666666,111.16666666666667,33,206.0,197.5,469517,80454040.0,171.35490301735612,20.0,1271.0199069072821,5.0,90.0,295.0,515.0,2055.0,77215985.0,4836095.0,76677665.0,27396165.0,19512295.0,20533285.0,1721305.0,13.059461915553694,18.203196660097678,5.149555740584672,3.044522437723423,18.162117066097306,15.391618341636415,18.155121037493803,17.125913634560302,16.78655538891453,16.837557834638176,14.358593862991047,5.0106352940962555
Giant Ledge,2023-10-01,927,10,2023,-0.8660254037844386,0.5000000000000001,33,509.0,660.0,712.0,590.4848484848485,548.0,287.03746719854814,627.0,552.1666666666666,530.0833333333334,33,1366.0,1405.0,469517,80454040.0,171.35490301735612,20.0,1271.0199069072821,5.0,90.0,295.0,515.0,2055.0,77215985.0,4836095.0,76677665.0,27396165.0,19512295.0,20533285.0,1721305.0,13.059461915553694,18.203196660097678,5.149555740584672,3.044522437723423,18.162117066097306,15.391618341636415,18.155121037493803,17.125913634560302,16.78655538891453,16.837557834638176,14.358593862991047,6.833031732786201
Hardenburgh- MH Trail,2023-10-01,8,10,2023,-0.8660254037844386,0.5000000000000001,33,8.0,4.0,10.0,7.424242424242424,7.0,5.460255849261455,7.333333333333333,6.666666666666667,5.416666666666667,33,8.0,13.5,469517,80454040.0,171.35490301735612,20.0,1271.0199069072821,5.0,90.0,295.0,515.0,2055.0,77215985.0,4836095.0,76677665.0,27396165.0,19512295.0,20533285.0,1721305.0,13.059461915553694,18.203196660097678,5.149555740584672,3.044522437723423,18.162117066097306,15.391618341636415,18.155121037493803,17.125913634560302,16.78655538891453,16.837557834638176,14.358593862991047,2.1972245773362196
Kelly Hollow,2023-10-01,165,10,2023,-0.8660254037844386,0.5000000000000001,33,169.0,289.0,279.0,191.72727272727272,191.0,86.3388211956507,245.66666666666666,197.5,172.08333333333334,33,337.0,278.0,469517,80454040.0,171.35490301735612,20.0,1271.0199069072821,5.0,90.0,295.0,515.0,2055.0,77215985.0,4836095.0,76677665.0,27396165.0,19512295.0,20533285.0,1721305.0,13.059461915553694,18.203196660097678,5.149555740584672,3.044522437723423,18.162117066097306,15.391618341636415,18.155121037493803,17.125913634560302,16.78655538891453,16.837557834638176,14.358593862991047,5.111987788356544
Lane Street,2023-10-01,28,10,2023,-0.8660254037844386,0.5000000000000001,33,54.0,78.0,56.0,50.125,51.0,22.588535487806,62.666666666666664,56.0,48.75,32,108.0,87.5,469517,80454040.0,171.35490301735612,20.0,1271.0199069072821,5.0,90.0,295.0,515.0,2055.0,77215985.0,4836095.0,76677665.0,27396165.0,19512295.0,20533285.0,1721305.0,13.059461915553694,18.203196660097678,5.149555740584672,3.044522437723423,18.162117066097306,15.391618341636415,18.155121037493803,17.125913634560302,16.78655538891453,16.837557834638176,14.358593862991047,3.367295829986474
McKenley Hollow,2023-10-01,119,10,2023,-0.8660254037844386,0.5000000000000001,33,119.0,116.0,103.0,96.54545454545455,88.0,33.75378766624839,112.66666666666667,109.83333333333333,100.5,33,143.0,110.0,469517,80454040.0,171.35490301735612,20.0,1271.0199069072821,5.0,90.0,295.0,515.0,2055.0,77215985.0,4836095.0,76677665.0,27396165.0,19512295.0,20533285.0,1721305.0,13.059461915553694,18.203196660097678,5.149555740584672,3.044522437723423,18.162117066097306,15.391618341636415,18.155121037493803,17.125913634560302,16.78655538891453,16.837557834638176,14.358593862991047,4.787491742782046
Millbrook to BLM FT,2023-10-01,305,10,2023,-0.8660254037844386,0.5000000000000001,33,331.0,394.0,373.0,248.45454545454547,227.0,98.61892912528599,366.0,292.5,254.0,33,456.0,411.0,469517,80454040.0,171.35490301735612,20.0,1271.0199069072821,5.0,90.0,295.0,515.0,2055.0,77215985.0,4836095.0,76677665.0,27396165.0,19512295.0,20533285.0,1721305.0,13.059461915553694,18.203196660097678,5.149555740584672,3.044522437723423,18.162117066097306,15.391618341636415,18.155121037493803,17.125913634560302,16.78655538891453,16.837557834638176,14.358593862991047,5.723585101952381
Mt Tremper,2023-10-01,367,10,2023,-0.8660254037844386,0.5000000000000001,33,214.0,334.0,257.0,266.14285714285717,259.5,123.86154584729896,268.3333333333333,265.5,247.5,28,526.0,480.5,469517,80454040.0,171.35490301735612,20.0,1271.0199069072821,5.0,90.0,295.0,515.0,2055.0,77215985.0,4836095.0,76677665.0,27396165.0,19512295.0,20533285.0,1721305.0,13.059461915553694,18.203196660097678,5.149555740584672,3.044522437723423,18.162117066097306,15.391618341636415,18.155121037493803,17.125913634560302,16.78655538891453,16.837557834638176,14.358593862991047,5.908082938168931
Neversink Hardenburgh Trail,2023-10-01,17,10,2023,-0.8660254037844386,0.5000000000000001,33,18.0,38.0,15.0,14.363636363636363,12.0,12.378959421681467,23.666666666666668,20.166666666666668,13.25,33,20.0,17.0,469517,80454040.0,171.35490301735612,20.0,1271.0199069072821,5.0,90.0,295.0,515.0,2055.0,77215985.0,4836095.0,76677665.0,27396165.0,19512295.0,20533285.0,1721305.0,13.059461915553694,18.203196660097678,5.149555740584672,3.044522437723423,18.162117066097306,15.391618341636415,18.155121037493803,17.125913634560302,16.78655538891453,16.837557834638176,14.358593862991047,2.8903717578961645
Onteora Lake,2023-10-01,418,10,2023,-0.8660254037844386,0.5000000000000001,33,311.0,284.0,506.0,266.15,217.5,138.19028642838072,367.0,438.1666666666667,335.25,20,240.0,240.0,469517,80454040.0,171.35490301735612,20.0,1271.0199069072821,5.0,90.0,295.0,515.0,2055.0,77215985.0,4836095.0,76677665.0,27396165.0,19512295.0,20533285.0,1721305.0,13.059461915553694,18.203196660097678,5.149555740584672,3.044522437723423,18.162117066097306,15.391618341636415,18.155121037493803,17.125913634560302,16.78655538891453,16.837557834638176,14.358593862991047,6.037870919922137
Overlook,2023-10-01,907,10,2023,-0.8660254037844386,0.5000000000000001,33,709.0,1227.0,988.0,699.5151515151515,727.0,319.62273867132416,974.6666666666666,944.3333333333334,683.25,33,511.0,857.0,469517,80454040.0,171.35490301735612,20.0,1271.0199069072821,5.0,90.0,295.0,515.0,2055.0,77215985.0,4836095.0,76677665.0,27396165.0,19512295.0,20533285.0,1721305.0,13.059461915553694,18.203196660097678,5.149555740584672,3.044522437723423,18.162117066097306,15.391618341636415,18.155121037493803,17.125913634560302,16.78655538891453,16.837557834638176,14.358593862991047,6.811244378601294
Red Hill Dinch Road,2023-10-01,158,10,2023,-0.8660254037844386,0.5000000000000001,33,172.0,238.0,291.0,183.67741935483872,190.0,93.81591446258791,233.66666666666666,201.0,165.16666666666666,31,278.0,305.5,469517,80454040.0,171.35490301735612,20.0,1271.0199069072821,5.0,90.0,295.0,515.0,2055.0,77215985.0,4836095.0,76677665.0,27396165.0,19512295.0,20533285.0,1721305.0,13.059461915553694,18.203196660097678,5.149555740584672,3.044522437723423,18.162117066097306,15.391618341636415,18.155121037493803,17.125913634560302,16.78655538891453,16.837557834638176,14.358593862991047,5.0689042022202315
Rider Hollow,2023-10-01,151,10,2023,-0.8660254037844386,0.5000000000000001,33,89.0,161.0,182.0,175.78571428571428,170.0,61.991252156375616,144.0,139.33333333333334,153.75,28,218.0,218.0,469517,80454040.0,171.35490301735612,20.0,1271.0199069072821,5.0,90.0,295.0,515.0,2055.0,77215985.0,4836095.0,76677665.0,27396165.0,19512295.0,20533285.0,1721305.0,13.059461915553694,18.203196660097678,5.149555740584672,3.044522437723423,18.162117066097306,15.391618341636415,18.155121037493803,17.125913634560302,16.78655538891453,16.837557834638176,14.358593862991047,5.0238805208462765
Rochester Hollow,2023-10-01,250,10,2023,-0.8660254037844386,0.5000000000000001,33,117.0,229.0,242.0,227.15151515151516,148.0,423.05356643781835,196.0,163.33333333333334,141.08333333333334,33,225.0,1390.5,469517,80454040.0,171.35490301735612,20.0,1271.0199069072821,5.0,90.0,295.0,515.0,2055.0,77215985.0,4836095.0,76677665.0,27396165.0,19512295.0,20533285.0,1721305.0,13.059461915553694,18.203196660097678,5.149555740584672,3.044522437723423,18.162117066097306,15.391618341636415,18.155121037493803,17.125913634560302,16.78655538891453,16.837557834638176,14.358593862991047,5.5254529391317835
Seager,2023-10-01,41,10,2023,-0.8660254037844386,0.5000000000000001,33,36.0,122.0,101.0,58.93939393939394,48.0,38.32504027553281,86.33333333333333,73.0,49.916666666666664,33,61.0,82.5,469517,80454040.0,171.35490301735612,20.0,1271.0199069072821,5.0,90.0,295.0,515.0,2055.0,77215985.0,4836095.0,76677665.0,27396165.0,19512295.0,20533285.0,1721305.0,13.059461915553694,18.203196660097678,5.149555740584672,3.044522437723423,18.162117066097306,15.391618341636415,18.155121037493803,17.125913634560302,16.78655538891453,16.837557834638176,14.358593862991047,3.7376696182833684
Upper Cherrytown Road,2023-10-01,16,10,2023,-0.8660254037844386,0.5000000000000001,33,2.0,197.0,329.0,156.9,128.5,138.98656595959687,176.0,162.5,132.0,30,237.0,176.0,469517,80454040.0,171.35490301735612,20.0,1271.0199069072821,5.0,90.0,295.0,515.0,2055.0,77215985.0,4836095.0,76677665.0,27396165.0,19512295.0,20533285.0,1721305.0,13.059461915553694,18.203196660097678,5.149555740584672,3.044522437723423,18.162117066097306,15.391618341636415,18.155121037493803,17.125913634560302,16.78655538891453,16.837557834638176,14.358593862991047,2.833213344056216
Wittenberg,2023-10-01,431,10,2023,-0.8660254037844386,0.5000000000000001,33,410.0,505.0,585.0,346.6060606060606,393.0,195.5249247848499,500.0,451.1666666666667,339.4166666666667,33,638.0,583.0,469517,80454040.0,171.35490301735612,20.0,1271.0199069072821,5.0,90.0,295.0,515.0,2055.0,77215985.0,4836095.0,76677665.0,27396165.0,19512295.0,20533285.0,1721305.0,13.059461915553694,18.203196660097678,5.149555740584672,3.044522437723423,18.162117066097306,15.391618341636415,18.155121037493803,17.125913634560302,16.78655538891453,16.837557834638176,14.358593862991047,6.068425588244111
Woodchuck Hollow,2023-10-01,1,10,2023,-0.8660254037844386,0.5000000000000001,33,1.0,1.0,6.0,3.6315789473684212,3.0,2.3619795444544076,2.6666666666666665,2.3333333333333335,2.1666666666666665,19,,,469517,80454040.0,171.35490301735612,20.0,1271.0199069072821,5.0,90.0,295.0,515.0,2055.0,77215985.0,4836095.0,76677665.0,27396165.0,19512295.0,20533285.0,1721305.0,13.059461915553694,18.203196660097678,5.149555740584672,3.044522437723423,18.162117066097306,15.391618341636415,18.155121037493803,17.125913634560302,16.78655538891453,16.837557834638176,14.358593862991047,0.6931471805599453
Woodland Valley,2023-10-01,113,10,2023,-0.8660254037844386,0.5000000000000001,33,139.0,153.0,186.0,99.6969696969697,108.0,67.92113296338853,159.33333333333334,126.66666666666667,90.5,33,169.0,167.5,469517,80454040.0,171.35490301735612,20.0,1271.0199069072821,5.0,90.0,295.0,515.0,2055.0,77215985.0,4836095.0,76677665.0,27396165.0,19512295.0,20533285.0,1721305.0,13.059461915553694,18.203196660097678,5.149555740584672,3.044522437723423,18.162117066097306,15.391618341636415,18.155121037493803,17.125913634560302,16.78655538891453,16.837557834638176,14.358593862991047,4.736198448394496
Alder Lake,2023-11-01,70,11,2023,-0.5000000000000004,0.8660254037844384,34,147.0,208.0,280.0,165.44117647058823,173.0,106.86927476820955,211.66666666666666,224.83333333333334,142.5,34,40.0,73.0,422329,84494295.0,200.06747109480997,20.0,1255.9616969674062,5.0,80.0,250.0,485.0,4065.0,82692390.0,4474850.0,80923835.0,20188750.0,40612300.0,13793125.0,788605.0,12.953542277944193,18.252194587090393,5.303640528820734,3.044522437723423,18.230638148505854,15.31398361304738,18.209018973984534,16.820636126067395,17.519581558978267,16.439680910084444,13.578022108816704,4.2626798770413155
Ashokan HP,2023-11-01,102,11,2023,-0.5000000000000004,0.8660254037844384,34,132.0,105.0,149.0,135.47058823529412,130.0,53.91645349259585,128.66666666666666,144.0,112.58333333333333,34,85.0,98.5,422329,84494295.0,200.06747109480997,20.0,1255.9616969674062,5.0,80.0,250.0,485.0,4065.0,82692390.0,4474850.0,80923835.0,20188750.0,40612300.0,13793125.0,788605.0,12.953542277944193,18.252194587090393,5.303640528820734,3.044522437723423,18.230638148505854,15.31398361304738,18.209018973984534,16.820636126067395,17.519581558978267,16.439680910084444,13.578022108816704,4.634728988229636
Beaverkill Road to BLM FT,2023-11-01,135,11,2023,-0.5000000000000004,0.8660254037844384,34,248.0,127.0,285.0,161.7058823529412,149.0,84.07627468168043,220.0,217.66666666666666,143.16666666666666,34,86.0,110.5,422329,84494295.0,200.06747109480997,20.0,1255.9616969674062,5.0,80.0,250.0,485.0,4065.0,82692390.0,4474850.0,80923835.0,20188750.0,40612300.0,13793125.0,788605.0,12.953542277944193,18.252194587090393,5.303640528820734,3.044522437723423,18.230638148505854,15.31398361304738,18.209018973984534,16.820636126067395,17.519581558978267,16.439680910084444,13.578022108816704,4.912654885736052
Cathedral Glen,2023-11-01,11,11,2023,-0.5000000000000004,0.8660254037844384,34,7.0,9.0,12.0,9.5,9.0,7.212489168102785,9.333333333333334,9.5,7.916666666666667,26,2.0,2.0,422329,84494295.0,200.06747109480997,20.0,1255.9616969674062,5.0,80.0,250.0,485.0,4065.0,82692390.0,4474850.0,80923835.0,20188750.0,40612300.0,13793125.0,788605.0,12.953542277944193,18.252194587090393,5.303640528820734,3.044522437723423,18.230638148505854,15.31398361304738,18.209018973984534,16.820636126067395,17.519581558978267,16.439680910084444,13.578022108816704,2.4849066497880004
Denning,2023-11-01,175,11,2023,-0.5000000000000004,0.8660254037844384,34,197.0,243.0,292.0,222.3235294117647,233.5,107.30012301617825,244.0,279.1666666666667,191.41666666666666,34,155.0,182.5,422329,84494295.0,200.06747109480997,20.0,1255.9616969674062,5.0,80.0,250.0,485.0,4065.0,82692390.0,4474850.0,80923835.0,20188750.0,40612300.0,13793125.0,788605.0,12.953542277944193,18.252194587090393,5.303640528820734,3.044522437723423,18.230638148505854,15.31398361304738,18.209018973984534,16.820636126067395,17.519581558978267,16.439680910084444,13.578022108816704,5.170483995038151
Dry Brook Ridge to Lean-to,2023-11-01,25,11,2023,-0.5000000000000004,0.8660254037844384,34,10.0,22.0,22.0,24.705882352941178,22.0,13.925188452595004,18.0,25.0,19.583333333333332,34,37.0,37.0,422329,84494295.0,200.06747109480997,20.0,1255.9616969674062,5.0,80.0,250.0,485.0,4065.0,82692390.0,4474850.0,80923835.0,20188750.0,40612300.0,13793125.0,788605.0,12.953542277944193,18.252194587090393,5.303640528820734,3.044522437723423,18.230638148505854,15.31398361304738,18.209018973984534,16.820636126067395,17.519581558978267,16.439680910084444,13.578022108816704,3.258096538021482
Flynn,2023-11-01,21,11,2023,-0.5000000000000004,0.8660254037844384,34,38.0,48.0,95.0,48.294117647058826,44.5,31.396322320591416,60.333333333333336,60.0,41.25,34,28.0,36.5,422329,84494295.0,200.06747109480997,20.0,1255.9616969674062,5.0,80.0,250.0,485.0,4065.0,82692390.0,4474850.0,80923835.0,20188750.0,40612300.0,13793125.0,788605.0,12.953542277944193,18.252194587090393,5.303640528820734,3.044522437723423,18.230638148505854,15.31398361304738,18.209018973984534,16.820636126067395,17.519581558978267,16.439680910084444,13.578022108816704,3.091042453358316
Fox Hollow,2023-11-01,75,11,2023,-0.5000000000000004,0.8660254037844384,34,102.0,130.0,125.0,89.44117647058823,93.0,38.043190109735676,119.0,105.83333333333333,80.25,34,101.0,95.5,422329,84494295.0,200.06747109480997,20.0,1255.9616969674062,5.0,80.0,250.0,485.0,4065.0,82692390.0,4474850.0,80923835.0,20188750.0,40612300.0,13793125.0,788605.0,12.953542277944193,18.252194587090393,5.303640528820734,3.044522437723423,18.230638148505854,15.31398361304738,18.209018973984534,16.820636126067395,17.519581558978267,16.439680910084444,13.578022108816704,4.330733340286331
Frick Pond,2023-11-01,98,11,2023,-0.5000000000000004,0.8660254037844384,34,149.0,115.0,214.0,127.76470588235294,114.0,72.29236047636158,159.33333333333334,160.16666666666666,106.41666666666667,34,53.0,39.5,422329,84494295.0,200.06747109480997,20.0,1255.9616969674062,5.0,80.0,250.0,485.0,4065.0,82692390.0,4474850.0,80923835.0,20188750.0,40612300.0,13793125.0,788605.0,12.953542277944193,18.252194587090393,5.303640528820734,3.044522437723423,18.230638148505854,15.31398361304738,18.209018973984534,16.820636126067395,17.519581558978267,16.439680910084444,13.578022108816704,4.59511985013459
Giant Ledge,2023-11-01,369,11,2023,-0.5000000000000004,0.8660254037844384,34,927.0,509.0,660.0,600.3823529411765,558.5,288.4865434292395,698.6666666666666,651.5,493.5,34,367.0,434.0,422329,84494295.0,200.06747109480997,20.0,1255.9616969674062,5.0,80.0,250.0,485.0,4065.0,82692390.0,4474850.0,80923835.0,20188750.0,40612300.0,13793125.0,788605.0,12.953542277944193,18.252194587090393,5.303640528820734,3.044522437723423,18.230638148505854,15.31398361304738,18.209018973984534,16.820636126067395,17.519581558978267,16.439680910084444,13.578022108816704,5.91350300563827
Hardenburgh- MH Trail,2023-11-01,4,11,2023,-0.5000000000000004,0.8660254037844384,34,8.0,8.0,4.0,7.4411764705882355,7.0,5.377794841926739,6.666666666666667,7.833333333333333,5.416666666666667,34,5.0,6.5,422329,84494295.0,200.06747109480997,20.0,1255.9616969674062,5.0,80.0,250.0,485.0,4065.0,82692390.0,4474850.0,80923835.0,20188750.0,40612300.0,13793125.0,788605.0,12.953542277944193,18.252194587090393,5.303640528820734,3.044522437723423,18.230638148505854,15.31398361304738,18.209018973984534,16.820636126067395,17.519581558978267,16.439680910084444,13.578022108816704,1.6094379124341003
Kelly Hollow,2023-11-01,154,11,2023,-0.5000000000000004,0.8660254037844384,34,165.0,169.0,289.0,190.94117647058823,185.5,85.14406371822267,207.66666666666666,201.83333333333334,157.75,34,180.0,156.0,422329,84494295.0,200.06747109480997,20.0,1255.9616969674062,5.0,80.0,250.0,485.0,4065.0,82692390.0,4474850.0,80923835.0,20188750.0,40612300.0,13793125.0,788605.0,12.953542277944193,18.252194587090393,5.303640528820734,3.044522437723423,18.230638148505854,15.31398361304738,18.209018973984534,16.820636126067395,17.519581558978267,16.439680910084444,13.578022108816704,5.043425116919247
Lane Street,2023-11-01,57,11,2023,-0.5000000000000004,0.8660254037844384,34,28.0,54.0,78.0,49.45454545454545,51.0,22.563924344363986,53.333333333333336,55.0,42.083333333333336,33,61.0,54.5,422329,84494295.0,200.06747109480997,20.0,1255.9616969674062,5.0,80.0,250.0,485.0,4065.0,82692390.0,4474850.0,80923835.0,20188750.0,40612300.0,13793125.0,788605.0,12.953542277944193,18.252194587090393,5.303640528820734,3.044522437723423,18.230638148505854,15.31398361304738,18.209018973984534,16.820636126067395,17.519581558978267,16.439680910084444,13.578022108816704,4.060443010546419
McKenley Hollow,2023-11-01,102,11,2023,-0.5000000000000004,0.8660254037844384,34,119.0,119.0,116.0,97.20588235294117,89.5,33.460767992567156,118.0,115.66666666666667,98.5,34,77.0,78.5,422329,84494295.0,200.06747109480997,20.0,1255.9616969674062,5.0,80.0,250.0,485.0,4065.0,82692390.0,4474850.0,80923835.0,20188750.0,40612300.0,13793125.0,788605.0,12.953542277944193,18.252194587090393,5.303640528820734,3.044522437723423,18.230638148505854,15.31398361304738,18.209018973984534,16.820636126067395,17.519581558978267,16.439680910084444,13.578022108816704,4.634728988229636
Millbrook to BLM FT,2023-11-01,284,11,2023,-0.5000000000000004,0.8660254037844384,34,305.0,331.0,394.0,250.11764705882354,237.5,97.59618866933661,343.3333333333333,322.6666666666667,241.41666666666666,34,188.0,190.5,422329,84494295.0,200.06747109480997,20.0,1255.9616969674062,5.0,80.0,250.0,485.0,4065.0,82692390.0,4474850.0,80923835.0,20188750.0,40612300.0,13793125.0,788605.0,12.953542277944193,18.252194587090393,5.303640528820734,3.044522437723423,18.230638148505854,15.31398361304738,18.209018973984534,16.820636126067395,17.519581558978267,16.439680910084444,13.578022108816704,5.652489180268651
Mt Tremper,2023-11-01,269,11,2023,-0.5000000000000004,0.8660254037844384,34,367.0,214.0,334.0,269.62068965517244,262.0,123.06311208745798,305.0,292.8333333333333,273.25,29,365.0,279.5,422329,84494295.0,200.06747109480997,20.0,1255.9616969674062,5.0,80.0,250.0,485.0,4065.0,82692390.0,4474850.0,80923835.0,20188750.0,40612300.0,13793125.0,788605.0,12.953542277944193,18.252194587090393,5.303640528820734,3.044522437723423,18.230638148505854,15.31398361304738,18.209018973984534,16.820636126067395,17.519581558978267,16.439680910084444,13.578022108816704,5.598421958998375
Neversink Hardenburgh Trail,2023-11-01,12,11,2023,-0.5000000000000004,0.8660254037844384,34,17.0,18.0,38.0,14.441176470588236,12.5,12.198338626249138,24.333333333333332,20.833333333333332,13.0,34,12.0,11.0,422329,84494295.0,200.06747109480997,20.0,1255.9616969674062,5.0,80.0,250.0,485.0,4065.0,82692390.0,4474850.0,80923835.0,20188750.0,40612300.0,13793125.0,788605.0,12.953542277944193,18.252194587090393,5.303640528820734,3.044522437723423,18.230638148505854,15.31398361304738,18.209018973984534,16.820636126067395,17.519581558978267,16.439680910084444,13.578022108816704,2.5649493574615367
Onteora Lake,2023-11-01,246,11,2023,-0.5000000000000004,0.8660254037844384,34,418.0,311.0,284.0,273.3809523809524,240.0,138.70741731806422,337.6666666666667,421.3333333333333,350.0833333333333,21,169.0,169.0,422329,84494295.0,200.06747109480997,20.0,1255.9616969674062,5.0,80.0,250.0,485.0,4065.0,82692390.0,4474850.0,80923835.0,20188750.0,40612300.0,13793125.0,788605.0,12.953542277944193,18.252194587090393,5.303640528820734,3.044522437723423,18.230638148505854,15.31398361304738,18.209018973984534,16.820636126067395,17.519581558978267,16.439680910084444,13.578022108816704,5.5093883366279774
Overlook,2023-11-01,212,11,2023,-0.5000000000000004,0.8660254037844384,34,907.0,709.0,1227.0,705.6176470588235,751.5,316.7477741143844,947.6666666666666,960.5,716.25,34,552.0,625.0,422329,84494295.0,200.06747109480997,20.0,1255.9616969674062,5.0,80.0,250.0,485.0,4065.0,82692390.0,4474850.0,80923835.0,20188750.0,40612300.0,13793125.0,788605.0,12.953542277944193,18.252194587090393,5.303640528820734,3.044522437723423,18.230638148505854,15.31398361304738,18.209018973984534,16.820636126067395,17.519581558978267,16.439680910084444,13.578022108816704,5.3612921657094255
Red Hill Dinch Road,2023-11-01,123,11,2023,-0.5000000000000004,0.8660254037844384,34,158.0,172.0,238.0,182.875,188.0,92.40190962975714,189.33333333333334,206.66666666666666,155.16666666666666,32,99.0,107.0,422329,84494295.0,200.06747109480997,20.0,1255.9616969674062,5.0,80.0,250.0,485.0,4065.0,82692390.0,4474850.0,80923835.0,20188750.0,40612300.0,13793125.0,788605.0,12.953542277944193,18.252194587090393,5.303640528820734,3.044522437723423,18.230638148505854,15.31398361304738,18.209018973984534,16.820636126067395,17.519581558978267,16.439680910084444,13.578022108816704,4.820281565605037
Rider Hollow,2023-11-01,145,11,2023,-0.5000000000000004,0.8660254037844384,34,151.0,89.0,161.0,174.93103448275863,164.0,61.04795014370891,133.66666666666666,147.33333333333334,148.16666666666666,29,108.0,128.0,422329,84494295.0,200.06747109480997,20.0,1255.9616969674062,5.0,80.0,250.0,485.0,4065.0,82692390.0,4474850.0,80923835.0,20188750.0,40612300.0,13793125.0,788605.0,12.953542277944193,18.252194587090393,5.303640528820734,3.044522437723423,18.230638148505854,15.31398361304738,18.209018973984534,16.820636126067395,17.519581558978267,16.439680910084444,13.578022108816704,4.983606621708336
Rochester Hollow,2023-11-01,150,11,2023,-0.5000000000000004,0.8660254037844384,34,250.0,117.0,229.0,227.8235294117647,148.0,416.61278225551473,198.66666666666666,180.33333333333334,143.16666666666666,34,140.0,137.5,422329,84494295.0,200.06747109480997,20.0,1255.9616969674062,5.0,80.0,250.0,485.0,4065.0,82692390.0,4474850.0,80923835.0,20188750.0,40612300.0,13793125.0,788605.0,12.953542277944193,18.252194587090393,5.303640528820734,3.044522437723423,18.230638148505854,15.31398361304738,18.209018973984534,16.820636126067395,17.519581558978267,16.439680910084444,13.578022108816704,5.017279836814924
Seager,2023-11-01,38,11,2023,-0.5000000000000004,0.8660254037844384,34,41.0,36.0,122.0,58.411764705882355,48.0,37.86508557870103,66.33333333333333,71.83333333333333,48.25,34,19.0,34.5,422329,84494295.0,200.06747109480997,20.0,1255.9616969674062,5.0,80.0,250.0,485.0,4065.0,82692390.0,4474850.0,80923835.0,20188750.0,40612300.0,13793125.0,788605.0,12.953542277944193,18.252194587090393,5.303640528820734,3.044522437723423,18.230638148505854,15.31398361304738,18.209018973984534,16.820636126067395,17.519581558978267,16.439680910084444,13.578022108816704,3.6635616461296463
Upper Cherrytown Road,2023-11-01,1,11,2023,-0.5000000000000004,0.8660254037844384,34,16.0,2.0,197.0,152.3548387096774,121.0,138.97398998543977,71.66666666666667,137.16666666666666,113.58333333333333,31,86.0,78.0,422329,84494295.0,200.06747109480997,20.0,1255.9616969674062,5.0,80.0,250.0,485.0,4065.0,82692390.0,4474850.0,80923835.0,20188750.0,40612300.0,13793125.0,788605.0,12.953542277944193,18.252194587090393,5.303640528820734,3.044522437723423,18.230638148505854,15.31398361304738,18.209018973984534,16.820636126067395,17.519581558978267,16.439680910084444,13.578022108816704,0.6931471805599453
Wittenberg,2023-11-01,283,11,2023,-0.5000000000000004,0.8660254037844384,34,431.0,410.0,505.0,349.0882352941176,401.5,193.0828629853246,448.6666666666667,498.6666666666667,322.1666666666667,34,173.0,200.0,422329,84494295.0,200.06747109480997,20.0,1255.9616969674062,5.0,80.0,250.0,485.0,4065.0,82692390.0,4474850.0,80923835.0,20188750.0,40612300.0,13793125.0,788605.0,12.953542277944193,18.252194587090393,5.303640528820734,3.044522437723423,18.230638148505854,15.31398361304738,18.209018973984534,16.820636126067395,17.519581558978267,16.439680910084444,13.578022108816704,5.648974238161206
Woodchuck Hollow,2023-11-01,5,11,2023,-0.5000000000000004,0.8660254037844384,34,1.0,1.0,1.0,3.5,3.0,2.3730948037043142,1.0,2.0,2.1666666666666665,20,3.0,2.5,422329,84494295.0,200.06747109480997,20.0,1255.9616969674062,5.0,80.0,250.0,485.0,4065.0,82692390.0,4474850.0,80923835.0,20188750.0,40612300.0,13793125.0,788605.0,12.953542277944193,18.252194587090393,5.303640528820734,3.044522437723423,18.230638148505854,15.31398361304738,18.209018973984534,16.820636126067395,17.519581558978267,16.439680910084444,13.578022108816704,1.791759469228055
Woodland Valley,2023-11-01,47,11,2023,-0.5000000000000004,0.8660254037844384,34,113.0,139.0,153.0,100.08823529411765,110.5,66.92300761551738,135.0,136.33333333333334,85.83333333333333,34,50.0,47.0,422329,84494295.0,200.06747109480997,20.0,1255.9616969674062,5.0,80.0,250.0,485.0,4065.0,82692390.0,4474850.0,80923835.0,20188750.0,40612300.0,13793125.0,788605.0,12.953542277944193,18.252194587090393,5.303640528820734,3.044522437723423,18.230638148505854,15.31398361304738,18.209018973984534,16.820636126067395,17.519581558978267,16.439680910084444,13.578022108816704,3.871201010907891
Alder Lake,2023-12-01,45,12,2023,-2.4492935982947064e-16,1.0,35,70.0,147.0,208.0,162.71428571428572,170.0,106.51472459064921,141.66666666666666,208.16666666666666,145.0,35,51.0,56.5,417521,46488620.0,111.34438746793575,15.0,794.70712300949,5.0,65.0,195.0,350.0,1190.0,44779310.0,2712985.0,44661040.0,13757070.0,14388250.0,8964510.0,720665.0,12.942092516495514,17.654718130933865,4.721569041601893,2.772588722239781,17.617256782683327,14.813560431288646,17.614612113553797,16.437063504438754,16.48192252873862,16.008784118079166,13.487931063443373,3.828641396489095
Ashokan HP,2023-12-01,57,12,2023,-2.4492935982947064e-16,1.0,35,102.0,132.0,105.0,134.5142857142857,128.0,53.41809091473402,113.0,130.0,114.0,35,49.0,84.0,417521,46488620.0,111.34438746793575,15.0,794.70712300949,5.0,65.0,195.0,350.0,1190.0,44779310.0,2712985.0,44661040.0,13757070.0,14388250.0,8964510.0,720665.0,12.942092516495514,17.654718130933865,4.721569041601893,2.772588722239781,17.617256782683327,14.813560431288646,17.614612113553797,16.437063504438754,16.48192252873862,16.008784118079166,13.487931063443373,4.060443010546419
Beaverkill Road to BLM FT,2023-12-01,84,12,2023,-2.4492935982947064e-16,1.0,35,135.0,248.0,127.0,160.94285714285715,146.0,82.95354577293561,170.0,206.66666666666666,147.25,35,63.0,75.5,417521,46488620.0,111.34438746793575,15.0,794.70712300949,5.0,65.0,195.0,350.0,1190.0,44779310.0,2712985.0,44661040.0,13757070.0,14388250.0,8964510.0,720665.0,12.942092516495514,17.654718130933865,4.721569041601893,2.772588722239781,17.617256782683327,14.813560431288646,17.614612113553797,16.437063504438754,16.48192252873862,16.008784118079166,13.487931063443373,4.442651256490317
Cathedral Glen,2023-12-01,4,12,2023,-2.4492935982947064e-16,1.0,35,11.0,7.0,9.0,9.555555555555555,9.0,7.078316473750245,9.0,8.833333333333334,8.666666666666666,27,0.0,2.0,417521,46488620.0,111.34438746793575,15.0,794.70712300949,5.0,65.0,195.0,350.0,1190.0,44779310.0,2712985.0,44661040.0,13757070.0,14388250.0,8964510.0,720665.0,12.942092516495514,17.654718130933865,4.721569041601893,2.772588722239781,17.617256782683327,14.813560431288646,17.614612113553797,16.437063504438754,16.48192252873862,16.008784118079166,13.487931063443373,1.6094379124341003
Denning,2023-12-01,76,12,2023,-2.4492935982947064e-16,1.0,35,175.0,197.0,243.0,220.97142857142856,224.0,106.01262014615098,205.0,248.16666666666666,193.08333333333334,35,72.0,116.0,417521,46488620.0,111.34438746793575,15.0,794.70712300949,5.0,65.0,195.0,350.0,1190.0,44779310.0,2712985.0,44661040.0,13757070.0,14388250.0,8964510.0,720665.0,12.942092516495514,17.654718130933865,4.721569041601893,2.772588722239781,17.617256782683327,14.813560431288646,17.614612113553797,16.437063504438754,16.48192252873862,16.008784118079166,13.487931063443373,4.343805421853684
Dry Brook Ridge to Lean-to,2023-12-01,12,12,2023,-2.4492935982947064e-16,1.0,35,25.0,10.0,22.0,24.714285714285715,22.0,13.718968038216776,19.0,25.0,18.583333333333332,35,0.0,11.0,417521,46488620.0,111.34438746793575,15.0,794.70712300949,5.0,65.0,195.0,350.0,1190.0,44779310.0,2712985.0,44661040.0,13757070.0,14388250.0,8964510.0,720665.0,12.942092516495514,17.654718130933865,4.721569041601893,2.772588722239781,17.617256782683327,14.813560431288646,17.614612113553797,16.437063504438754,16.48192252873862,16.008784118079166,13.487931063443373,2.5649493574615367
Flynn,2023-12-01,8,12,2023,-2.4492935982947064e-16,1.0,35,21.0,38.0,48.0,47.51428571428571,44.0,31.27334086309769,35.666666666666664,53.166666666666664,40.666666666666664,35,13.0,6.5,417521,46488620.0,111.34438746793575,15.0,794.70712300949,5.0,65.0,195.0,350.0,1190.0,44779310.0,2712985.0,44661040.0,13757070.0,14388250.0,8964510.0,720665.0,12.942092516495514,17.654718130933865,4.721569041601893,2.772588722239781,17.617256782683327,14.813560431288646,17.614612113553797,16.437063504438754,16.48192252873862,16.008784118079166,13.487931063443373,2.1972245773362196
Fox Hollow,2023-12-01,59,12,2023,-2.4492935982947064e-16,1.0,35,75.0,102.0,130.0,89.02857142857142,93.0,37.55896204971725,102.33333333333333,101.33333333333333,78.08333333333333,35,20.0,39.0,417521,46488620.0,111.34438746793575,15.0,794.70712300949,5.0,65.0,195.0,350.0,1190.0,44779310.0,2712985.0,44661040.0,13757070.0,14388250.0,8964510.0,720665.0,12.942092516495514,17.654718130933865,4.721569041601893,2.772588722239781,17.617256782683327,14.813560431288646,17.614612113553797,16.437063504438754,16.48192252873862,16.008784118079166,13.487931063443373,4.0943445622221
Frick Pond,2023-12-01,59,12,2023,-2.4492935982947064e-16,1.0,35,98.0,149.0,115.0,126.91428571428571,113.0,71.39878538618039,120.66666666666667,157.66666666666666,110.16666666666667,35,39.0,59.0,417521,46488620.0,111.34438746793575,15.0,794.70712300949,5.0,65.0,195.0,350.0,1190.0,44779310.0,2712985.0,44661040.0,13757070.0,14388250.0,8964510.0,720665.0,12.942092516495514,17.654718130933865,4.721569041601893,2.772588722239781,17.617256782683327,14.813560431288646,17.614612113553797,16.437063504438754,16.48192252873862,16.008784118079166,13.487931063443373,4.0943445622221
Giant Ledge,2023-12-01,276,12,2023,-2.4492935982947064e-16,1.0,35,369.0,927.0,509.0,593.7714285714286,548.0,286.8908468097114,601.6666666666666,610.3333333333334,493.6666666666667,35,238.0,306.5,417521,46488620.0,111.34438746793575,15.0,794.70712300949,5.0,65.0,195.0,350.0,1190.0,44779310.0,2712985.0,44661040.0,13757070.0,14388250.0,8964510.0,720665.0,12.942092516495514,17.654718130933865,4.721569041601893,2.772588722239781,17.617256782683327,14.813560431288646,17.614612113553797,16.437063504438754,16.48192252873862,16.008784118079166,13.487931063443373,5.6240175061873385
Hardenburgh- MH Trail,2023-12-01,0,12,2023,-2.4492935982947064e-16,1.0,35,4.0,8.0,8.0,7.3428571428571425,7.0,5.329953410804314,6.666666666666667,6.5,5.333333333333333,35,5.0,7.5,417521,46488620.0,111.34438746793575,15.0,794.70712300949,5.0,65.0,195.0,350.0,1190.0,44779310.0,2712985.0,44661040.0,13757070.0,14388250.0,8964510.0,720665.0,12.942092516495514,17.654718130933865,4.721569041601893,2.772588722239781,17.617256782683327,14.813560431288646,17.614612113553797,16.437063504438754,16.48192252873862,16.008784118079166,13.487931063443373,0.0
Kelly Hollow,2023-12-01,112,12,2023,-2.4492935982947064e-16,1.0,35,154.0,165.0,169.0,189.88571428571427,180.0,84.11468761321595,162.66666666666666,201.16666666666666,155.58333333333334,35,90.0,110.0,417521,46488620.0,111.34438746793575,15.0,794.70712300949,5.0,65.0,195.0,350.0,1190.0,44779310.0,2712985.0,44661040.0,13757070.0,14388250.0,8964510.0,720665.0,12.942092516495514,17.654718130933865,4.721569041601893,2.772588722239781,17.617256782683327,14.813560431288646,17.614612113553797,16.437063504438754,16.48192252873862,16.008784118079166,13.487931063443373,4.727387818712341
Lane Street,2023-12-01,24,12,2023,-2.4492935982947064e-16,1.0,35,57.0,28.0,54.0,49.6764705882353,51.0,22.257066413784038,46.333333333333336,54.0,41.75,34,11.0,21.0,417521,46488620.0,111.34438746793575,15.0,794.70712300949,5.0,65.0,195.0,350.0,1190.0,44779310.0,2712985.0,44661040.0,13757070.0,14388250.0,8964510.0,720665.0,12.942092516495514,17.654718130933865,4.721569041601893,2.772588722239781,17.617256782683327,14.813560431288646,17.614612113553797,16.437063504438754,16.48192252873862,16.008784118079166,13.487931063443373,3.2188758248682006
McKenley Hollow,2023-12-01,97,12,2023,-2.4492935982947064e-16,1.0,35,102.0,119.0,119.0,97.34285714285714,91.0,32.974984152110416,113.33333333333333,108.33333333333333,100.58333333333333,35,60.0,62.5,417521,46488620.0,111.34438746793575,15.0,794.70712300949,5.0,65.0,195.0,350.0,1190.0,44779310.0,2712985.0,44661040.0,13757070.0,14388250.0,8964510.0,720665.0,12.942092516495514,17.654718130933865,4.721569041601893,2.772588722239781,17.617256782683327,14.813560431288646,17.614612113553797,16.437063504438754,16.48192252873862,16.008784118079166,13.487931063443373,4.584967478670572
Millbrook to BLM FT,2023-12-01,177,12,2023,-2.4492935982947064e-16,1.0,35,284.0,305.0,331.0,251.0857142857143,248.0,96.32065670230361,306.6666666666667,324.5,249.41666666666666,35,122.0,140.0,417521,46488620.0,111.34438746793575,15.0,794.70712300949,5.0,65.0,195.0,350.0,1190.0,44779310.0,2712985.0,44661040.0,13757070.0,14388250.0,8964510.0,720665.0,12.942092516495514,17.654718130933865,4.721569041601893,2.772588722239781,17.617256782683327,14.813560431288646,17.614612113553797,16.437063504438754,16.48192252873862,16.008784118079166,13.487931063443373,5.181783550292085
Mt Tremper,2023-12-01,176,12,2023,-2.4492935982947064e-16,1.0,35,269.0,367.0,214.0,269.6,265.5,120.92277387398666,283.3333333333333,288.1666666666667,251.83333333333334,30,124.0,124.0,417521,46488620.0,111.34438746793575,15.0,794.70712300949,5.0,65.0,195.0,350.0,1190.0,44779310.0,2712985.0,44661040.0,13757070.0,14388250.0,8964510.0,720665.0,12.942092516495514,17.654718130933865,4.721569041601893,2.772588722239781,17.617256782683327,14.813560431288646,17.614612113553797,16.437063504438754,16.48192252873862,16.008784118079166,13.487931063443373,5.176149732573829
Neversink Hardenburgh Trail,2023-12-01,10,12,2023,-2.4492935982947064e-16,1.0,35,12.0,17.0,18.0,14.371428571428572,12.0,12.024694478901505,15.666666666666666,18.5,13.0,35,5.0,5.5,417521,46488620.0,111.34438746793575,15.0,794.70712300949,5.0,65.0,195.0,350.0,1190.0,44779310.0,2712985.0,44661040.0,13757070.0,14388250.0,8964510.0,720665.0,12.942092516495514,17.654718130933865,4.721569041601893,2.772588722239781,17.617256782683327,14.813560431288646,17.614612113553797,16.437063504438754,16.48192252873862,16.008784118079166,13.487931063443373,2.3978952727983707
Onteora Lake,2023-12-01,216,12,2023,-2.4492935982947064e-16,1.0,35,246.0,418.0,311.0,272.1363636363636,243.0,135.490395180423,325.0,376.5,356.5,22,127.0,127.0,417521,46488620.0,111.34438746793575,15.0,794.70712300949,5.0,65.0,195.0,350.0,1190.0,44779310.0,2712985.0,44661040.0,13757070.0,14388250.0,8964510.0,720665.0,12.942092516495514,17.654718130933865,4.721569041601893,2.772588722239781,17.617256782683327,14.813560431288646,17.614612113553797,16.437063504438754,16.48192252873862,16.008784118079166,13.487931063443373,5.37989735354046
Overlook,2023-12-01,200,12,2023,-2.4492935982947064e-16,1.0,35,212.0,907.0,709.0,691.5142857142857,727.0,323.0169701814598,609.3333333333334,821.3333333333334,687.9166666666666,35,302.0,313.5,417521,46488620.0,111.34438746793575,15.0,794.70712300949,5.0,65.0,195.0,350.0,1190.0,44779310.0,2712985.0,44661040.0,13757070.0,14388250.0,8964510.0,720665.0,12.942092516495514,17.654718130933865,4.721569041601893,2.772588722239781,17.617256782683327,14.813560431288646,17.614612113553797,16.437063504438754,16.48192252873862,16.008784118079166,13.487931063443373,5.303304908059076
Red Hill Dinch Road,2023-12-01,97,12,2023,-2.4492935982947064e-16,1.0,35,123.0,158.0,172.0,181.06060606060606,186.0,91.5419778687418,151.0,196.16666666666666,157.16666666666666,33,97.0,68.5,417521,46488620.0,111.34438746793575,15.0,794.70712300949,5.0,65.0,195.0,350.0,1190.0,44779310.0,2712985.0,44661040.0,13757070.0,14388250.0,8964510.0,720665.0,12.942092516495514,17.654718130933865,4.721569041601893,2.772588722239781,17.617256782683327,14.813560431288646,17.614612113553797,16.437063504438754,16.48192252873862,16.008784118079166,13.487931063443373,4.584967478670572
Rider Hollow,2023-12-01,128,12,2023,-2.4492935982947064e-16,1.0,35,145.0,151.0,89.0,173.93333333333334,162.5,60.23456066786389,128.33333333333334,134.16666666666666,151.25,30,136.0,168.0,417521,46488620.0,111.34438746793575,15.0,794.70712300949,5.0,65.0,195.0,350.0,1190.0,44779310.0,2712985.0,44661040.0,13757070.0,14388250.0,8964510.0,720665.0,12.942092516495514,17.654718130933865,4.721569041601893,2.772588722239781,17.617256782683327,14.813560431288646,17.614612113553797,16.437063504438754,16.48192252873862,16.008784118079166,13.487931063443373,4.859812404361672
Rochester Hollow,2023-12-01,125,12,2023,-2.4492935982947064e-16,1.0,35,150.0,250.0,117.0,225.6,148.0,410.6511472112094,172.33333333333334,186.5,144.0,35,76.0,93.0,417521,46488620.0,111.34438746793575,15.0,794.70712300949,5.0,65.0,195.0,350.0,1190.0,44779310.0,2712985.0,44661040.0,13757070.0,14388250.0,8964510.0,720665.0,12.942092516495514,17.654718130933865,4.721569041601893,2.772588722239781,17.617256782683327,14.813560431288646,17.614612113553797,16.437063504438754,16.48192252873862,16.008784118079166,13.487931063443373,4.836281906951478
Seager,2023-12-01,22,12,2023,-2.4492935982947064e-16,1.0,35,38.0,41.0,36.0,57.82857142857143,48.0,37.46330417440332,38.333333333333336,66.5,49.833333333333336,35,16.0,32.0,417521,46488620.0,111.34438746793575,15.0,794.70712300949,5.0,65.0,195.0,350.0,1190.0,44779310.0,2712985.0,44661040.0,13757070.0,14388250.0,8964510.0,720665.0,12.942092516495514,17.654718130933865,4.721569041601893,2.772588722239781,17.617256782683327,14.813560431288646,17.614612113553797,16.437063504438754,16.48192252873862,16.008784118079166,13.487931063443373,3.1354942159291497
Upper Cherrytown Road,2023-12-01,7,12,2023,-2.4492935982947064e-16,1.0,35,1.0,16.0,2.0,147.625,118.0,139.30767757829452,6.333333333333333,114.66666666666667,106.5,32,68.0,59.5,417521,46488620.0,111.34438746793575,15.0,794.70712300949,5.0,65.0,195.0,350.0,1190.0,44779310.0,2712985.0,44661040.0,13757070.0,14388250.0,8964510.0,720665.0,12.942092516495514,17.654718130933865,4.721569041601893,2.772588722239781,17.617256782683327,14.813560431288646,17.614612113553797,16.437063504438754,16.48192252873862,16.008784118079166,13.487931063443373,2.0794415416798357
Wittenberg,2023-12-01,105,12,2023,-2.4492935982947064e-16,1.0,35,283.0,431.0,410.0,347.2,393.0,190.54994713444864,374.6666666666667,447.1666666666667,331.3333333333333,35,98.0,107.0,417521,46488620.0,111.34438746793575,15.0,794.70712300949,5.0,65.0,195.0,350.0,1190.0,44779310.0,2712985.0,44661040.0,13757070.0,14388250.0,8964510.0,720665.0,12.942092516495514,17.654718130933865,4.721569041601893,2.772588722239781,17.617256782683327,14.813560431288646,17.614612113553797,16.437063504438754,16.48192252873862,16.008784118079166,13.487931063443373,4.663439094112067
Woodland Valley,2023-12-01,25,12,2023,-2.4492935982947064e-16,1.0,35,47.0,113.0,139.0,98.57142857142857,108.0,66.5393672569704,99.66666666666667,126.16666666666667,85.58333333333333,35,30.0,40.5,417521,46488620.0,111.34438746793575,15.0,794.70712300949,5.0,65.0,195.0,350.0,1190.0,44779310.0,2712985.0,44661040.0,13757070.0,14388250.0,8964510.0,720665.0,12.942092516495514,17.654718130933865,4.721569041601893,2.772588722239781,17.617256782683327,14.813560431288646,17.614612113553797,16.437063504438754,16.48192252873862,16.008784118079166,13.487931063443373,3.258096538021482
Alder Lake,2024-01-01,33,1,2024,0.49999999999999994,0.8660254037844387,36,45.0,70.0,147.0,159.44444444444446,158.5,106.79953034793593,87.33333333333333,176.66666666666666,144.5,36,40.0,50.666666666666664,410259,54771880.0,133.50561474580692,20.0,1006.6842672740519,5.0,75.0,230.0,405.0,1435.0,52420395.0,2889565.0,52772430.0,16214850.0,15773730.0,12784675.0,1042380.0,12.924546384036129,17.818687499788943,4.901605943492567,3.044522437723423,17.774806310199562,14.876616875801139,17.781499472162338,16.601438108658826,16.573856519415685,16.36375782418842,13.857018077458582,3.5263605246161616
Ashokan HP,2024-01-01,59,1,2024,0.49999999999999994,0.8660254037844387,36,57.0,102.0,132.0,132.36111111111111,124.0,54.21130761211975,97.0,120.83333333333333,114.66666666666667,36,84.0,81.0,410259,54771880.0,133.50561474580692,20.0,1006.6842672740519,5.0,75.0,230.0,405.0,1435.0,52420395.0,2889565.0,52772430.0,16214850.0,15773730.0,12784675.0,1042380.0,12.924546384036129,17.818687499788943,4.901605943492567,3.044522437723423,17.774806310199562,14.876616875801139,17.781499472162338,16.601438108658826,16.573856519415685,16.36375782418842,13.857018077458582,4.0943445622221
Beaverkill Road to BLM FT,2024-01-01,33,1,2024,0.49999999999999994,0.8660254037844387,36,84.0,135.0,248.0,158.80555555555554,140.5,82.75948610088479,155.66666666666666,181.0,149.0,36,59.0,81.33333333333333,410259,54771880.0,133.50561474580692,20.0,1006.6842672740519,5.0,75.0,230.0,405.0,1435.0,52420395.0,2889565.0,52772430.0,16214850.0,15773730.0,12784675.0,1042380.0,12.924546384036129,17.818687499788943,4.901605943492567,3.044522437723423,17.774806310199562,14.876616875801139,17.781499472162338,16.601438108658826,16.573856519415685,16.36375782418842,13.857018077458582,3.5263605246161616
Cathedral Glen,2024-01-01,6,1,2024,0.49999999999999994,0.8660254037844387,36,4.0,11.0,7.0,9.357142857142858,9.0,7.024899027687612,7.333333333333333,9.0,9.0,28,11.0,10.0,410259,54771880.0,133.50561474580692,20.0,1006.6842672740519,5.0,75.0,230.0,405.0,1435.0,52420395.0,2889565.0,52772430.0,16214850.0,15773730.0,12784675.0,1042380.0,12.924546384036129,17.818687499788943,4.901605943492567,3.044522437723423,17.774806310199562,14.876616875801139,17.781499472162338,16.601438108658826,16.573856519415685,16.36375782418842,13.857018077458582,1.9459101490553132
Denning,2024-01-01,59,1,2024,0.49999999999999994,0.8660254037844387,36,76.0,175.0,197.0,216.94444444444446,217.0,107.2444322749123,149.33333333333334,215.5,193.41666666666666,36,88.0,94.33333333333333,410259,54771880.0,133.50561474580692,20.0,1006.6842672740519,5.0,75.0,230.0,405.0,1435.0,52420395.0,2889565.0,52772430.0,16214850.0,15773730.0,12784675.0,1042380.0,12.924546384036129,17.818687499788943,4.901605943492567,3.044522437723423,17.774806310199562,14.876616875801139,17.781499472162338,16.601438108658826,16.573856519415685,16.36375782418842,13.857018077458582,4.0943445622221
Dry Brook Ridge to Lean-to,2024-01-01,11,1,2024,0.49999999999999994,0.8660254037844387,36,12.0,25.0,10.0,24.36111111111111,22.0,13.686599865306793,15.666666666666666,18.833333333333332,19.583333333333332,36,15.0,13.666666666666666,410259,54771880.0,133.50561474580692,20.0,1006.6842672740519,5.0,75.0,230.0,405.0,1435.0,52420395.0,2889565.0,52772430.0,16214850.0,15773730.0,12784675.0,1042380.0,12.924546384036129,17.818687499788943,4.901605943492567,3.044522437723423,17.774806310199562,14.876616875801139,17.781499472162338,16.601438108658826,16.573856519415685,16.36375782418842,13.857018077458582,2.4849066497880004
Flynn,2024-01-01,12,1,2024,0.49999999999999994,0.8660254037844387,36,8.0,21.0,38.0,46.416666666666664,43.5,31.519041863610006,22.333333333333332,48.666666666666664,40.25,36,34.0,28.333333333333332,410259,54771880.0,133.50561474580692,20.0,1006.6842672740519,5.0,75.0,230.0,405.0,1435.0,52420395.0,2889565.0,52772430.0,16214850.0,15773730.0,12784675.0,1042380.0,12.924546384036129,17.818687499788943,4.901605943492567,3.044522437723423,17.774806310199562,14.876616875801139,17.781499472162338,16.601438108658826,16.573856519415685,16.36375782418842,13.857018077458582,2.5649493574615367
Fox Hollow,2024-01-01,20,1,2024,0.49999999999999994,0.8660254037844387,36,59.0,75.0,102.0,88.19444444444444,91.5,37.35529753553375,78.66666666666667,96.5,81.33333333333333,36,44.0,64.0,410259,54771880.0,133.50561474580692,20.0,1006.6842672740519,5.0,75.0,230.0,405.0,1435.0,52420395.0,2889565.0,52772430.0,16214850.0,15773730.0,12784675.0,1042380.0,12.924546384036129,17.818687499788943,4.901605943492567,3.044522437723423,17.774806310199562,14.876616875801139,17.781499472162338,16.601438108658826,16.573856519415685,16.36375782418842,13.857018077458582,3.044522437723423
Frick Pond,2024-01-01,53,1,2024,0.49999999999999994,0.8660254037844387,36,59.0,98.0,149.0,125.02777777777777,112.0,71.27591703518341,102.0,139.83333333333334,111.83333333333333,36,61.0,71.33333333333333,410259,54771880.0,133.50561474580692,20.0,1006.6842672740519,5.0,75.0,230.0,405.0,1435.0,52420395.0,2889565.0,52772430.0,16214850.0,15773730.0,12784675.0,1042380.0,12.924546384036129,17.818687499788943,4.901605943492567,3.044522437723423,17.774806310199562,14.876616875801139,17.781499472162338,16.601438108658826,16.573856519415685,16.36375782418842,13.857018077458582,3.9889840465642745
Giant Ledge,2024-01-01,253,1,2024,0.49999999999999994,0.8660254037844387,36,276.0,369.0,927.0,584.9444444444445,540.0,287.6798760968711,524.0,575.5,496.8333333333333,36,503.0,445.0,410259,54771880.0,133.50561474580692,20.0,1006.6842672740519,5.0,75.0,230.0,405.0,1435.0,52420395.0,2889565.0,52772430.0,16214850.0,15773730.0,12784675.0,1042380.0,12.924546384036129,17.818687499788943,4.901605943492567,3.044522437723423,17.774806310199562,14.876616875801139,17.781499472162338,16.601438108658826,16.573856519415685,16.36375782418842,13.857018077458582,5.537334267018537
Hardenburgh- MH Trail,2024-01-01,2,1,2024,0.49999999999999994,0.8660254037844387,36,0.0,4.0,8.0,7.138888888888889,6.5,5.3939266257935365,4.0,5.666666666666667,4.916666666666667,36,4.0,5.0,410259,54771880.0,133.50561474580692,20.0,1006.6842672740519,5.0,75.0,230.0,405.0,1435.0,52420395.0,2889565.0,52772430.0,16214850.0,15773730.0,12784675.0,1042380.0,12.924546384036129,17.818687499788943,4.901605943492567,3.044522437723423,17.774806310199562,14.876616875801139,17.781499472162338,16.601438108658826,16.573856519415685,16.36375782418842,13.857018077458582,1.0986122886681098
Kelly Hollow,2024-01-01,44,1,2024,0.49999999999999994,0.8660254037844387,36,112.0,154.0,165.0,187.72222222222223,174.5,83.91445001091837,143.66666666666666,194.66666666666666,157.41666666666666,36,85.0,88.33333333333333,410259,54771880.0,133.50561474580692,20.0,1006.6842672740519,5.0,75.0,230.0,405.0,1435.0,52420395.0,2889565.0,52772430.0,16214850.0,15773730.0,12784675.0,1042380.0,12.924546384036129,17.818687499788943,4.901605943492567,3.044522437723423,17.774806310199562,14.876616875801139,17.781499472162338,16.601438108658826,16.573856519415685,16.36375782418842,13.857018077458582,3.8066624897703196
Lane Street,2024-01-01,13,1,2024,0.49999999999999994,0.8660254037844387,36,24.0,57.0,28.0,48.94285714285714,51.0,22.352711188555887,36.333333333333336,49.5,42.833333333333336,35,31.0,42.0,410259,54771880.0,133.50561474580692,20.0,1006.6842672740519,5.0,75.0,230.0,405.0,1435.0,52420395.0,2889565.0,52772430.0,16214850.0,15773730.0,12784675.0,1042380.0,12.924546384036129,17.818687499788943,4.901605943492567,3.044522437723423,17.774806310199562,14.876616875801139,17.781499472162338,16.601438108658826,16.573856519415685,16.36375782418842,13.857018077458582,2.6390573296152584
McKenley Hollow,2024-01-01,20,1,2024,0.49999999999999994,0.8660254037844387,36,97.0,102.0,119.0,97.33333333333333,91.0,32.50054944590498,106.0,109.33333333333333,103.66666666666667,36,91.0,124.33333333333333,410259,54771880.0,133.50561474580692,20.0,1006.6842672740519,5.0,75.0,230.0,405.0,1435.0,52420395.0,2889565.0,52772430.0,16214850.0,15773730.0,12784675.0,1042380.0,12.924546384036129,17.818687499788943,4.901605943492567,3.044522437723423,17.774806310199562,14.876616875801139,17.781499472162338,16.601438108658826,16.573856519415685,16.36375782418842,13.857018077458582,3.044522437723423
Millbrook to BLM FT,2024-01-01,122,1,2024,0.49999999999999994,0.8660254037844387,36,177.0,284.0,305.0,249.02777777777777,237.5,95.73430079760519,255.33333333333334,310.6666666666667,254.0,36,221.0,179.33333333333334,410259,54771880.0,133.50561474580692,20.0,1006.6842672740519,5.0,75.0,230.0,405.0,1435.0,52420395.0,2889565.0,52772430.0,16214850.0,15773730.0,12784675.0,1042380.0,12.924546384036129,17.818687499788943,4.901605943492567,3.044522437723423,17.774806310199562,14.876616875801139,17.781499472162338,16.601438108658826,16.573856519415685,16.36375782418842,13.857018077458582,4.812184355372417
Mt Tremper,2024-01-01,107,1,2024,0.49999999999999994,0.8660254037844387,36,176.0,269.0,367.0,266.5806451612903,262.0,120.07297064522845,270.6666666666667,269.5,236.08333333333334,31,67.0,105.0,410259,54771880.0,133.50561474580692,20.0,1006.6842672740519,5.0,75.0,230.0,405.0,1435.0,52420395.0,2889565.0,52772430.0,16214850.0,15773730.0,12784675.0,1042380.0,12.924546384036129,17.818687499788943,4.901605943492567,3.044522437723423,17.774806310199562,14.876616875801139,17.781499472162338,16.601438108658826,16.573856519415685,16.36375782418842,13.857018077458582,4.68213122712422
Neversink Hardenburgh Trail,2024-01-01,0,1,2024,0.49999999999999994,0.8660254037844387,36,10.0,12.0,17.0,14.25,12.0,11.874041314685456,13.0,18.333333333333332,13.416666666666666,36,0.0,2.6666666666666665,410259,54771880.0,133.50561474580692,20.0,1006.6842672740519,5.0,75.0,230.0,405.0,1435.0,52420395.0,2889565.0,52772430.0,16214850.0,15773730.0,12784675.0,1042380.0,12.924546384036129,17.818687499788943,4.901605943492567,3.044522437723423,17.774806310199562,14.876616875801139,17.781499472162338,16.601438108658826,16.573856519415685,16.36375782418842,13.857018077458582,0.0
Overlook,2024-01-01,266,1,2024,0.49999999999999994,0.8660254037844387,36,200.0,212.0,907.0,677.8611111111111,718.0,328.7393368419751,439.6666666666667,707.1666666666666,679.4166666666666,36,488.0,310.3333333333333,410259,54771880.0,133.50561474580692,20.0,1006.6842672740519,5.0,75.0,230.0,405.0,1435.0,52420395.0,2889565.0,52772430.0,16214850.0,15773730.0,12784675.0,1042380.0,12.924546384036129,17.818687499788943,4.901605943492567,3.044522437723423,17.774806310199562,14.876616875801139,17.781499472162338,16.601438108658826,16.573856519415685,16.36375782418842,13.857018077458582,5.58724865840025
Red Hill Dinch Road,2024-01-01,79,1,2024,0.49999999999999994,0.8660254037844387,36,97.0,123.0,158.0,178.58823529411765,179.0,91.28978755558016,126.0,179.83333333333334,157.16666666666666,34,112.0,100.5,410259,54771880.0,133.50561474580692,20.0,1006.6842672740519,5.0,75.0,230.0,405.0,1435.0,52420395.0,2889565.0,52772430.0,16214850.0,15773730.0,12784675.0,1042380.0,12.924546384036129,17.818687499788943,4.901605943492567,3.044522437723423,17.774806310199562,14.876616875801139,17.781499472162338,16.601438108658826,16.573856519415685,16.36375782418842,13.857018077458582,4.382026634673881
Rider Hollow,2024-01-01,118,1,2024,0.49999999999999994,0.8660254037844387,36,128.0,145.0,151.0,172.4516129032258,161.0,59.79400120952905,141.33333333333334,142.66666666666666,150.58333333333334,31,228.0,254.66666666666666,410259,54771880.0,133.50561474580692,20.0,1006.6842672740519,5.0,75.0,230.0,405.0,1435.0,52420395.0,2889565.0,52772430.0,16214850.0,15773730.0,12784675.0,1042380.0,12.924546384036129,17.818687499788943,4.901605943492567,3.044522437723423,17.774806310199562,14.876616875801139,17.781499472162338,16.601438108658826,16.573856519415685,16.36375782418842,13.857018077458582,4.77912349311153
Rochester Hollow,2024-01-01,51,1,2024,0.49999999999999994,0.8660254037844387,36,125.0,150.0,250.0,222.80555555555554,148.0,405.08932485454505,175.0,185.5,148.08333333333334,36,99.0,95.33333333333333,410259,54771880.0,133.50561474580692,20.0,1006.6842672740519,5.0,75.0,230.0,405.0,1435.0,52420395.0,2889565.0,52772430.0,16214850.0,15773730.0,12784675.0,1042380.0,12.924546384036129,17.818687499788943,4.901605943492567,3.044522437723423,17.774806310199562,14.876616875801139,17.781499472162338,16.601438108658826,16.573856519415685,16.36375782418842,13.857018077458582,3.9512437185814275
Seager,2024-01-01,24,1,2024,0.49999999999999994,0.8660254037844387,36,22.0,38.0,41.0,56.833333333333336,47.0,37.40397228714007,33.666666666666664,60.0,50.333333333333336,36,15.0,14.333333333333334,410259,54771880.0,133.50561474580692,20.0,1006.6842672740519,5.0,75.0,230.0,405.0,1435.0,52420395.0,2889565.0,52772430.0,16214850.0,15773730.0,12784675.0,1042380.0,12.924546384036129,17.818687499788943,4.901605943492567,3.044522437723423,17.774806310199562,14.876616875801139,17.781499472162338,16.601438108658826,16.573856519415685,16.36375782418842,13.857018077458582,3.2188758248682006
Wittenberg,2024-01-01,57,1,2024,0.49999999999999994,0.8660254037844387,36,105.0,283.0,431.0,340.47222222222223,339.5,192.09722034296087,273.0,386.5,331.9166666666667,36,216.0,170.0,410259,54771880.0,133.50561474580692,20.0,1006.6842672740519,5.0,75.0,230.0,405.0,1435.0,52420395.0,2889565.0,52772430.0,16214850.0,15773730.0,12784675.0,1042380.0,12.924546384036129,17.818687499788943,4.901605943492567,3.044522437723423,17.774806310199562,14.876616875801139,17.781499472162338,16.601438108658826,16.573856519415685,16.36375782418842,13.857018077458582,4.060443010546419
Woodland Valley,2024-01-01,13,1,2024,0.49999999999999994,0.8660254037844387,36,25.0,47.0,113.0,96.52777777777777,96.5,66.7183787534744,61.666666666666664,110.5,85.16666666666667,36,18.0,18.666666666666668,410259,54771880.0,133.50561474580692,20.0,1006.6842672740519,5.0,75.0,230.0,405.0,1435.0,52420395.0,2889565.0,52772430.0,16214850.0,15773730.0,12784675.0,1042380.0,12.924546384036129,17.818687499788943,4.901605943492567,3.044522437723423,17.774806310199562,14.876616875801139,17.781499472162338,16.601438108658826,16.573856519415685,16.36375782418842,13.857018077458582,2.6390573296152584
Alder Lake,2024-02-01,55,2,2024,0.8660254037844386,0.5000000000000001,37,33.0,45.0,70.0,156.02702702702703,147.0,107.33785872615458,49.333333333333336,130.5,143.91666666666666,37,45.0,37.333333333333336,436848,64653690.0,148.0004257773871,20.0,1118.1305664890317,5.0,85.0,250.0,435.0,1590.0,62084375.0,4003530.0,61606425.0,18495140.0,18578175.0,16611930.0,1082405.0,12.987342876608365,17.98455575358648,5.003949163507733,3.044522437723423,17.94400492104568,15.202687279689526,17.936276741244804,16.73301860690171,16.73749811645562,16.62563173010027,13.894696899060602,4.02535169073515
Ashokan HP,2024-02-01,92,2,2024,0.8660254037844386,0.5000000000000001,37,59.0,57.0,102.0,130.3783783783784,120.0,54.79677167667987,72.66666666666667,100.66666666666667,112.58333333333333,37,98.0,74.33333333333333,436848,64653690.0,148.0004257773871,20.0,1118.1305664890317,5.0,85.0,250.0,435.0,1590.0,62084375.0,4003530.0,61606425.0,18495140.0,18578175.0,16611930.0,1082405.0,12.987342876608365,17.98455575358648,5.003949163507733,3.044522437723423,17.94400492104568,15.202687279689526,17.936276741244804,16.73301860690171,16.73749811645562,16.62563173010027,13.894696899060602,4.532599493153256
Beaverkill Road to BLM FT,2024-02-01,81,2,2024,0.8660254037844386,0.5000000000000001,37,33.0,84.0,135.0,155.40540540540542,135.0,84.18216341147712,84.0,152.0,146.83333333333334,37,71.0,70.0,436848,64653690.0,148.0004257773871,20.0,1118.1305664890317,5.0,85.0,250.0,435.0,1590.0,62084375.0,4003530.0,61606425.0,18495140.0,18578175.0,16611930.0,1082405.0,12.987342876608365,17.98455575358648,5.003949163507733,3.044522437723423,17.94400492104568,15.202687279689526,17.936276741244804,16.73301860690171,16.73749811645562,16.62563173010027,13.894696899060602,4.406719247264253
Cathedral Glen,2024-02-01,11,2,2024,0.8660254037844386,0.5000000000000001,37,6.0,4.0,11.0,9.241379310344827,9.0,6.926425445937325,7.0,8.166666666666666,8.583333333333334,29,10.0,14.0,436848,64653690.0,148.0004257773871,20.0,1118.1305664890317,5.0,85.0,250.0,435.0,1590.0,62084375.0,4003530.0,61606425.0,18495140.0,18578175.0,16611930.0,1082405.0,12.987342876608365,17.98455575358648,5.003949163507733,3.044522437723423,17.94400492104568,15.202687279689526,17.936276741244804,16.73301860690171,16.73749811645562,16.62563173010027,13.894696899060602,2.4849066497880004
Denning,2024-02-01,111,2,2024,0.8660254037844386,0.5000000000000001,37,59.0,76.0,175.0,212.67567567567568,210.0,108.88578472010987,103.33333333333333,173.66666666666666,191.0,37,118.0,100.66666666666667,436848,64653690.0,148.0004257773871,20.0,1118.1305664890317,5.0,85.0,250.0,435.0,1590.0,62084375.0,4003530.0,61606425.0,18495140.0,18578175.0,16611930.0,1082405.0,12.987342876608365,17.98455575358648,5.003949163507733,3.044522437723423,17.94400492104568,15.202687279689526,17.936276741244804,16.73301860690171,16.73749811645562,16.62563173010027,13.894696899060602,4.718498871295094
Dry Brook Ridge to Lean-to,2024-02-01,22,2,2024,0.8660254037844386,0.5000000000000001,37,11.0,12.0,25.0,24.0,22.0,13.67276286799579,16.0,17.0,19.25,37,11.0,12.333333333333334,436848,64653690.0,148.0004257773871,20.0,1118.1305664890317,5.0,85.0,250.0,435.0,1590.0,62084375.0,4003530.0,61606425.0,18495140.0,18578175.0,16611930.0,1082405.0,12.987342876608365,17.98455575358648,5.003949163507733,3.044522437723423,17.94400492104568,15.202687279689526,17.936276741244804,16.73301860690171,16.73749811645562,16.62563173010027,13.894696899060602,3.1354942159291497
Flynn,2024-02-01,13,2,2024,0.8660254037844386,0.5000000000000001,37,12.0,8.0,21.0,45.486486486486484,43.0,31.5890466438585,13.666666666666666,37.0,38.416666666666664,37,11.0,16.666666666666668,436848,64653690.0,148.0004257773871,20.0,1118.1305664890317,5.0,85.0,250.0,435.0,1590.0,62084375.0,4003530.0,61606425.0,18495140.0,18578175.0,16611930.0,1082405.0,12.987342876608365,17.98455575358648,5.003949163507733,3.044522437723423,17.94400492104568,15.202687279689526,17.936276741244804,16.73301860690171,16.73749811645562,16.62563173010027,13.894696899060602,2.6390573296152584
Fox Hollow,2024-02-01,67,2,2024,0.8660254037844386,0.5000000000000001,37,20.0,59.0,75.0,86.35135135135135,90.0,38.50123823132635,51.333333333333336,85.16666666666667,79.33333333333333,37,60.0,37.666666666666664,436848,64653690.0,148.0004257773871,20.0,1118.1305664890317,5.0,85.0,250.0,435.0,1590.0,62084375.0,4003530.0,61606425.0,18495140.0,18578175.0,16611930.0,1082405.0,12.987342876608365,17.98455575358648,5.003949163507733,3.044522437723423,17.94400492104568,15.202687279689526,17.936276741244804,16.73301860690171,16.73749811645562,16.62563173010027,13.894696899060602,4.219507705176107
Frick Pond,2024-02-01,35,2,2024,0.8660254037844386,0.5000000000000001,37,53.0,59.0,98.0,123.08108108108108,111.0,71.26958926747335,70.0,114.66666666666667,111.16666666666667,37,43.0,83.33333333333333,436848,64653690.0,148.0004257773871,20.0,1118.1305664890317,5.0,85.0,250.0,435.0,1590.0,62084375.0,4003530.0,61606425.0,18495140.0,18578175.0,16611930.0,1082405.0,12.987342876608365,17.98455575358648,5.003949163507733,3.044522437723423,17.94400492104568,15.202687279689526,17.936276741244804,16.73301860690171,16.73749811645562,16.62563173010027,13.894696899060602,3.58351893845611
Giant Ledge,2024-02-01,333,2,2024,0.8660254037844386,0.5000000000000001,37,253.0,276.0,369.0,575.972972972973,532.0,288.8578549396924,299.3333333333333,499.0,476.0,37,317.0,320.0,436848,64653690.0,148.0004257773871,20.0,1118.1305664890317,5.0,85.0,250.0,435.0,1590.0,62084375.0,4003530.0,61606425.0,18495140.0,18578175.0,16611930.0,1082405.0,12.987342876608365,17.98455575358648,5.003949163507733,3.044522437723423,17.94400492104568,15.202687279689526,17.936276741244804,16.73301860690171,16.73749811645562,16.62563173010027,13.894696899060602,5.811140992976701
Hardenburgh- MH Trail,2024-02-01,17,2,2024,0.8660254037844386,0.5000000000000001,37,2.0,0.0,4.0,7.0,6.0,5.385164807134504,2.0,4.333333333333333,4.75,37,3.0,2.3333333333333335,436848,64653690.0,148.0004257773871,20.0,1118.1305664890317,5.0,85.0,250.0,435.0,1590.0,62084375.0,4003530.0,61606425.0,18495140.0,18578175.0,16611930.0,1082405.0,12.987342876608365,17.98455575358648,5.003949163507733,3.044522437723423,17.94400492104568,15.202687279689526,17.936276741244804,16.73301860690171,16.73749811645562,16.62563173010027,13.894696899060602,2.8903717578961645
Kelly Hollow,2024-02-01,70,2,2024,0.8660254037844386,0.5000000000000001,37,44.0,112.0,154.0,183.83783783783784,169.0,86.04827892704364,103.33333333333333,155.5,154.0,37,114.0,96.0,436848,64653690.0,148.0004257773871,20.0,1118.1305664890317,5.0,85.0,250.0,435.0,1590.0,62084375.0,4003530.0,61606425.0,18495140.0,18578175.0,16611930.0,1082405.0,12.987342876608365,17.98455575358648,5.003949163507733,3.044522437723423,17.94400492104568,15.202687279689526,17.936276741244804,16.73301860690171,16.73749811645562,16.62563173010027,13.894696899060602,4.2626798770413155
Lane Street,2024-02-01,27,2,2024,0.8660254037844386,0.5000000000000001,37,13.0,24.0,57.0,47.94444444444444,50.0,22.830987018829653,31.333333333333332,42.333333333333336,41.333333333333336,36,22.0,21.333333333333332,436848,64653690.0,148.0004257773871,20.0,1118.1305664890317,5.0,85.0,250.0,435.0,1590.0,62084375.0,4003530.0,61606425.0,18495140.0,18578175.0,16611930.0,1082405.0,12.987342876608365,17.98455575358648,5.003949163507733,3.044522437723423,17.94400492104568,15.202687279689526,17.936276741244804,16.73301860690171,16.73749811645562,16.62563173010027,13.894696899060602,3.332204510175204
McKenley Hollow,2024-02-01,3,2,2024,0.8660254037844386,0.5000000000000001,37,20.0,97.0,102.0,95.24324324324324,91.0,34.475760732405575,73.0,95.5,97.75,37,71.0,92.33333333333333,436848,64653690.0,148.0004257773871,20.0,1118.1305664890317,5.0,85.0,250.0,435.0,1590.0,62084375.0,4003530.0,61606425.0,18495140.0,18578175.0,16611930.0,1082405.0,12.987342876608365,17.98455575358648,5.003949163507733,3.044522437723423,17.94400492104568,15.202687279689526,17.936276741244804,16.73301860690171,16.73749811645562,16.62563173010027,13.894696899060602,1.3862943611198906
Millbrook to BLM FT,2024-02-01,178,2,2024,0.8660254037844386,0.5000000000000001,37,122.0,177.0,284.0,245.59459459459458,227.0,96.67771760380508,194.33333333333334,268.8333333333333,245.75,37,167.0,159.33333333333334,436848,64653690.0,148.0004257773871,20.0,1118.1305664890317,5.0,85.0,250.0,435.0,1590.0,62084375.0,4003530.0,61606425.0,18495140.0,18578175.0,16611930.0,1082405.0,12.987342876608365,17.98455575358648,5.003949163507733,3.044522437723423,17.94400492104568,15.202687279689526,17.936276741244804,16.73301860690171,16.73749811645562,16.62563173010027,13.894696899060602,5.187385805840755
Mt Tremper,2024-02-01,103,2,2024,0.8660254037844386,0.5000000000000001,37,107.0,176.0,269.0,261.59375,259.5,121.44236901483552,184.0,244.5,239.41666666666666,32,244.0,183.0,436848,64653690.0,148.0004257773871,20.0,1118.1305664890317,5.0,85.0,250.0,435.0,1590.0,62084375.0,4003530.0,61606425.0,18495140.0,18578175.0,16611930.0,1082405.0,12.987342876608365,17.98455575358648,5.003949163507733,3.044522437723423,17.94400492104568,15.202687279689526,17.936276741244804,16.73301860690171,16.73749811645562,16.62563173010027,13.894696899060602,4.6443908991413725
Neversink Hardenburgh Trail,2024-02-01,1,2,2024,0.8660254037844386,0.5000000000000001,37,0.0,10.0,12.0,13.864864864864865,12.0,11.940040392082622,7.333333333333333,15.833333333333334,13.416666666666666,37,1.0,0.3333333333333333,436848,64653690.0,148.0004257773871,20.0,1118.1305664890317,5.0,85.0,250.0,435.0,1590.0,62084375.0,4003530.0,61606425.0,18495140.0,18578175.0,16611930.0,1082405.0,12.987342876608365,17.98455575358648,5.003949163507733,3.044522437723423,17.94400492104568,15.202687279689526,17.936276741244804,16.73301860690171,16.73749811645562,16.62563173010027,13.894696899060602,0.6931471805599453
Overlook,2024-02-01,511,2,2024,0.8660254037844386,0.5000000000000001,37,266.0,200.0,212.0,666.7297297297297,709.0,331.1377397741047,226.0,586.8333333333334,660.9166666666666,37,353.0,318.3333333333333,436848,64653690.0,148.0004257773871,20.0,1118.1305664890317,5.0,85.0,250.0,435.0,1590.0,62084375.0,4003530.0,61606425.0,18495140.0,18578175.0,16611930.0,1082405.0,12.987342876608365,17.98455575358648,5.003949163507733,3.044522437723423,17.94400492104568,15.202687279689526,17.936276741244804,16.73301860690171,16.73749811645562,16.62563173010027,13.894696899060602,6.238324625039508
Red Hill Dinch Road,2024-02-01,100,2,2024,0.8660254037844386,0.5000000000000001,37,79.0,97.0,123.0,175.74285714285713,172.0,91.49906552307864,99.66666666666667,144.5,154.41666666666666,35,76.0,42.0,436848,64653690.0,148.0004257773871,20.0,1118.1305664890317,5.0,85.0,250.0,435.0,1590.0,62084375.0,4003530.0,61606425.0,18495140.0,18578175.0,16611930.0,1082405.0,12.987342876608365,17.98455575358648,5.003949163507733,3.044522437723423,17.94400492104568,15.202687279689526,17.936276741244804,16.73301860690171,16.73749811645562,16.62563173010027,13.894696899060602,4.61512051684126
Rider Hollow,2024-02-01,189,2,2024,0.8660254037844386,0.5000000000000001,37,118.0,128.0,145.0,170.75,158.0,59.604070006085344,130.33333333333334,132.0,141.41666666666666,32,189.0,191.33333333333334,436848,64653690.0,148.0004257773871,20.0,1118.1305664890317,5.0,85.0,250.0,435.0,1590.0,62084375.0,4003530.0,61606425.0,18495140.0,18578175.0,16611930.0,1082405.0,12.987342876608365,17.98455575358648,5.003949163507733,3.044522437723423,17.94400492104568,15.202687279689526,17.936276741244804,16.73301860690171,16.73749811645562,16.62563173010027,13.894696899060602,5.247024072160486
Rochester Hollow,2024-02-01,89,2,2024,0.8660254037844386,0.5000000000000001,37,51.0,125.0,150.0,218.16216216216216,148.0,400.4208559276875,108.66666666666667,153.66666666666666,144.08333333333334,37,94.0,90.0,436848,64653690.0,148.0004257773871,20.0,1118.1305664890317,5.0,85.0,250.0,435.0,1590.0,62084375.0,4003530.0,61606425.0,18495140.0,18578175.0,16611930.0,1082405.0,12.987342876608365,17.98455575358648,5.003949163507733,3.044522437723423,17.94400492104568,15.202687279689526,17.936276741244804,16.73301860690171,16.73749811645562,16.62563173010027,13.894696899060602,4.499809670330265
Seager,2024-02-01,31,2,2024,0.8660254037844386,0.5000000000000001,37,24.0,22.0,38.0,55.945945945945944,46.0,37.27372171289486,28.0,47.166666666666664,51.083333333333336,37,27.0,26.333333333333332,436848,64653690.0,148.0004257773871,20.0,1118.1305664890317,5.0,85.0,250.0,435.0,1590.0,62084375.0,4003530.0,61606425.0,18495140.0,18578175.0,16611930.0,1082405.0,12.987342876608365,17.98455575358648,5.003949163507733,3.044522437723423,17.94400492104568,15.202687279689526,17.936276741244804,16.73301860690171,16.73749811645562,16.62563173010027,13.894696899060602,3.4657359027997265
Wittenberg,2024-02-01,140,2,2024,0.8660254037844386,0.5000000000000001,37,57.0,105.0,283.0,332.81081081081084,286.0,195.0592271647309,148.33333333333334,298.5,318.6666666666667,37,123.0,129.0,436848,64653690.0,148.0004257773871,20.0,1118.1305664890317,5.0,85.0,250.0,435.0,1590.0,62084375.0,4003530.0,61606425.0,18495140.0,18578175.0,16611930.0,1082405.0,12.987342876608365,17.98455575358648,5.003949163507733,3.044522437723423,17.94400492104568,15.202687279689526,17.936276741244804,16.73301860690171,16.73749811645562,16.62563173010027,13.894696899060602,4.948759890378168
Woodland Valley,2024-02-01,24,2,2024,0.8660254037844386,0.5000000000000001,37,13.0,25.0,47.0,94.27027027027027,85.0,67.20311196855587,28.333333333333332,81.66666666666667,84.75,37,40.0,25.666666666666668,436848,64653690.0,148.0004257773871,20.0,1118.1305664890317,5.0,85.0,250.0,435.0,1590.0,62084375.0,4003530.0,61606425.0,18495140.0,18578175.0,16611930.0,1082405.0,12.987342876608365,17.98455575358648,5.003949163507733,3.044522437723423,17.94400492104568,15.202687279689526,17.936276741244804,16.73301860690171,16.73749811645562,16.62563173010027,13.894696899060602,3.2188758248682006
Alder Lake,2024-03-01,63,3,2024,1.0,6.123233995736766e-17,38,55.0,33.0,45.0,153.3684210526316,140.5,107.13830946116475,44.333333333333336,93.0,144.75,38,51.0,59.333333333333336,491646,84307090.0,171.47925539921,20.0,1251.0210686589685,5.0,85.0,280.0,500.0,2095.0,81388235.0,9278940.0,76133365.0,25011375.0,24849055.0,21749760.0,1388750.0,13.105516258287926,18.24997653568599,5.15027697068447,3.044522437723423,18.2147412996441,16.043257981871303,18.14799717614973,17.03484131933317,17.028330321857787,16.895113326932847,14.143915340007725,4.1588830833596715
Ashokan HP,2024-03-01,103,3,2024,1.0,6.123233995736766e-17,38,92.0,59.0,57.0,129.3684210526316,119.5,54.40857496637802,69.33333333333333,91.16666666666667,112.08333333333333,38,51.0,81.0,491646,84307090.0,171.47925539921,20.0,1251.0210686589685,5.0,85.0,280.0,500.0,2095.0,81388235.0,9278940.0,76133365.0,25011375.0,24849055.0,21749760.0,1388750.0,13.105516258287926,18.24997653568599,5.15027697068447,3.044522437723423,18.2147412996441,16.043257981871303,18.14799717614973,17.03484131933317,17.028330321857787,16.895113326932847,14.143915340007725,4.6443908991413725
Beaverkill Road to BLM FT,2024-03-01,82,3,2024,1.0,6.123233995736766e-17,38,81.0,33.0,84.0,153.44736842105263,135.0,83.90944197375576,66.0,118.0,147.66666666666666,38,25.0,58.0,491646,84307090.0,171.47925539921,20.0,1251.0210686589685,5.0,85.0,280.0,500.0,2095.0,81388235.0,9278940.0,76133365.0,25011375.0,24849055.0,21749760.0,1388750.0,13.105516258287926,18.24997653568599,5.15027697068447,3.044522437723423,18.2147412996441,16.043257981871303,18.14799717614973,17.03484131933317,17.028330321857787,16.895113326932847,14.143915340007725,4.418840607796598
Cathedral Glen,2024-03-01,10,3,2024,1.0,6.123233995736766e-17,38,11.0,6.0,4.0,9.3,9.0,6.813526101148692,7.0,8.0,8.666666666666666,30,1.0,1.0,491646,84307090.0,171.47925539921,20.0,1251.0210686589685,5.0,85.0,280.0,500.0,2095.0,81388235.0,9278940.0,76133365.0,25011375.0,24849055.0,21749760.0,1388750.0,13.105516258287926,18.24997653568599,5.15027697068447,3.044522437723423,18.2147412996441,16.043257981871303,18.14799717614973,17.03484131933317,17.028330321857787,16.895113326932847,14.143915340007725,2.3978952727983707
Denning,2024-03-01,204,3,2024,1.0,6.123233995736766e-17,38,111.0,59.0,76.0,210.0,203.5,108.6633780522662,82.0,143.5,190.41666666666666,38,71.0,115.33333333333333,491646,84307090.0,171.47925539921,20.0,1251.0210686589685,5.0,85.0,280.0,500.0,2095.0,81388235.0,9278940.0,76133365.0,25011375.0,24849055.0,21749760.0,1388750.0,13.105516258287926,18.24997653568599,5.15027697068447,3.044522437723423,18.2147412996441,16.043257981871303,18.14799717614973,17.03484131933317,17.028330321857787,16.895113326932847,14.143915340007725,5.3230099791384085
Dry Brook Ridge to Lean-to,2024-03-01,10,3,2024,1.0,6.123233995736766e-17,38,22.0,11.0,12.0,23.94736842105263,22.0,13.490632121949906,15.0,17.0,20.166666666666668,38,12.0,12.333333333333334,491646,84307090.0,171.47925539921,20.0,1251.0210686589685,5.0,85.0,280.0,500.0,2095.0,81388235.0,9278940.0,76133365.0,25011375.0,24849055.0,21749760.0,1388750.0,13.105516258287926,18.24997653568599,5.15027697068447,3.044522437723423,18.2147412996441,16.043257981871303,18.14799717614973,17.03484131933317,17.028330321857787,16.895113326932847,14.143915340007725,2.3978952727983707
Flynn,2024-03-01,12,3,2024,1.0,6.123233995736766e-17,38,13.0,12.0,8.0,44.63157894736842,40.5,31.601762739606087,11.0,23.333333333333332,38.583333333333336,38,16.0,23.333333333333332,491646,84307090.0,171.47925539921,20.0,1251.0210686589685,5.0,85.0,280.0,500.0,2095.0,81388235.0,9278940.0,76133365.0,25011375.0,24849055.0,21749760.0,1388750.0,13.105516258287926,18.24997653568599,5.15027697068447,3.044522437723423,18.2147412996441,16.043257981871303,18.14799717614973,17.03484131933317,17.028330321857787,16.895113326932847,14.143915340007725,2.5649493574615367
Fox Hollow,2024-03-01,40,3,2024,1.0,6.123233995736766e-17,38,67.0,20.0,59.0,85.84210526315789,89.5,38.10690957831981,48.666666666666664,75.5,79.91666666666667,38,50.0,65.66666666666667,491646,84307090.0,171.47925539921,20.0,1251.0210686589685,5.0,85.0,280.0,500.0,2095.0,81388235.0,9278940.0,76133365.0,25011375.0,24849055.0,21749760.0,1388750.0,13.105516258287926,18.24997653568599,5.15027697068447,3.044522437723423,18.2147412996441,16.043257981871303,18.14799717614973,17.03484131933317,17.028330321857787,16.895113326932847,14.143915340007725,3.713572066704308
Frick Pond,2024-03-01,45,3,2024,1.0,6.123233995736766e-17,38,35.0,53.0,59.0,120.76315789473684,110.5,71.7372963461509,49.0,84.83333333333333,110.5,38,58.0,83.33333333333333,491646,84307090.0,171.47925539921,20.0,1251.0210686589685,5.0,85.0,280.0,500.0,2095.0,81388235.0,9278940.0,76133365.0,25011375.0,24849055.0,21749760.0,1388750.0,13.105516258287926,18.24997653568599,5.15027697068447,3.044522437723423,18.2147412996441,16.043257981871303,18.14799717614973,17.03484131933317,17.028330321857787,16.895113326932847,14.143915340007725,3.828641396489095
Hardenburgh- MH Trail,2024-03-01,4,3,2024,1.0,6.123233995736766e-17,38,17.0,2.0,0.0,7.2631578947368425,6.5,5.554079146319815,6.333333333333333,6.5,5.916666666666667,38,0.0,1.3333333333333333,491646,84307090.0,171.47925539921,20.0,1251.0210686589685,5.0,85.0,280.0,500.0,2095.0,81388235.0,9278940.0,76133365.0,25011375.0,24849055.0,21749760.0,1388750.0,13.105516258287926,18.24997653568599,5.15027697068447,3.044522437723423,18.2147412996441,16.043257981871303,18.14799717614973,17.03484131933317,17.028330321857787,16.895113326932847,14.143915340007725,1.6094379124341003
Kelly Hollow,2024-03-01,96,3,2024,1.0,6.123233995736766e-17,38,70.0,44.0,112.0,180.8421052631579,167.0,86.86321222871808,75.33333333333333,119.0,150.33333333333334,38,74.0,121.0,491646,84307090.0,171.47925539921,20.0,1251.0210686589685,5.0,85.0,280.0,500.0,2095.0,81388235.0,9278940.0,76133365.0,25011375.0,24849055.0,21749760.0,1388750.0,13.105516258287926,18.24997653568599,5.15027697068447,3.044522437723423,18.2147412996441,16.043257981871303,18.14799717614973,17.03484131933317,17.028330321857787,16.895113326932847,14.143915340007725,4.574710978503383
Lane Street,2024-03-01,28,3,2024,1.0,6.123233995736766e-17,38,27.0,13.0,24.0,47.37837837837838,49.0,22.773463298994084,21.333333333333332,33.833333333333336,41.75,37,16.0,29.333333333333332,491646,84307090.0,171.47925539921,20.0,1251.0210686589685,5.0,85.0,280.0,500.0,2095.0,81388235.0,9278940.0,76133365.0,25011375.0,24849055.0,21749760.0,1388750.0,13.105516258287926,18.24997653568599,5.15027697068447,3.044522437723423,18.2147412996441,16.043257981871303,18.14799717614973,17.03484131933317,17.028330321857787,16.895113326932847,14.143915340007725,3.367295829986474
McKenley Hollow,2024-03-01,7,3,2024,1.0,6.123233995736766e-17,38,3.0,20.0,97.0,92.8157894736842,89.5,37.15333840673395,40.0,76.66666666666667,92.08333333333333,38,105.0,108.33333333333333,491646,84307090.0,171.47925539921,20.0,1251.0210686589685,5.0,85.0,280.0,500.0,2095.0,81388235.0,9278940.0,76133365.0,25011375.0,24849055.0,21749760.0,1388750.0,13.105516258287926,18.24997653568599,5.15027697068447,3.044522437723423,18.2147412996441,16.043257981871303,18.14799717614973,17.03484131933317,17.028330321857787,16.895113326932847,14.143915340007725,2.0794415416798357
Millbrook to BLM FT,2024-03-01,215,3,2024,1.0,6.123233995736766e-17,38,178.0,122.0,177.0,243.81578947368422,224.0,95.99066825792562,159.0,232.83333333333334,246.66666666666666,38,139.0,147.33333333333334,491646,84307090.0,171.47925539921,20.0,1251.0210686589685,5.0,85.0,280.0,500.0,2095.0,81388235.0,9278940.0,76133365.0,25011375.0,24849055.0,21749760.0,1388750.0,13.105516258287926,18.24997653568599,5.15027697068447,3.044522437723423,18.2147412996441,16.043257981871303,18.14799717614973,17.03484131933317,17.028330321857787,16.895113326932847,14.143915340007725,5.375278407684165
Mt Tremper,2024-03-01,123,3,2024,1.0,6.123233995736766e-17,38,103.0,107.0,176.0,256.7878787878788,257.0,122.6765965801336,128.66666666666666,206.0,227.66666666666666,33,117.0,120.0,491646,84307090.0,171.47925539921,20.0,1251.0210686589685,5.0,85.0,280.0,500.0,2095.0,81388235.0,9278940.0,76133365.0,25011375.0,24849055.0,21749760.0,1388750.0,13.105516258287926,18.24997653568599,5.15027697068447,3.044522437723423,18.2147412996441,16.043257981871303,18.14799717614973,17.03484131933317,17.028330321857787,16.895113326932847,14.143915340007725,4.820281565605037
Neversink Hardenburgh Trail,2024-03-01,4,3,2024,1.0,6.123233995736766e-17,38,1.0,0.0,10.0,13.526315789473685,11.5,11.96105582003588,3.6666666666666665,9.666666666666666,13.416666666666666,38,0.0,3.6666666666666665,491646,84307090.0,171.47925539921,20.0,1251.0210686589685,5.0,85.0,280.0,500.0,2095.0,81388235.0,9278940.0,76133365.0,25011375.0,24849055.0,21749760.0,1388750.0,13.105516258287926,18.24997653568599,5.15027697068447,3.044522437723423,18.2147412996441,16.043257981871303,18.14799717614973,17.03484131933317,17.028330321857787,16.895113326932847,14.143915340007725,1.6094379124341003
Overlook,2024-03-01,571,3,2024,1.0,6.123233995736766e-17,38,511.0,266.0,200.0,662.6315789473684,703.5,327.60774345307,325.6666666666667,467.5,674.0833333333334,38,327.0,378.3333333333333,491646,84307090.0,171.47925539921,20.0,1251.0210686589685,5.0,85.0,280.0,500.0,2095.0,81388235.0,9278940.0,76133365.0,25011375.0,24849055.0,21749760.0,1388750.0,13.105516258287926,18.24997653568599,5.15027697068447,3.044522437723423,18.2147412996441,16.043257981871303,18.14799717614973,17.03484131933317,17.028330321857787,16.895113326932847,14.143915340007725,6.349138991379798
Red Hill Dinch Road,2024-03-01,21,3,2024,1.0,6.123233995736766e-17,38,100.0,79.0,97.0,173.63888888888889,171.0,91.06172248309002,92.0,121.5,156.41666666666666,36,114.0,76.0,491646,84307090.0,171.47925539921,20.0,1251.0210686589685,5.0,85.0,280.0,500.0,2095.0,81388235.0,9278940.0,76133365.0,25011375.0,24849055.0,21749760.0,1388750.0,13.105516258287926,18.24997653568599,5.15027697068447,3.044522437723423,18.2147412996441,16.043257981871303,18.14799717614973,17.03484131933317,17.028330321857787,16.895113326932847,14.143915340007725,3.091042453358316
Rider Hollow,2024-03-01,166,3,2024,1.0,6.123233995736766e-17,38,189.0,118.0,128.0,171.3030303030303,161.0,58.751321713050025,145.0,136.66666666666666,141.41666666666666,33,130.0,149.66666666666666,491646,84307090.0,171.47925539921,20.0,1251.0210686589685,5.0,85.0,280.0,500.0,2095.0,81388235.0,9278940.0,76133365.0,25011375.0,24849055.0,21749760.0,1388750.0,13.105516258287926,18.24997653568599,5.15027697068447,3.044522437723423,18.2147412996441,16.043257981871303,18.14799717614973,17.03484131933317,17.028330321857787,16.895113326932847,14.143915340007725,5.117993812416755
Rochester Hollow,2024-03-01,117,3,2024,1.0,6.123233995736766e-17,38,89.0,51.0,125.0,214.76315789473685,147.0,395.5280722063501,88.33333333333333,130.33333333333334,143.66666666666666,38,79.0,86.0,491646,84307090.0,171.47925539921,20.0,1251.0210686589685,5.0,85.0,280.0,500.0,2095.0,81388235.0,9278940.0,76133365.0,25011375.0,24849055.0,21749760.0,1388750.0,13.105516258287926,18.24997653568599,5.15027697068447,3.044522437723423,18.2147412996441,16.043257981871303,18.14799717614973,17.03484131933317,17.028330321857787,16.895113326932847,14.143915340007725,4.770684624465665
Seager,2024-03-01,15,3,2024,1.0,6.123233995736766e-17,38,31.0,24.0,22.0,55.28947368421053,44.5,36.98860883433288,25.666666666666668,32.0,51.416666666666664,38,23.0,25.333333333333332,491646,84307090.0,171.47925539921,20.0,1251.0210686589685,5.0,85.0,280.0,500.0,2095.0,81388235.0,9278940.0,76133365.0,25011375.0,24849055.0,21749760.0,1388750.0,13.105516258287926,18.24997653568599,5.15027697068447,3.044522437723423,18.2147412996441,16.043257981871303,18.14799717614973,17.03484131933317,17.028330321857787,16.895113326932847,14.143915340007725,2.772588722239781
Wittenberg,2024-03-01,193,3,2024,1.0,6.123233995736766e-17,38,140.0,57.0,105.0,327.7368421052632,284.5,194.93099045151038,100.66666666666667,237.66666666666666,320.0833333333333,38,118.0,157.66666666666666,491646,84307090.0,171.47925539921,20.0,1251.0210686589685,5.0,85.0,280.0,500.0,2095.0,81388235.0,9278940.0,76133365.0,25011375.0,24849055.0,21749760.0,1388750.0,13.105516258287926,18.24997653568599,5.15027697068447,3.044522437723423,18.2147412996441,16.043257981871303,18.14799717614973,17.03484131933317,17.028330321857787,16.895113326932847,14.143915340007725,5.267858159063328
Woodchuck Hollow,2024-03-01,1,3,2024,1.0,6.123233995736766e-17,38,5.0,1.0,1.0,3.5714285714285716,3.0,2.3360528369758367,2.3333333333333335,2.5,2.4166666666666665,21,5.0,5.0,491646,84307090.0,171.47925539921,20.0,1251.0210686589685,5.0,85.0,280.0,500.0,2095.0,81388235.0,9278940.0,76133365.0,25011375.0,24849055.0,21749760.0,1388750.0,13.105516258287926,18.24997653568599,5.15027697068447,3.044522437723423,18.2147412996441,16.043257981871303,18.14799717614973,17.03484131933317,17.028330321857787,16.895113326932847,14.143915340007725,0.6931471805599453
Woodland Valley,2024-03-01,42,3,2024,1.0,6.123233995736766e-17,38,24.0,13.0,25.0,92.42105263157895,73.5,67.2617443091589,20.666666666666668,60.166666666666664,83.41666666666667,38,19.0,22.666666666666668,491646,84307090.0,171.47925539921,20.0,1251.0210686589685,5.0,85.0,280.0,500.0,2095.0,81388235.0,9278940.0,76133365.0,25011375.0,24849055.0,21749760.0,1388750.0,13.105516258287926,18.24997653568599,5.15027697068447,3.044522437723423,18.2147412996441,16.043257981871303,18.14799717614973,17.03484131933317,17.028330321857787,16.895113326932847,14.143915340007725,3.7612001156935624
Alder Lake,2024-04-01,127,4,2024,0.8660254037844387,-0.49999999999999983,39,63.0,55.0,33.0,151.05128205128204,134.0,106.70494210375509,50.333333333333336,68.83333333333333,145.75,39,134.0,143.0,490133,89091910.0,181.7708866776977,20.0,1390.4653546956472,5.0,95.0,295.0,520.0,2170.0,85725615.0,9987560.0,80230710.0,28654260.0,22189410.0,24462950.0,1871155.0,13.102434102088628,18.305179102685653,5.208233383085204,3.044522437723423,18.266662242055887,16.11685097667256,18.200416929712258,17.170812716069896,16.915125751068434,17.01267032689874,14.44206697965328,4.852030263919617
Ashokan HP,2024-04-01,97,4,2024,0.8660254037844387,-0.49999999999999983,39,103.0,92.0,59.0,128.69230769230768,119.0,53.853677901158996,84.66666666666667,90.83333333333333,116.41666666666667,39,120.0,127.66666666666667,490133,89091910.0,181.7708866776977,20.0,1390.4653546956472,5.0,95.0,295.0,520.0,2170.0,85725615.0,9987560.0,80230710.0,28654260.0,22189410.0,24462950.0,1871155.0,13.102434102088628,18.305179102685653,5.208233383085204,3.044522437723423,18.266662242055887,16.11685097667256,18.200416929712258,17.170812716069896,16.915125751068434,17.01267032689874,14.44206697965328,4.584967478670572
Beaverkill Road to BLM FT,2024-04-01,110,4,2024,0.8660254037844387,-0.49999999999999983,39,82.0,81.0,33.0,151.6153846153846,135.0,83.58469243657359,65.33333333333333,110.5,152.41666666666666,39,108.0,131.0,490133,89091910.0,181.7708866776977,20.0,1390.4653546956472,5.0,95.0,295.0,520.0,2170.0,85725615.0,9987560.0,80230710.0,28654260.0,22189410.0,24462950.0,1871155.0,13.102434102088628,18.305179102685653,5.208233383085204,3.044522437723423,18.266662242055887,16.11685097667256,18.200416929712258,17.170812716069896,16.915125751068434,17.01267032689874,14.44206697965328,4.709530201312334
Cathedral Glen,2024-04-01,21,4,2024,0.8660254037844387,-0.49999999999999983,39,10.0,11.0,6.0,9.32258064516129,9.0,6.700184558523711,9.0,8.166666666666666,9.416666666666666,31,14.0,10.0,490133,89091910.0,181.7708866776977,20.0,1390.4653546956472,5.0,95.0,295.0,520.0,2170.0,85725615.0,9987560.0,80230710.0,28654260.0,22189410.0,24462950.0,1871155.0,13.102434102088628,18.305179102685653,5.208233383085204,3.044522437723423,18.266662242055887,16.11685097667256,18.200416929712258,17.170812716069896,16.915125751068434,17.01267032689874,14.44206697965328,3.091042453358316
Denning,2024-04-01,233,4,2024,0.8660254037844387,-0.49999999999999983,39,204.0,111.0,59.0,209.84615384615384,204.0,107.22836880659463,124.66666666666667,137.0,201.5,39,118.0,159.66666666666666,490133,89091910.0,181.7708866776977,20.0,1390.4653546956472,5.0,95.0,295.0,520.0,2170.0,85725615.0,9987560.0,80230710.0,28654260.0,22189410.0,24462950.0,1871155.0,13.102434102088628,18.305179102685653,5.208233383085204,3.044522437723423,18.266662242055887,16.11685097667256,18.200416929712258,17.170812716069896,16.915125751068434,17.01267032689874,14.44206697965328,5.455321115357702
Dry Brook Ridge to Lean-to,2024-04-01,13,4,2024,0.8660254037844387,-0.49999999999999983,39,10.0,22.0,11.0,23.58974358974359,22.0,13.497988054205376,14.333333333333334,15.0,20.0,39,10.0,23.333333333333332,490133,89091910.0,181.7708866776977,20.0,1390.4653546956472,5.0,95.0,295.0,520.0,2170.0,85725615.0,9987560.0,80230710.0,28654260.0,22189410.0,24462950.0,1871155.0,13.102434102088628,18.305179102685653,5.208233383085204,3.044522437723423,18.266662242055887,16.11685097667256,18.200416929712258,17.170812716069896,16.915125751068434,17.01267032689874,14.44206697965328,2.6390573296152584
Flynn,2024-04-01,18,4,2024,0.8660254037844387,-0.49999999999999983,39,12.0,13.0,12.0,43.794871794871796,38.0,31.617932526020308,12.333333333333334,17.333333333333332,38.25,39,33.0,34.666666666666664,490133,89091910.0,181.7708866776977,20.0,1390.4653546956472,5.0,95.0,295.0,520.0,2170.0,85725615.0,9987560.0,80230710.0,28654260.0,22189410.0,24462950.0,1871155.0,13.102434102088628,18.305179102685653,5.208233383085204,3.044522437723423,18.266662242055887,16.11685097667256,18.200416929712258,17.170812716069896,16.915125751068434,17.01267032689874,14.44206697965328,2.9444389791664403
Fox Hollow,2024-04-01,48,4,2024,0.8660254037844387,-0.49999999999999983,39,40.0,67.0,20.0,84.66666666666667,89.0,38.31196963801077,42.333333333333336,60.5,79.08333333333333,39,53.0,96.0,490133,89091910.0,181.7708866776977,20.0,1390.4653546956472,5.0,95.0,295.0,520.0,2170.0,85725615.0,9987560.0,80230710.0,28654260.0,22189410.0,24462950.0,1871155.0,13.102434102088628,18.305179102685653,5.208233383085204,3.044522437723423,18.266662242055887,16.11685097667256,18.200416929712258,17.170812716069896,16.915125751068434,17.01267032689874,14.44206697965328,3.8918202981106265
Frick Pond,2024-04-01,70,4,2024,0.8660254037844387,-0.49999999999999983,39,45.0,35.0,53.0,118.82051282051282,110.0,71.8191705073351,44.333333333333336,73.16666666666667,109.41666666666667,39,62.0,74.33333333333333,490133,89091910.0,181.7708866776977,20.0,1390.4653546956472,5.0,95.0,295.0,520.0,2170.0,85725615.0,9987560.0,80230710.0,28654260.0,22189410.0,24462950.0,1871155.0,13.102434102088628,18.305179102685653,5.208233383085204,3.044522437723423,18.266662242055887,16.11685097667256,18.200416929712258,17.170812716069896,16.915125751068434,17.01267032689874,14.44206697965328,4.2626798770413155
Hardenburgh- MH Trail,2024-04-01,1,4,2024,0.8660254037844387,-0.49999999999999983,39,4.0,17.0,2.0,7.17948717948718,6.0,5.505364823093709,7.666666666666667,5.833333333333333,6.25,39,1.0,9.0,490133,89091910.0,181.7708866776977,20.0,1390.4653546956472,5.0,95.0,295.0,520.0,2170.0,85725615.0,9987560.0,80230710.0,28654260.0,22189410.0,24462950.0,1871155.0,13.102434102088628,18.305179102685653,5.208233383085204,3.044522437723423,18.266662242055887,16.11685097667256,18.200416929712258,17.170812716069896,16.915125751068434,17.01267032689874,14.44206697965328,0.6931471805599453
Kelly Hollow,2024-04-01,127,4,2024,0.8660254037844387,-0.49999999999999983,39,96.0,70.0,44.0,178.66666666666666,165.0,86.78264843950912,70.0,106.83333333333333,152.16666666666666,39,139.0,200.33333333333334,490133,89091910.0,181.7708866776977,20.0,1390.4653546956472,5.0,95.0,295.0,520.0,2170.0,85725615.0,9987560.0,80230710.0,28654260.0,22189410.0,24462950.0,1871155.0,13.102434102088628,18.305179102685653,5.208233383085204,3.044522437723423,18.266662242055887,16.11685097667256,18.200416929712258,17.170812716069896,16.915125751068434,17.01267032689874,14.44206697965328,4.852030263919617
Lane Street,2024-04-01,36,4,2024,0.8660254037844387,-0.49999999999999983,39,28.0,27.0,13.0,46.86842105263158,48.5,22.68249837594351,22.666666666666668,29.5,42.75,38,34.0,44.0,490133,89091910.0,181.7708866776977,20.0,1390.4653546956472,5.0,95.0,295.0,520.0,2170.0,85725615.0,9987560.0,80230710.0,28654260.0,22189410.0,24462950.0,1871155.0,13.102434102088628,18.305179102685653,5.208233383085204,3.044522437723423,18.266662242055887,16.11685097667256,18.200416929712258,17.170812716069896,16.915125751068434,17.01267032689874,14.44206697965328,3.6109179126442243
Millbrook to BLM FT,2024-04-01,143,4,2024,0.8660254037844387,-0.49999999999999983,39,215.0,178.0,122.0,243.07692307692307,221.0,94.83153612019042,171.66666666666666,213.5,253.0,39,124.0,179.66666666666666,490133,89091910.0,181.7708866776977,20.0,1390.4653546956472,5.0,95.0,295.0,520.0,2170.0,85725615.0,9987560.0,80230710.0,28654260.0,22189410.0,24462950.0,1871155.0,13.102434102088628,18.305179102685653,5.208233383085204,3.044522437723423,18.266662242055887,16.11685097667256,18.200416929712258,17.170812716069896,16.915125751068434,17.01267032689874,14.44206697965328,4.969813299576001
Mt Tremper,2024-04-01,64,4,2024,0.8660254037844387,-0.49999999999999983,39,123.0,103.0,107.0,252.85294117647058,252.5,122.96319536889797,111.0,190.83333333333334,228.16666666666666,34,203.0,283.5,490133,89091910.0,181.7708866776977,20.0,1390.4653546956472,5.0,95.0,295.0,520.0,2170.0,85725615.0,9987560.0,80230710.0,28654260.0,22189410.0,24462950.0,1871155.0,13.102434102088628,18.305179102685653,5.208233383085204,3.044522437723423,18.266662242055887,16.11685097667256,18.200416929712258,17.170812716069896,16.915125751068434,17.01267032689874,14.44206697965328,4.174387269895637
Neversink Hardenburgh Trail,2024-04-01,4,4,2024,0.8660254037844387,-0.49999999999999983,39,4.0,1.0,0.0,13.282051282051283,11.0,11.90079324633605,1.6666666666666667,7.333333333333333,13.75,39,13.0,9.0,490133,89091910.0,181.7708866776977,20.0,1390.4653546956472,5.0,95.0,295.0,520.0,2170.0,85725615.0,9987560.0,80230710.0,28654260.0,22189410.0,24462950.0,1871155.0,13.102434102088628,18.305179102685653,5.208233383085204,3.044522437723423,18.266662242055887,16.11685097667256,18.200416929712258,17.170812716069896,16.915125751068434,17.01267032689874,14.44206697965328,1.6094379124341003
Overlook,2024-04-01,643,4,2024,0.8660254037844387,-0.49999999999999983,39,571.0,511.0,266.0,660.2820512820513,698.0,323.60119613970824,449.3333333333333,444.5,694.4166666666666,39,810.0,761.6666666666666,490133,89091910.0,181.7708866776977,20.0,1390.4653546956472,5.0,95.0,295.0,520.0,2170.0,85725615.0,9987560.0,80230710.0,28654260.0,22189410.0,24462950.0,1871155.0,13.102434102088628,18.305179102685653,5.208233383085204,3.044522437723423,18.266662242055887,16.11685097667256,18.200416929712258,17.170812716069896,16.915125751068434,17.01267032689874,14.44206697965328,6.467698726104354
Rider Hollow,2024-04-01,103,4,2024,0.8660254037844387,-0.49999999999999983,39,166.0,189.0,118.0,171.14705882352942,162.5,57.86145016614921,157.66666666666666,149.5,144.41666666666666,34,103.0,107.5,490133,89091910.0,181.7708866776977,20.0,1390.4653546956472,5.0,95.0,295.0,520.0,2170.0,85725615.0,9987560.0,80230710.0,28654260.0,22189410.0,24462950.0,1871155.0,13.102434102088628,18.305179102685653,5.208233383085204,3.044522437723423,18.266662242055887,16.11685097667256,18.200416929712258,17.170812716069896,16.915125751068434,17.01267032689874,14.44206697965328,4.6443908991413725
Rochester Hollow,2024-04-01,99,4,2024,0.8660254037844387,-0.49999999999999983,39,117.0,89.0,51.0,212.25641025641025,146.0,390.6028887939041,85.66666666666667,130.33333333333334,146.83333333333334,39,148.0,155.0,490133,89091910.0,181.7708866776977,20.0,1390.4653546956472,5.0,95.0,295.0,520.0,2170.0,85725615.0,9987560.0,80230710.0,28654260.0,22189410.0,24462950.0,1871155.0,13.102434102088628,18.305179102685653,5.208233383085204,3.044522437723423,18.266662242055887,16.11685097667256,18.200416929712258,17.170812716069896,16.915125751068434,17.01267032689874,14.44206697965328,4.605170185988092
Seager,2024-04-01,40,4,2024,0.8660254037844387,-0.49999999999999983,39,15.0,31.0,24.0,54.256410256410255,43.0,37.06446585180868,23.333333333333332,28.5,50.75,39,48.0,45.333333333333336,490133,89091910.0,181.7708866776977,20.0,1390.4653546956472,5.0,95.0,295.0,520.0,2170.0,85725615.0,9987560.0,80230710.0,28654260.0,22189410.0,24462950.0,1871155.0,13.102434102088628,18.305179102685653,5.208233383085204,3.044522437723423,18.266662242055887,16.11685097667256,18.200416929712258,17.170812716069896,16.915125751068434,17.01267032689874,14.44206697965328,3.713572066704308
Wittenberg,2024-04-01,215,4,2024,0.8660254037844387,-0.49999999999999983,39,193.0,140.0,57.0,324.28205128205127,283.0,193.55523470030988,130.0,201.5,326.3333333333333,39,146.0,204.33333333333334,490133,89091910.0,181.7708866776977,20.0,1390.4653546956472,5.0,95.0,295.0,520.0,2170.0,85725615.0,9987560.0,80230710.0,28654260.0,22189410.0,24462950.0,1871155.0,13.102434102088628,18.305179102685653,5.208233383085204,3.044522437723423,18.266662242055887,16.11685097667256,18.200416929712258,17.170812716069896,16.915125751068434,17.01267032689874,14.44206697965328,5.375278407684165
Woodland Valley,2024-04-01,49,4,2024,0.8660254037844387,-0.49999999999999983,39,42.0,24.0,13.0,91.12820512820512,62.0,66.86009725231031,26.333333333333332,44.0,85.33333333333333,39,55.0,67.33333333333333,490133,89091910.0,181.7708866776977,20.0,1390.4653546956472,5.0,95.0,295.0,520.0,2170.0,85725615.0,9987560.0,80230710.0,28654260.0,22189410.0,24462950.0,1871155.0,13.102434102088628,18.305179102685653,5.208233383085204,3.044522437723423,18.266662242055887,16.11685097667256,18.200416929712258,17.170812716069896,16.915125751068434,17.01267032689874,14.44206697965328,3.912023005428146
Alder Lake,2024-05-01,147,5,2024,0.49999999999999994,-0.8660254037844387,40,127.0,63.0,55.0,150.45,130.5,105.39667439895331,81.66666666666667,65.5,145.16666666666666,40,170.0,207.33333333333334,516624,90405780.0,174.99338009848555,20.0,1272.4409685199707,5.0,90.0,300.0,525.0,1995.0,87947155.0,11825930.0,79832995.0,31158010.0,19349435.0,23675600.0,2749630.0,13.155072551814033,18.319818772432793,5.170446381253975,3.044522437723423,18.292246692070144,16.285805220744166,18.19544746066848,17.254581945093797,16.778173829728452,16.979955582141876,14.826977278821387,4.997212273764115
Ashokan HP,2024-05-01,161,5,2024,0.49999999999999994,-0.8660254037844387,40,97.0,103.0,92.0,127.9,115.5,53.39442014446923,97.33333333333333,85.0,114.5,40,186.0,183.33333333333334,516624,90405780.0,174.99338009848555,20.0,1272.4409685199707,5.0,90.0,300.0,525.0,1995.0,87947155.0,11825930.0,79832995.0,31158010.0,19349435.0,23675600.0,2749630.0,13.155072551814033,18.319818772432793,5.170446381253975,3.044522437723423,18.292246692070144,16.285805220744166,18.19544746066848,17.254581945093797,16.778173829728452,16.979955582141876,14.826977278821387,5.087596335232384
Beaverkill Road to BLM FT,2024-05-01,189,5,2024,0.49999999999999994,-0.8660254037844387,40,110.0,82.0,81.0,150.575,134.0,82.76809973252578,91.0,87.5,152.58333333333334,40,201.0,196.33333333333334,516624,90405780.0,174.99338009848555,20.0,1272.4409685199707,5.0,90.0,300.0,525.0,1995.0,87947155.0,11825930.0,79832995.0,31158010.0,19349435.0,23675600.0,2749630.0,13.155072551814033,18.319818772432793,5.170446381253975,3.044522437723423,18.292246692070144,16.285805220744166,18.19544746066848,17.254581945093797,16.778173829728452,16.979955582141876,14.826977278821387,5.247024072160486
Cathedral Glen,2024-05-01,19,5,2024,0.49999999999999994,-0.8660254037844387,40,21.0,10.0,11.0,9.6875,9.0,6.90692733140362,14.0,10.5,10.0,32,15.0,19.0,516624,90405780.0,174.99338009848555,20.0,1272.4409685199707,5.0,90.0,300.0,525.0,1995.0,87947155.0,11825930.0,79832995.0,31158010.0,19349435.0,23675600.0,2749630.0,13.155072551814033,18.319818772432793,5.170446381253975,3.044522437723423,18.292246692070144,16.285805220744166,18.19544746066848,17.254581945093797,16.778173829728452,16.979955582141876,14.826977278821387,2.995732273553991
Denning,2024-05-01,260,5,2024,0.49999999999999994,-0.8660254037844387,40,233.0,204.0,111.0,210.425,207.0,105.9080122147614,182.66666666666666,143.0,211.08333333333334,40,361.0,318.0,516624,90405780.0,174.99338009848555,20.0,1272.4409685199707,5.0,90.0,300.0,525.0,1995.0,87947155.0,11825930.0,79832995.0,31158010.0,19349435.0,23675600.0,2749630.0,13.155072551814033,18.319818772432793,5.170446381253975,3.044522437723423,18.292246692070144,16.285805220744166,18.19544746066848,17.254581945093797,16.778173829728452,16.979955582141876,14.826977278821387,5.564520407322694
Dry Brook Ridge to Lean-to,2024-05-01,17,5,2024,0.49999999999999994,-0.8660254037844387,40,13.0,10.0,22.0,23.325,21.5,13.428609909538817,15.0,15.5,20.25,40,25.0,28.333333333333332,516624,90405780.0,174.99338009848555,20.0,1272.4409685199707,5.0,90.0,300.0,525.0,1995.0,87947155.0,11825930.0,79832995.0,31158010.0,19349435.0,23675600.0,2749630.0,13.155072551814033,18.319818772432793,5.170446381253975,3.044522437723423,18.292246692070144,16.285805220744166,18.19544746066848,17.254581945093797,16.778173829728452,16.979955582141876,14.826977278821387,2.8903717578961645
Flynn,2024-05-01,24,5,2024,0.49999999999999994,-0.8660254037844387,40,18.0,12.0,13.0,43.15,36.5,31.475305745852125,14.333333333333334,14.0,37.0,40,62.0,62.333333333333336,516624,90405780.0,174.99338009848555,20.0,1272.4409685199707,5.0,90.0,300.0,525.0,1995.0,87947155.0,11825930.0,79832995.0,31158010.0,19349435.0,23675600.0,2749630.0,13.155072551814033,18.319818772432793,5.170446381253975,3.044522437723423,18.292246692070144,16.285805220744166,18.19544746066848,17.254581945093797,16.778173829728452,16.979955582141876,14.826977278821387,3.2188758248682006
Fox Hollow,2024-05-01,71,5,2024,0.49999999999999994,-0.8660254037844387,40,48.0,40.0,67.0,83.75,88.5,38.259404742913226,51.666666666666664,51.5,78.66666666666667,40,102.0,112.66666666666667,516624,90405780.0,174.99338009848555,20.0,1272.4409685199707,5.0,90.0,300.0,525.0,1995.0,87947155.0,11825930.0,79832995.0,31158010.0,19349435.0,23675600.0,2749630.0,13.155072551814033,18.319818772432793,5.170446381253975,3.044522437723423,18.292246692070144,16.285805220744166,18.19544746066848,17.254581945093797,16.778173829728452,16.979955582141876,14.826977278821387,4.276666119016055
Frick Pond,2024-05-01,125,5,2024,0.49999999999999994,-0.8660254037844387,40,70.0,45.0,35.0,117.6,110.0,71.31145123276539,50.0,60.0,110.08333333333333,40,113.0,135.66666666666666,516624,90405780.0,174.99338009848555,20.0,1272.4409685199707,5.0,90.0,300.0,525.0,1995.0,87947155.0,11825930.0,79832995.0,31158010.0,19349435.0,23675600.0,2749630.0,13.155072551814033,18.319818772432793,5.170446381253975,3.044522437723423,18.292246692070144,16.285805220744166,18.19544746066848,17.254581945093797,16.778173829728452,16.979955582141876,14.826977278821387,4.836281906951478
Hardenburgh- MH Trail,2024-05-01,23,5,2024,0.49999999999999994,-0.8660254037844387,40,1.0,4.0,17.0,7.025,5.5,5.521461623658944,7.333333333333333,4.666666666666667,6.25,40,12.0,6.666666666666667,516624,90405780.0,174.99338009848555,20.0,1272.4409685199707,5.0,90.0,300.0,525.0,1995.0,87947155.0,11825930.0,79832995.0,31158010.0,19349435.0,23675600.0,2749630.0,13.155072551814033,18.319818772432793,5.170446381253975,3.044522437723423,18.292246692070144,16.285805220744166,18.19544746066848,17.254581945093797,16.778173829728452,16.979955582141876,14.826977278821387,3.1780538303479458
Kelly Hollow,2024-05-01,182,5,2024,0.49999999999999994,-0.8660254037844387,40,127.0,96.0,70.0,177.375,161.5,86.05147162733921,97.66666666666667,100.5,151.16666666666666,40,158.0,223.66666666666666,516624,90405780.0,174.99338009848555,20.0,1272.4409685199707,5.0,90.0,300.0,525.0,1995.0,87947155.0,11825930.0,79832995.0,31158010.0,19349435.0,23675600.0,2749630.0,13.155072551814033,18.319818772432793,5.170446381253975,3.044522437723423,18.292246692070144,16.285805220744166,18.19544746066848,17.254581945093797,16.778173829728452,16.979955582141876,14.826977278821387,5.209486152841421
Lane Street,2024-05-01,54,5,2024,0.49999999999999994,-0.8660254037844387,40,36.0,28.0,27.0,46.58974358974359,48.0,22.44961369813925,30.333333333333332,30.833333333333332,42.916666666666664,39,63.0,66.0,516624,90405780.0,174.99338009848555,20.0,1272.4409685199707,5.0,90.0,300.0,525.0,1995.0,87947155.0,11825930.0,79832995.0,31158010.0,19349435.0,23675600.0,2749630.0,13.155072551814033,18.319818772432793,5.170446381253975,3.044522437723423,18.292246692070144,16.285805220744166,18.19544746066848,17.254581945093797,16.778173829728452,16.979955582141876,14.826977278821387,4.007333185232471
Millbrook to BLM FT,2024-05-01,289,5,2024,0.49999999999999994,-0.8660254037844387,40,143.0,215.0,178.0,240.575,218.0,94.93584540935917,178.66666666666666,186.5,254.58333333333334,40,273.0,250.66666666666666,516624,90405780.0,174.99338009848555,20.0,1272.4409685199707,5.0,90.0,300.0,525.0,1995.0,87947155.0,11825930.0,79832995.0,31158010.0,19349435.0,23675600.0,2749630.0,13.155072551814033,18.319818772432793,5.170446381253975,3.044522437723423,18.292246692070144,16.285805220744166,18.19544746066848,17.254581945093797,16.778173829728452,16.979955582141876,14.826977278821387,5.66988092298052
Mt Tremper,2024-05-01,19,5,2024,0.49999999999999994,-0.8660254037844387,40,64.0,123.0,103.0,247.45714285714286,248.0,125.27671556272888,96.66666666666667,140.33333333333334,216.58333333333334,35,297.0,331.6666666666667,516624,90405780.0,174.99338009848555,20.0,1272.4409685199707,5.0,90.0,300.0,525.0,1995.0,87947155.0,11825930.0,79832995.0,31158010.0,19349435.0,23675600.0,2749630.0,13.155072551814033,18.319818772432793,5.170446381253975,3.044522437723423,18.292246692070144,16.285805220744166,18.19544746066848,17.254581945093797,16.778173829728452,16.979955582141876,14.826977278821387,2.995732273553991
Neversink Hardenburgh Trail,2024-05-01,34,5,2024,0.49999999999999994,-0.8660254037844387,40,4.0,4.0,1.0,13.05,11.0,11.838550673595227,3.0,5.166666666666667,13.0,40,26.0,20.666666666666668,516624,90405780.0,174.99338009848555,20.0,1272.4409685199707,5.0,90.0,300.0,525.0,1995.0,87947155.0,11825930.0,79832995.0,31158010.0,19349435.0,23675600.0,2749630.0,13.155072551814033,18.319818772432793,5.170446381253975,3.044522437723423,18.292246692070144,16.285805220744166,18.19544746066848,17.254581945093797,16.778173829728452,16.979955582141876,14.826977278821387,3.5553480614894135
Overlook,2024-05-01,927,5,2024,0.49999999999999994,-0.8660254037844387,40,643.0,571.0,511.0,659.85,670.5,319.43720943126016,575.0,400.5,680.5,40,1047.0,950.6666666666666,516624,90405780.0,174.99338009848555,20.0,1272.4409685199707,5.0,90.0,300.0,525.0,1995.0,87947155.0,11825930.0,79832995.0,31158010.0,19349435.0,23675600.0,2749630.0,13.155072551814033,18.319818772432793,5.170446381253975,3.044522437723423,18.292246692070144,16.285805220744166,18.19544746066848,17.254581945093797,16.778173829728452,16.979955582141876,14.826977278821387,6.833031732786201
Rider Hollow,2024-05-01,98,5,2024,0.49999999999999994,-0.8660254037844387,40,103.0,166.0,189.0,169.2,161.0,58.15638147170397,152.66666666666666,141.5,144.41666666666666,35,224.0,209.5,516624,90405780.0,174.99338009848555,20.0,1272.4409685199707,5.0,90.0,300.0,525.0,1995.0,87947155.0,11825930.0,79832995.0,31158010.0,19349435.0,23675600.0,2749630.0,13.155072551814033,18.319818772432793,5.170446381253975,3.044522437723423,18.292246692070144,16.285805220744166,18.19544746066848,17.254581945093797,16.778173829728452,16.979955582141876,14.826977278821387,4.59511985013459
Rochester Hollow,2024-05-01,182,5,2024,0.49999999999999994,-0.8660254037844387,40,99.0,117.0,89.0,209.425,143.0,385.9782701137462,101.66666666666667,105.16666666666667,142.75,40,113.0,145.33333333333334,516624,90405780.0,174.99338009848555,20.0,1272.4409685199707,5.0,90.0,300.0,525.0,1995.0,87947155.0,11825930.0,79832995.0,31158010.0,19349435.0,23675600.0,2749630.0,13.155072551814033,18.319818772432793,5.170446381253975,3.044522437723423,18.292246692070144,16.285805220744166,18.19544746066848,17.254581945093797,16.778173829728452,16.979955582141876,14.826977278821387,5.209486152841421
Seager,2024-05-01,53,5,2024,0.49999999999999994,-0.8660254037844387,40,40.0,15.0,31.0,53.9,42.0,36.65556941626701,28.666666666666668,28.333333333333332,50.083333333333336,40,70.0,63.333333333333336,516624,90405780.0,174.99338009848555,20.0,1272.4409685199707,5.0,90.0,300.0,525.0,1995.0,87947155.0,11825930.0,79832995.0,31158010.0,19349435.0,23675600.0,2749630.0,13.155072551814033,18.319818772432793,5.170446381253975,3.044522437723423,18.292246692070144,16.285805220744166,18.19544746066848,17.254581945093797,16.778173829728452,16.979955582141876,14.826977278821387,3.9889840465642745
Wittenberg,2024-05-01,408,5,2024,0.49999999999999994,-0.8660254037844387,40,215.0,193.0,140.0,321.55,272.5,191.83739776041372,182.66666666666666,165.5,332.0833333333333,40,592.0,505.0,516624,90405780.0,174.99338009848555,20.0,1272.4409685199707,5.0,90.0,300.0,525.0,1995.0,87947155.0,11825930.0,79832995.0,31158010.0,19349435.0,23675600.0,2749630.0,13.155072551814033,18.319818772432793,5.170446381253975,3.044522437723423,18.292246692070144,16.285805220744166,18.19544746066848,17.254581945093797,16.778173829728452,16.979955582141876,14.826977278821387,6.013715156042802
Woodchuck Hollow,2024-05-01,1,5,2024,0.49999999999999994,-0.8660254037844387,40,1.0,5.0,1.0,3.4545454545454546,3.0,2.3447463610880166,2.3333333333333335,2.5,2.3333333333333335,22,6.0,5.333333333333333,516624,90405780.0,174.99338009848555,20.0,1272.4409685199707,5.0,90.0,300.0,525.0,1995.0,87947155.0,11825930.0,79832995.0,31158010.0,19349435.0,23675600.0,2749630.0,13.155072551814033,18.319818772432793,5.170446381253975,3.044522437723423,18.292246692070144,16.285805220744166,18.19544746066848,17.254581945093797,16.778173829728452,16.979955582141876,14.826977278821387,0.6931471805599453
Woodland Valley,2024-05-01,99,5,2024,0.49999999999999994,-0.8660254037844387,40,49.0,42.0,24.0,90.075,58.5,66.33264559622864,38.333333333333336,33.333333333333336,84.83333333333333,40,108.0,128.0,516624,90405780.0,174.99338009848555,20.0,1272.4409685199707,5.0,90.0,300.0,525.0,1995.0,87947155.0,11825930.0,79832995.0,31158010.0,19349435.0,23675600.0,2749630.0,13.155072551814033,18.319818772432793,5.170446381253975,3.044522437723423,18.292246692070144,16.285805220744166,18.19544746066848,17.254581945093797,16.778173829728452,16.979955582141876,14.826977278821387,4.605170185988092
Alder Lake,2024-06-01,168,6,2024,1.2246467991473532e-16,-1.0,41,147.0,127.0,63.0,150.3658536585366,134.0,104.07227202707766,112.33333333333333,78.33333333333333,143.25,41,234.0,242.0,531025,88931455.0,167.47131490984418,20.0,1292.6596954538422,5.0,90.0,290.0,500.0,1835.0,86396210.0,8041310.0,82205650.0,34254345.0,17178125.0,19606040.0,3883555.0,13.182566263243823,18.303376473669548,5.126765497376523,3.044522437723423,18.274454378645995,15.900102687563853,18.224734604622082,17.34932400513354,16.659147388244733,16.791348290998194,15.172261786719847,5.1298987149230735
Ashokan HP,2024-06-01,160,6,2024,1.2246467991473532e-16,-1.0,41,161.0,97.0,103.0,128.70731707317074,119.0,52.97558112113496,120.33333333333333,94.83333333333333,112.41666666666667,41,112.0,156.66666666666666,531025,88931455.0,167.47131490984418,20.0,1292.6596954538422,5.0,90.0,290.0,500.0,1835.0,86396210.0,8041310.0,82205650.0,34254345.0,17178125.0,19606040.0,3883555.0,13.182566263243823,18.303376473669548,5.126765497376523,3.044522437723423,18.274454378645995,15.900102687563853,18.224734604622082,17.34932400513354,16.659147388244733,16.791348290998194,15.172261786719847,5.081404364984463
Beaverkill Road to BLM FT,2024-06-01,190,6,2024,1.2246467991473532e-16,-1.0,41,189.0,110.0,82.0,151.5121951219512,135.0,81.94697125312794,127.0,96.5,151.58333333333334,41,238.0,207.33333333333334,531025,88931455.0,167.47131490984418,20.0,1292.6596954538422,5.0,90.0,290.0,500.0,1835.0,86396210.0,8041310.0,82205650.0,34254345.0,17178125.0,19606040.0,3883555.0,13.182566263243823,18.303376473669548,5.126765497376523,3.044522437723423,18.274454378645995,15.900102687563853,18.224734604622082,17.34932400513354,16.659147388244733,16.791348290998194,15.172261786719847,5.25227342804663
Cathedral Glen,2024-06-01,30,6,2024,1.2246467991473532e-16,-1.0,41,19.0,21.0,10.0,9.969696969696969,9.0,6.988762625122064,16.666666666666668,11.833333333333334,10.333333333333334,33,3.0,15.0,531025,88931455.0,167.47131490984418,20.0,1292.6596954538422,5.0,90.0,290.0,500.0,1835.0,86396210.0,8041310.0,82205650.0,34254345.0,17178125.0,19606040.0,3883555.0,13.182566263243823,18.303376473669548,5.126765497376523,3.044522437723423,18.274454378645995,15.900102687563853,18.224734604622082,17.34932400513354,16.659147388244733,16.791348290998194,15.172261786719847,3.4339872044851463
Denning,2024-06-01,281,6,2024,1.2246467991473532e-16,-1.0,41,260.0,233.0,204.0,211.6341463414634,210.0,104.86199409165386,232.33333333333334,157.16666666666666,202.66666666666666,41,272.0,363.6666666666667,531025,88931455.0,167.47131490984418,20.0,1292.6596954538422,5.0,90.0,290.0,500.0,1835.0,86396210.0,8041310.0,82205650.0,34254345.0,17178125.0,19606040.0,3883555.0,13.182566263243823,18.303376473669548,5.126765497376523,3.044522437723423,18.274454378645995,15.900102687563853,18.224734604622082,17.34932400513354,16.659147388244733,16.791348290998194,15.172261786719847,5.641907070938114
Dry Brook Ridge to Lean-to,2024-06-01,20,6,2024,1.2246467991473532e-16,-1.0,41,17.0,13.0,10.0,23.170731707317074,21.0,13.296432677647774,13.333333333333334,14.166666666666666,19.583333333333332,41,49.0,32.333333333333336,531025,88931455.0,167.47131490984418,20.0,1292.6596954538422,5.0,90.0,290.0,500.0,1835.0,86396210.0,8041310.0,82205650.0,34254345.0,17178125.0,19606040.0,3883555.0,13.182566263243823,18.303376473669548,5.126765497376523,3.044522437723423,18.274454378645995,15.900102687563853,18.224734604622082,17.34932400513354,16.659147388244733,16.791348290998194,15.172261786719847,3.044522437723423
Flynn,2024-06-01,30,6,2024,1.2246467991473532e-16,-1.0,41,24.0,18.0,12.0,42.68292682926829,35.0,31.222939503184385,18.0,14.5,33.833333333333336,41,35.0,81.66666666666667,531025,88931455.0,167.47131490984418,20.0,1292.6596954538422,5.0,90.0,290.0,500.0,1835.0,86396210.0,8041310.0,82205650.0,34254345.0,17178125.0,19606040.0,3883555.0,13.182566263243823,18.303376473669548,5.126765497376523,3.044522437723423,18.274454378645995,15.900102687563853,18.224734604622082,17.34932400513354,16.659147388244733,16.791348290998194,15.172261786719847,3.4339872044851463
Fox Hollow,2024-06-01,64,6,2024,1.2246467991473532e-16,-1.0,41,71.0,48.0,40.0,83.4390243902439,88.0,37.83057545193293,53.0,50.833333333333336,76.08333333333333,41,88.0,98.33333333333333,531025,88931455.0,167.47131490984418,20.0,1292.6596954538422,5.0,90.0,290.0,500.0,1835.0,86396210.0,8041310.0,82205650.0,34254345.0,17178125.0,19606040.0,3883555.0,13.182566263243823,18.303376473669548,5.126765497376523,3.044522437723423,18.274454378645995,15.900102687563853,18.224734604622082,17.34932400513354,16.659147388244733,16.791348290998194,15.172261786719847,4.174387269895637
Frick Pond,2024-06-01,131,6,2024,1.2246467991473532e-16,-1.0,41,125.0,70.0,45.0,117.78048780487805,110.0,70.42389942168849,80.0,64.5,111.08333333333333,41,166.0,152.33333333333334,531025,88931455.0,167.47131490984418,20.0,1292.6596954538422,5.0,90.0,290.0,500.0,1835.0,86396210.0,8041310.0,82205650.0,34254345.0,17178125.0,19606040.0,3883555.0,13.182566263243823,18.303376473669548,5.126765497376523,3.044522437723423,18.274454378645995,15.900102687563853,18.224734604622082,17.34932400513354,16.659147388244733,16.791348290998194,15.172261786719847,4.882801922586371
Hardenburgh- MH Trail,2024-06-01,17,6,2024,1.2246467991473532e-16,-1.0,41,23.0,1.0,4.0,7.414634146341464,6.0,5.995730188042561,9.333333333333334,7.833333333333333,7.166666666666667,41,5.0,9.0,531025,88931455.0,167.47131490984418,20.0,1292.6596954538422,5.0,90.0,290.0,500.0,1835.0,86396210.0,8041310.0,82205650.0,34254345.0,17178125.0,19606040.0,3883555.0,13.182566263243823,18.303376473669548,5.126765497376523,3.044522437723423,18.274454378645995,15.900102687563853,18.224734604622082,17.34932400513354,16.659147388244733,16.791348290998194,15.172261786719847,2.8903717578961645
Kelly Hollow,2024-06-01,156,6,2024,1.2246467991473532e-16,-1.0,41,182.0,127.0,96.0,177.4878048780488,165.0,84.97209010940576,135.0,105.16666666666667,153.16666666666666,41,151.0,217.33333333333334,531025,88931455.0,167.47131490984418,20.0,1292.6596954538422,5.0,90.0,290.0,500.0,1835.0,86396210.0,8041310.0,82205650.0,34254345.0,17178125.0,19606040.0,3883555.0,13.182566263243823,18.303376473669548,5.126765497376523,3.044522437723423,18.274454378645995,15.900102687563853,18.224734604622082,17.34932400513354,16.659147388244733,16.791348290998194,15.172261786719847,5.056245805348308
Lane Street,2024-06-01,71,6,2024,1.2246467991473532e-16,-1.0,41,54.0,36.0,28.0,46.775,48.5,22.190882281023807,39.333333333333336,30.333333333333332,42.166666666666664,40,51.0,53.0,531025,88931455.0,167.47131490984418,20.0,1292.6596954538422,5.0,90.0,290.0,500.0,1835.0,86396210.0,8041310.0,82205650.0,34254345.0,17178125.0,19606040.0,3883555.0,13.182566263243823,18.303376473669548,5.126765497376523,3.044522437723423,18.274454378645995,15.900102687563853,18.224734604622082,17.34932400513354,16.659147388244733,16.791348290998194,15.172261786719847,4.276666119016055
Millbrook to BLM FT,2024-06-01,303,6,2024,1.2246467991473532e-16,-1.0,41,289.0,143.0,215.0,241.7560975609756,221.0,94.04620685806655,215.66666666666666,187.33333333333334,255.91666666666666,41,260.0,287.6666666666667,531025,88931455.0,167.47131490984418,20.0,1292.6596954538422,5.0,90.0,290.0,500.0,1835.0,86396210.0,8041310.0,82205650.0,34254345.0,17178125.0,19606040.0,3883555.0,13.182566263243823,18.303376473669548,5.126765497376523,3.044522437723423,18.274454378645995,15.900102687563853,18.224734604622082,17.34932400513354,16.659147388244733,16.791348290998194,15.172261786719847,5.717027701406222
Mt Tremper,2024-06-01,22,6,2024,1.2246467991473532e-16,-1.0,41,19.0,64.0,123.0,241.11111111111111,246.0,129.2116265838506,68.66666666666667,98.66666666666667,193.41666666666666,36,288.0,289.3333333333333,531025,88931455.0,167.47131490984418,20.0,1292.6596954538422,5.0,90.0,290.0,500.0,1835.0,86396210.0,8041310.0,82205650.0,34254345.0,17178125.0,19606040.0,3883555.0,13.182566263243823,18.303376473669548,5.126765497376523,3.044522437723423,18.274454378645995,15.900102687563853,18.224734604622082,17.34932400513354,16.659147388244733,16.791348290998194,15.172261786719847,3.1354942159291497
Neversink Hardenburgh Trail,2024-06-01,13,6,2024,1.2246467991473532e-16,-1.0,41,34.0,4.0,4.0,13.560975609756097,11.0,12.138881292128621,14.0,8.833333333333334,13.666666666666666,41,11.0,17.666666666666668,531025,88931455.0,167.47131490984418,20.0,1292.6596954538422,5.0,90.0,290.0,500.0,1835.0,86396210.0,8041310.0,82205650.0,34254345.0,17178125.0,19606040.0,3883555.0,13.182566263243823,18.303376473669548,5.126765497376523,3.044522437723423,18.274454378645995,15.900102687563853,18.224734604622082,17.34932400513354,16.659147388244733,16.791348290998194,15.172261786719847,2.6390573296152584
Overlook,2024-06-01,856,6,2024,1.2246467991473532e-16,-1.0,41,927.0,643.0,571.0,666.3658536585366,698.0,318.1663681234678,713.6666666666666,519.6666666666666,670.5,41,885.0,952.6666666666666,531025,88931455.0,167.47131490984418,20.0,1292.6596954538422,5.0,90.0,290.0,500.0,1835.0,86396210.0,8041310.0,82205650.0,34254345.0,17178125.0,19606040.0,3883555.0,13.182566263243823,18.303376473669548,5.126765497376523,3.044522437723423,18.274454378645995,15.900102687563853,18.224734604622082,17.34932400513354,16.659147388244733,16.791348290998194,15.172261786719847,6.75343791859778
Rider Hollow,2024-06-01,93,6,2024,1.2246467991473532e-16,-1.0,41,98.0,103.0,166.0,167.22222222222223,158.0,58.535025466375316,122.33333333333333,133.66666666666666,133.91666666666666,36,77.0,134.66666666666666,531025,88931455.0,167.47131490984418,20.0,1292.6596954538422,5.0,90.0,290.0,500.0,1835.0,86396210.0,8041310.0,82205650.0,34254345.0,17178125.0,19606040.0,3883555.0,13.182566263243823,18.303376473669548,5.126765497376523,3.044522437723423,18.274454378645995,15.900102687563853,18.224734604622082,17.34932400513354,16.659147388244733,16.791348290998194,15.172261786719847,4.543294782270004
Rochester Hollow,2024-06-01,113,6,2024,1.2246467991473532e-16,-1.0,41,182.0,99.0,117.0,208.7560975609756,146.0,381.1470700718953,132.66666666666666,110.5,148.5,41,131.0,177.0,531025,88931455.0,167.47131490984418,20.0,1292.6596954538422,5.0,90.0,290.0,500.0,1835.0,86396210.0,8041310.0,82205650.0,34254345.0,17178125.0,19606040.0,3883555.0,13.182566263243823,18.303376473669548,5.126765497376523,3.044522437723423,18.274454378645995,15.900102687563853,18.224734604622082,17.34932400513354,16.659147388244733,16.791348290998194,15.172261786719847,4.736198448394496
Seager,2024-06-01,73,6,2024,1.2246467991473532e-16,-1.0,41,53.0,40.0,15.0,53.8780487804878,43.0,36.19474763135614,36.0,30.833333333333332,48.666666666666664,41,61.0,68.33333333333333,531025,88931455.0,167.47131490984418,20.0,1292.6596954538422,5.0,90.0,290.0,500.0,1835.0,86396210.0,8041310.0,82205650.0,34254345.0,17178125.0,19606040.0,3883555.0,13.182566263243823,18.303376473669548,5.126765497376523,3.044522437723423,18.274454378645995,15.900102687563853,18.224734604622082,17.34932400513354,16.659147388244733,16.791348290998194,15.172261786719847,4.30406509320417
Slide Mt,2024-06-01,593,6,2024,1.2246467991473532e-16,-1.0,41,606.0,794.0,587.0,569.4375,588.0,205.61864756341157,662.3333333333334,543.6666666666666,512.9166666666666,32,587.0,656.3333333333334,531025,88931455.0,167.47131490984418,20.0,1292.6596954538422,5.0,90.0,290.0,500.0,1835.0,86396210.0,8041310.0,82205650.0,34254345.0,17178125.0,19606040.0,3883555.0,13.182566263243823,18.303376473669548,5.126765497376523,3.044522437723423,18.274454378645995,15.900102687563853,18.224734604622082,17.34932400513354,16.659147388244733,16.791348290998194,15.172261786719847,6.386879319362645
Wittenberg,2024-06-01,469,6,2024,1.2246467991473532e-16,-1.0,41,408.0,215.0,193.0,323.6585365853659,283.0,189.90479321966808,272.0,186.33333333333334,316.75,41,469.0,496.3333333333333,531025,88931455.0,167.47131490984418,20.0,1292.6596954538422,5.0,90.0,290.0,500.0,1835.0,86396210.0,8041310.0,82205650.0,34254345.0,17178125.0,19606040.0,3883555.0,13.182566263243823,18.303376473669548,5.126765497376523,3.044522437723423,18.274454378645995,15.900102687563853,18.224734604622082,17.34932400513354,16.659147388244733,16.791348290998194,15.172261786719847,6.152732694704104
Woodland Valley,2024-06-01,70,6,2024,1.2246467991473532e-16,-1.0,41,99.0,49.0,42.0,90.29268292682927,62.0,65.51306888798563,63.333333333333336,42.0,84.08333333333333,41,119.0,155.66666666666666,531025,88931455.0,167.47131490984418,20.0,1292.6596954538422,5.0,90.0,290.0,500.0,1835.0,86396210.0,8041310.0,82205650.0,34254345.0,17178125.0,19606040.0,3883555.0,13.182566263243823,18.303376473669548,5.126765497376523,3.044522437723423,18.274454378645995,15.900102687563853,18.224734604622082,17.34932400513354,16.659147388244733,16.791348290998194,15.172261786719847,4.2626798770413155
Alder Lake,2024-07-01,299,7,2024,-0.4999999999999998,-0.8660254037844388,42,168.0,147.0,127.0,150.78571428571428,140.5,102.831269732719,147.33333333333334,98.83333333333333,137.75,42,310.0,345.3333333333333,536263,88028220.0,164.15120938793092,20.0,1257.9121911978305,5.0,90.0,285.0,490.0,1815.0,85128770.0,7095330.0,82355670.0,34448980.0,14766610.0,19186100.0,5070185.0,13.192381856109684,18.293168014213233,5.106861474776568,3.044522437723423,18.259675621012224,15.774947520060318,18.22655787681917,17.354989975886326,16.507879176588457,16.76969666860136,15.438888061284969,5.703782474656201
Ashokan HP,2024-07-01,149,7,2024,-0.4999999999999998,-0.8660254037844388,42,160.0,161.0,97.0,129.45238095238096,119.5,52.54786546496923,139.33333333333334,112.0,116.41666666666667,42,180.0,220.33333333333334,536263,88028220.0,164.15120938793092,20.0,1257.9121911978305,5.0,90.0,285.0,490.0,1815.0,85128770.0,7095330.0,82355670.0,34448980.0,14766610.0,19186100.0,5070185.0,13.192381856109684,18.293168014213233,5.106861474776568,3.044522437723423,18.259675621012224,15.774947520060318,18.22655787681917,17.354989975886326,16.507879176588457,16.76969666860136,15.438888061284969,5.0106352940962555
Beaverkill Road to BLM FT,2024-07-01,193,7,2024,-0.4999999999999998,-0.8660254037844388,42,190.0,189.0,110.0,152.42857142857142,135.0,81.15902572385892,163.0,114.16666666666667,147.58333333333334,42,207.0,264.3333333333333,536263,88028220.0,164.15120938793092,20.0,1257.9121911978305,5.0,90.0,285.0,490.0,1815.0,85128770.0,7095330.0,82355670.0,34448980.0,14766610.0,19186100.0,5070185.0,13.192381856109684,18.293168014213233,5.106861474776568,3.044522437723423,18.259675621012224,15.774947520060318,18.22655787681917,17.354989975886326,16.507879176588457,16.76969666860136,15.438888061284969,5.267858159063328
Cathedral Glen,2024-07-01,6,7,2024,-0.4999999999999998,-0.8660254037844388,42,30.0,19.0,21.0,10.558823529411764,9.0,7.691755430607377,23.333333333333332,16.166666666666668,12.583333333333334,34,11.0,10.0,536263,88028220.0,164.15120938793092,20.0,1257.9121911978305,5.0,90.0,285.0,490.0,1815.0,85128770.0,7095330.0,82355670.0,34448980.0,14766610.0,19186100.0,5070185.0,13.192381856109684,18.293168014213233,5.106861474776568,3.044522437723423,18.259675621012224,15.774947520060318,18.22655787681917,17.354989975886326,16.507879176588457,16.76969666860136,15.438888061284969,1.9459101490553132
Denning,2024-07-01,293,7,2024,-0.4999999999999998,-0.8660254037844388,42,281.0,260.0,233.0,213.28571428571428,217.0,104.12686579929633,258.0,191.33333333333334,203.41666666666666,42,310.0,315.0,536263,88028220.0,164.15120938793092,20.0,1257.9121911978305,5.0,90.0,285.0,490.0,1815.0,85128770.0,7095330.0,82355670.0,34448980.0,14766610.0,19186100.0,5070185.0,13.192381856109684,18.293168014213233,5.106861474776568,3.044522437723423,18.259675621012224,15.774947520060318,18.22655787681917,17.354989975886326,16.507879176588457,16.76969666860136,15.438888061284969,5.683579767338681
Dry Brook Ridge to Lean-to,2024-07-01,46,7,2024,-0.4999999999999998,-0.8660254037844388,42,20.0,17.0,13.0,23.095238095238095,21.0,13.142390033612095,16.666666666666668,15.5,17.166666666666668,42,22.0,39.333333333333336,536263,88028220.0,164.15120938793092,20.0,1257.9121911978305,5.0,90.0,285.0,490.0,1815.0,85128770.0,7095330.0,82355670.0,34448980.0,14766610.0,19186100.0,5070185.0,13.192381856109684,18.293168014213233,5.106861474776568,3.044522437723423,18.259675621012224,15.774947520060318,18.22655787681917,17.354989975886326,16.507879176588457,16.76969666860136,15.438888061284969,3.8501476017100584
Flynn,2024-07-01,64,7,2024,-0.4999999999999998,-0.8660254037844388,42,30.0,24.0,18.0,42.38095238095238,34.5,30.901852798625537,24.0,18.166666666666668,33.416666666666664,42,82.0,79.0,536263,88028220.0,164.15120938793092,20.0,1257.9121911978305,5.0,90.0,285.0,490.0,1815.0,85128770.0,7095330.0,82355670.0,34448980.0,14766610.0,19186100.0,5070185.0,13.192381856109684,18.293168014213233,5.106861474776568,3.044522437723423,18.259675621012224,15.774947520060318,18.22655787681917,17.354989975886326,16.507879176588457,16.76969666860136,15.438888061284969,4.174387269895637
Fox Hollow,2024-07-01,98,7,2024,-0.4999999999999998,-0.8660254037844388,42,64.0,71.0,48.0,82.97619047619048,88.0,37.48657521992282,61.0,51.666666666666664,74.08333333333333,42,88.0,109.0,536263,88028220.0,164.15120938793092,20.0,1257.9121911978305,5.0,90.0,285.0,490.0,1815.0,85128770.0,7095330.0,82355670.0,34448980.0,14766610.0,19186100.0,5070185.0,13.192381856109684,18.293168014213233,5.106861474776568,3.044522437723423,18.259675621012224,15.774947520060318,18.22655787681917,17.354989975886326,16.507879176588457,16.76969666860136,15.438888061284969,4.59511985013459
Frick Pond,2024-07-01,209,7,2024,-0.4999999999999998,-0.8660254037844388,42,131.0,125.0,70.0,118.0952380952381,110.5,69.58967176094154,108.66666666666667,76.5,108.16666666666667,42,204.0,237.33333333333334,536263,88028220.0,164.15120938793092,20.0,1257.9121911978305,5.0,90.0,285.0,490.0,1815.0,85128770.0,7095330.0,82355670.0,34448980.0,14766610.0,19186100.0,5070185.0,13.192381856109684,18.293168014213233,5.106861474776568,3.044522437723423,18.259675621012224,15.774947520060318,18.22655787681917,17.354989975886326,16.507879176588457,16.76969666860136,15.438888061284969,5.3471075307174685
Giant Ledge,2024-07-01,150,7,2024,-0.4999999999999998,-0.8660254037844388,42,333.0,253.0,276.0,569.578947368421,520.5,287.64097663006896,287.3333333333333,444.5,477.3333333333333,38,712.0,830.6666666666666,536263,88028220.0,164.15120938793092,20.0,1257.9121911978305,5.0,90.0,285.0,490.0,1815.0,85128770.0,7095330.0,82355670.0,34448980.0,14766610.0,19186100.0,5070185.0,13.192381856109684,18.293168014213233,5.106861474776568,3.044522437723423,18.259675621012224,15.774947520060318,18.22655787681917,17.354989975886326,16.507879176588457,16.76969666860136,15.438888061284969,5.017279836814924
Hardenburgh- MH Trail,2024-07-01,16,7,2024,-0.4999999999999998,-0.8660254037844388,42,17.0,23.0,1.0,7.642857142857143,6.5,6.104062735714067,13.666666666666666,10.666666666666666,8.166666666666666,42,10.0,13.666666666666666,536263,88028220.0,164.15120938793092,20.0,1257.9121911978305,5.0,90.0,285.0,490.0,1815.0,85128770.0,7095330.0,82355670.0,34448980.0,14766610.0,19186100.0,5070185.0,13.192381856109684,18.293168014213233,5.106861474776568,3.044522437723423,18.259675621012224,15.774947520060318,18.22655787681917,17.354989975886326,16.507879176588457,16.76969666860136,15.438888061284969,2.833213344056216
Kelly Hollow,2024-07-01,215,7,2024,-0.4999999999999998,-0.8660254037844388,42,156.0,182.0,127.0,176.97619047619048,161.5,83.99491508861306,155.0,112.5,153.58333333333334,42,279.0,309.0,536263,88028220.0,164.15120938793092,20.0,1257.9121911978305,5.0,90.0,285.0,490.0,1815.0,85128770.0,7095330.0,82355670.0,34448980.0,14766610.0,19186100.0,5070185.0,13.192381856109684,18.293168014213233,5.106861474776568,3.044522437723423,18.259675621012224,15.774947520060318,18.22655787681917,17.354989975886326,16.507879176588457,16.76969666860136,15.438888061284969,5.375278407684165
Lane Street,2024-07-01,81,7,2024,-0.4999999999999998,-0.8660254037844388,42,71.0,54.0,36.0,47.36585365853659,49.0,22.23595747608024,53.666666666666664,38.166666666666664,43.833333333333336,41,56.0,70.33333333333333,536263,88028220.0,164.15120938793092,20.0,1257.9121911978305,5.0,90.0,285.0,490.0,1815.0,85128770.0,7095330.0,82355670.0,34448980.0,14766610.0,19186100.0,5070185.0,13.192381856109684,18.293168014213233,5.106861474776568,3.044522437723423,18.259675621012224,15.774947520060318,18.22655787681917,17.354989975886326,16.507879176588457,16.76969666860136,15.438888061284969,4.406719247264253
Millbrook to BLM FT,2024-07-01,363,7,2024,-0.4999999999999998,-0.8660254037844388,42,303.0,289.0,143.0,243.21428571428572,224.0,93.37167683426921,245.0,208.33333333333334,259.5,42,373.0,362.3333333333333,536263,88028220.0,164.15120938793092,20.0,1257.9121911978305,5.0,90.0,285.0,490.0,1815.0,85128770.0,7095330.0,82355670.0,34448980.0,14766610.0,19186100.0,5070185.0,13.192381856109684,18.293168014213233,5.106861474776568,3.044522437723423,18.259675621012224,15.774947520060318,18.22655787681917,17.354989975886326,16.507879176588457,16.76969666860136,15.438888061284969,5.8971538676367405
Mt Tremper,2024-07-01,35,7,2024,-0.4999999999999998,-0.8660254037844388,42,22.0,19.0,64.0,235.1891891891892,244.0,132.39877429733042,35.0,73.0,171.25,37,257.0,368.3333333333333,536263,88028220.0,164.15120938793092,20.0,1257.9121911978305,5.0,90.0,285.0,490.0,1815.0,85128770.0,7095330.0,82355670.0,34448980.0,14766610.0,19186100.0,5070185.0,13.192381856109684,18.293168014213233,5.106861474776568,3.044522437723423,18.259675621012224,15.774947520060318,18.22655787681917,17.354989975886326,16.507879176588457,16.76969666860136,15.438888061284969,3.58351893845611
Neversink Hardenburgh Trail,2024-07-01,21,7,2024,-0.4999999999999998,-0.8660254037844388,42,13.0,34.0,4.0,13.547619047619047,11.5,11.990244776590474,17.0,9.333333333333334,13.833333333333334,42,15.0,32.0,536263,88028220.0,164.15120938793092,20.0,1257.9121911978305,5.0,90.0,285.0,490.0,1815.0,85128770.0,7095330.0,82355670.0,34448980.0,14766610.0,19186100.0,5070185.0,13.192381856109684,18.293168014213233,5.106861474776568,3.044522437723423,18.259675621012224,15.774947520060318,18.22655787681917,17.354989975886326,16.507879176588457,16.76969666860136,15.438888061284969,3.091042453358316
Overlook,2024-07-01,1030,7,2024,-0.4999999999999998,-0.8660254037844388,42,856.0,927.0,643.0,670.8809523809524,703.5,315.6216631704571,808.6666666666666,629.0,668.0833333333334,42,988.0,1064.3333333333333,536263,88028220.0,164.15120938793092,20.0,1257.9121911978305,5.0,90.0,285.0,490.0,1815.0,85128770.0,7095330.0,82355670.0,34448980.0,14766610.0,19186100.0,5070185.0,13.192381856109684,18.293168014213233,5.106861474776568,3.044522437723423,18.259675621012224,15.774947520060318,18.22655787681917,17.354989975886326,16.507879176588457,16.76969666860136,15.438888061284969,6.93828448401696
Rider Hollow,2024-07-01,128,7,2024,-0.4999999999999998,-0.8660254037844388,42,93.0,98.0,103.0,165.21621621621622,155.0,58.992059322107615,98.0,127.83333333333333,135.25,37,182.0,206.5,536263,88028220.0,164.15120938793092,20.0,1257.9121911978305,5.0,90.0,285.0,490.0,1815.0,85128770.0,7095330.0,82355670.0,34448980.0,14766610.0,19186100.0,5070185.0,13.192381856109684,18.293168014213233,5.106861474776568,3.044522437723423,18.259675621012224,15.774947520060318,18.22655787681917,17.354989975886326,16.507879176588457,16.76969666860136,15.438888061284969,4.859812404361672
Rochester Hollow,2024-07-01,229,7,2024,-0.4999999999999998,-0.8660254037844388,42,113.0,182.0,99.0,206.47619047619048,143.0,376.7600800985493,131.33333333333334,108.5,147.0,42,242.0,267.0,536263,88028220.0,164.15120938793092,20.0,1257.9121911978305,5.0,90.0,285.0,490.0,1815.0,85128770.0,7095330.0,82355670.0,34448980.0,14766610.0,19186100.0,5070185.0,13.192381856109684,18.293168014213233,5.106861474776568,3.044522437723423,18.259675621012224,15.774947520060318,18.22655787681917,17.354989975886326,16.507879176588457,16.76969666860136,15.438888061284969,5.438079308923196
Seager,2024-07-01,78,7,2024,-0.4999999999999998,-0.8660254037844388,42,73.0,53.0,40.0,54.333333333333336,44.5,35.87217596034677,55.333333333333336,39.333333333333336,49.666666666666664,42,101.0,114.33333333333333,536263,88028220.0,164.15120938793092,20.0,1257.9121911978305,5.0,90.0,285.0,490.0,1815.0,85128770.0,7095330.0,82355670.0,34448980.0,14766610.0,19186100.0,5070185.0,13.192381856109684,18.293168014213233,5.106861474776568,3.044522437723423,18.259675621012224,15.774947520060318,18.22655787681917,17.354989975886326,16.507879176588457,16.76969666860136,15.438888061284969,4.3694478524670215
Slide Mt,2024-07-01,868,7,2024,-0.4999999999999998,-0.8660254037844388,42,593.0,606.0,794.0,570.1515151515151,589.0,202.42191723170092,664.3333333333334,596.3333333333334,501.0833333333333,33,794.0,815.0,536263,88028220.0,164.15120938793092,20.0,1257.9121911978305,5.0,90.0,285.0,490.0,1815.0,85128770.0,7095330.0,82355670.0,34448980.0,14766610.0,19186100.0,5070185.0,13.192381856109684,18.293168014213233,5.106861474776568,3.044522437723423,18.259675621012224,15.774947520060318,18.22655787681917,17.354989975886326,16.507879176588457,16.76969666860136,15.438888061284969,6.767343125265392
Wittenberg,2024-07-01,520,7,2024,-0.4999999999999998,-0.8660254037844388,42,469.0,408.0,215.0,327.1190476190476,284.5,188.9105095116439,364.0,247.0,316.75,42,585.0,554.3333333333334,536263,88028220.0,164.15120938793092,20.0,1257.9121911978305,5.0,90.0,285.0,490.0,1815.0,85128770.0,7095330.0,82355670.0,34448980.0,14766610.0,19186100.0,5070185.0,13.192381856109684,18.293168014213233,5.106861474776568,3.044522437723423,18.259675621012224,15.774947520060318,18.22655787681917,17.354989975886326,16.507879176588457,16.76969666860136,15.438888061284969,6.255750041753367
Woodchuck Hollow,2024-07-01,5,7,2024,-0.4999999999999998,-0.8660254037844388,42,1.0,1.0,5.0,3.347826086956522,3.0,2.3473136609590335,2.3333333333333335,1.6666666666666667,2.1666666666666665,23,6.0,6.0,536263,88028220.0,164.15120938793092,20.0,1257.9121911978305,5.0,90.0,285.0,490.0,1815.0,85128770.0,7095330.0,82355670.0,34448980.0,14766610.0,19186100.0,5070185.0,13.192381856109684,18.293168014213233,5.106861474776568,3.044522437723423,18.259675621012224,15.774947520060318,18.22655787681917,17.354989975886326,16.507879176588457,16.76969666860136,15.438888061284969,1.791759469228055
Woodland Valley,2024-07-01,12,7,2024,-0.4999999999999998,-0.8660254037844388,42,70.0,99.0,49.0,89.80952380952381,66.0,64.78491170892777,72.66666666666667,49.5,80.0,42,186.0,205.66666666666666,536263,88028220.0,164.15120938793092,20.0,1257.9121911978305,5.0,90.0,285.0,490.0,1815.0,85128770.0,7095330.0,82355670.0,34448980.0,14766610.0,19186100.0,5070185.0,13.192381856109684,18.293168014213233,5.106861474776568,3.044522437723423,18.259675621012224,15.774947520060318,18.22655787681917,17.354989975886326,16.507879176588457,16.76969666860136,15.438888061284969,2.5649493574615367
Alder Lake,2024-08-01,303,8,2024,-0.8660254037844384,-0.5000000000000004,43,299.0,168.0,147.0,154.2325581395349,147.0,104.08349148853036,204.66666666666666,143.16666666666666,136.83333333333334,43,280.0,296.6666666666667,565140,106099520.0,187.74024135612416,25.0,1474.308232817706,5.0,95.0,310.0,550.0,2265.0,101797980.0,9145695.0,98404605.0,43639920.0,20860785.0,22993405.0,3714345.0,13.244830536516403,18.47988808896516,5.2403716853680615,3.258096538021482,18.438500828878126,16.028793944073485,18.404598169870066,17.591482908661696,16.85338168659693,16.950718037136195,15.127713177567957,5.717027701406222
Ashokan HP,2024-08-01,191,8,2024,-0.8660254037844384,-0.5000000000000004,43,149.0,160.0,161.0,129.90697674418604,120.0,52.00403553639731,156.66666666666666,127.0,113.83333333333333,43,149.0,161.0,565140,106099520.0,187.74024135612416,25.0,1474.308232817706,5.0,95.0,310.0,550.0,2265.0,101797980.0,9145695.0,98404605.0,43639920.0,20860785.0,22993405.0,3714345.0,13.244830536516403,18.47988808896516,5.2403716853680615,3.258096538021482,18.438500828878126,16.028793944073485,18.404598169870066,17.591482908661696,16.85338168659693,16.950718037136195,15.127713177567957,5.2574953720277815
Beaverkill Road to BLM FT,2024-08-01,196,8,2024,-0.8660254037844384,-0.5000000000000004,43,193.0,190.0,189.0,153.37209302325581,135.0,80.42536417485348,190.66666666666666,140.83333333333334,146.41666666666666,43,285.0,226.66666666666666,565140,106099520.0,187.74024135612416,25.0,1474.308232817706,5.0,95.0,310.0,550.0,2265.0,101797980.0,9145695.0,98404605.0,43639920.0,20860785.0,22993405.0,3714345.0,13.244830536516403,18.47988808896516,5.2403716853680615,3.258096538021482,18.438500828878126,16.028793944073485,18.404598169870066,17.591482908661696,16.85338168659693,16.950718037136195,15.127713177567957,5.2832037287379885
Cathedral Glen,2024-08-01,32,8,2024,-0.8660254037844384,-0.5000000000000004,43,6.0,30.0,19.0,10.428571428571429,9.0,7.6168764413432015,18.333333333333332,16.166666666666668,12.166666666666666,35,12.0,10.0,565140,106099520.0,187.74024135612416,25.0,1474.308232817706,5.0,95.0,310.0,550.0,2265.0,101797980.0,9145695.0,98404605.0,43639920.0,20860785.0,22993405.0,3714345.0,13.244830536516403,18.47988808896516,5.2403716853680615,3.258096538021482,18.438500828878126,16.028793944073485,18.404598169870066,17.591482908661696,16.85338168659693,16.950718037136195,15.127713177567957,3.4965075614664802
Denning,2024-08-01,270,8,2024,-0.8660254037844384,-0.5000000000000004,43,293.0,281.0,260.0,215.13953488372093,224.0,103.59550031489205,278.0,230.33333333333334,202.0,43,292.0,305.3333333333333,565140,106099520.0,187.74024135612416,25.0,1474.308232817706,5.0,95.0,310.0,550.0,2265.0,101797980.0,9145695.0,98404605.0,43639920.0,20860785.0,22993405.0,3714345.0,13.244830536516403,18.47988808896516,5.2403716853680615,3.258096538021482,18.438500828878126,16.028793944073485,18.404598169870066,17.591482908661696,16.85338168659693,16.950718037136195,15.127713177567957,5.602118820879701
Dry Brook Ridge to Lean-to,2024-08-01,33,8,2024,-0.8660254037844384,-0.5000000000000004,43,46.0,20.0,17.0,23.627906976744185,21.0,13.446584370360968,27.666666666666668,21.333333333333332,19.166666666666668,43,22.0,29.666666666666668,565140,106099520.0,187.74024135612416,25.0,1474.308232817706,5.0,95.0,310.0,550.0,2265.0,101797980.0,9145695.0,98404605.0,43639920.0,20860785.0,22993405.0,3714345.0,13.244830536516403,18.47988808896516,5.2403716853680615,3.258096538021482,18.438500828878126,16.028793944073485,18.404598169870066,17.591482908661696,16.85338168659693,16.950718037136195,15.127713177567957,3.5263605246161616
Flynn,2024-08-01,25,8,2024,-0.8660254037844384,-0.5000000000000004,43,64.0,30.0,24.0,42.883720930232556,35.0,30.709242677490888,39.333333333333336,26.833333333333332,31.916666666666668,43,95.0,97.66666666666667,565140,106099520.0,187.74024135612416,25.0,1474.308232817706,5.0,95.0,310.0,550.0,2265.0,101797980.0,9145695.0,98404605.0,43639920.0,20860785.0,22993405.0,3714345.0,13.244830536516403,18.47988808896516,5.2403716853680615,3.258096538021482,18.438500828878126,16.028793944073485,18.404598169870066,17.591482908661696,16.85338168659693,16.950718037136195,15.127713177567957,3.258096538021482
Fox Hollow,2024-08-01,114,8,2024,-0.8660254037844384,-0.5000000000000004,43,98.0,64.0,71.0,83.32558139534883,88.0,37.10841319715887,77.66666666666667,64.66666666666667,74.91666666666667,43,125.0,106.66666666666667,565140,106099520.0,187.74024135612416,25.0,1474.308232817706,5.0,95.0,310.0,550.0,2265.0,101797980.0,9145695.0,98404605.0,43639920.0,20860785.0,22993405.0,3714345.0,13.244830536516403,18.47988808896516,5.2403716853680615,3.258096538021482,18.438500828878126,16.028793944073485,18.404598169870066,17.591482908661696,16.85338168659693,16.950718037136195,15.127713177567957,4.74493212836325
Frick Pond,2024-08-01,192,8,2024,-0.8660254037844384,-0.5000000000000004,43,209.0,131.0,125.0,120.20930232558139,111.0,70.13984606943843,155.0,102.5,108.58333333333333,43,214.0,242.33333333333334,565140,106099520.0,187.74024135612416,25.0,1474.308232817706,5.0,95.0,310.0,550.0,2265.0,101797980.0,9145695.0,98404605.0,43639920.0,20860785.0,22993405.0,3714345.0,13.244830536516403,18.47988808896516,5.2403716853680615,3.258096538021482,18.438500828878126,16.028793944073485,18.404598169870066,17.591482908661696,16.85338168659693,16.950718037136195,15.127713177567957,5.262690188904886
Hardenburgh- MH Trail,2024-08-01,9,8,2024,-0.8660254037844384,-0.5000000000000004,43,16.0,17.0,23.0,7.837209302325581,7.0,6.164144526279684,18.666666666666668,13.0,8.666666666666666,43,4.0,9.0,565140,106099520.0,187.74024135612416,25.0,1474.308232817706,5.0,95.0,310.0,550.0,2265.0,101797980.0,9145695.0,98404605.0,43639920.0,20860785.0,22993405.0,3714345.0,13.244830536516403,18.47988808896516,5.2403716853680615,3.258096538021482,18.438500828878126,16.028793944073485,18.404598169870066,17.591482908661696,16.85338168659693,16.950718037136195,15.127713177567957,2.302585092994046
Kelly Hollow,2024-08-01,248,8,2024,-0.8660254037844384,-0.5000000000000004,43,215.0,156.0,182.0,177.86046511627907,165.0,83.19128313864803,184.33333333333334,141.0,148.25,43,289.0,303.3333333333333,565140,106099520.0,187.74024135612416,25.0,1474.308232817706,5.0,95.0,310.0,550.0,2265.0,101797980.0,9145695.0,98404605.0,43639920.0,20860785.0,22993405.0,3714345.0,13.244830536516403,18.47988808896516,5.2403716853680615,3.258096538021482,18.438500828878126,16.028793944073485,18.404598169870066,17.591482908661696,16.85338168659693,16.950718037136195,15.127713177567957,5.517452896464707
Lane Street,2024-08-01,56,8,2024,-0.8660254037844384,-0.5000000000000004,43,81.0,71.0,54.0,48.166666666666664,50.0,22.56796419994682,68.66666666666667,49.5,45.916666666666664,42,78.0,56.0,565140,106099520.0,187.74024135612416,25.0,1474.308232817706,5.0,95.0,310.0,550.0,2265.0,101797980.0,9145695.0,98404605.0,43639920.0,20860785.0,22993405.0,3714345.0,13.244830536516403,18.47988808896516,5.2403716853680615,3.258096538021482,18.438500828878126,16.028793944073485,18.404598169870066,17.591482908661696,16.85338168659693,16.950718037136195,15.127713177567957,4.04305126783455
Millbrook to BLM FT,2024-08-01,392,8,2024,-0.8660254037844384,-0.5000000000000004,43,363.0,303.0,289.0,246.0,227.0,94.0445689680215,318.3333333333333,248.5,258.6666666666667,43,394.0,364.0,565140,106099520.0,187.74024135612416,25.0,1474.308232817706,5.0,95.0,310.0,550.0,2265.0,101797980.0,9145695.0,98404605.0,43639920.0,20860785.0,22993405.0,3714345.0,13.244830536516403,18.47988808896516,5.2403716853680615,3.258096538021482,18.438500828878126,16.028793944073485,18.404598169870066,17.591482908661696,16.85338168659693,16.950718037136195,15.127713177567957,5.973809611869261
Mt Tremper,2024-08-01,587,8,2024,-0.8660254037844384,-0.5000000000000004,43,35.0,22.0,19.0,229.92105263157896,242.0,134.57448085041727,25.333333333333332,61.0,152.75,38,334.0,312.3333333333333,565140,106099520.0,187.74024135612416,25.0,1474.308232817706,5.0,95.0,310.0,550.0,2265.0,101797980.0,9145695.0,98404605.0,43639920.0,20860785.0,22993405.0,3714345.0,13.244830536516403,18.47988808896516,5.2403716853680615,3.258096538021482,18.438500828878126,16.028793944073485,18.404598169870066,17.591482908661696,16.85338168659693,16.950718037136195,15.127713177567957,6.376726947898627
Neversink Hardenburgh Trail,2024-08-01,11,8,2024,-0.8660254037844384,-0.5000000000000004,43,21.0,13.0,34.0,13.720930232558139,12.0,11.901031530712645,22.666666666666668,12.833333333333334,14.333333333333334,43,38.0,35.666666666666664,565140,106099520.0,187.74024135612416,25.0,1474.308232817706,5.0,95.0,310.0,550.0,2265.0,101797980.0,9145695.0,98404605.0,43639920.0,20860785.0,22993405.0,3714345.0,13.244830536516403,18.47988808896516,5.2403716853680615,3.258096538021482,18.438500828878126,16.028793944073485,18.404598169870066,17.591482908661696,16.85338168659693,16.950718037136195,15.127713177567957,2.4849066497880004
Overlook,2024-08-01,1035,8,2024,-0.8660254037844384,-0.5000000000000004,43,1030.0,856.0,927.0,679.2325581395348,709.0,316.6139934044144,937.6666666666666,756.3333333333334,671.5833333333334,43,1227.0,983.6666666666666,565140,106099520.0,187.74024135612416,25.0,1474.308232817706,5.0,95.0,310.0,550.0,2265.0,101797980.0,9145695.0,98404605.0,43639920.0,20860785.0,22993405.0,3714345.0,13.244830536516403,18.47988808896516,5.2403716853680615,3.258096538021482,18.438500828878126,16.028793944073485,18.404598169870066,17.591482908661696,16.85338168659693,16.950718037136195,15.127713177567957,6.943122422819428
Rider Hollow,2024-08-01,150,8,2024,-0.8660254037844384,-0.5000000000000004,43,128.0,93.0,98.0,164.23684210526315,153.0,58.5017598305529,106.33333333333333,129.5,130.75,38,161.0,187.33333333333334,565140,106099520.0,187.74024135612416,25.0,1474.308232817706,5.0,95.0,310.0,550.0,2265.0,101797980.0,9145695.0,98404605.0,43639920.0,20860785.0,22993405.0,3714345.0,13.244830536516403,18.47988808896516,5.2403716853680615,3.258096538021482,18.438500828878126,16.028793944073485,18.404598169870066,17.591482908661696,16.85338168659693,16.950718037136195,15.127713177567957,5.017279836814924
Rochester Hollow,2024-08-01,261,8,2024,-0.8660254037844384,-0.5000000000000004,43,229.0,113.0,182.0,207.0,146.0,372.2636674391393,174.66666666666666,138.16666666666666,145.91666666666666,43,229.0,231.33333333333334,565140,106099520.0,187.74024135612416,25.0,1474.308232817706,5.0,95.0,310.0,550.0,2265.0,101797980.0,9145695.0,98404605.0,43639920.0,20860785.0,22993405.0,3714345.0,13.244830536516403,18.47988808896516,5.2403716853680615,3.258096538021482,18.438500828878126,16.028793944073485,18.404598169870066,17.591482908661696,16.85338168659693,16.950718037136195,15.127713177567957,5.568344503761097
Seager,2024-08-01,63,8,2024,-0.8660254037844384,-0.5000000000000004,43,78.0,73.0,53.0,54.883720930232556,46.0,35.62583954053412,68.0,48.333333333333336,47.75,43,122.0,122.33333333333333,565140,106099520.0,187.74024135612416,25.0,1474.308232817706,5.0,95.0,310.0,550.0,2265.0,101797980.0,9145695.0,98404605.0,43639920.0,20860785.0,22993405.0,3714345.0,13.244830536516403,18.47988808896516,5.2403716853680615,3.258096538021482,18.438500828878126,16.028793944073485,18.404598169870066,17.591482908661696,16.85338168659693,16.950718037136195,15.127713177567957,4.1588830833596715
Slide Mt,2024-08-01,1077,8,2024,-0.8660254037844384,-0.5000000000000004,43,868.0,593.0,606.0,578.9117647058823,591.0,205.77221411021884,689.0,689.8333333333334,503.3333333333333,34,606.0,723.6666666666666,565140,106099520.0,187.74024135612416,25.0,1474.308232817706,5.0,95.0,310.0,550.0,2265.0,101797980.0,9145695.0,98404605.0,43639920.0,20860785.0,22993405.0,3714345.0,13.244830536516403,18.47988808896516,5.2403716853680615,3.258096538021482,18.438500828878126,16.028793944073485,18.404598169870066,17.591482908661696,16.85338168659693,16.950718037136195,15.127713177567957,6.982862751468942
Wittenberg,2024-08-01,429,8,2024,-0.8660254037844384,-0.5000000000000004,43,520.0,469.0,408.0,331.6046511627907,286.0,188.9515104760609,465.6666666666667,324.1666666666667,311.3333333333333,43,505.0,512.6666666666666,565140,106099520.0,187.74024135612416,25.0,1474.308232817706,5.0,95.0,310.0,550.0,2265.0,101797980.0,9145695.0,98404605.0,43639920.0,20860785.0,22993405.0,3714345.0,13.244830536516403,18.47988808896516,5.2403716853680615,3.258096538021482,18.438500828878126,16.028793944073485,18.404598169870066,17.591482908661696,16.85338168659693,16.950718037136195,15.127713177567957,6.063785208687608
Woodchuck Hollow,2024-08-01,2,8,2024,-0.8660254037844384,-0.5000000000000004,43,5.0,1.0,1.0,3.4166666666666665,3.0,2.320357293826641,2.3333333333333335,2.3333333333333335,2.3333333333333335,24,1.0,2.0,565140,106099520.0,187.74024135612416,25.0,1474.308232817706,5.0,95.0,310.0,550.0,2265.0,101797980.0,9145695.0,98404605.0,43639920.0,20860785.0,22993405.0,3714345.0,13.244830536516403,18.47988808896516,5.2403716853680615,3.258096538021482,18.438500828878126,16.028793944073485,18.404598169870066,17.591482908661696,16.85338168659693,16.950718037136195,15.127713177567957,1.0986122886681098
Woodland Valley,2024-08-01,9,8,2024,-0.8660254037844384,-0.5000000000000004,43,12.0,70.0,99.0,88.0,62.0,65.09955745588736,60.333333333333336,49.333333333333336,65.5,43,153.0,157.33333333333334,565140,106099520.0,187.74024135612416,25.0,1474.308232817706,5.0,95.0,310.0,550.0,2265.0,101797980.0,9145695.0,98404605.0,43639920.0,20860785.0,22993405.0,3714345.0,13.244830536516403,18.47988808896516,5.2403716853680615,3.258096538021482,18.438500828878126,16.028793944073485,18.404598169870066,17.591482908661696,16.85338168659693,16.950718037136195,15.127713177567957,2.302585092994046
Alder Lake,2024-09-01,229,9,2024,-1.0,-1.8369701987210297e-16,44,303.0,299.0,168.0,157.61363636363637,147.0,105.2826132223857,256.6666666666667,184.5,138.75,44,208.0,215.0,579217,119596695.0,206.47994620323644,25.0,1682.5800638846863,10.0,105.0,345.0,605.0,2270.0,114548255.0,9119505.0,111875105.0,44297925.0,27278895.0,29818800.0,3403945.0,13.26943419691882,18.599635773681158,5.335034690196664,3.258096538021482,18.556506741955214,16.02592619391678,18.53289368204488,17.60644841676365,17.121623920912423,17.210649658578355,15.040445904859796,5.438079308923196
Ashokan HP,2024-09-01,127,9,2024,-1.0,-1.8369701987210297e-16,44,191.0,149.0,160.0,131.29545454545453,124.0,52.214485892306605,166.66666666666666,143.5,117.33333333333333,44,105.0,153.33333333333334,579217,119596695.0,206.47994620323644,25.0,1682.5800638846863,10.0,105.0,345.0,605.0,2270.0,114548255.0,9119505.0,111875105.0,44297925.0,27278895.0,29818800.0,3403945.0,13.26943419691882,18.599635773681158,5.335034690196664,3.258096538021482,18.556506741955214,16.02592619391678,18.53289368204488,17.60644841676365,17.121623920912423,17.210649658578355,15.040445904859796,4.852030263919617
Beaverkill Road to BLM FT,2024-09-01,203,9,2024,-1.0,-1.8369701987210297e-16,44,196.0,193.0,190.0,154.3409090909091,140.5,79.74405078978391,193.0,160.0,139.0,44,127.0,196.66666666666666,579217,119596695.0,206.47994620323644,25.0,1682.5800638846863,10.0,105.0,345.0,605.0,2270.0,114548255.0,9119505.0,111875105.0,44297925.0,27278895.0,29818800.0,3403945.0,13.26943419691882,18.599635773681158,5.335034690196664,3.258096538021482,18.556506741955214,16.02592619391678,18.53289368204488,17.60644841676365,17.121623920912423,17.210649658578355,15.040445904859796,5.318119993844216
Cathedral Glen,2024-09-01,6,9,2024,-1.0,-1.8369701987210297e-16,44,32.0,6.0,30.0,11.027777777777779,9.0,8.32375640170474,22.666666666666668,19.666666666666668,13.833333333333334,36,9.0,12.666666666666666,579217,119596695.0,206.47994620323644,25.0,1682.5800638846863,10.0,105.0,345.0,605.0,2270.0,114548255.0,9119505.0,111875105.0,44297925.0,27278895.0,29818800.0,3403945.0,13.26943419691882,18.599635773681158,5.335034690196664,3.258096538021482,18.556506741955214,16.02592619391678,18.53289368204488,17.60644841676365,17.121623920912423,17.210649658578355,15.040445904859796,1.9459101490553132
Denning,2024-09-01,243,9,2024,-1.0,-1.8369701987210297e-16,44,270.0,293.0,281.0,216.38636363636363,228.5,102.71731719425709,281.3333333333333,256.8333333333333,200.16666666666666,44,243.0,278.3333333333333,579217,119596695.0,206.47994620323644,25.0,1682.5800638846863,10.0,105.0,345.0,605.0,2270.0,114548255.0,9119505.0,111875105.0,44297925.0,27278895.0,29818800.0,3403945.0,13.26943419691882,18.599635773681158,5.335034690196664,3.258096538021482,18.556506741955214,16.02592619391678,18.53289368204488,17.60644841676365,17.121623920912423,17.210649658578355,15.040445904859796,5.497168225293202
Dry Brook Ridge to Lean-to,2024-09-01,14,9,2024,-1.0,-1.8369701987210297e-16,44,33.0,46.0,20.0,23.84090909090909,21.5,13.364206241174955,33.0,23.166666666666668,20.083333333333332,44,22.0,27.0,579217,119596695.0,206.47994620323644,25.0,1682.5800638846863,10.0,105.0,345.0,605.0,2270.0,114548255.0,9119505.0,111875105.0,44297925.0,27278895.0,29818800.0,3403945.0,13.26943419691882,18.599635773681158,5.335034690196664,3.258096538021482,18.556506741955214,16.02592619391678,18.53289368204488,17.60644841676365,17.121623920912423,17.210649658578355,15.040445904859796,2.70805020110221
Flynn,2024-09-01,71,9,2024,-1.0,-1.8369701987210297e-16,44,25.0,64.0,30.0,42.47727272727273,34.5,30.46957203992178,39.666666666666664,28.833333333333332,26.083333333333332,44,48.0,41.0,579217,119596695.0,206.47994620323644,25.0,1682.5800638846863,10.0,105.0,345.0,605.0,2270.0,114548255.0,9119505.0,111875105.0,44297925.0,27278895.0,29818800.0,3403945.0,13.26943419691882,18.599635773681158,5.335034690196664,3.258096538021482,18.556506741955214,16.02592619391678,18.53289368204488,17.60644841676365,17.121623920912423,17.210649658578355,15.040445904859796,4.276666119016055
Fox Hollow,2024-09-01,36,9,2024,-1.0,-1.8369701987210297e-16,44,114.0,98.0,64.0,84.02272727272727,88.5,36.96477810424381,92.0,72.5,74.0,44,130.0,106.66666666666667,579217,119596695.0,206.47994620323644,25.0,1682.5800638846863,10.0,105.0,345.0,605.0,2270.0,114548255.0,9119505.0,111875105.0,44297925.0,27278895.0,29818800.0,3403945.0,13.26943419691882,18.599635773681158,5.335034690196664,3.258096538021482,18.556506741955214,16.02592619391678,18.53289368204488,17.60644841676365,17.121623920912423,17.210649658578355,15.040445904859796,3.6109179126442243
Frick Pond,2024-09-01,200,9,2024,-1.0,-1.8369701987210297e-16,44,192.0,209.0,131.0,121.8409090909091,112.0,70.15926837338895,177.33333333333334,128.66666666666666,106.75,44,115.0,121.0,579217,119596695.0,206.47994620323644,25.0,1682.5800638846863,10.0,105.0,345.0,605.0,2270.0,114548255.0,9119505.0,111875105.0,44297925.0,27278895.0,29818800.0,3403945.0,13.26943419691882,18.599635773681158,5.335034690196664,3.258096538021482,18.556506741955214,16.02592619391678,18.53289368204488,17.60644841676365,17.121623920912423,17.210649658578355,15.040445904859796,5.303304908059076
Giant Ledge,2024-09-01,116,9,2024,-1.0,-1.8369701987210297e-16,44,150.0,333.0,253.0,558.8205128205128,509.0,291.6745547419943,245.33333333333334,384.6666666666667,468.4166666666667,39,509.0,573.3333333333334,579217,119596695.0,206.47994620323644,25.0,1682.5800638846863,10.0,105.0,345.0,605.0,2270.0,114548255.0,9119505.0,111875105.0,44297925.0,27278895.0,29818800.0,3403945.0,13.26943419691882,18.599635773681158,5.335034690196664,3.258096538021482,18.556506741955214,16.02592619391678,18.53289368204488,17.60644841676365,17.121623920912423,17.210649658578355,15.040445904859796,4.762173934797756
Hardenburgh- MH Trail,2024-09-01,13,9,2024,-1.0,-1.8369701987210297e-16,44,9.0,16.0,17.0,7.863636363636363,7.0,6.09456833693172,14.0,11.666666666666666,9.083333333333334,44,8.0,7.333333333333333,579217,119596695.0,206.47994620323644,25.0,1682.5800638846863,10.0,105.0,345.0,605.0,2270.0,114548255.0,9119505.0,111875105.0,44297925.0,27278895.0,29818800.0,3403945.0,13.26943419691882,18.599635773681158,5.335034690196664,3.258096538021482,18.556506741955214,16.02592619391678,18.53289368204488,17.60644841676365,17.121623920912423,17.210649658578355,15.040445904859796,2.6390573296152584
Kelly Hollow,2024-09-01,125,9,2024,-1.0,-1.8369701987210297e-16,44,248.0,215.0,156.0,179.45454545454547,167.0,82.89541029891697,206.33333333333334,170.66666666666666,144.83333333333334,44,169.0,187.33333333333334,579217,119596695.0,206.47994620323644,25.0,1682.5800638846863,10.0,105.0,345.0,605.0,2270.0,114548255.0,9119505.0,111875105.0,44297925.0,27278895.0,29818800.0,3403945.0,13.26943419691882,18.599635773681158,5.335034690196664,3.258096538021482,18.556506741955214,16.02592619391678,18.53289368204488,17.60644841676365,17.121623920912423,17.210649658578355,15.040445904859796,4.836281906951478
Lane Street,2024-09-01,39,9,2024,-1.0,-1.8369701987210297e-16,44,56.0,81.0,71.0,48.348837209302324,51.0,22.329655405323372,69.33333333333333,54.333333333333336,44.083333333333336,43,54.0,58.0,579217,119596695.0,206.47994620323644,25.0,1682.5800638846863,10.0,105.0,345.0,605.0,2270.0,114548255.0,9119505.0,111875105.0,44297925.0,27278895.0,29818800.0,3403945.0,13.26943419691882,18.599635773681158,5.335034690196664,3.258096538021482,18.556506741955214,16.02592619391678,18.53289368204488,17.60644841676365,17.121623920912423,17.210649658578355,15.040445904859796,3.6888794541139363
Millbrook to BLM FT,2024-09-01,347,9,2024,-1.0,-1.8369701987210297e-16,44,392.0,363.0,303.0,249.3181818181818,237.5,95.51519365982122,352.6666666666667,284.1666666666667,258.5,44,331.0,308.3333333333333,579217,119596695.0,206.47994620323644,25.0,1682.5800638846863,10.0,105.0,345.0,605.0,2270.0,114548255.0,9119505.0,111875105.0,44297925.0,27278895.0,29818800.0,3403945.0,13.26943419691882,18.599635773681158,5.335034690196664,3.258096538021482,18.556506741955214,16.02592619391678,18.53289368204488,17.60644841676365,17.121623920912423,17.210649658578355,15.040445904859796,5.8522024797744745
Neversink Hardenburgh Trail,2024-09-01,17,9,2024,-1.0,-1.8369701987210297e-16,44,11.0,21.0,13.0,13.659090909090908,11.5,11.768984034352568,15.0,14.5,12.083333333333334,44,18.0,14.0,579217,119596695.0,206.47994620323644,25.0,1682.5800638846863,10.0,105.0,345.0,605.0,2270.0,114548255.0,9119505.0,111875105.0,44297925.0,27278895.0,29818800.0,3403945.0,13.26943419691882,18.599635773681158,5.335034690196664,3.258096538021482,18.556506741955214,16.02592619391678,18.53289368204488,17.60644841676365,17.121623920912423,17.210649658578355,15.040445904859796,2.8903717578961645
Overlook,2024-09-01,717,9,2024,-1.0,-1.8369701987210297e-16,44,1035.0,1030.0,856.0,687.3181818181819,718.0,317.47402550608126,973.6666666666666,843.6666666666666,655.5833333333334,44,709.0,777.6666666666666,579217,119596695.0,206.47994620323644,25.0,1682.5800638846863,10.0,105.0,345.0,605.0,2270.0,114548255.0,9119505.0,111875105.0,44297925.0,27278895.0,29818800.0,3403945.0,13.26943419691882,18.599635773681158,5.335034690196664,3.258096538021482,18.556506741955214,16.02592619391678,18.53289368204488,17.60644841676365,17.121623920912423,17.210649658578355,15.040445904859796,6.576469569048224
Rider Hollow,2024-09-01,91,9,2024,-1.0,-1.8369701987210297e-16,44,150.0,128.0,93.0,163.87179487179486,151.0,57.771865073425474,123.66666666666667,123.0,129.83333333333334,39,89.0,156.0,579217,119596695.0,206.47994620323644,25.0,1682.5800638846863,10.0,105.0,345.0,605.0,2270.0,114548255.0,9119505.0,111875105.0,44297925.0,27278895.0,29818800.0,3403945.0,13.26943419691882,18.599635773681158,5.335034690196664,3.258096538021482,18.556506741955214,16.02592619391678,18.53289368204488,17.60644841676365,17.121623920912423,17.210649658578355,15.040445904859796,4.5217885770490405
Rochester Hollow,2024-09-01,131,9,2024,-1.0,-1.8369701987210297e-16,44,261.0,229.0,113.0,208.22727272727272,147.0,367.999612211396,201.0,166.83333333333334,148.58333333333334,44,117.0,171.0,579217,119596695.0,206.47994620323644,25.0,1682.5800638846863,10.0,105.0,345.0,605.0,2270.0,114548255.0,9119505.0,111875105.0,44297925.0,27278895.0,29818800.0,3403945.0,13.26943419691882,18.599635773681158,5.335034690196664,3.258096538021482,18.556506741955214,16.02592619391678,18.53289368204488,17.60644841676365,17.121623920912423,17.210649658578355,15.040445904859796,4.882801922586371
Slide Mt,2024-09-01,783,9,2024,-1.0,-1.8369701987210297e-16,44,1077.0,868.0,593.0,593.1428571428571,593.0,219.5112408828978,846.0,754.1666666666666,563.5,35,735.0,721.5,579217,119596695.0,206.47994620323644,25.0,1682.5800638846863,10.0,105.0,345.0,605.0,2270.0,114548255.0,9119505.0,111875105.0,44297925.0,27278895.0,29818800.0,3403945.0,13.26943419691882,18.599635773681158,5.335034690196664,3.258096538021482,18.556506741955214,16.02592619391678,18.53289368204488,17.60644841676365,17.121623920912423,17.210649658578355,15.040445904859796,6.664409020350408
Wittenberg,2024-09-01,414,9,2024,-1.0,-1.8369701987210297e-16,44,429.0,520.0,469.0,333.8181818181818,339.5,187.31782129141243,472.6666666666667,372.3333333333333,305.0,44,410.0,490.0,579217,119596695.0,206.47994620323644,25.0,1682.5800638846863,10.0,105.0,345.0,605.0,2270.0,114548255.0,9119505.0,111875105.0,44297925.0,27278895.0,29818800.0,3403945.0,13.26943419691882,18.599635773681158,5.335034690196664,3.258096538021482,18.556506741955214,16.02592619391678,18.53289368204488,17.60644841676365,17.121623920912423,17.210649658578355,15.040445904859796,6.028278520230698
Woodchuck Hollow,2024-09-01,4,9,2024,-1.0,-1.8369701987210297e-16,44,2.0,5.0,1.0,3.36,3.0,2.289104628451919,2.6666666666666665,2.5,2.4166666666666665,25,1.0,1.0,579217,119596695.0,206.47994620323644,25.0,1682.5800638846863,10.0,105.0,345.0,605.0,2270.0,114548255.0,9119505.0,111875105.0,44297925.0,27278895.0,29818800.0,3403945.0,13.26943419691882,18.599635773681158,5.335034690196664,3.258096538021482,18.556506741955214,16.02592619391678,18.53289368204488,17.60644841676365,17.121623920912423,17.210649658578355,15.040445904859796,1.6094379124341003
Woodland Valley,2024-09-01,35,9,2024,-1.0,-1.8369701987210297e-16,44,9.0,12.0,70.0,86.20454545454545,58.5,65.43115662991231,30.333333333333332,46.833333333333336,53.5,44,139.0,145.66666666666666,579217,119596695.0,206.47994620323644,25.0,1682.5800638846863,10.0,105.0,345.0,605.0,2270.0,114548255.0,9119505.0,111875105.0,44297925.0,27278895.0,29818800.0,3403945.0,13.26943419691882,18.599635773681158,5.335034690196664,3.258096538021482,18.556506741955214,16.02592619391678,18.53289368204488,17.60644841676365,17.121623920912423,17.210649658578355,15.040445904859796,3.58351893845611
Alder Lake,2024-10-01,17,10,2024,-0.8660254037844386,0.5000000000000001,45,229.0,303.0,299.0,159.2,147.0,104.62196014917016,277.0,212.16666666666666,140.5,45,147.0,192.0,537993,112293055.0,208.72586632168077,25.0,1649.0985005417574,5.0,110.0,350.0,625.0,2480.0,107819925.0,8566550.0,105050995.0,37442254.0,27542260.0,29860865.0,2619255.0,13.195602686665376,18.53662258342463,5.34580127947448,3.258096538021482,18.495973041658495,15.96337575916066,18.469956466409766,17.438310437460785,17.131232146660295,17.212059351664145,14.778400865944667,2.8903717578961645
Ashokan HP,2024-10-01,260,10,2024,-0.8660254037844386,0.5000000000000001,45,127.0,191.0,149.0,131.2,127.0,51.62170086310601,155.66666666666666,147.5,119.16666666666667,45,132.0,175.0,537993,112293055.0,208.72586632168077,25.0,1649.0985005417574,5.0,110.0,350.0,625.0,2480.0,107819925.0,8566550.0,105050995.0,37442254.0,27542260.0,29860865.0,2619255.0,13.195602686665376,18.53662258342463,5.34580127947448,3.258096538021482,18.495973041658495,15.96337575916066,18.469956466409766,17.438310437460785,17.131232146660295,17.212059351664145,14.778400865944667,5.564520407322694
Beaverkill Road to BLM FT,2024-10-01,12,10,2024,-0.8660254037844386,0.5000000000000001,45,203.0,196.0,193.0,155.42222222222222,146.0,79.16567463493278,197.33333333333334,180.16666666666666,145.33333333333334,45,248.0,277.0,537993,112293055.0,208.72586632168077,25.0,1649.0985005417574,5.0,110.0,350.0,625.0,2480.0,107819925.0,8566550.0,105050995.0,37442254.0,27542260.0,29860865.0,2619255.0,13.195602686665376,18.53662258342463,5.34580127947448,3.258096538021482,18.495973041658495,15.96337575916066,18.469956466409766,17.438310437460785,17.131232146660295,17.212059351664145,14.778400865944667,2.5649493574615367
Denning,2024-10-01,306,10,2024,-0.8660254037844386,0.5000000000000001,45,243.0,270.0,293.0,216.9777777777778,233.0,101.62083914972828,268.6666666666667,263.3333333333333,200.16666666666666,45,197.0,270.3333333333333,537993,112293055.0,208.72586632168077,25.0,1649.0985005417574,5.0,110.0,350.0,625.0,2480.0,107819925.0,8566550.0,105050995.0,37442254.0,27542260.0,29860865.0,2619255.0,13.195602686665376,18.53662258342463,5.34580127947448,3.258096538021482,18.495973041658495,15.96337575916066,18.469956466409766,17.438310437460785,17.131232146660295,17.212059351664145,14.778400865944667,5.726847747587197
Flynn,2024-10-01,1,10,2024,-0.8660254037844386,0.5000000000000001,45,71.0,25.0,64.0,43.111111111111114,35.0,30.41995623556578,53.333333333333336,38.666666666666664,28.0,45,38.0,54.0,537993,112293055.0,208.72586632168077,25.0,1649.0985005417574,5.0,110.0,350.0,625.0,2480.0,107819925.0,8566550.0,105050995.0,37442254.0,27542260.0,29860865.0,2619255.0,13.195602686665376,18.53662258342463,5.34580127947448,3.258096538021482,18.495973041658495,15.96337575916066,18.469956466409766,17.438310437460785,17.131232146660295,17.212059351664145,14.778400865944667,0.6931471805599453
Frick Pond,2024-10-01,6,10,2024,-0.8660254037844386,0.5000000000000001,45,200.0,192.0,209.0,123.57777777777778,113.0,70.32925451335339,200.33333333333334,154.5,113.83333333333333,45,149.0,181.33333333333334,537993,112293055.0,208.72586632168077,25.0,1649.0985005417574,5.0,110.0,350.0,625.0,2480.0,107819925.0,8566550.0,105050995.0,37442254.0,27542260.0,29860865.0,2619255.0,13.195602686665376,18.53662258342463,5.34580127947448,3.258096538021482,18.495973041658495,15.96337575916066,18.469956466409766,17.438310437460785,17.131232146660295,17.212059351664145,14.778400865944667,1.9459101490553132
Giant Ledge,2024-10-01,1383,10,2024,-0.8660254037844386,0.5000000000000001,45,116.0,150.0,333.0,547.75,506.0,296.3020591497978,199.66666666666666,249.5,450.5,40,927.0,1245.6666666666667,537993,112293055.0,208.72586632168077,25.0,1649.0985005417574,5.0,110.0,350.0,625.0,2480.0,107819925.0,8566550.0,105050995.0,37442254.0,27542260.0,29860865.0,2619255.0,13.195602686665376,18.53662258342463,5.34580127947448,3.258096538021482,18.495973041658495,15.96337575916066,18.469956466409766,17.438310437460785,17.131232146660295,17.212059351664145,14.778400865944667,7.232733136177615
Millbrook to BLM FT,2024-10-01,462,10,2024,-0.8660254037844386,0.5000000000000001,45,347.0,392.0,363.0,251.48888888888888,248.0,95.53976378789339,367.3333333333333,306.1666666666667,259.8333333333333,45,305.0,375.6666666666667,537993,112293055.0,208.72586632168077,25.0,1649.0985005417574,5.0,110.0,350.0,625.0,2480.0,107819925.0,8566550.0,105050995.0,37442254.0,27542260.0,29860865.0,2619255.0,13.195602686665376,18.53662258342463,5.34580127947448,3.258096538021482,18.495973041658495,15.96337575916066,18.469956466409766,17.438310437460785,17.131232146660295,17.212059351664145,14.778400865944667,6.137727054086234
Neversink Hardenburgh Trail,2024-10-01,31,10,2024,-0.8660254037844386,0.5000000000000001,45,17.0,11.0,21.0,13.733333333333333,12.0,11.645131639835201,16.333333333333332,16.666666666666668,12.0,45,17.0,17.0,537993,112293055.0,208.72586632168077,25.0,1649.0985005417574,5.0,110.0,350.0,625.0,2480.0,107819925.0,8566550.0,105050995.0,37442254.0,27542260.0,29860865.0,2619255.0,13.195602686665376,18.53662258342463,5.34580127947448,3.258096538021482,18.495973041658495,15.96337575916066,18.469956466409766,17.438310437460785,17.131232146660295,17.212059351664145,14.778400865944667,3.4657359027997265
Overlook,2024-10-01,1143,10,2024,-0.8660254037844386,0.5000000000000001,45,717.0,1035.0,1030.0,687.9777777777778,717.0,313.87682072089774,927.3333333333334,868.0,656.25,45,907.0,873.6666666666666,537993,112293055.0,208.72586632168077,25.0,1649.0985005417574,5.0,110.0,350.0,625.0,2480.0,107819925.0,8566550.0,105050995.0,37442254.0,27542260.0,29860865.0,2619255.0,13.195602686665376,18.53662258342463,5.34580127947448,3.258096538021482,18.495973041658495,15.96337575916066,18.469956466409766,17.438310437460785,17.131232146660295,17.212059351664145,14.778400865944667,7.042286171939743
Slide Mt,2024-10-01,757,10,2024,-0.8660254037844386,0.5000000000000001,45,783.0,1077.0,868.0,598.4166666666666,599.5,218.65437501748212,909.3333333333334,786.8333333333334,606.75,36,841.0,865.5,537993,112293055.0,208.72586632168077,25.0,1649.0985005417574,5.0,110.0,350.0,625.0,2480.0,107819925.0,8566550.0,105050995.0,37442254.0,27542260.0,29860865.0,2619255.0,13.195602686665376,18.53662258342463,5.34580127947448,3.258096538021482,18.495973041658495,15.96337575916066,18.469956466409766,17.438310437460785,17.131232146660295,17.212059351664145,14.778400865944667,6.630683385642372
Wittenberg,2024-10-01,638,10,2024,-0.8660254037844386,0.5000000000000001,45,414.0,429.0,520.0,335.6,393.0,185.5623394392888,454.3333333333333,409.1666666666667,305.3333333333333,45,431.0,532.3333333333334,537993,112293055.0,208.72586632168077,25.0,1649.0985005417574,5.0,110.0,350.0,625.0,2480.0,107819925.0,8566550.0,105050995.0,37442254.0,27542260.0,29860865.0,2619255.0,13.195602686665376,18.53662258342463,5.34580127947448,3.258096538021482,18.495973041658495,15.96337575916066,18.469956466409766,17.438310437460785,17.131232146660295,17.212059351664145,14.778400865944667,6.459904454377535
Woodchuck Hollow,2024-10-01,4,10,2024,-0.8660254037844386,0.5000000000000001,45,4.0,2.0,5.0,3.3846153846153846,3.0,2.2463645844238744,3.6666666666666665,3.0,2.5,26,1.0,1.0,537993,112293055.0,208.72586632168077,25.0,1649.0985005417574,5.0,110.0,350.0,625.0,2480.0,107819925.0,8566550.0,105050995.0,37442254.0,27542260.0,29860865.0,2619255.0,13.195602686665376,18.53662258342463,5.34580127947448,3.258096538021482,18.495973041658495,15.96337575916066,18.469956466409766,17.438310437460785,17.131232146660295,17.212059351664145,14.778400865944667,1.6094379124341003
Woodland Valley,2024-10-01,182,10,2024,-0.8660254037844386,0.5000000000000001,45,35.0,9.0,12.0,85.06666666666666,55.0,65.1321733093561,18.666666666666668,45.666666666666664,44.833333333333336,45,113.0,149.33333333333334,537993,112293055.0,208.72586632168077,25.0,1649.0985005417574,5.0,110.0,350.0,625.0,2480.0,107819925.0,8566550.0,105050995.0,37442254.0,27542260.0,29860865.0,2619255.0,13.195602686665376,18.53662258342463,5.34580127947448,3.258096538021482,18.495973041658495,15.96337575916066,18.469956466409766,17.438310437460785,17.131232146660295,17.212059351664145,14.778400865944667,5.209486152841421
Ashokan HP,2024-11-01,63,11,2024,-0.5000000000000004,0.8660254037844384,46,260.0,127.0,191.0,134.0,127.5,54.46303537466693,192.66666666666666,174.66666666666666,129.83333333333334,46,102.0,99.66666666666667,480036,111412795.0,232.09258263963537,20.0,1536.167131317563,5.0,95.0,300.0,575.0,3598.2500000001164,108751740.0,7295550.0,105219545.0,27494140.0,51600957.0,18994600.0,1276355.0,13.08161846324664,18.52875274421103,5.451435725027643,3.044522437723423,18.504578237000324,15.80277526827243,18.47155963948857,17.129483485392,17.75905079617092,16.759665338855473,14.059519700839688,4.1588830833596715
Denning,2024-11-01,76,11,2024,-0.5000000000000004,0.8660254037844384,46,306.0,243.0,270.0,218.91304347826087,238.0,101.3389967906304,273.0,275.5,209.25,46,175.0,180.0,480036,111412795.0,232.09258263963537,20.0,1536.167131317563,5.0,95.0,300.0,575.0,3598.2500000001164,108751740.0,7295550.0,105219545.0,27494140.0,51600957.0,18994600.0,1276355.0,13.08161846324664,18.52875274421103,5.451435725027643,3.044522437723423,18.504578237000324,15.80277526827243,18.47155963948857,17.129483485392,17.75905079617092,16.759665338855473,14.059519700839688,4.343805421853684
Giant Ledge,2024-11-01,404,11,2024,-0.5000000000000004,0.8660254037844384,46,1383.0,116.0,150.0,568.1219512195122,509.0,320.33686918008294,549.6666666666666,418.5,514.4166666666666,41,369.0,412.3333333333333,480036,111412795.0,232.09258263963537,20.0,1536.167131317563,5.0,95.0,300.0,575.0,3598.2500000001164,108751740.0,7295550.0,105219545.0,27494140.0,51600957.0,18994600.0,1276355.0,13.08161846324664,18.52875274421103,5.451435725027643,3.044522437723423,18.504578237000324,15.80277526827243,18.47155963948857,17.129483485392,17.75905079617092,16.759665338855473,14.059519700839688,6.003887067106539
Millbrook to BLM FT,2024-11-01,251,11,2024,-0.5000000000000004,0.8660254037844384,46,462.0,347.0,392.0,256.0652173913044,250.0,99.44030083397622,400.3333333333333,359.3333333333333,272.9166666666667,46,284.0,221.66666666666666,480036,111412795.0,232.09258263963537,20.0,1536.167131317563,5.0,95.0,300.0,575.0,3598.2500000001164,108751740.0,7295550.0,105219545.0,27494140.0,51600957.0,18994600.0,1276355.0,13.08161846324664,18.52875274421103,5.451435725027643,3.044522437723423,18.504578237000324,15.80277526827243,18.47155963948857,17.129483485392,17.75905079617092,16.759665338855473,14.059519700839688,5.529429087511423
Overlook,2024-11-01,843,11,2024,-0.5000000000000004,0.8660254037844384,46,1143.0,717.0,1035.0,697.8695652173913,722.0,317.53793185106434,965.0,951.3333333333334,675.9166666666666,46,212.0,487.3333333333333,480036,111412795.0,232.09258263963537,20.0,1536.167131317563,5.0,95.0,300.0,575.0,3598.2500000001164,108751740.0,7295550.0,105219545.0,27494140.0,51600957.0,18994600.0,1276355.0,13.08161846324664,18.52875274421103,5.451435725027643,3.044522437723423,18.504578237000324,15.80277526827243,18.47155963948857,17.129483485392,17.75905079617092,16.759665338855473,14.059519700839688,6.738152494595957
Wittenberg,2024-11-01,289,11,2024,-0.5000000000000004,0.8660254037844384,46,638.0,414.0,429.0,342.17391304347825,400.5,188.82835290258555,493.6666666666667,479.6666666666667,322.5833333333333,46,283.0,227.66666666666666,480036,111412795.0,232.09258263963537,20.0,1536.167131317563,5.0,95.0,300.0,575.0,3598.2500000001164,108751740.0,7295550.0,105219545.0,27494140.0,51600957.0,18994600.0,1276355.0,13.08161846324664,18.52875274421103,5.451435725027643,3.044522437723423,18.504578237000324,15.80277526827243,18.47155963948857,17.129483485392,17.75905079617092,16.759665338855473,14.059519700839688,5.66988092298052
Woodchuck Hollow,2024-11-01,4,11,2024,-0.5000000000000004,0.8660254037844384,46,4.0,4.0,2.0,3.4074074074074074,3.0,2.205923132408939,3.3333333333333335,2.8333333333333335,2.6666666666666665,27,5.0,3.3333333333333335,480036,111412795.0,232.09258263963537,20.0,1536.167131317563,5.0,95.0,300.0,575.0,3598.2500000001164,108751740.0,7295550.0,105219545.0,27494140.0,51600957.0,18994600.0,1276355.0,13.08161846324664,18.52875274421103,5.451435725027643,3.044522437723423,18.504578237000324,15.80277526827243,18.47155963948857,17.129483485392,17.75905079617092,16.759665338855473,14.059519700839688,1.6094379124341003
Woodland Valley,2024-11-01,88,11,2024,-0.5000000000000004,0.8660254037844384,46,182.0,35.0,9.0,87.17391304347827,58.5,65.97113993518549,75.33333333333333,67.83333333333333,50.583333333333336,46,47.0,47.0,480036,111412795.0,232.09258263963537,20.0,1536.167131317563,5.0,95.0,300.0,575.0,3598.2500000001164,108751740.0,7295550.0,105219545.0,27494140.0,51600957.0,18994600.0,1276355.0,13.08161846324664,18.52875274421103,5.451435725027643,3.044522437723423,18.504578237000324,15.80277526827243,18.47155963948857,17.129483485392,17.75905079617092,16.759665338855473,14.059519700839688,4.48863636973214
Ashokan HP,2024-12-01,53,12,2024,-2.4492935982947064e-16,1.0,47,63.0,260.0,127.0,132.48936170212767,127.0,54.85430201528152,150.0,158.33333333333334,126.58333333333333,47,57.0,75.0,427221,51912720.0,121.51256609576777,20.0,876.4792388790586,5.0,70.0,215.0,380.0,1315.0,49890830.0,3660685.0,49191255.0,14799465.0,16139115.0,10938940.0,804770.0,12.96505906342948,17.765074424075582,4.808213605097389,3.044522437723423,17.72534779634312,15.113161119508412,17.711226442090595,16.510101657002323,16.596756448550217,16.207839549541355,13.598313043881163,3.9889840465642745
Giant Ledge,2024-12-01,235,12,2024,-2.4492935982947064e-16,1.0,47,404.0,1383.0,116.0,564.2142857142857,506.0,317.41805439255563,634.3333333333334,439.8333333333333,507.6666666666667,42,276.0,296.3333333333333,427221,51912720.0,121.51256609576777,20.0,876.4792388790586,5.0,70.0,215.0,380.0,1315.0,49890830.0,3660685.0,49191255.0,14799465.0,16139115.0,10938940.0,804770.0,12.96505906342948,17.765074424075582,4.808213605097389,3.044522437723423,17.72534779634312,15.113161119508412,17.711226442090595,16.510101657002323,16.596756448550217,16.207839549541355,13.598313043881163,5.4638318050256105
Millbrook to BLM FT,2024-12-01,133,12,2024,-2.4492935982947064e-16,1.0,47,251.0,462.0,347.0,255.95744680851064,251.0,98.35626401811108,353.3333333333333,353.0,270.1666666666667,47,177.0,152.33333333333334,427221,51912720.0,121.51256609576777,20.0,876.4792388790586,5.0,70.0,215.0,380.0,1315.0,49890830.0,3660685.0,49191255.0,14799465.0,16139115.0,10938940.0,804770.0,12.96505906342948,17.765074424075582,4.808213605097389,3.044522437723423,17.72534779634312,15.113161119508412,17.711226442090595,16.510101657002323,16.596756448550217,16.207839549541355,13.598313043881163,4.897839799950911
Overlook,2024-12-01,291,12,2024,-2.4492935982947064e-16,1.0,47,843.0,1143.0,717.0,700.9574468085107,727.0,314.7801135538769,901.0,937.3333333333334,728.5,47,200.0,275.6666666666667,427221,51912720.0,121.51256609576777,20.0,876.4792388790586,5.0,70.0,215.0,380.0,1315.0,49890830.0,3660685.0,49191255.0,14799465.0,16139115.0,10938940.0,804770.0,12.96505906342948,17.765074424075582,4.808213605097389,3.044522437723423,17.72534779634312,15.113161119508412,17.711226442090595,16.510101657002323,16.596756448550217,16.207839549541355,13.598313043881163,5.676753802268282
Wittenberg,2024-12-01,115,12,2024,-2.4492935982947064e-16,1.0,47,289.0,638.0,414.0,341.0425531914894,393.0,186.9255789422751,447.0,459.8333333333333,323.0833333333333,47,105.0,106.33333333333333,427221,51912720.0,121.51256609576777,20.0,876.4792388790586,5.0,70.0,215.0,380.0,1315.0,49890830.0,3660685.0,49191255.0,14799465.0,16139115.0,10938940.0,804770.0,12.96505906342948,17.765074424075582,4.808213605097389,3.044522437723423,17.72534779634312,15.113161119508412,17.711226442090595,16.510101657002323,16.596756448550217,16.207839549541355,13.598313043881163,4.7535901911063645
Woodland Valley,2024-12-01,25,12,2024,-2.4492935982947064e-16,1.0,47,88.0,182.0,35.0,87.19148936170212,62.0,65.25023348213178,101.66666666666667,66.0,54.0,47,25.0,35.333333333333336,427221,51912720.0,121.51256609576777,20.0,876.4792388790586,5.0,70.0,215.0,380.0,1315.0,49890830.0,3660685.0,49191255.0,14799465.0,16139115.0,10938940.0,804770.0,12.96505906342948,17.765074424075582,4.808213605097389,3.044522437723423,17.72534779634312,15.113161119508412,17.711226442090595,16.510101657002323,16.596756448550217,16.207839549541355,13.598313043881163,3.258096538021482
Ashokan HP,2025-01-01,35,1,2025,0.49999999999999994,0.8660254037844387,48,53.0,63.0,260.0,130.83333333333334,123.5,55.46719687417072,125.33333333333333,140.5,126.25,48,59.0,75.5,434139,65597645.0,151.09825424576,20.0,1144.213632232953,5.0,85.0,265.0,460.0,1665.0,62061640.0,4321210.0,62225000.0,18831930.0,21242800.0,14527810.0,1164710.0,12.981122341709753,17.999050369124124,5.024526721525216,3.044522437723423,17.943638658787677,15.279046245010916,17.946267422288642,16.75106444449927,16.8715286194664,16.491575370377355,13.967983545538289,3.58351893845611
Giant Ledge,2025-01-01,268,1,2025,0.49999999999999994,0.8660254037844387,48,235.0,404.0,1383.0,556.5581395348837,503.0,317.60954633049965,674.0,436.8333333333333,467.9166666666667,43,253.0,397.0,434139,65597645.0,151.09825424576,20.0,1144.213632232953,5.0,85.0,265.0,460.0,1665.0,62061640.0,4321210.0,62225000.0,18831930.0,21242800.0,14527810.0,1164710.0,12.981122341709753,17.999050369124124,5.024526721525216,3.044522437723423,17.943638658787677,15.279046245010916,17.946267422288642,16.75106444449927,16.8715286194664,16.491575370377355,13.967983545538289,5.594711379601839
Millbrook to BLM FT,2025-01-01,143,1,2025,0.49999999999999994,0.8660254037844387,48,133.0,251.0,462.0,253.39583333333334,249.5,98.90953089272257,282.0,324.6666666666667,266.5,48,122.0,165.0,434139,65597645.0,151.09825424576,20.0,1144.213632232953,5.0,85.0,265.0,460.0,1665.0,62061640.0,4321210.0,62225000.0,18831930.0,21242800.0,14527810.0,1164710.0,12.981122341709753,17.999050369124124,5.024526721525216,3.044522437723423,17.943638658787677,15.279046245010916,17.946267422288642,16.75106444449927,16.8715286194664,16.491575370377355,13.967983545538289,4.969813299576001
Overlook,2025-01-01,358,1,2025,0.49999999999999994,0.8660254037844387,48,291.0,843.0,1143.0,692.4166666666666,722.0,316.9852559382999,759.0,843.1666666666666,736.0833333333334,48,266.0,299.25,434139,65597645.0,151.09825424576,20.0,1144.213632232953,5.0,85.0,265.0,460.0,1665.0,62061640.0,4321210.0,62225000.0,18831930.0,21242800.0,14527810.0,1164710.0,12.981122341709753,17.999050369124124,5.024526721525216,3.044522437723423,17.943638658787677,15.279046245010916,17.946267422288642,16.75106444449927,16.8715286194664,16.491575370377355,13.967983545538289,5.883322388488279
Wittenberg,2025-01-01,103,1,2025,0.49999999999999994,0.8660254037844387,48,115.0,289.0,638.0,336.3333333333333,341.0,187.78239254614533,347.3333333333333,400.8333333333333,323.9166666666667,48,57.0,141.75,434139,65597645.0,151.09825424576,20.0,1144.213632232953,5.0,85.0,265.0,460.0,1665.0,62061640.0,4321210.0,62225000.0,18831930.0,21242800.0,14527810.0,1164710.0,12.981122341709753,17.999050369124124,5.024526721525216,3.044522437723423,17.943638658787677,15.279046245010916,17.946267422288642,16.75106444449927,16.8715286194664,16.491575370377355,13.967983545538289,4.6443908991413725
Woodland Valley,2025-01-01,15,1,2025,0.49999999999999994,0.8660254037844387,48,25.0,88.0,182.0,85.89583333333333,58.5,65.17349663107363,98.33333333333333,58.5,54.0,48,13.0,17.25,434139,65597645.0,151.09825424576,20.0,1144.213632232953,5.0,85.0,265.0,460.0,1665.0,62061640.0,4321210.0,62225000.0,18831930.0,21242800.0,14527810.0,1164710.0,12.981122341709753,17.999050369124124,5.024526721525216,3.044522437723423,17.943638658787677,15.279046245010916,17.946267422288642,16.75106444449927,16.8715286194664,16.491575370377355,13.967983545538289,2.772588722239781
Ashokan HP,2025-02-01,27,2,2025,0.8660254037844386,0.5000000000000001,49,35.0,53.0,63.0,128.87755102040816,120.0,56.56803891961329,50.333333333333336,121.5,124.25,49,92.0,78.75,422336,66482800.0,157.41684346113047,20.0,1201.7379414365228,5.0,90.0,270.0,465.0,1705.0,63711335.0,4889855.0,62465455.0,18916200.0,19696535.0,17232550.0,1239095.0,12.953558852523289,18.01245384059622,5.065229808709046,3.044522437723423,17.969873063893207,15.402673413164697,17.950124257909472,16.75552930861459,16.79595334068353,16.66231065326172,14.02989263944991,3.332204510175204
Giant Ledge,2025-02-01,184,2,2025,0.8660254037844386,0.5000000000000001,49,268.0,235.0,404.0,550.0,502.0,316.89474446536263,302.3333333333333,426.0,435.25,44,333.0,323.25,422336,66482800.0,157.41684346113047,20.0,1201.7379414365228,5.0,90.0,270.0,465.0,1705.0,63711335.0,4889855.0,62465455.0,18916200.0,19696535.0,17232550.0,1239095.0,12.953558852523289,18.01245384059622,5.065229808709046,3.044522437723423,17.969873063893207,15.402673413164697,17.950124257909472,16.75552930861459,16.79595334068353,16.66231065326172,14.02989263944991,5.220355825078324
Millbrook to BLM FT,2025-02-01,139,2,2025,0.8660254037844386,0.5000000000000001,49,143.0,133.0,251.0,251.14285714285714,248.0,99.13626985114985,175.66666666666666,288.0,268.25,49,178.0,164.0,422336,66482800.0,157.41684346113047,20.0,1201.7379414365228,5.0,90.0,270.0,465.0,1705.0,63711335.0,4889855.0,62465455.0,18916200.0,19696535.0,17232550.0,1239095.0,12.953558852523289,18.01245384059622,5.065229808709046,3.044522437723423,17.969873063893207,15.402673413164697,17.950124257909472,16.75552930861459,16.79595334068353,16.66231065326172,14.02989263944991,4.941642422609304
Overlook,2025-02-01,182,2,2025,0.8660254037844386,0.5000000000000001,49,358.0,291.0,843.0,685.5918367346939,717.0,317.2832539944491,497.3333333333333,731.1666666666666,743.75,49,511.0,366.5,422336,66482800.0,157.41684346113047,20.0,1201.7379414365228,5.0,90.0,270.0,465.0,1705.0,63711335.0,4889855.0,62465455.0,18916200.0,19696535.0,17232550.0,1239095.0,12.953558852523289,18.01245384059622,5.065229808709046,3.044522437723423,17.969873063893207,15.402673413164697,17.950124257909472,16.75552930861459,16.79595334068353,16.66231065326172,14.02989263944991,5.209486152841421
Wittenberg,2025-02-01,55,2,2025,0.8660254037844386,0.5000000000000001,49,103.0,115.0,289.0,331.57142857142856,289.0,188.78217165117408,169.0,331.3333333333333,327.75,49,140.0,131.75,422336,66482800.0,157.41684346113047,20.0,1201.7379414365228,5.0,90.0,270.0,465.0,1705.0,63711335.0,4889855.0,62465455.0,18916200.0,19696535.0,17232550.0,1239095.0,12.953558852523289,18.01245384059622,5.065229808709046,3.044522437723423,17.969873063893207,15.402673413164697,17.950124257909472,16.75552930861459,16.79595334068353,16.66231065326172,14.02989263944991,4.02535169073515
Woodland Valley,2025-02-01,30,2,2025,0.8660254037844386,0.5000000000000001,49,15.0,25.0,88.0,84.44897959183673,55.0,65.28146151616916,42.666666666666664,59.0,54.166666666666664,49,24.0,25.25,422336,66482800.0,157.41684346113047,20.0,1201.7379414365228,5.0,90.0,270.0,465.0,1705.0,63711335.0,4889855.0,62465455.0,18916200.0,19696535.0,17232550.0,1239095.0,12.953558852523289,18.01245384059622,5.065229808709046,3.044522437723423,17.969873063893207,15.402673413164697,17.950124257909472,16.75552930861459,16.79595334068353,16.66231065326172,14.02989263944991,3.4339872044851463
Ashokan HP,2025-03-01,83,3,2025,1.0,6.123233995736766e-17,50,27.0,35.0,53.0,126.84,119.5,57.811925893453875,38.333333333333336,94.16666666666667,118.83333333333333,50,103.0,86.5,533128,107795835.0,202.1950357137498,25.0,1506.3310310024556,5.0,105.0,340.0,605.0,2405.0,103959345.0,13065740.0,95996795.0,30553960.0,32284890.0,29731975.0,1895175.0,13.186518700130765,18.49574958860593,5.314166284863326,3.258096538021482,18.45951047683667,16.385504171746444,18.379825373875153,17.235004891478372,17.290109907856117,17.20773365761591,14.454822268175402,4.430816798843313
Giant Ledge,2025-03-01,371,3,2025,1.0,6.123233995736766e-17,50,184.0,268.0,235.0,541.8666666666667,501.0,317.9886075718037,229.0,431.6666666666667,408.1666666666667,45,257.0,371.6666666666667,533128,107795835.0,202.1950357137498,25.0,1506.3310310024556,5.0,105.0,340.0,605.0,2405.0,103959345.0,13065740.0,95996795.0,30553960.0,32284890.0,29731975.0,1895175.0,13.186518700130765,18.49574958860593,5.314166284863326,3.258096538021482,18.45951047683667,16.385504171746444,18.379825373875153,17.235004891478372,17.290109907856117,17.20773365761591,14.454822268175402,5.918893854273146
Millbrook to BLM FT,2025-03-01,131,3,2025,1.0,6.123233995736766e-17,50,139.0,143.0,133.0,248.9,237.5,99.39290205840575,138.33333333333334,245.83333333333334,265.0,50,215.0,164.25,533128,107795835.0,202.1950357137498,25.0,1506.3310310024556,5.0,105.0,340.0,605.0,2405.0,103959345.0,13065740.0,95996795.0,30553960.0,32284890.0,29731975.0,1895175.0,13.186518700130765,18.49574958860593,5.314166284863326,3.258096538021482,18.45951047683667,16.385504171746444,18.379825373875153,17.235004891478372,17.290109907856117,17.20773365761591,14.454822268175402,4.882801922586371
Overlook,2025-03-01,426,3,2025,1.0,6.123233995736766e-17,50,182.0,358.0,291.0,675.52,713.0,322.00356443711,277.0,589.0,716.3333333333334,50,571.0,426.5,533128,107795835.0,202.1950357137498,25.0,1506.3310310024556,5.0,105.0,340.0,605.0,2405.0,103959345.0,13065740.0,95996795.0,30553960.0,32284890.0,29731975.0,1895175.0,13.186518700130765,18.49574958860593,5.314166284863326,3.258096538021482,18.45951047683667,16.385504171746444,18.379825373875153,17.235004891478372,17.290109907856117,17.20773365761591,14.454822268175402,6.056784013228625
Wittenberg,2025-03-01,126,3,2025,1.0,6.123233995736766e-17,50,55.0,103.0,115.0,326.04,287.5,190.89584295406453,91.0,269.0,320.6666666666667,50,193.0,166.5,533128,107795835.0,202.1950357137498,25.0,1506.3310310024556,5.0,105.0,340.0,605.0,2405.0,103959345.0,13065740.0,95996795.0,30553960.0,32284890.0,29731975.0,1895175.0,13.186518700130765,18.49574958860593,5.314166284863326,3.258096538021482,18.45951047683667,16.385504171746444,18.379825373875153,17.235004891478372,17.290109907856117,17.20773365761591,14.454822268175402,4.844187086458591
Woodland Valley,2025-03-01,41,3,2025,1.0,6.123233995736766e-17,50,30.0,15.0,25.0,83.36,53.0,65.06911866685788,23.333333333333332,62.5,54.666666666666664,50,42.0,27.5,533128,107795835.0,202.1950357137498,25.0,1506.3310310024556,5.0,105.0,340.0,605.0,2405.0,103959345.0,13065740.0,95996795.0,30553960.0,32284890.0,29731975.0,1895175.0,13.186518700130765,18.49574958860593,5.314166284863326,3.258096538021482,18.45951047683667,16.385504171746444,18.379825373875153,17.235004891478372,17.290109907856117,17.20773365761591,14.454822268175402,3.7376696182833684
Ashokan HP,2025-04-01,89,4,2025,0.8660254037844387,-0.49999999999999983,51,83.0,27.0,35.0,125.98039215686275,119.0,57.55918352307594,48.333333333333336,86.83333333333333,117.16666666666667,51,97.0,120.0,536884,108460760.0,202.01898361657265,25.0,1551.531861151952,5.0,105.0,335.0,590.0,2345.0,104679415.0,14304420.0,95453175.0,34571000.0,25309240.0,31573420.0,2934275.0,13.193539197856852,18.501899015764153,5.313299490022074,3.258096538021482,18.466413056703512,16.476079208288933,18.37414638154789,17.35852576722057,17.046680143924675,17.267826217032734,14.891971302790456,4.499809670330265
Giant Ledge,2025-04-01,341,4,2025,0.8660254037844387,-0.49999999999999983,51,371.0,184.0,268.0,538.1521739130435,493.0,315.4431780063165,274.3333333333333,474.1666666666667,361.8333333333333,46,331.0,436.0,536884,108460760.0,202.01898361657265,25.0,1551.531861151952,5.0,105.0,335.0,590.0,2345.0,104679415.0,14304420.0,95453175.0,34571000.0,25309240.0,31573420.0,2934275.0,13.193539197856852,18.501899015764153,5.313299490022074,3.258096538021482,18.466413056703512,16.476079208288933,18.37414638154789,17.35852576722057,17.046680143924675,17.267826217032734,14.891971302790456,5.834810737062605
Millbrook to BLM FT,2025-04-01,173,4,2025,0.8660254037844387,-0.49999999999999983,51,131.0,139.0,143.0,246.58823529411765,227.0,99.76936934161472,137.66666666666666,209.83333333333334,258.0,51,143.0,170.5,536884,108460760.0,202.01898361657265,25.0,1551.531861151952,5.0,105.0,335.0,590.0,2345.0,104679415.0,14304420.0,95453175.0,34571000.0,25309240.0,31573420.0,2934275.0,13.193539197856852,18.501899015764153,5.313299490022074,3.258096538021482,18.466413056703512,16.476079208288933,18.37414638154789,17.35852576722057,17.046680143924675,17.267826217032734,14.891971302790456,5.159055299214529
Overlook,2025-04-01,576,4,2025,0.8660254037844387,-0.49999999999999983,51,426.0,182.0,358.0,670.6274509803922,709.0,320.67640766257273,322.0,540.5,704.25,51,643.0,732.0,536884,108460760.0,202.01898361657265,25.0,1551.531861151952,5.0,105.0,335.0,590.0,2345.0,104679415.0,14304420.0,95453175.0,34571000.0,25309240.0,31573420.0,2934275.0,13.193539197856852,18.501899015764153,5.313299490022074,3.258096538021482,18.466413056703512,16.476079208288933,18.37414638154789,17.35852576722057,17.046680143924675,17.267826217032734,14.891971302790456,6.3578422665081
Wittenberg,2025-04-01,47,4,2025,0.8660254037844387,-0.49999999999999983,51,126.0,55.0,103.0,322.11764705882354,286.0,191.04194796523868,94.66666666666667,221.0,315.0833333333333,51,215.0,207.0,536884,108460760.0,202.01898361657265,25.0,1551.531861151952,5.0,105.0,335.0,590.0,2345.0,104679415.0,14304420.0,95453175.0,34571000.0,25309240.0,31573420.0,2934275.0,13.193539197856852,18.501899015764153,5.313299490022074,3.258096538021482,18.466413056703512,16.476079208288933,18.37414638154789,17.35852576722057,17.046680143924675,17.267826217032734,14.891971302790456,3.871201010907891
Woodland Valley,2025-04-01,47,4,2025,0.8660254037844387,-0.49999999999999983,51,41.0,30.0,15.0,82.52941176470588,51.0,64.68766588498195,28.666666666666668,63.5,54.583333333333336,51,49.0,62.75,536884,108460760.0,202.01898361657265,25.0,1551.531861151952,5.0,105.0,335.0,590.0,2345.0,104679415.0,14304420.0,95453175.0,34571000.0,25309240.0,31573420.0,2934275.0,13.193539197856852,18.501899015764153,5.313299490022074,3.258096538021482,18.466413056703512,16.476079208288933,18.37414638154789,17.35852576722057,17.046680143924675,17.267826217032734,14.891971302790456,3.871201010907891
Ashokan HP,2025-05-01,72,5,2025,0.49999999999999994,-0.8660254037844387,52,89.0,83.0,27.0,125.26923076923077,115.5,57.22234425248254,66.33333333333333,58.333333333333336,116.5,52,161.0,177.75,572434,109111240.0,190.60929294905614,25.0,1413.5745428068572,5.0,105.0,330.0,585.0,2135.0,106089770.0,15920920.0,94592235.0,37055305.0,26986200.0,26928815.0,3063160.0,13.257654470846802,18.50787847940951,5.255458366182381,3.258096538021482,18.479796189888493,16.583144588465956,18.36508595877242,17.42792211132837,17.11083621925166,17.1087074979839,14.934957947280417,4.290459441148391
Giant Ledge,2025-05-01,403,5,2025,0.49999999999999994,-0.8660254037844387,52,341.0,371.0,184.0,533.9574468085107,485.0,313.31814345713605,298.6666666666667,300.5,359.5,47,616.0,693.6666666666666,572434,109111240.0,190.60929294905614,25.0,1413.5745428068572,5.0,105.0,330.0,585.0,2135.0,106089770.0,15920920.0,94592235.0,37055305.0,26986200.0,26928815.0,3063160.0,13.257654470846802,18.50787847940951,5.255458366182381,3.258096538021482,18.479796189888493,16.583144588465956,18.36508595877242,17.42792211132837,17.11083621925166,17.1087074979839,14.934957947280417,6.0014148779611505
Millbrook to BLM FT,2025-05-01,277,5,2025,0.49999999999999994,-0.8660254037844387,52,173.0,131.0,139.0,245.17307692307693,224.0,99.31208902062743,147.66666666666666,161.66666666666666,260.5,52,289.0,260.25,572434,109111240.0,190.60929294905614,25.0,1413.5745428068572,5.0,105.0,330.0,585.0,2135.0,106089770.0,15920920.0,94592235.0,37055305.0,26986200.0,26928815.0,3063160.0,13.257654470846802,18.50787847940951,5.255458366182381,3.258096538021482,18.479796189888493,16.583144588465956,18.36508595877242,17.42792211132837,17.11083621925166,17.1087074979839,14.934957947280417,5.627621113690637
Overlook,2025-05-01,828,5,2025,0.49999999999999994,-0.8660254037844387,52,576.0,426.0,182.0,668.8076923076923,703.5,317.78800668774477,394.6666666666667,446.0,698.6666666666666,52,927.0,944.75,572434,109111240.0,190.60929294905614,25.0,1413.5745428068572,5.0,105.0,330.0,585.0,2135.0,106089770.0,15920920.0,94592235.0,37055305.0,26986200.0,26928815.0,3063160.0,13.257654470846802,18.50787847940951,5.255458366182381,3.258096538021482,18.479796189888493,16.583144588465956,18.36508595877242,17.42792211132837,17.11083621925166,17.1087074979839,14.934957947280417,6.720220155135295
Wittenberg,2025-05-01,477,5,2025,0.49999999999999994,-0.8660254037844387,52,47.0,126.0,55.0,316.8269230769231,284.5,192.9688302732169,76.0,122.5,301.0833333333333,52,408.0,480.75,572434,109111240.0,190.60929294905614,25.0,1413.5745428068572,5.0,105.0,330.0,585.0,2135.0,106089770.0,15920920.0,94592235.0,37055305.0,26986200.0,26928815.0,3063160.0,13.257654470846802,18.50787847940951,5.255458366182381,3.258096538021482,18.479796189888493,16.583144588465956,18.36508595877242,17.42792211132837,17.11083621925166,17.1087074979839,14.934957947280417,6.169610732491456
Woodland Valley,2025-05-01,13,5,2025,0.49999999999999994,-0.8660254037844387,52,47.0,41.0,30.0,81.84615384615384,50.5,64.23955919298638,39.333333333333336,41.0,54.416666666666664,52,99.0,120.75,572434,109111240.0,190.60929294905614,25.0,1413.5745428068572,5.0,105.0,330.0,585.0,2135.0,106089770.0,15920920.0,94592235.0,37055305.0,26986200.0,26928815.0,3063160.0,13.257654470846802,18.50787847940951,5.255458366182381,3.258096538021482,18.479796189888493,16.583144588465956,18.36508595877242,17.42792211132837,17.11083621925166,17.1087074979839,14.934957947280417,2.6390573296152584
Ashokan HP,2025-06-01,160,6,2025,1.2246467991473532e-16,-1.0,53,72.0,89.0,83.0,124.26415094339623,112.0,57.13989275433388,81.33333333333333,59.833333333333336,109.08333333333333,53,160.0,157.5,587333,106154040.0,180.7391037111826,25.0,1404.5301411556936,5.0,100.0,320.0,570.0,1915.0,103197590.0,11399785.0,96293995.0,36689140.0,21249455.0,26450850.0,5384890.0,13.283348931883287,18.48040181415955,5.202572162545909,3.258096538021482,18.45215606771603,16.249105141258706,18.382916527991895,17.417991383683447,16.871841853007016,17.090798889664057,15.499107626956437,5.081404364984463
Giant Ledge,2025-06-01,629,6,2025,1.2246467991473532e-16,-1.0,53,403.0,341.0,371.0,531.2291666666666,444.5,310.5428493120801,371.6666666666667,300.3333333333333,370.0833333333333,48,485.0,651.3333333333334,587333,106154040.0,180.7391037111826,25.0,1404.5301411556936,5.0,100.0,320.0,570.0,1915.0,103197590.0,11399785.0,96293995.0,36689140.0,21249455.0,26450850.0,5384890.0,13.283348931883287,18.48040181415955,5.202572162545909,3.258096538021482,18.45215606771603,16.249105141258706,18.382916527991895,17.417991383683447,16.871841853007016,17.090798889664057,15.499107626956437,6.4457198193855785
Millbrook to BLM FT,2025-06-01,231,6,2025,1.2246467991473532e-16,-1.0,53,277.0,173.0,131.0,245.77358490566039,227.0,98.44964380711319,193.66666666666666,166.0,259.5,53,303.0,291.5,587333,106154040.0,180.7391037111826,25.0,1404.5301411556936,5.0,100.0,320.0,570.0,1915.0,103197590.0,11399785.0,96293995.0,36689140.0,21249455.0,26450850.0,5384890.0,13.283348931883287,18.48040181415955,5.202572162545909,3.258096538021482,18.45215606771603,16.249105141258706,18.382916527991895,17.417991383683447,16.871841853007016,17.090798889664057,15.499107626956437,5.44673737166631
Overlook,2025-06-01,854,6,2025,1.2246467991473532e-16,-1.0,53,828.0,576.0,426.0,671.811320754717,709.0,315.4762612429617,610.0,443.5,690.4166666666666,53,856.0,928.5,587333,106154040.0,180.7391037111826,25.0,1404.5301411556936,5.0,100.0,320.0,570.0,1915.0,103197590.0,11399785.0,96293995.0,36689140.0,21249455.0,26450850.0,5384890.0,13.283348931883287,18.48040181415955,5.202572162545909,3.258096538021482,18.45215606771603,16.249105141258706,18.382916527991895,17.417991383683447,16.871841853007016,17.090798889664057,15.499107626956437,6.75110146893676
Wittenberg,2025-06-01,532,6,2025,1.2246467991473532e-16,-1.0,53,477.0,47.0,126.0,319.8490566037736,286.0,192.36667673066611,216.66666666666666,153.83333333333334,306.8333333333333,53,469.0,489.5,587333,106154040.0,180.7391037111826,25.0,1404.5301411556936,5.0,100.0,320.0,570.0,1915.0,103197590.0,11399785.0,96293995.0,36689140.0,21249455.0,26450850.0,5384890.0,13.283348931883287,18.48040181415955,5.202572162545909,3.258096538021482,18.45215606771603,16.249105141258706,18.382916527991895,17.417991383683447,16.871841853007016,17.090798889664057,15.499107626956437,6.278521424165844
Ashokan HP,2025-07-01,260,7,2025,-0.4999999999999998,-0.8660254037844388,54,160.0,72.0,89.0,124.92592592592592,115.5,56.80680661178175,107.0,77.66666666666667,109.08333333333333,54,149.0,202.5,622586,116543950.0,187.19333553918656,25.0,1456.360706709435,10.0,105.0,335.0,595.0,1990.0,112502130.0,12040730.0,106222580.0,45040805.0,20909780.0,25678105.0,6916595.0,13.34163865659176,18.573779021627264,5.23746981493653,3.258096538021482,18.53848272165157,16.303805710287627,18.481047271288816,17.623079436839856,16.855727597892294,17.061149280172,15.74943429905321,5.564520407322694
Giant Ledge,2025-07-01,400,7,2025,-0.4999999999999998,-0.8660254037844388,54,629.0,403.0,341.0,533.2244897959183,485.0,307.608264498461,457.6666666666667,366.0,401.4166666666667,49,150.0,660.5,622586,116543950.0,187.19333553918656,25.0,1456.360706709435,10.0,105.0,335.0,595.0,1990.0,112502130.0,12040730.0,106222580.0,45040805.0,20909780.0,25678105.0,6916595.0,13.34163865659176,18.573779021627264,5.23746981493653,3.258096538021482,18.53848272165157,16.303805710287627,18.481047271288816,17.623079436839856,16.855727597892294,17.061149280172,15.74943429905321,5.993961427306569
Millbrook to BLM FT,2025-07-01,340,7,2025,-0.4999999999999998,-0.8660254037844388,54,231.0,277.0,173.0,245.5,229.0,97.53717240109025,227.0,182.33333333333334,253.5,54,363.0,362.5,622586,116543950.0,187.19333553918656,25.0,1456.360706709435,10.0,105.0,335.0,595.0,1990.0,112502130.0,12040730.0,106222580.0,45040805.0,20909780.0,25678105.0,6916595.0,13.34163865659176,18.573779021627264,5.23746981493653,3.258096538021482,18.53848272165157,16.303805710287627,18.481047271288816,17.623079436839856,16.855727597892294,17.061149280172,15.74943429905321,5.831882477283517
Overlook,2025-07-01,1038,7,2025,-0.4999999999999998,-0.8660254037844388,54,854.0,828.0,576.0,675.1851851851852,713.0,313.46788671695737,752.6666666666666,537.3333333333334,690.25,54,1030.0,1055.75,622586,116543950.0,187.19333553918656,25.0,1456.360706709435,10.0,105.0,335.0,595.0,1990.0,112502130.0,12040730.0,106222580.0,45040805.0,20909780.0,25678105.0,6916595.0,13.34163865659176,18.573779021627264,5.23746981493653,3.258096538021482,18.53848272165157,16.303805710287627,18.481047271288816,17.623079436839856,16.855727597892294,17.061149280172,15.74943429905321,6.946013991099227
Wittenberg,2025-07-01,587,7,2025,-0.4999999999999998,-0.8660254037844388,54,532.0,477.0,47.0,323.77777777777777,287.5,192.71796448820749,352.0,223.33333333333334,312.0833333333333,54,520.0,545.75,622586,116543950.0,187.19333553918656,25.0,1456.360706709435,10.0,105.0,335.0,595.0,1990.0,112502130.0,12040730.0,106222580.0,45040805.0,20909780.0,25678105.0,6916595.0,13.34163865659176,18.573779021627264,5.23746981493653,3.258096538021482,18.53848272165157,16.303805710287627,18.481047271288816,17.623079436839856,16.855727597892294,17.061149280172,15.74943429905321,6.376726947898627
Ashokan HP,2025-08-01,173,8,2025,-0.8660254037844384,-0.5000000000000004,55,260.0,160.0,72.0,127.38181818181818,119.0,59.15218630601191,164.0,115.16666666666667,118.33333333333333,55,191.0,168.5,675756,147537875.0,218.33009991772178,25.0,1688.0136994556408,10.0,115.0,370.0,690.0,2550.0,141755210.0,17939895.0,131447550.0,55909825.0,33446155.0,32587825.0,6247765.0,13.423588822945566,18.809595487220832,5.390577900532077,3.258096538021482,18.769612261801196,16.702537617476672,18.694118478308567,17.839250700853466,17.325447420147214,17.299449341009684,15.64773451781568,5.159055299214529
Millbrook to BLM FT,2025-08-01,354,8,2025,-0.8660254037844384,-0.5000000000000004,55,340.0,231.0,277.0,247.21818181818182,231.0,97.46636474134169,282.6666666666667,215.16666666666666,251.58333333333334,55,392.0,371.0,675756,147537875.0,218.33009991772178,25.0,1688.0136994556408,10.0,115.0,370.0,690.0,2550.0,141755210.0,17939895.0,131447550.0,55909825.0,33446155.0,32587825.0,6247765.0,13.423588822945566,18.809595487220832,5.390577900532077,3.258096538021482,18.769612261801196,16.702537617476672,18.694118478308567,17.839250700853466,17.325447420147214,17.299449341009684,15.64773451781568,5.872117789475416
Overlook,2025-08-01,698,8,2025,-0.8660254037844384,-0.5000000000000004,55,1038.0,854.0,828.0,681.7818181818182,717.0,314.38162059351265,906.6666666666666,650.6666666666666,690.9166666666666,55,1035.0,996.5,675756,147537875.0,218.33009991772178,25.0,1688.0136994556408,10.0,115.0,370.0,690.0,2550.0,141755210.0,17939895.0,131447550.0,55909825.0,33446155.0,32587825.0,6247765.0,13.423588822945566,18.809595487220832,5.390577900532077,3.258096538021482,18.769612261801196,16.702537617476672,18.694118478308567,17.839250700853466,17.325447420147214,17.299449341009684,15.64773451781568,6.54965074223381
Wittenberg,2025-08-01,751,8,2025,-0.8660254037844384,-0.5000000000000004,55,587.0,532.0,477.0,328.56363636363636,289.0,194.19623176307115,532.0,304.0,317.6666666666667,55,429.0,491.75,675756,147537875.0,218.33009991772178,25.0,1688.0136994556408,10.0,115.0,370.0,690.0,2550.0,141755210.0,17939895.0,131447550.0,55909825.0,33446155.0,32587825.0,6247765.0,13.423588822945566,18.809595487220832,5.390577900532077,3.258096538021482,18.769612261801196,16.702537617476672,18.694118478308567,17.839250700853466,17.325447420147214,17.299449341009684,15.64773451781568,6.62273632394984
Ashokan HP,2025-09-01,101,9,2025,-1.0,-1.8369701987210297e-16,56,173.0,260.0,160.0,128.19642857142858,119.5,58.92812868782912,197.66666666666666,139.5,116.83333333333333,56,127.0,146.75,663591,153858395.0,231.85726599667566,25.0,1954.163065626631,10.0,125.0,395.0,720.0,2495.0,146595625.0,15197725.0,140334600.0,54040025.0,34549500.0,40555211.0,5535635.0,13.405422781770666,18.851543230878978,5.450425673565435,3.258096538021482,18.803188510682492,16.536656369361364,18.7595401361919,17.805235552181248,17.357903665237185,17.518174862941787,15.526717022672834,4.624972813284271
Millbrook to BLM FT,2025-09-01,14,9,2025,-1.0,-1.8369701987210297e-16,56,354.0,340.0,231.0,249.125,239.5,97.62471045237005,308.3333333333333,251.0,248.41666666666666,56,347.0,318.0,663591,153858395.0,231.85726599667566,25.0,1954.163065626631,10.0,125.0,395.0,720.0,2495.0,146595625.0,15197725.0,140334600.0,54040025.0,34549500.0,40555211.0,5535635.0,13.405422781770666,18.851543230878978,5.450425673565435,3.258096538021482,18.803188510682492,16.536656369361364,18.7595401361919,17.805235552181248,17.357903665237185,17.518174862941787,15.526717022672834,2.70805020110221
Overlook,2025-09-01,27,9,2025,-1.0,-1.8369701987210297e-16,56,698.0,1038.0,854.0,682.0714285714286,713.0,311.5180343323412,863.3333333333334,736.6666666666666,662.8333333333334,56,717.0,762.5,663591,153858395.0,231.85726599667566,25.0,1954.163065626631,10.0,125.0,395.0,720.0,2495.0,146595625.0,15197725.0,140334600.0,54040025.0,34549500.0,40555211.0,5535635.0,13.405422781770666,18.851543230878978,5.450425673565435,3.258096538021482,18.803188510682492,16.536656369361364,18.7595401361919,17.805235552181248,17.357903665237185,17.518174862941787,15.526717022672834,3.332204510175204
Wittenberg,2025-09-01,506,9,2025,-1.0,-1.8369701987210297e-16,56,751.0,587.0,532.0,336.10714285714283,341.0,200.53217185292726,623.3333333333334,420.0,344.5,56,414.0,471.0,663591,153858395.0,231.85726599667566,25.0,1954.163065626631,10.0,125.0,395.0,720.0,2495.0,146595625.0,15197725.0,140334600.0,54040025.0,34549500.0,40555211.0,5535635.0,13.405422781770666,18.851543230878978,5.450425673565435,3.258096538021482,18.803188510682492,16.536656369361364,18.7595401361919,17.805235552181248,17.357903665237185,17.518174862941787,15.526717022672834,6.2285110035911835
Ashokan HP,2025-10-01,117,10,2025,-0.8660254037844386,0.5000000000000001,57,101.0,173.0,260.0,127.71929824561404,119.0,58.51060782516427,178.0,142.5,114.66666666666667,57,260.0,196.25,609293,136197715.0,223.53402221919504,25.0,1816.1114272212335,10.0,115.0,390.0,720.0,2490.0,130365960.0,13067940.0,124622285.0,44195865.0,34340120.0,37154170.0,4071580.0,13.32005618882227,18.729618182082397,5.414027242333663,3.258096538021482,18.685856138105116,16.385672536847483,18.64079800867715,17.604141813262014,17.35182493701505,17.43058659738831,15.21954193407925,4.770684624465665
Overlook,2025-10-01,4,10,2025,-0.8660254037844386,0.5000000000000001,57,27.0,698.0,1038.0,670.578947368421,709.0,320.68514528430376,587.6666666666666,670.1666666666666,605.3333333333334,57,1143.0,941.0,609293,136197715.0,223.53402221919504,25.0,1816.1114272212335,10.0,115.0,390.0,720.0,2490.0,130365960.0,13067940.0,124622285.0,44195865.0,34340120.0,37154170.0,4071580.0,13.32005618882227,18.729618182082397,5.414027242333663,3.258096538021482,18.685856138105116,16.385672536847483,18.64079800867715,17.604141813262014,17.35182493701505,17.43058659738831,15.21954193407925,1.6094379124341003
Wittenberg,2025-10-01,589,10,2025,-0.8660254037844386,0.5000000000000001,57,506.0,751.0,587.0,339.0877192982456,393.0,200.0035964588918,614.6666666666666,483.3333333333333,352.1666666666667,57,638.0,558.75,609293,136197715.0,223.53402221919504,25.0,1816.1114272212335,10.0,115.0,390.0,720.0,2490.0,130365960.0,13067940.0,124622285.0,44195865.0,34340120.0,37154170.0,4071580.0,13.32005618882227,18.729618182082397,5.414027242333663,3.258096538021482,18.685856138105116,16.385672536847483,18.64079800867715,17.604141813262014,17.35182493701505,17.43058659738831,15.21954193407925,6.380122536899765
