location,start_date,observed,predicted,evaluation,feature_set,model,fold
Peekamoose,2022-12-01,58,88.0,Known-trail future months,Baseline,Previous observation baseline,
Biscuit Brook,2023-01-01,47,72.0,Known-trail future months,Baseline,Previous observation baseline,
Peekamoose,2023-01-01,139,58.0,Known-trail future months,Baseline,Previous observation baseline,
Bangle Hill,2023-02-01,18,11.0,Known-trail future months,Baseline,Previous observation baseline,
Biscuit Brook,2023-02-01,68,47.0,Known-trail future months,Baseline,Previous observation baseline,
Peekamoose,2023-02-01,90,139.0,Known-trail future months,Baseline,Previous observation baseline,
Bangle Hill,2023-03-01,5,18.0,Known-trail future months,Baseline,Previous observation baseline,
Biscuit Brook,2023-03-01,59,68.0,Known-trail future months,Baseline,Previous observation baseline,
Peekamoose,2023-03-01,63,90.0,Known-trail future months,Baseline,Previous observation baseline,
Bangle Hill,2023-04-01,11,5.0,Known-trail future months,Baseline,Previous observation baseline,
Biscuit Brook,2023-04-01,74,59.0,Known-trail future months,Baseline,Previous observation baseline,
Peekamoose,2023-04-01,92,63.0,Known-trail future months,Baseline,Previous observation baseline,
Bangle Hill,2023-05-01,5,11.0,Known-trail future months,Baseline,Previous observation baseline,
Biscuit Brook,2023-05-01,157,74.0,Known-trail future months,Baseline,Previous observation baseline,
Peekamoose,2023-05-01,234,92.0,Known-trail future months,Baseline,Previous observation baseline,
Slide Mt,2023-05-01,691,307.0,Known-trail future months,Baseline,Previous observation baseline,
Upper Cherrytown Road,2023-05-01,136,168.0,Known-trail future months,Baseline,Previous observation baseline,
Biscuit Brook,2023-06-01,121,157.0,Known-trail future months,Baseline,Previous observation baseline,
Peekamoose,2023-06-01,49,234.0,Known-trail future months,Baseline,Previous observation baseline,
Slide Mt,2023-06-01,587,691.0,Known-trail future months,Baseline,Previous observation baseline,
Upper Cherrytown Road,2023-06-01,143,136.0,Known-trail future months,Baseline,Previous observation baseline,
Biscuit Brook,2023-07-01,144,121.0,Known-trail future months,Baseline,Previous observation baseline,
McKenley Hollow,2023-07-01,103,91.0,Known-trail future months,Baseline,Previous observation baseline,
Red Hill Dinch Road,2023-07-01,291,195.0,Known-trail future months,Baseline,Previous observation baseline,
Slide Mt,2023-07-01,794,587.0,Known-trail future months,Baseline,Previous observation baseline,
Upper Cherrytown Road,2023-07-01,329,143.0,Known-trail future months,Baseline,Previous observation baseline,
Biscuit Brook,2023-08-01,98,144.0,Known-trail future months,Baseline,Previous observation baseline,
McKenley Hollow,2023-08-01,116,103.0,Known-trail future months,Baseline,Previous observation baseline,
Onteora Lake,2023-08-01,284,506.0,Known-trail future months,Baseline,Previous observation baseline,
Red Hill Dinch Road,2023-08-01,238,291.0,Known-trail future months,Baseline,Previous observation baseline,
Slide Mt,2023-08-01,606,794.0,Known-trail future months,Baseline,Previous observation baseline,
Upper Cherrytown Road,2023-08-01,197,329.0,Known-trail future months,Baseline,Previous observation baseline,
McKenley Hollow,2023-09-01,119,116.0,Known-trail future months,Baseline,Previous observation baseline,
Onteora Lake,2023-09-01,311,284.0,Known-trail future months,Baseline,Previous observation baseline,
Red Hill Dinch Road,2023-09-01,172,238.0,Known-trail future months,Baseline,Previous observation baseline,
Upper Cherrytown Road,2023-09-01,2,197.0,Known-trail future months,Baseline,Previous observation baseline,
McKenley Hollow,2023-10-01,119,119.0,Known-trail future months,Baseline,Previous observation baseline,
Onteora Lake,2023-10-01,418,311.0,Known-trail future months,Baseline,Previous observation baseline,
Red Hill Dinch Road,2023-10-01,158,172.0,Known-trail future months,Baseline,Previous observation baseline,
Seager,2023-10-01,41,36.0,Known-trail future months,Baseline,Previous observation baseline,
Upper Cherrytown Road,2023-10-01,16,2.0,Known-trail future months,Baseline,Previous observation baseline,
Dry Brook Ridge to Lean-to,2023-11-01,25,10.0,Known-trail future months,Baseline,Previous observation baseline,
Fox Hollow,2023-11-01,75,102.0,Known-trail future months,Baseline,Previous observation baseline,
Hardenburgh- MH Trail,2023-11-01,4,8.0,Known-trail future months,Baseline,Previous observation baseline,
Kelly Hollow,2023-11-01,154,165.0,Known-trail future months,Baseline,Previous observation baseline,
Lane Street,2023-11-01,57,28.0,Known-trail future months,Baseline,Previous observation baseline,
McKenley Hollow,2023-11-01,102,119.0,Known-trail future months,Baseline,Previous observation baseline,
Onteora Lake,2023-11-01,246,418.0,Known-trail future months,Baseline,Previous observation baseline,
Red Hill Dinch Road,2023-11-01,123,158.0,Known-trail future months,Baseline,Previous observation baseline,
Rochester Hollow,2023-11-01,150,250.0,Known-trail future months,Baseline,Previous observation baseline,
Seager,2023-11-01,38,41.0,Known-trail future months,Baseline,Previous observation baseline,
Upper Cherrytown Road,2023-11-01,1,16.0,Known-trail future months,Baseline,Previous observation baseline,
Alder Lake,2023-12-01,45,70.0,Known-trail future months,Baseline,Previous observation baseline,
Beaverkill Road to BLM FT,2023-12-01,84,135.0,Known-trail future months,Baseline,Previous observation baseline,
Dry Brook Ridge to Lean-to,2023-12-01,12,25.0,Known-trail future months,Baseline,Previous observation baseline,
Flynn,2023-12-01,8,21.0,Known-trail future months,Baseline,Previous observation baseline,
Fox Hollow,2023-12-01,59,75.0,Known-trail future months,Baseline,Previous observation baseline,
Frick Pond,2023-12-01,59,98.0,Known-trail future months,Baseline,Previous observation baseline,
Hardenburgh- MH Trail,2023-12-01,0,4.0,Known-trail future months,Baseline,Previous observation baseline,
Kelly Hollow,2023-12-01,112,154.0,Known-trail future months,Baseline,Previous observation baseline,
Lane Street,2023-12-01,24,57.0,Known-trail future months,Baseline,Previous observation baseline,
McKenley Hollow,2023-12-01,97,102.0,Known-trail future months,Baseline,Previous observation baseline,
Mt Tremper,2023-12-01,176,269.0,Known-trail future months,Baseline,Previous observation baseline,
Neversink Hardenburgh Trail,2023-12-01,10,12.0,Known-trail future months,Baseline,Previous observation baseline,
Onteora Lake,2023-12-01,216,246.0,Known-trail future months,Baseline,Previous observation baseline,
Red Hill Dinch Road,2023-12-01,97,123.0,Known-trail future months,Baseline,Previous observation baseline,
Rider Hollow,2023-12-01,128,145.0,Known-trail future months,Baseline,Previous observation baseline,
Rochester Hollow,2023-12-01,125,150.0,Known-trail future months,Baseline,Previous observation baseline,
Seager,2023-12-01,22,38.0,Known-trail future months,Baseline,Previous observation baseline,
Upper Cherrytown Road,2023-12-01,7,1.0,Known-trail future months,Baseline,Previous observation baseline,
Alder Lake,2024-01-01,33,45.0,Known-trail future months,Baseline,Previous observation baseline,
Beaverkill Road to BLM FT,2024-01-01,33,84.0,Known-trail future months,Baseline,Previous observation baseline,
Cathedral Glen,2024-01-01,6,4.0,Known-trail future months,Baseline,Previous observation baseline,
Denning,2024-01-01,59,76.0,Known-trail future months,Baseline,Previous observation baseline,
Dry Brook Ridge to Lean-to,2024-01-01,11,12.0,Known-trail future months,Baseline,Previous observation baseline,
Flynn,2024-01-01,12,8.0,Known-trail future months,Baseline,Previous observation baseline,
Fox Hollow,2024-01-01,20,59.0,Known-trail future months,Baseline,Previous observation baseline,
Frick Pond,2024-01-01,53,59.0,Known-trail future months,Baseline,Previous observation baseline,
Hardenburgh- MH Trail,2024-01-01,2,0.0,Known-trail future months,Baseline,Previous observation baseline,
Kelly Hollow,2024-01-01,44,112.0,Known-trail future months,Baseline,Previous observation baseline,
Lane Street,2024-01-01,13,24.0,Known-trail future months,Baseline,Previous observation baseline,
McKenley Hollow,2024-01-01,20,97.0,Known-trail future months,Baseline,Previous observation baseline,
Mt Tremper,2024-01-01,107,176.0,Known-trail future months,Baseline,Previous observation baseline,
Neversink Hardenburgh Trail,2024-01-01,0,10.0,Known-trail future months,Baseline,Previous observation baseline,
Red Hill Dinch Road,2024-01-01,79,97.0,Known-trail future months,Baseline,Previous observation baseline,
Rider Hollow,2024-01-01,118,128.0,Known-trail future months,Baseline,Previous observation baseline,
Rochester Hollow,2024-01-01,51,125.0,Known-trail future months,Baseline,Previous observation baseline,
Seager,2024-01-01,24,22.0,Known-trail future months,Baseline,Previous observation baseline,
Alder Lake,2024-02-01,55,33.0,Known-trail future months,Baseline,Previous observation baseline,
Beaverkill Road to BLM FT,2024-02-01,81,33.0,Known-trail future months,Baseline,Previous observation baseline,
Cathedral Glen,2024-02-01,11,6.0,Known-trail future months,Baseline,Previous observation baseline,
Denning,2024-02-01,111,59.0,Known-trail future months,Baseline,Previous observation baseline,
Dry Brook Ridge to Lean-to,2024-02-01,22,11.0,Known-trail future months,Baseline,Previous observation baseline,
Flynn,2024-02-01,13,12.0,Known-trail future months,Baseline,Previous observation baseline,
Fox Hollow,2024-02-01,67,20.0,Known-trail future months,Baseline,Previous observation baseline,
Frick Pond,2024-02-01,35,53.0,Known-trail future months,Baseline,Previous observation baseline,
Hardenburgh- MH Trail,2024-02-01,17,2.0,Known-trail future months,Baseline,Previous observation baseline,
Kelly Hollow,2024-02-01,70,44.0,Known-trail future months,Baseline,Previous observation baseline,
Lane Street,2024-02-01,27,13.0,Known-trail future months,Baseline,Previous observation baseline,
McKenley Hollow,2024-02-01,3,20.0,Known-trail future months,Baseline,Previous observation baseline,
Mt Tremper,2024-02-01,103,107.0,Known-trail future months,Baseline,Previous observation baseline,
Neversink Hardenburgh Trail,2024-02-01,1,0.0,Known-trail future months,Baseline,Previous observation baseline,
Red Hill Dinch Road,2024-02-01,100,79.0,Known-trail future months,Baseline,Previous observation baseline,
Rider Hollow,2024-02-01,189,118.0,Known-trail future months,Baseline,Previous observation baseline,
Rochester Hollow,2024-02-01,89,51.0,Known-trail future months,Baseline,Previous observation baseline,
Seager,2024-02-01,31,24.0,Known-trail future months,Baseline,Previous observation baseline,
Alder Lake,2024-03-01,63,55.0,Known-trail future months,Baseline,Previous observation baseline,
Beaverkill Road to BLM FT,2024-03-01,82,81.0,Known-trail future months,Baseline,Previous observation baseline,
Cathedral Glen,2024-03-01,10,11.0,Known-trail future months,Baseline,Previous observation baseline,
Denning,2024-03-01,204,111.0,Known-trail future months,Baseline,Previous observation baseline,
Dry Brook Ridge to Lean-to,2024-03-01,10,22.0,Known-trail future months,Baseline,Previous observation baseline,
Flynn,2024-03-01,12,13.0,Known-trail future months,Baseline,Previous observation baseline,
Fox Hollow,2024-03-01,40,67.0,Known-trail future months,Baseline,Previous observation baseline,
Frick Pond,2024-03-01,45,35.0,Known-trail future months,Baseline,Previous observation baseline,
Hardenburgh- MH Trail,2024-03-01,4,17.0,Known-trail future months,Baseline,Previous observation baseline,
Kelly Hollow,2024-03-01,96,70.0,Known-trail future months,Baseline,Previous observation baseline,
Lane Street,2024-03-01,28,27.0,Known-trail future months,Baseline,Previous observation baseline,
McKenley Hollow,2024-03-01,7,3.0,Known-trail future months,Baseline,Previous observation baseline,
Mt Tremper,2024-03-01,123,103.0,Known-trail future months,Baseline,Previous observation baseline,
Neversink Hardenburgh Trail,2024-03-01,4,1.0,Known-trail future months,Baseline,Previous observation baseline,
Red Hill Dinch Road,2024-03-01,21,100.0,Known-trail future months,Baseline,Previous observation baseline,
Rider Hollow,2024-03-01,166,189.0,Known-trail future months,Baseline,Previous observation baseline,
Rochester Hollow,2024-03-01,117,89.0,Known-trail future months,Baseline,Previous observation baseline,
Seager,2024-03-01,15,31.0,Known-trail future months,Baseline,Previous observation baseline,
Woodchuck Hollow,2024-03-01,1,5.0,Known-trail future months,Baseline,Previous observation baseline,
Alder Lake,2024-04-01,127,63.0,Known-trail future months,Baseline,Previous observation baseline,
Beaverkill Road to BLM FT,2024-04-01,110,82.0,Known-trail future months,Baseline,Previous observation baseline,
Cathedral Glen,2024-04-01,21,10.0,Known-trail future months,Baseline,Previous observation baseline,
Denning,2024-04-01,233,204.0,Known-trail future months,Baseline,Previous observation baseline,
Dry Brook Ridge to Lean-to,2024-04-01,13,10.0,Known-trail future months,Baseline,Previous observation baseline,
Flynn,2024-04-01,18,12.0,Known-trail future months,Baseline,Previous observation baseline,
Fox Hollow,2024-04-01,48,40.0,Known-trail future months,Baseline,Previous observation baseline,
Frick Pond,2024-04-01,70,45.0,Known-trail future months,Baseline,Previous observation baseline,
Hardenburgh- MH Trail,2024-04-01,1,4.0,Known-trail future months,Baseline,Previous observation baseline,
Kelly Hollow,2024-04-01,127,96.0,Known-trail future months,Baseline,Previous observation baseline,
Lane Street,2024-04-01,36,28.0,Known-trail future months,Baseline,Previous observation baseline,
Mt Tremper,2024-04-01,64,123.0,Known-trail future months,Baseline,Previous observation baseline,
Neversink Hardenburgh Trail,2024-04-01,4,4.0,Known-trail future months,Baseline,Previous observation baseline,
Rider Hollow,2024-04-01,103,166.0,Known-trail future months,Baseline,Previous observation baseline,
Rochester Hollow,2024-04-01,99,117.0,Known-trail future months,Baseline,Previous observation baseline,
Seager,2024-04-01,40,15.0,Known-trail future months,Baseline,Previous observation baseline,
Alder Lake,2024-05-01,147,127.0,Known-trail future months,Baseline,Previous observation baseline,
Beaverkill Road to BLM FT,2024-05-01,189,110.0,Known-trail future months,Baseline,Previous observation baseline,
Cathedral Glen,2024-05-01,19,21.0,Known-trail future months,Baseline,Previous observation baseline,
Denning,2024-05-01,260,233.0,Known-trail future months,Baseline,Previous observation baseline,
Dry Brook Ridge to Lean-to,2024-05-01,17,13.0,Known-trail future months,Baseline,Previous observation baseline,
Flynn,2024-05-01,24,18.0,Known-trail future months,Baseline,Previous observation baseline,
Fox Hollow,2024-05-01,71,48.0,Known-trail future months,Baseline,Previous observation baseline,
Frick Pond,2024-05-01,125,70.0,Known-trail future months,Baseline,Previous observation baseline,
Hardenburgh- MH Trail,2024-05-01,23,1.0,Known-trail future months,Baseline,Previous observation baseline,
Kelly Hollow,2024-05-01,182,127.0,Known-trail future months,Baseline,Previous observation baseline,
Lane Street,2024-05-01,54,36.0,Known-trail future months,Baseline,Previous observation baseline,
Mt Tremper,2024-05-01,19,64.0,Known-trail future months,Baseline,Previous observation baseline,
Neversink Hardenburgh Trail,2024-05-01,34,4.0,Known-trail future months,Baseline,Previous observation baseline,
Rider Hollow,2024-05-01,98,103.0,Known-trail future months,Baseline,Previous observation baseline,
Rochester Hollow,2024-05-01,182,99.0,Known-trail future months,Baseline,Previous observation baseline,
Seager,2024-05-01,53,40.0,Known-trail future months,Baseline,Previous observation baseline,
Woodchuck Hollow,2024-05-01,1,1.0,Known-trail future months,Baseline,Previous observation baseline,
Woodland Valley,2024-05-01,99,49.0,Known-trail future months,Baseline,Previous observation baseline,
Alder Lake,2024-06-01,168,147.0,Known-trail future months,Baseline,Previous observation baseline,
Beaverkill Road to BLM FT,2024-06-01,190,189.0,Known-trail future months,Baseline,Previous observation baseline,
Cathedral Glen,2024-06-01,30,19.0,Known-trail future months,Baseline,Previous observation baseline,
Denning,2024-06-01,281,260.0,Known-trail future months,Baseline,Previous observation baseline,
Dry Brook Ridge to Lean-to,2024-06-01,20,17.0,Known-trail future months,Baseline,Previous observation baseline,
Flynn,2024-06-01,30,24.0,Known-trail future months,Baseline,Previous observation baseline,
Fox Hollow,2024-06-01,64,71.0,Known-trail future months,Baseline,Previous observation baseline,
Frick Pond,2024-06-01,131,125.0,Known-trail future months,Baseline,Previous observation baseline,
Hardenburgh- MH Trail,2024-06-01,17,23.0,Known-trail future months,Baseline,Previous observation baseline,
Kelly Hollow,2024-06-01,156,182.0,Known-trail future months,Baseline,Previous observation baseline,
Lane Street,2024-06-01,71,54.0,Known-trail future months,Baseline,Previous observation baseline,
Mt Tremper,2024-06-01,22,19.0,Known-trail future months,Baseline,Previous observation baseline,
Neversink Hardenburgh Trail,2024-06-01,13,34.0,Known-trail future months,Baseline,Previous observation baseline,
Rider Hollow,2024-06-01,93,98.0,Known-trail future months,Baseline,Previous observation baseline,
Rochester Hollow,2024-06-01,113,182.0,Known-trail future months,Baseline,Previous observation baseline,
Seager,2024-06-01,73,53.0,Known-trail future months,Baseline,Previous observation baseline,
Slide Mt,2024-06-01,593,606.0,Known-trail future months,Baseline,Previous observation baseline,
Woodland Valley,2024-06-01,70,99.0,Known-trail future months,Baseline,Previous observation baseline,
Alder Lake,2024-07-01,299,168.0,Known-trail future months,Baseline,Previous observation baseline,
Beaverkill Road to BLM FT,2024-07-01,193,190.0,Known-trail future months,Baseline,Previous observation baseline,
Cathedral Glen,2024-07-01,6,30.0,Known-trail future months,Baseline,Previous observation baseline,
Denning,2024-07-01,293,281.0,Known-trail future months,Baseline,Previous observation baseline,
Dry Brook Ridge to Lean-to,2024-07-01,46,20.0,Known-trail future months,Baseline,Previous observation baseline,
Flynn,2024-07-01,64,30.0,Known-trail future months,Baseline,Previous observation baseline,
Fox Hollow,2024-07-01,98,64.0,Known-trail future months,Baseline,Previous observation baseline,
Frick Pond,2024-07-01,209,131.0,Known-trail future months,Baseline,Previous observation baseline,
Giant Ledge,2024-07-01,150,333.0,Known-trail future months,Baseline,Previous observation baseline,
Hardenburgh- MH Trail,2024-07-01,16,17.0,Known-trail future months,Baseline,Previous observation baseline,
Kelly Hollow,2024-07-01,215,156.0,Known-trail future months,Baseline,Previous observation baseline,
Lane Street,2024-07-01,81,71.0,Known-trail future months,Baseline,Previous observation baseline,
Mt Tremper,2024-07-01,35,22.0,Known-trail future months,Baseline,Previous observation baseline,
Neversink Hardenburgh Trail,2024-07-01,21,13.0,Known-trail future months,Baseline,Previous observation baseline,
Rider Hollow,2024-07-01,128,93.0,Known-trail future months,Baseline,Previous observation baseline,
Rochester Hollow,2024-07-01,229,113.0,Known-trail future months,Baseline,Previous observation baseline,
Seager,2024-07-01,78,73.0,Known-trail future months,Baseline,Previous observation baseline,
Slide Mt,2024-07-01,868,593.0,Known-trail future months,Baseline,Previous observation baseline,
Woodchuck Hollow,2024-07-01,5,1.0,Known-trail future months,Baseline,Previous observation baseline,
Woodland Valley,2024-07-01,12,70.0,Known-trail future months,Baseline,Previous observation baseline,
Alder Lake,2024-08-01,303,299.0,Known-trail future months,Baseline,Previous observation baseline,
Beaverkill Road to BLM FT,2024-08-01,196,193.0,Known-trail future months,Baseline,Previous observation baseline,
Cathedral Glen,2024-08-01,32,6.0,Known-trail future months,Baseline,Previous observation baseline,
Denning,2024-08-01,270,293.0,Known-trail future months,Baseline,Previous observation baseline,
Dry Brook Ridge to Lean-to,2024-08-01,33,46.0,Known-trail future months,Baseline,Previous observation baseline,
Flynn,2024-08-01,25,64.0,Known-trail future months,Baseline,Previous observation baseline,
Fox Hollow,2024-08-01,114,98.0,Known-trail future months,Baseline,Previous observation baseline,
Frick Pond,2024-08-01,192,209.0,Known-trail future months,Baseline,Previous observation baseline,
Hardenburgh- MH Trail,2024-08-01,9,16.0,Known-trail future months,Baseline,Previous observation baseline,
Kelly Hollow,2024-08-01,248,215.0,Known-trail future months,Baseline,Previous observation baseline,
Lane Street,2024-08-01,56,81.0,Known-trail future months,Baseline,Previous observation baseline,
Millbrook to BLM FT,2024-08-01,392,363.0,Known-trail future months,Baseline,Previous observation baseline,
Mt Tremper,2024-08-01,587,35.0,Known-trail future months,Baseline,Previous observation baseline,
Neversink Hardenburgh Trail,2024-08-01,11,21.0,Known-trail future months,Baseline,Previous observation baseline,
Rider Hollow,2024-08-01,150,128.0,Known-trail future months,Baseline,Previous observation baseline,
Rochester Hollow,2024-08-01,261,229.0,Known-trail future months,Baseline,Previous observation baseline,
Seager,2024-08-01,63,78.0,Known-trail future months,Baseline,Previous observation baseline,
Slide Mt,2024-08-01,1077,868.0,Known-trail future months,Baseline,Previous observation baseline,
Woodchuck Hollow,2024-08-01,2,5.0,Known-trail future months,Baseline,Previous observation baseline,
Woodland Valley,2024-08-01,9,12.0,Known-trail future months,Baseline,Previous observation baseline,
Alder Lake,2024-09-01,229,303.0,Known-trail future months,Baseline,Previous observation baseline,
Ashokan HP,2024-09-01,127,191.0,Known-trail future months,Baseline,Previous observation baseline,
Beaverkill Road to BLM FT,2024-09-01,203,196.0,Known-trail future months,Baseline,Previous observation baseline,
Cathedral Glen,2024-09-01,6,32.0,Known-trail future months,Baseline,Previous observation baseline,
Denning,2024-09-01,243,270.0,Known-trail future months,Baseline,Previous observation baseline,
Dry Brook Ridge to Lean-to,2024-09-01,14,33.0,Known-trail future months,Baseline,Previous observation baseline,
Flynn,2024-09-01,71,25.0,Known-trail future months,Baseline,Previous observation baseline,
Fox Hollow,2024-09-01,36,114.0,Known-trail future months,Baseline,Previous observation baseline,
Frick Pond,2024-09-01,200,192.0,Known-trail future months,Baseline,Previous observation baseline,
Giant Ledge,2024-09-01,116,150.0,Known-trail future months,Baseline,Previous observation baseline,
Hardenburgh- MH Trail,2024-09-01,13,9.0,Known-trail future months,Baseline,Previous observation baseline,
Kelly Hollow,2024-09-01,125,248.0,Known-trail future months,Baseline,Previous observation baseline,
Lane Street,2024-09-01,39,56.0,Known-trail future months,Baseline,Previous observation baseline,
Millbrook to BLM FT,2024-09-01,347,392.0,Known-trail future months,Baseline,Previous observation baseline,
Neversink Hardenburgh Trail,2024-09-01,17,11.0,Known-trail future months,Baseline,Previous observation baseline,
Overlook,2024-09-01,717,1035.0,Known-trail future months,Baseline,Previous observation baseline,
Rider Hollow,2024-09-01,91,150.0,Known-trail future months,Baseline,Previous observation baseline,
Rochester Hollow,2024-09-01,131,261.0,Known-trail future months,Baseline,Previous observation baseline,
Slide Mt,2024-09-01,783,1077.0,Known-trail future months,Baseline,Previous observation baseline,
Wittenberg,2024-09-01,414,429.0,Known-trail future months,Baseline,Previous observation baseline,
Woodchuck Hollow,2024-09-01,4,2.0,Known-trail future months,Baseline,Previous observation baseline,
Woodland Valley,2024-09-01,35,9.0,Known-trail future months,Baseline,Previous observation baseline,
Alder Lake,2024-10-01,17,229.0,Known-trail future months,Baseline,Previous observation baseline,
Ashokan HP,2024-10-01,260,127.0,Known-trail future months,Baseline,Previous observation baseline,
Beaverkill Road to BLM FT,2024-10-01,12,203.0,Known-trail future months,Baseline,Previous observation baseline,
Denning,2024-10-01,306,243.0,Known-trail future months,Baseline,Previous observation baseline,
Flynn,2024-10-01,1,71.0,Known-trail future months,Baseline,Previous observation baseline,
Frick Pond,2024-10-01,6,200.0,Known-trail future months,Baseline,Previous observation baseline,
Giant Ledge,2024-10-01,1383,116.0,Known-trail future months,Baseline,Previous observation baseline,
Millbrook to BLM FT,2024-10-01,462,347.0,Known-trail future months,Baseline,Previous observation baseline,
Neversink Hardenburgh Trail,2024-10-01,31,17.0,Known-trail future months,Baseline,Previous observation baseline,
Overlook,2024-10-01,1143,717.0,Known-trail future months,Baseline,Previous observation baseline,
Slide Mt,2024-10-01,757,783.0,Known-trail future months,Baseline,Previous observation baseline,
Wittenberg,2024-10-01,638,414.0,Known-trail future months,Baseline,Previous observation baseline,
Woodchuck Hollow,2024-10-01,4,4.0,Known-trail future months,Baseline,Previous observation baseline,
Woodland Valley,2024-10-01,182,35.0,Known-trail future months,Baseline,Previous observation baseline,
Ashokan HP,2024-11-01,63,260.0,Known-trail future months,Baseline,Previous observation baseline,
Denning,2024-11-01,76,306.0,Known-trail future months,Baseline,Previous observation baseline,
Giant Ledge,2024-11-01,404,1383.0,Known-trail future months,Baseline,Previous observation baseline,
Millbrook to BLM FT,2024-11-01,251,462.0,Known-trail future months,Baseline,Previous observation baseline,
Overlook,2024-11-01,843,1143.0,Known-trail future months,Baseline,Previous observation baseline,
Wittenberg,2024-11-01,289,638.0,Known-trail future months,Baseline,Previous observation baseline,
Woodchuck Hollow,2024-11-01,4,4.0,Known-trail future months,Baseline,Previous observation baseline,
Woodland Valley,2024-11-01,88,182.0,Known-trail future months,Baseline,Previous observation baseline,
Ashokan HP,2024-12-01,53,63.0,Known-trail future months,Baseline,Previous observation baseline,
Giant Ledge,2024-12-01,235,404.0,Known-trail future months,Baseline,Previous observation baseline,
Millbrook to BLM FT,2024-12-01,133,251.0,Known-trail future months,Baseline,Previous observation baseline,
Overlook,2024-12-01,291,843.0,Known-trail future months,Baseline,Previous observation baseline,
Wittenberg,2024-12-01,115,289.0,Known-trail future months,Baseline,Previous observation baseline,
Woodland Valley,2024-12-01,25,88.0,Known-trail future months,Baseline,Previous observation baseline,
Ashokan HP,2025-01-01,35,53.0,Known-trail future months,Baseline,Previous observation baseline,
Giant Ledge,2025-01-01,268,235.0,Known-trail future months,Baseline,Previous observation baseline,
Millbrook to BLM FT,2025-01-01,143,133.0,Known-trail future months,Baseline,Previous observation baseline,
Overlook,2025-01-01,358,291.0,Known-trail future months,Baseline,Previous observation baseline,
Wittenberg,2025-01-01,103,115.0,Known-trail future months,Baseline,Previous observation baseline,
Woodland Valley,2025-01-01,15,25.0,Known-trail future months,Baseline,Previous observation baseline,
Ashokan HP,2025-02-01,27,35.0,Known-trail future months,Baseline,Previous observation baseline,
Giant Ledge,2025-02-01,184,268.0,Known-trail future months,Baseline,Previous observation baseline,
Millbrook to BLM FT,2025-02-01,139,143.0,Known-trail future months,Baseline,Previous observation baseline,
Overlook,2025-02-01,182,358.0,Known-trail future months,Baseline,Previous observation baseline,
Wittenberg,2025-02-01,55,103.0,Known-trail future months,Baseline,Previous observation baseline,
Woodland Valley,2025-02-01,30,15.0,Known-trail future months,Baseline,Previous observation baseline,
Ashokan HP,2025-03-01,83,27.0,Known-trail future months,Baseline,Previous observation baseline,
Giant Ledge,2025-03-01,371,184.0,Known-trail future months,Baseline,Previous observation baseline,
Millbrook to BLM FT,2025-03-01,131,139.0,Known-trail future months,Baseline,Previous observation baseline,
Overlook,2025-03-01,426,182.0,Known-trail future months,Baseline,Previous observation baseline,
Wittenberg,2025-03-01,126,55.0,Known-trail future months,Baseline,Previous observation baseline,
Woodland Valley,2025-03-01,41,30.0,Known-trail future months,Baseline,Previous observation baseline,
Ashokan HP,2025-04-01,89,83.0,Known-trail future months,Baseline,Previous observation baseline,
Giant Ledge,2025-04-01,341,371.0,Known-trail future months,Baseline,Previous observation baseline,
Millbrook to BLM FT,2025-04-01,173,131.0,Known-trail future months,Baseline,Previous observation baseline,
Overlook,2025-04-01,576,426.0,Known-trail future months,Baseline,Previous observation baseline,
Wittenberg,2025-04-01,47,126.0,Known-trail future months,Baseline,Previous observation baseline,
Woodland Valley,2025-04-01,47,41.0,Known-trail future months,Baseline,Previous observation baseline,
Ashokan HP,2025-05-01,72,89.0,Known-trail future months,Baseline,Previous observation baseline,
Giant Ledge,2025-05-01,403,341.0,Known-trail future months,Baseline,Previous observation baseline,
Millbrook to BLM FT,2025-05-01,277,173.0,Known-trail future months,Baseline,Previous observation baseline,
Overlook,2025-05-01,828,576.0,Known-trail future months,Baseline,Previous observation baseline,
Wittenberg,2025-05-01,477,47.0,Known-trail future months,Baseline,Previous observation baseline,
Woodland Valley,2025-05-01,13,47.0,Known-trail future months,Baseline,Previous observation baseline,
Ashokan HP,2025-06-01,160,72.0,Known-trail future months,Baseline,Previous observation baseline,
Giant Ledge,2025-06-01,629,403.0,Known-trail future months,Baseline,Previous observation baseline,
Millbrook to BLM FT,2025-06-01,231,277.0,Known-trail future months,Baseline,Previous observation baseline,
Overlook,2025-06-01,854,828.0,Known-trail future months,Baseline,Previous observation baseline,
Wittenberg,2025-06-01,532,477.0,Known-trail future months,Baseline,Previous observation baseline,
Ashokan HP,2025-07-01,260,160.0,Known-trail future months,Baseline,Previous observation baseline,
Giant Ledge,2025-07-01,400,629.0,Known-trail future months,Baseline,Previous observation baseline,
Millbrook to BLM FT,2025-07-01,340,231.0,Known-trail future months,Baseline,Previous observation baseline,
Overlook,2025-07-01,1038,854.0,Known-trail future months,Baseline,Previous observation baseline,
Wittenberg,2025-07-01,587,532.0,Known-trail future months,Baseline,Previous observation baseline,
Ashokan HP,2025-08-01,173,260.0,Known-trail future months,Baseline,Previous observation baseline,
Millbrook to BLM FT,2025-08-01,354,340.0,Known-trail future months,Baseline,Previous observation baseline,
Overlook,2025-08-01,698,1038.0,Known-trail future months,Baseline,Previous observation baseline,
Wittenberg,2025-08-01,751,587.0,Known-trail future months,Baseline,Previous observation baseline,
Ashokan HP,2025-09-01,101,173.0,Known-trail future months,Baseline,Previous observation baseline,
Millbrook to BLM FT,2025-09-01,14,354.0,Known-trail future months,Baseline,Previous observation baseline,
Overlook,2025-09-01,27,698.0,Known-trail future months,Baseline,Previous observation baseline,
Wittenberg,2025-09-01,506,751.0,Known-trail future months,Baseline,Previous observation baseline,
Ashokan HP,2025-10-01,117,101.0,Known-trail future months,Baseline,Previous observation baseline,
Overlook,2025-10-01,4,27.0,Known-trail future months,Baseline,Previous observation baseline,
Wittenberg,2025-10-01,589,506.0,Known-trail future months,Baseline,Previous observation baseline,
Peekamoose,2022-12-01,58,143.7391304347826,Known-trail future months,Baseline,Historical mean baseline,
Biscuit Brook,2023-01-01,47,122.45833333333333,Known-trail future months,Baseline,Historical mean baseline,
Peekamoose,2023-01-01,139,140.16666666666666,Known-trail future months,Baseline,Historical mean baseline,
Bangle Hill,2023-02-01,18,11.0,Known-trail future months,Baseline,Historical mean baseline,
Biscuit Brook,2023-02-01,68,119.44,Known-trail future months,Baseline,Historical mean baseline,
Peekamoose,2023-02-01,90,140.12,Known-trail future months,Baseline,Historical mean baseline,
Bangle Hill,2023-03-01,5,11.5,Known-trail future months,Baseline,Historical mean baseline,
Biscuit Brook,2023-03-01,59,117.46153846153847,Known-trail future months,Baseline,Historical mean baseline,
Peekamoose,2023-03-01,63,138.19230769230768,Known-trail future months,Baseline,Historical mean baseline,
Bangle Hill,2023-04-01,11,11.066666666666666,Known-trail future months,Baseline,Historical mean baseline,
Biscuit Brook,2023-04-01,74,115.29629629629629,Known-trail future months,Baseline,Historical mean baseline,
Peekamoose,2023-04-01,92,135.40740740740742,Known-trail future months,Baseline,Historical mean baseline,
Bangle Hill,2023-05-01,5,11.0625,Known-trail future months,Baseline,Historical mean baseline,
Biscuit Brook,2023-05-01,157,113.82142857142857,Known-trail future months,Baseline,Historical mean baseline,
Peekamoose,2023-05-01,234,133.85714285714286,Known-trail future months,Baseline,Historical mean baseline,
Slide Mt,2023-05-01,691,555.1428571428571,Known-trail future months,Baseline,Historical mean baseline,
Upper Cherrytown Road,2023-05-01,136,156.0,Known-trail future months,Baseline,Historical mean baseline,
Biscuit Brook,2023-06-01,121,115.3103448275862,Known-trail future months,Baseline,Historical mean baseline,
Peekamoose,2023-06-01,49,137.31034482758622,Known-trail future months,Baseline,Historical mean baseline,
Slide Mt,2023-06-01,587,559.8275862068965,Known-trail future months,Baseline,Historical mean baseline,
Upper Cherrytown Road,2023-06-01,143,155.23076923076923,Known-trail future months,Baseline,Historical mean baseline,
Biscuit Brook,2023-07-01,144,115.5,Known-trail future months,Baseline,Historical mean baseline,
McKenley Hollow,2023-07-01,103,94.93333333333334,Known-trail future months,Baseline,Historical mean baseline,
Red Hill Dinch Road,2023-07-01,291,178.32142857142858,Known-trail future months,Baseline,Historical mean baseline,
Slide Mt,2023-07-01,794,560.7333333333333,Known-trail future months,Baseline,Historical mean baseline,
Upper Cherrytown Road,2023-07-01,329,154.77777777777777,Known-trail future months,Baseline,Historical mean baseline,
Biscuit Brook,2023-08-01,98,116.41935483870968,Known-trail future months,Baseline,Historical mean baseline,
McKenley Hollow,2023-08-01,116,95.19354838709677,Known-trail future months,Baseline,Historical mean baseline,
Onteora Lake,2023-08-01,284,262.6666666666667,Known-trail future months,Baseline,Historical mean baseline,
Red Hill Dinch Road,2023-08-01,238,182.20689655172413,Known-trail future months,Baseline,Historical mean baseline,
Slide Mt,2023-08-01,606,568.258064516129,Known-trail future months,Baseline,Historical mean baseline,
Upper Cherrytown Road,2023-08-01,197,161.0,Known-trail future months,Baseline,Historical mean baseline,
McKenley Hollow,2023-09-01,119,95.84375,Known-trail future months,Baseline,Historical mean baseline,
Onteora Lake,2023-09-01,311,263.7894736842105,Known-trail future months,Baseline,Historical mean baseline,
Red Hill Dinch Road,2023-09-01,172,184.06666666666666,Known-trail future months,Baseline,Historical mean baseline,
Upper Cherrytown Road,2023-09-01,2,162.24137931034483,Known-trail future months,Baseline,Historical mean baseline,
McKenley Hollow,2023-10-01,119,96.54545454545455,Known-trail future months,Baseline,Historical mean baseline,
Onteora Lake,2023-10-01,418,266.15,Known-trail future months,Baseline,Historical mean baseline,
Red Hill Dinch Road,2023-10-01,158,183.67741935483872,Known-trail future months,Baseline,Historical mean baseline,
Seager,2023-10-01,41,58.93939393939394,Known-trail future months,Baseline,Historical mean baseline,
Upper Cherrytown Road,2023-10-01,16,156.9,Known-trail future months,Baseline,Historical mean baseline,
Dry Brook Ridge to Lean-to,2023-11-01,25,24.705882352941178,Known-trail future months,Baseline,Historical mean baseline,
Fox Hollow,2023-11-01,75,89.44117647058823,Known-trail future months,Baseline,Historical mean baseline,
Hardenburgh- MH Trail,2023-11-01,4,7.4411764705882355,Known-trail future months,Baseline,Historical mean baseline,
Kelly Hollow,2023-11-01,154,190.94117647058823,Known-trail future months,Baseline,Historical mean baseline,
Lane Street,2023-11-01,57,49.45454545454545,Known-trail future months,Baseline,Historical mean baseline,
McKenley Hollow,2023-11-01,102,97.20588235294117,Known-trail future months,Baseline,Historical mean baseline,
Onteora Lake,2023-11-01,246,273.3809523809524,Known-trail future months,Baseline,Historical mean baseline,
Red Hill Dinch Road,2023-11-01,123,182.875,Known-trail future months,Baseline,Historical mean baseline,
Rochester Hollow,2023-11-01,150,227.8235294117647,Known-trail future months,Baseline,Historical mean baseline,
Seager,2023-11-01,38,58.411764705882355,Known-trail future months,Baseline,Historical mean baseline,
Upper Cherrytown Road,2023-11-01,1,152.3548387096774,Known-trail future months,Baseline,Historical mean baseline,
Alder Lake,2023-12-01,45,162.71428571428572,Known-trail future months,Baseline,Historical mean baseline,
Beaverkill Road to BLM FT,2023-12-01,84,160.94285714285715,Known-trail future months,Baseline,Historical mean baseline,
Dry Brook Ridge to Lean-to,2023-12-01,12,24.714285714285715,Known-trail future months,Baseline,Historical mean baseline,
Flynn,2023-12-01,8,47.51428571428571,Known-trail future months,Baseline,Historical mean baseline,
Fox Hollow,2023-12-01,59,89.02857142857142,Known-trail future months,Baseline,Historical mean baseline,
Frick Pond,2023-12-01,59,126.91428571428571,Known-trail future months,Baseline,Historical mean baseline,
Hardenburgh- MH Trail,2023-12-01,0,7.3428571428571425,Known-trail future months,Baseline,Historical mean baseline,
Kelly Hollow,2023-12-01,112,189.88571428571427,Known-trail future months,Baseline,Historical mean baseline,
Lane Street,2023-12-01,24,49.6764705882353,Known-trail future months,Baseline,Historical mean baseline,
McKenley Hollow,2023-12-01,97,97.34285714285714,Known-trail future months,Baseline,Historical mean baseline,
Mt Tremper,2023-12-01,176,269.6,Known-trail future months,Baseline,Historical mean baseline,
Neversink Hardenburgh Trail,2023-12-01,10,14.371428571428572,Known-trail future months,Baseline,Historical mean baseline,
Onteora Lake,2023-12-01,216,272.1363636363636,Known-trail future months,Baseline,Historical mean baseline,
Red Hill Dinch Road,2023-12-01,97,181.06060606060606,Known-trail future months,Baseline,Historical mean baseline,
Rider Hollow,2023-12-01,128,173.93333333333334,Known-trail future months,Baseline,Historical mean baseline,
Rochester Hollow,2023-12-01,125,225.6,Known-trail future months,Baseline,Historical mean baseline,
Seager,2023-12-01,22,57.82857142857143,Known-trail future months,Baseline,Historical mean baseline,
Upper Cherrytown Road,2023-12-01,7,147.625,Known-trail future months,Baseline,Historical mean baseline,
Alder Lake,2024-01-01,33,159.44444444444446,Known-trail future months,Baseline,Historical mean baseline,
Beaverkill Road to BLM FT,2024-01-01,33,158.80555555555554,Known-trail future months,Baseline,Historical mean baseline,
Cathedral Glen,2024-01-01,6,9.357142857142858,Known-trail future months,Baseline,Historical mean baseline,
Denning,2024-01-01,59,216.94444444444446,Known-trail future months,Baseline,Historical mean baseline,
Dry Brook Ridge to Lean-to,2024-01-01,11,24.36111111111111,Known-trail future months,Baseline,Historical mean baseline,
Flynn,2024-01-01,12,46.416666666666664,Known-trail future months,Baseline,Historical mean baseline,
Fox Hollow,2024-01-01,20,88.19444444444444,Known-trail future months,Baseline,Historical mean baseline,
Frick Pond,2024-01-01,53,125.02777777777777,Known-trail future months,Baseline,Historical mean baseline,
Hardenburgh- MH Trail,2024-01-01,2,7.138888888888889,Known-trail future months,Baseline,Historical mean baseline,
Kelly Hollow,2024-01-01,44,187.72222222222223,Known-trail future months,Baseline,Historical mean baseline,
Lane Street,2024-01-01,13,48.94285714285714,Known-trail future months,Baseline,Historical mean baseline,
McKenley Hollow,2024-01-01,20,97.33333333333333,Known-trail future months,Baseline,Historical mean baseline,
Mt Tremper,2024-01-01,107,266.5806451612903,Known-trail future months,Baseline,Historical mean baseline,
Neversink Hardenburgh Trail,2024-01-01,0,14.25,Known-trail future months,Baseline,Historical mean baseline,
Red Hill Dinch Road,2024-01-01,79,178.58823529411765,Known-trail future months,Baseline,Historical mean baseline,
Rider Hollow,2024-01-01,118,172.4516129032258,Known-trail future months,Baseline,Historical mean baseline,
Rochester Hollow,2024-01-01,51,222.80555555555554,Known-trail future months,Baseline,Historical mean baseline,
Seager,2024-01-01,24,56.833333333333336,Known-trail future months,Baseline,Historical mean baseline,
Alder Lake,2024-02-01,55,156.02702702702703,Known-trail future months,Baseline,Historical mean baseline,
Beaverkill Road to BLM FT,2024-02-01,81,155.40540540540542,Known-trail future months,Baseline,Historical mean baseline,
Cathedral Glen,2024-02-01,11,9.241379310344827,Known-trail future months,Baseline,Historical mean baseline,
Denning,2024-02-01,111,212.67567567567568,Known-trail future months,Baseline,Historical mean baseline,
Dry Brook Ridge to Lean-to,2024-02-01,22,24.0,Known-trail future months,Baseline,Historical mean baseline,
Flynn,2024-02-01,13,45.486486486486484,Known-trail future months,Baseline,Historical mean baseline,
Fox Hollow,2024-02-01,67,86.35135135135135,Known-trail future months,Baseline,Historical mean baseline,
Frick Pond,2024-02-01,35,123.08108108108108,Known-trail future months,Baseline,Historical mean baseline,
Hardenburgh- MH Trail,2024-02-01,17,7.0,Known-trail future months,Baseline,Historical mean baseline,
Kelly Hollow,2024-02-01,70,183.83783783783784,Known-trail future months,Baseline,Historical mean baseline,
Lane Street,2024-02-01,27,47.94444444444444,Known-trail future months,Baseline,Historical mean baseline,
McKenley Hollow,2024-02-01,3,95.24324324324324,Known-trail future months,Baseline,Historical mean baseline,
Mt Tremper,2024-02-01,103,261.59375,Known-trail future months,Baseline,Historical mean baseline,
Neversink Hardenburgh Trail,2024-02-01,1,13.864864864864865,Known-trail future months,Baseline,Historical mean baseline,
Red Hill Dinch Road,2024-02-01,100,175.74285714285713,Known-trail future months,Baseline,Historical mean baseline,
Rider Hollow,2024-02-01,189,170.75,Known-trail future months,Baseline,Historical mean baseline,
Rochester Hollow,2024-02-01,89,218.16216216216216,Known-trail future months,Baseline,Historical mean baseline,
Seager,2024-02-01,31,55.945945945945944,Known-trail future months,Baseline,Historical mean baseline,
Alder Lake,2024-03-01,63,153.3684210526316,Known-trail future months,Baseline,Historical mean baseline,
Beaverkill Road to BLM FT,2024-03-01,82,153.44736842105263,Known-trail future months,Baseline,Historical mean baseline,
Cathedral Glen,2024-03-01,10,9.3,Known-trail future months,Baseline,Historical mean baseline,
Denning,2024-03-01,204,210.0,Known-trail future months,Baseline,Historical mean baseline,
Dry Brook Ridge to Lean-to,2024-03-01,10,23.94736842105263,Known-trail future months,Baseline,Historical mean baseline,
Flynn,2024-03-01,12,44.63157894736842,Known-trail future months,Baseline,Historical mean baseline,
Fox Hollow,2024-03-01,40,85.84210526315789,Known-trail future months,Baseline,Historical mean baseline,
Frick Pond,2024-03-01,45,120.76315789473684,Known-trail future months,Baseline,Historical mean baseline,
Hardenburgh- MH Trail,2024-03-01,4,7.2631578947368425,Known-trail future months,Baseline,Historical mean baseline,
Kelly Hollow,2024-03-01,96,180.8421052631579,Known-trail future months,Baseline,Historical mean baseline,
Lane Street,2024-03-01,28,47.37837837837838,Known-trail future months,Baseline,Historical mean baseline,
McKenley Hollow,2024-03-01,7,92.8157894736842,Known-trail future months,Baseline,Historical mean baseline,
Mt Tremper,2024-03-01,123,256.7878787878788,Known-trail future months,Baseline,Historical mean baseline,
Neversink Hardenburgh Trail,2024-03-01,4,13.526315789473685,Known-trail future months,Baseline,Historical mean baseline,
Red Hill Dinch Road,2024-03-01,21,173.63888888888889,Known-trail future months,Baseline,Historical mean baseline,
Rider Hollow,2024-03-01,166,171.3030303030303,Known-trail future months,Baseline,Historical mean baseline,
Rochester Hollow,2024-03-01,117,214.76315789473685,Known-trail future months,Baseline,Historical mean baseline,
Seager,2024-03-01,15,55.28947368421053,Known-trail future months,Baseline,Historical mean baseline,
Woodchuck Hollow,2024-03-01,1,3.5714285714285716,Known-trail future months,Baseline,Historical mean baseline,
Alder Lake,2024-04-01,127,151.05128205128204,Known-trail future months,Baseline,Historical mean baseline,
Beaverkill Road to BLM FT,2024-04-01,110,151.6153846153846,Known-trail future months,Baseline,Historical mean baseline,
Cathedral Glen,2024-04-01,21,9.32258064516129,Known-trail future months,Baseline,Historical mean baseline,
Denning,2024-04-01,233,209.84615384615384,Known-trail future months,Baseline,Historical mean baseline,
Dry Brook Ridge to Lean-to,2024-04-01,13,23.58974358974359,Known-trail future months,Baseline,Historical mean baseline,
Flynn,2024-04-01,18,43.794871794871796,Known-trail future months,Baseline,Historical mean baseline,
Fox Hollow,2024-04-01,48,84.66666666666667,Known-trail future months,Baseline,Historical mean baseline,
Frick Pond,2024-04-01,70,118.82051282051282,Known-trail future months,Baseline,Historical mean baseline,
Hardenburgh- MH Trail,2024-04-01,1,7.17948717948718,Known-trail future months,Baseline,Historical mean baseline,
Kelly Hollow,2024-04-01,127,178.66666666666666,Known-trail future months,Baseline,Historical mean baseline,
Lane Street,2024-04-01,36,46.86842105263158,Known-trail future months,Baseline,Historical mean baseline,
Mt Tremper,2024-04-01,64,252.85294117647058,Known-trail future months,Baseline,Historical mean baseline,
Neversink Hardenburgh Trail,2024-04-01,4,13.282051282051283,Known-trail future months,Baseline,Historical mean baseline,
Rider Hollow,2024-04-01,103,171.14705882352942,Known-trail future months,Baseline,Historical mean baseline,
Rochester Hollow,2024-04-01,99,212.25641025641025,Known-trail future months,Baseline,Historical mean baseline,
Seager,2024-04-01,40,54.256410256410255,Known-trail future months,Baseline,Historical mean baseline,
Alder Lake,2024-05-01,147,150.45,Known-trail future months,Baseline,Historical mean baseline,
Beaverkill Road to BLM FT,2024-05-01,189,150.575,Known-trail future months,Baseline,Historical mean baseline,
Cathedral Glen,2024-05-01,19,9.6875,Known-trail future months,Baseline,Historical mean baseline,
Denning,2024-05-01,260,210.425,Known-trail future months,Baseline,Historical mean baseline,
Dry Brook Ridge to Lean-to,2024-05-01,17,23.325,Known-trail future months,Baseline,Historical mean baseline,
Flynn,2024-05-01,24,43.15,Known-trail future months,Baseline,Historical mean baseline,
Fox Hollow,2024-05-01,71,83.75,Known-trail future months,Baseline,Historical mean baseline,
Frick Pond,2024-05-01,125,117.6,Known-trail future months,Baseline,Historical mean baseline,
Hardenburgh- MH Trail,2024-05-01,23,7.025,Known-trail future months,Baseline,Historical mean baseline,
Kelly Hollow,2024-05-01,182,177.375,Known-trail future months,Baseline,Historical mean baseline,
Lane Street,2024-05-01,54,46.58974358974359,Known-trail future months,Baseline,Historical mean baseline,
Mt Tremper,2024-05-01,19,247.45714285714286,Known-trail future months,Baseline,Historical mean baseline,
Neversink Hardenburgh Trail,2024-05-01,34,13.05,Known-trail future months,Baseline,Historical mean baseline,
Rider Hollow,2024-05-01,98,169.2,Known-trail future months,Baseline,Historical mean baseline,
Rochester Hollow,2024-05-01,182,209.425,Known-trail future months,Baseline,Historical mean baseline,
Seager,2024-05-01,53,53.9,Known-trail future months,Baseline,Historical mean baseline,
Woodchuck Hollow,2024-05-01,1,3.4545454545454546,Known-trail future months,Baseline,Historical mean baseline,
Woodland Valley,2024-05-01,99,90.075,Known-trail future months,Baseline,Historical mean baseline,
Alder Lake,2024-06-01,168,150.3658536585366,Known-trail future months,Baseline,Historical mean baseline,
Beaverkill Road to BLM FT,2024-06-01,190,151.5121951219512,Known-trail future months,Baseline,Historical mean baseline,
Cathedral Glen,2024-06-01,30,9.969696969696969,Known-trail future months,Baseline,Historical mean baseline,
Denning,2024-06-01,281,211.6341463414634,Known-trail future months,Baseline,Historical mean baseline,
Dry Brook Ridge to Lean-to,2024-06-01,20,23.170731707317074,Known-trail future months,Baseline,Historical mean baseline,
Flynn,2024-06-01,30,42.68292682926829,Known-trail future months,Baseline,Historical mean baseline,
Fox Hollow,2024-06-01,64,83.4390243902439,Known-trail future months,Baseline,Historical mean baseline,
Frick Pond,2024-06-01,131,117.78048780487805,Known-trail future months,Baseline,Historical mean baseline,
Hardenburgh- MH Trail,2024-06-01,17,7.414634146341464,Known-trail future months,Baseline,Historical mean baseline,
Kelly Hollow,2024-06-01,156,177.4878048780488,Known-trail future months,Baseline,Historical mean baseline,
Lane Street,2024-06-01,71,46.775,Known-trail future months,Baseline,Historical mean baseline,
Mt Tremper,2024-06-01,22,241.11111111111111,Known-trail future months,Baseline,Historical mean baseline,
Neversink Hardenburgh Trail,2024-06-01,13,13.560975609756097,Known-trail future months,Baseline,Historical mean baseline,
Rider Hollow,2024-06-01,93,167.22222222222223,Known-trail future months,Baseline,Historical mean baseline,
Rochester Hollow,2024-06-01,113,208.7560975609756,Known-trail future months,Baseline,Historical mean baseline,
Seager,2024-06-01,73,53.8780487804878,Known-trail future months,Baseline,Historical mean baseline,
Slide Mt,2024-06-01,593,569.4375,Known-trail future months,Baseline,Historical mean baseline,
Woodland Valley,2024-06-01,70,90.29268292682927,Known-trail future months,Baseline,Historical mean baseline,
Alder Lake,2024-07-01,299,150.78571428571428,Known-trail future months,Baseline,Historical mean baseline,
Beaverkill Road to BLM FT,2024-07-01,193,152.42857142857142,Known-trail future months,Baseline,Historical mean baseline,
Cathedral Glen,2024-07-01,6,10.558823529411764,Known-trail future months,Baseline,Historical mean baseline,
Denning,2024-07-01,293,213.28571428571428,Known-trail future months,Baseline,Historical mean baseline,
Dry Brook Ridge to Lean-to,2024-07-01,46,23.095238095238095,Known-trail future months,Baseline,Historical mean baseline,
Flynn,2024-07-01,64,42.38095238095238,Known-trail future months,Baseline,Historical mean baseline,
Fox Hollow,2024-07-01,98,82.97619047619048,Known-trail future months,Baseline,Historical mean baseline,
Frick Pond,2024-07-01,209,118.0952380952381,Known-trail future months,Baseline,Historical mean baseline,
Giant Ledge,2024-07-01,150,569.578947368421,Known-trail future months,Baseline,Historical mean baseline,
Hardenburgh- MH Trail,2024-07-01,16,7.642857142857143,Known-trail future months,Baseline,Historical mean baseline,
Kelly Hollow,2024-07-01,215,176.97619047619048,Known-trail future months,Baseline,Historical mean baseline,
Lane Street,2024-07-01,81,47.36585365853659,Known-trail future months,Baseline,Historical mean baseline,
Mt Tremper,2024-07-01,35,235.1891891891892,Known-trail future months,Baseline,Historical mean baseline,
Neversink Hardenburgh Trail,2024-07-01,21,13.547619047619047,Known-trail future months,Baseline,Historical mean baseline,
Rider Hollow,2024-07-01,128,165.21621621621622,Known-trail future months,Baseline,Historical mean baseline,
Rochester Hollow,2024-07-01,229,206.47619047619048,Known-trail future months,Baseline,Historical mean baseline,
Seager,2024-07-01,78,54.333333333333336,Known-trail future months,Baseline,Historical mean baseline,
Slide Mt,2024-07-01,868,570.1515151515151,Known-trail future months,Baseline,Historical mean baseline,
Woodchuck Hollow,2024-07-01,5,3.347826086956522,Known-trail future months,Baseline,Historical mean baseline,
Woodland Valley,2024-07-01,12,89.80952380952381,Known-trail future months,Baseline,Historical mean baseline,
Alder Lake,2024-08-01,303,154.2325581395349,Known-trail future months,Baseline,Historical mean baseline,
Beaverkill Road to BLM FT,2024-08-01,196,153.37209302325581,Known-trail future months,Baseline,Historical mean baseline,
Cathedral Glen,2024-08-01,32,10.428571428571429,Known-trail future months,Baseline,Historical mean baseline,
Denning,2024-08-01,270,215.13953488372093,Known-trail future months,Baseline,Historical mean baseline,
Dry Brook Ridge to Lean-to,2024-08-01,33,23.627906976744185,Known-trail future months,Baseline,Historical mean baseline,
Flynn,2024-08-01,25,42.883720930232556,Known-trail future months,Baseline,Historical mean baseline,
Fox Hollow,2024-08-01,114,83.32558139534883,Known-trail future months,Baseline,Historical mean baseline,
Frick Pond,2024-08-01,192,120.20930232558139,Known-trail future months,Baseline,Historical mean baseline,
Hardenburgh- MH Trail,2024-08-01,9,7.837209302325581,Known-trail future months,Baseline,Historical mean baseline,
Kelly Hollow,2024-08-01,248,177.86046511627907,Known-trail future months,Baseline,Historical mean baseline,
Lane Street,2024-08-01,56,48.166666666666664,Known-trail future months,Baseline,Historical mean baseline,
Millbrook to BLM FT,2024-08-01,392,246.0,Known-trail future months,Baseline,Historical mean baseline,
Mt Tremper,2024-08-01,587,229.92105263157896,Known-trail future months,Baseline,Historical mean baseline,
Neversink Hardenburgh Trail,2024-08-01,11,13.720930232558139,Known-trail future months,Baseline,Historical mean baseline,
Rider Hollow,2024-08-01,150,164.23684210526315,Known-trail future months,Baseline,Historical mean baseline,
Rochester Hollow,2024-08-01,261,207.0,Known-trail future months,Baseline,Historical mean baseline,
Seager,2024-08-01,63,54.883720930232556,Known-trail future months,Baseline,Historical mean baseline,
Slide Mt,2024-08-01,1077,578.9117647058823,Known-trail future months,Baseline,Historical mean baseline,
Woodchuck Hollow,2024-08-01,2,3.4166666666666665,Known-trail future months,Baseline,Historical mean baseline,
Woodland Valley,2024-08-01,9,88.0,Known-trail future months,Baseline,Historical mean baseline,
Alder Lake,2024-09-01,229,157.61363636363637,Known-trail future months,Baseline,Historical mean baseline,
Ashokan HP,2024-09-01,127,131.29545454545453,Known-trail future months,Baseline,Historical mean baseline,
Beaverkill Road to BLM FT,2024-09-01,203,154.3409090909091,Known-trail future months,Baseline,Historical mean baseline,
Cathedral Glen,2024-09-01,6,11.027777777777779,Known-trail future months,Baseline,Historical mean baseline,
Denning,2024-09-01,243,216.38636363636363,Known-trail future months,Baseline,Historical mean baseline,
Dry Brook Ridge to Lean-to,2024-09-01,14,23.84090909090909,Known-trail future months,Baseline,Historical mean baseline,
Flynn,2024-09-01,71,42.47727272727273,Known-trail future months,Baseline,Historical mean baseline,
Fox Hollow,2024-09-01,36,84.02272727272727,Known-trail future months,Baseline,Historical mean baseline,
Frick Pond,2024-09-01,200,121.8409090909091,Known-trail future months,Baseline,Historical mean baseline,
Giant Ledge,2024-09-01,116,558.8205128205128,Known-trail future months,Baseline,Historical mean baseline,
Hardenburgh- MH Trail,2024-09-01,13,7.863636363636363,Known-trail future months,Baseline,Historical mean baseline,
Kelly Hollow,2024-09-01,125,179.45454545454547,Known-trail future months,Baseline,Historical mean baseline,
Lane Street,2024-09-01,39,48.348837209302324,Known-trail future months,Baseline,Historical mean baseline,
Millbrook to BLM FT,2024-09-01,347,249.3181818181818,Known-trail future months,Baseline,Historical mean baseline,
Neversink Hardenburgh Trail,2024-09-01,17,13.659090909090908,Known-trail future months,Baseline,Historical mean baseline,
Overlook,2024-09-01,717,687.3181818181819,Known-trail future months,Baseline,Historical mean baseline,
Rider Hollow,2024-09-01,91,163.87179487179486,Known-trail future months,Baseline,Historical mean baseline,
Rochester Hollow,2024-09-01,131,208.22727272727272,Known-trail future months,Baseline,Historical mean baseline,
Slide Mt,2024-09-01,783,593.1428571428571,Known-trail future months,Baseline,Historical mean baseline,
Wittenberg,2024-09-01,414,333.8181818181818,Known-trail future months,Baseline,Historical mean baseline,
Woodchuck Hollow,2024-09-01,4,3.36,Known-trail future months,Baseline,Historical mean baseline,
Woodland Valley,2024-09-01,35,86.20454545454545,Known-trail future months,Baseline,Historical mean baseline,
Alder Lake,2024-10-01,17,159.2,Known-trail future months,Baseline,Historical mean baseline,
Ashokan HP,2024-10-01,260,131.2,Known-trail future months,Baseline,Historical mean baseline,
Beaverkill Road to BLM FT,2024-10-01,12,155.42222222222222,Known-trail future months,Baseline,Historical mean baseline,
Denning,2024-10-01,306,216.9777777777778,Known-trail future months,Baseline,Historical mean baseline,
Flynn,2024-10-01,1,43.111111111111114,Known-trail future months,Baseline,Historical mean baseline,
Frick Pond,2024-10-01,6,123.57777777777778,Known-trail future months,Baseline,Historical mean baseline,
Giant Ledge,2024-10-01,1383,547.75,Known-trail future months,Baseline,Historical mean baseline,
Millbrook to BLM FT,2024-10-01,462,251.48888888888888,Known-trail future months,Baseline,Historical mean baseline,
Neversink Hardenburgh Trail,2024-10-01,31,13.733333333333333,Known-trail future months,Baseline,Historical mean baseline,
Overlook,2024-10-01,1143,687.9777777777778,Known-trail future months,Baseline,Historical mean baseline,
Slide Mt,2024-10-01,757,598.4166666666666,Known-trail future months,Baseline,Historical mean baseline,
Wittenberg,2024-10-01,638,335.6,Known-trail future months,Baseline,Historical mean baseline,
Woodchuck Hollow,2024-10-01,4,3.3846153846153846,Known-trail future months,Baseline,Historical mean baseline,
Woodland Valley,2024-10-01,182,85.06666666666666,Known-trail future months,Baseline,Historical mean baseline,
Ashokan HP,2024-11-01,63,134.0,Known-trail future months,Baseline,Historical mean baseline,
Denning,2024-11-01,76,218.91304347826087,Known-trail future months,Baseline,Historical mean baseline,
Giant Ledge,2024-11-01,404,568.1219512195122,Known-trail future months,Baseline,Historical mean baseline,
Millbrook to BLM FT,2024-11-01,251,256.0652173913044,Known-trail future months,Baseline,Historical mean baseline,
Overlook,2024-11-01,843,697.8695652173913,Known-trail future months,Baseline,Historical mean baseline,
Wittenberg,2024-11-01,289,342.17391304347825,Known-trail future months,Baseline,Historical mean baseline,
Woodchuck Hollow,2024-11-01,4,3.4074074074074074,Known-trail future months,Baseline,Historical mean baseline,
Woodland Valley,2024-11-01,88,87.17391304347827,Known-trail future months,Baseline,Historical mean baseline,
Ashokan HP,2024-12-01,53,132.48936170212767,Known-trail future months,Baseline,Historical mean baseline,
Giant Ledge,2024-12-01,235,564.2142857142857,Known-trail future months,Baseline,Historical mean baseline,
Millbrook to BLM FT,2024-12-01,133,255.95744680851064,Known-trail future months,Baseline,Historical mean baseline,
Overlook,2024-12-01,291,700.9574468085107,Known-trail future months,Baseline,Historical mean baseline,
Wittenberg,2024-12-01,115,341.0425531914894,Known-trail future months,Baseline,Historical mean baseline,
Woodland Valley,2024-12-01,25,87.19148936170212,Known-trail future months,Baseline,Historical mean baseline,
Ashokan HP,2025-01-01,35,130.83333333333334,Known-trail future months,Baseline,Historical mean baseline,
Giant Ledge,2025-01-01,268,556.5581395348837,Known-trail future months,Baseline,Historical mean baseline,
Millbrook to BLM FT,2025-01-01,143,253.39583333333334,Known-trail future months,Baseline,Historical mean baseline,
Overlook,2025-01-01,358,692.4166666666666,Known-trail future months,Baseline,Historical mean baseline,
Wittenberg,2025-01-01,103,336.3333333333333,Known-trail future months,Baseline,Historical mean baseline,
Woodland Valley,2025-01-01,15,85.89583333333333,Known-trail future months,Baseline,Historical mean baseline,
Ashokan HP,2025-02-01,27,128.87755102040816,Known-trail future months,Baseline,Historical mean baseline,
Giant Ledge,2025-02-01,184,550.0,Known-trail future months,Baseline,Historical mean baseline,
Millbrook to BLM FT,2025-02-01,139,251.14285714285714,Known-trail future months,Baseline,Historical mean baseline,
Overlook,2025-02-01,182,685.5918367346939,Known-trail future months,Baseline,Historical mean baseline,
Wittenberg,2025-02-01,55,331.57142857142856,Known-trail future months,Baseline,Historical mean baseline,
Woodland Valley,2025-02-01,30,84.44897959183673,Known-trail future months,Baseline,Historical mean baseline,
Ashokan HP,2025-03-01,83,126.84,Known-trail future months,Baseline,Historical mean baseline,
Giant Ledge,2025-03-01,371,541.8666666666667,Known-trail future months,Baseline,Historical mean baseline,
Millbrook to BLM FT,2025-03-01,131,248.9,Known-trail future months,Baseline,Historical mean baseline,
Overlook,2025-03-01,426,675.52,Known-trail future months,Baseline,Historical mean baseline,
Wittenberg,2025-03-01,126,326.04,Known-trail future months,Baseline,Historical mean baseline,
Woodland Valley,2025-03-01,41,83.36,Known-trail future months,Baseline,Historical mean baseline,
Ashokan HP,2025-04-01,89,125.98039215686275,Known-trail future months,Baseline,Historical mean baseline,
Giant Ledge,2025-04-01,341,538.1521739130435,Known-trail future months,Baseline,Historical mean baseline,
Millbrook to BLM FT,2025-04-01,173,246.58823529411765,Known-trail future months,Baseline,Historical mean baseline,
Overlook,2025-04-01,576,670.6274509803922,Known-trail future months,Baseline,Historical mean baseline,
Wittenberg,2025-04-01,47,322.11764705882354,Known-trail future months,Baseline,Historical mean baseline,
Woodland Valley,2025-04-01,47,82.52941176470588,Known-trail future months,Baseline,Historical mean baseline,
Ashokan HP,2025-05-01,72,125.26923076923077,Known-trail future months,Baseline,Historical mean baseline,
Giant Ledge,2025-05-01,403,533.9574468085107,Known-trail future months,Baseline,Historical mean baseline,
Millbrook to BLM FT,2025-05-01,277,245.17307692307693,Known-trail future months,Baseline,Historical mean baseline,
Overlook,2025-05-01,828,668.8076923076923,Known-trail future months,Baseline,Historical mean baseline,
Wittenberg,2025-05-01,477,316.8269230769231,Known-trail future months,Baseline,Historical mean baseline,
Woodland Valley,2025-05-01,13,81.84615384615384,Known-trail future months,Baseline,Historical mean baseline,
Ashokan HP,2025-06-01,160,124.26415094339623,Known-trail future months,Baseline,Historical mean baseline,
Giant Ledge,2025-06-01,629,531.2291666666666,Known-trail future months,Baseline,Historical mean baseline,
Millbrook to BLM FT,2025-06-01,231,245.77358490566039,Known-trail future months,Baseline,Historical mean baseline,
Overlook,2025-06-01,854,671.811320754717,Known-trail future months,Baseline,Historical mean baseline,
Wittenberg,2025-06-01,532,319.8490566037736,Known-trail future months,Baseline,Historical mean baseline,
Ashokan HP,2025-07-01,260,124.92592592592592,Known-trail future months,Baseline,Historical mean baseline,
Giant Ledge,2025-07-01,400,533.2244897959183,Known-trail future months,Baseline,Historical mean baseline,
Millbrook to BLM FT,2025-07-01,340,245.5,Known-trail future months,Baseline,Historical mean baseline,
Overlook,2025-07-01,1038,675.1851851851852,Known-trail future months,Baseline,Historical mean baseline,
Wittenberg,2025-07-01,587,323.77777777777777,Known-trail future months,Baseline,Historical mean baseline,
Ashokan HP,2025-08-01,173,127.38181818181818,Known-trail future months,Baseline,Historical mean baseline,
Millbrook to BLM FT,2025-08-01,354,247.21818181818182,Known-trail future months,Baseline,Historical mean baseline,
Overlook,2025-08-01,698,681.7818181818182,Known-trail future months,Baseline,Historical mean baseline,
Wittenberg,2025-08-01,751,328.56363636363636,Known-trail future months,Baseline,Historical mean baseline,
Ashokan HP,2025-09-01,101,128.19642857142858,Known-trail future months,Baseline,Historical mean baseline,
Millbrook to BLM FT,2025-09-01,14,249.125,Known-trail future months,Baseline,Historical mean baseline,
Overlook,2025-09-01,27,682.0714285714286,Known-trail future months,Baseline,Historical mean baseline,
Wittenberg,2025-09-01,506,336.10714285714283,Known-trail future months,Baseline,Historical mean baseline,
Ashokan HP,2025-10-01,117,127.71929824561404,Known-trail future months,Baseline,Historical mean baseline,
Overlook,2025-10-01,4,670.578947368421,Known-trail future months,Baseline,Historical mean baseline,
Wittenberg,2025-10-01,589,339.0877192982456,Known-trail future months,Baseline,Historical mean baseline,
Peekamoose,2022-12-01,58,127.0,Known-trail future months,Baseline,Seasonal historical baseline,
Biscuit Brook,2023-01-01,47,93.0,Known-trail future months,Baseline,Seasonal historical baseline,
Peekamoose,2023-01-01,139,98.0,Known-trail future months,Baseline,Seasonal historical baseline,
Bangle Hill,2023-02-01,18,3.0,Known-trail future months,Baseline,Seasonal historical baseline,
Biscuit Brook,2023-02-01,68,114.0,Known-trail future months,Baseline,Seasonal historical baseline,
Peekamoose,2023-02-01,90,92.5,Known-trail future months,Baseline,Seasonal historical baseline,
Bangle Hill,2023-03-01,5,3.0,Known-trail future months,Baseline,Seasonal historical baseline,
Biscuit Brook,2023-03-01,59,141.0,Known-trail future months,Baseline,Seasonal historical baseline,
Peekamoose,2023-03-01,63,113.0,Known-trail future months,Baseline,Seasonal historical baseline,
Bangle Hill,2023-04-01,11,7.0,Known-trail future months,Baseline,Seasonal historical baseline,
Biscuit Brook,2023-04-01,74,150.5,Known-trail future months,Baseline,Seasonal historical baseline,
Peekamoose,2023-04-01,92,156.0,Known-trail future months,Baseline,Seasonal historical baseline,
Bangle Hill,2023-05-01,5,14.0,Known-trail future months,Baseline,Seasonal historical baseline,
Biscuit Brook,2023-05-01,157,135.5,Known-trail future months,Baseline,Seasonal historical baseline,
Peekamoose,2023-05-01,234,175.0,Known-trail future months,Baseline,Seasonal historical baseline,
Slide Mt,2023-05-01,691,634.5,Known-trail future months,Baseline,Seasonal historical baseline,
Upper Cherrytown Road,2023-05-01,136,227.0,Known-trail future months,Baseline,Seasonal historical baseline,
Biscuit Brook,2023-06-01,121,148.0,Known-trail future months,Baseline,Seasonal historical baseline,
Peekamoose,2023-06-01,49,169.0,Known-trail future months,Baseline,Seasonal historical baseline,
Slide Mt,2023-06-01,587,691.0,Known-trail future months,Baseline,Seasonal historical baseline,
Upper Cherrytown Road,2023-06-01,143,186.0,Known-trail future months,Baseline,Seasonal historical baseline,
Biscuit Brook,2023-07-01,144,134.0,Known-trail future months,Baseline,Seasonal historical baseline,
McKenley Hollow,2023-07-01,103,101.5,Known-trail future months,Baseline,Seasonal historical baseline,
Red Hill Dinch Road,2023-07-01,291,289.5,Known-trail future months,Baseline,Seasonal historical baseline,
Slide Mt,2023-07-01,794,825.5,Known-trail future months,Baseline,Seasonal historical baseline,
Upper Cherrytown Road,2023-07-01,329,429.0,Known-trail future months,Baseline,Seasonal historical baseline,
Biscuit Brook,2023-08-01,98,106.0,Known-trail future months,Baseline,Seasonal historical baseline,
McKenley Hollow,2023-08-01,116,75.5,Known-trail future months,Baseline,Seasonal historical baseline,
Onteora Lake,2023-08-01,284,190.0,Known-trail future months,Baseline,Seasonal historical baseline,
Red Hill Dinch Road,2023-08-01,238,311.0,Known-trail future months,Baseline,Seasonal historical baseline,
Slide Mt,2023-08-01,606,782.5,Known-trail future months,Baseline,Seasonal historical baseline,
Upper Cherrytown Road,2023-08-01,197,258.0,Known-trail future months,Baseline,Seasonal historical baseline,
McKenley Hollow,2023-09-01,119,72.0,Known-trail future months,Baseline,Seasonal historical baseline,
Onteora Lake,2023-09-01,311,186.0,Known-trail future months,Baseline,Seasonal historical baseline,
Red Hill Dinch Road,2023-09-01,172,247.5,Known-trail future months,Baseline,Seasonal historical baseline,
Upper Cherrytown Road,2023-09-01,2,133.5,Known-trail future months,Baseline,Seasonal historical baseline,
McKenley Hollow,2023-10-01,119,110.0,Known-trail future months,Baseline,Seasonal historical baseline,
Onteora Lake,2023-10-01,418,240.0,Known-trail future months,Baseline,Seasonal historical baseline,
Red Hill Dinch Road,2023-10-01,158,305.5,Known-trail future months,Baseline,Seasonal historical baseline,
Seager,2023-10-01,41,82.5,Known-trail future months,Baseline,Seasonal historical baseline,
Upper Cherrytown Road,2023-10-01,16,176.0,Known-trail future months,Baseline,Seasonal historical baseline,
Dry Brook Ridge to Lean-to,2023-11-01,25,37.0,Known-trail future months,Baseline,Seasonal historical baseline,
Fox Hollow,2023-11-01,75,95.5,Known-trail future months,Baseline,Seasonal historical baseline,
Hardenburgh- MH Trail,2023-11-01,4,6.5,Known-trail future months,Baseline,Seasonal historical baseline,
Kelly Hollow,2023-11-01,154,156.0,Known-trail future months,Baseline,Seasonal historical baseline,
Lane Street,2023-11-01,57,54.5,Known-trail future months,Baseline,Seasonal historical baseline,
McKenley Hollow,2023-11-01,102,78.5,Known-trail future months,Baseline,Seasonal historical baseline,
Onteora Lake,2023-11-01,246,169.0,Known-trail future months,Baseline,Seasonal historical baseline,
Red Hill Dinch Road,2023-11-01,123,107.0,Known-trail future months,Baseline,Seasonal historical baseline,
Rochester Hollow,2023-11-01,150,137.5,Known-trail future months,Baseline,Seasonal historical baseline,
Seager,2023-11-01,38,34.5,Known-trail future months,Baseline,Seasonal historical baseline,
Upper Cherrytown Road,2023-11-01,1,78.0,Known-trail future months,Baseline,Seasonal historical baseline,
Alder Lake,2023-12-01,45,56.5,Known-trail future months,Baseline,Seasonal historical baseline,
Beaverkill Road to BLM FT,2023-12-01,84,75.5,Known-trail future months,Baseline,Seasonal historical baseline,
Dry Brook Ridge to Lean-to,2023-12-01,12,11.0,Known-trail future months,Baseline,Seasonal historical baseline,
Flynn,2023-12-01,8,6.5,Known-trail future months,Baseline,Seasonal historical baseline,
Fox Hollow,2023-12-01,59,39.0,Known-trail future months,Baseline,Seasonal historical baseline,
Frick Pond,2023-12-01,59,59.0,Known-trail future months,Baseline,Seasonal historical baseline,
Hardenburgh- MH Trail,2023-12-01,0,7.5,Known-trail future months,Baseline,Seasonal historical baseline,
Kelly Hollow,2023-12-01,112,110.0,Known-trail future months,Baseline,Seasonal historical baseline,
Lane Street,2023-12-01,24,21.0,Known-trail future months,Baseline,Seasonal historical baseline,
McKenley Hollow,2023-12-01,97,62.5,Known-trail future months,Baseline,Seasonal historical baseline,
Mt Tremper,2023-12-01,176,124.0,Known-trail future months,Baseline,Seasonal historical baseline,
Neversink Hardenburgh Trail,2023-12-01,10,5.5,Known-trail future months,Baseline,Seasonal historical baseline,
Onteora Lake,2023-12-01,216,127.0,Known-trail future months,Baseline,Seasonal historical baseline,
Red Hill Dinch Road,2023-12-01,97,68.5,Known-trail future months,Baseline,Seasonal historical baseline,
Rider Hollow,2023-12-01,128,168.0,Known-trail future months,Baseline,Seasonal historical baseline,
Rochester Hollow,2023-12-01,125,93.0,Known-trail future months,Baseline,Seasonal historical baseline,
Seager,2023-12-01,22,32.0,Known-trail future months,Baseline,Seasonal historical baseline,
Upper Cherrytown Road,2023-12-01,7,59.5,Known-trail future months,Baseline,Seasonal historical baseline,
Alder Lake,2024-01-01,33,50.666666666666664,Known-trail future months,Baseline,Seasonal historical baseline,
Beaverkill Road to BLM FT,2024-01-01,33,81.33333333333333,Known-trail future months,Baseline,Seasonal historical baseline,
Cathedral Glen,2024-01-01,6,10.0,Known-trail future months,Baseline,Seasonal historical baseline,
Denning,2024-01-01,59,94.33333333333333,Known-trail future months,Baseline,Seasonal historical baseline,
Dry Brook Ridge to Lean-to,2024-01-01,11,13.666666666666666,Known-trail future months,Baseline,Seasonal historical baseline,
Flynn,2024-01-01,12,28.333333333333332,Known-trail future months,Baseline,Seasonal historical baseline,
Fox Hollow,2024-01-01,20,64.0,Known-trail future months,Baseline,Seasonal historical baseline,
Frick Pond,2024-01-01,53,71.33333333333333,Known-trail future months,Baseline,Seasonal historical baseline,
Hardenburgh- MH Trail,2024-01-01,2,5.0,Known-trail future months,Baseline,Seasonal historical baseline,
Kelly Hollow,2024-01-01,44,88.33333333333333,Known-trail future months,Baseline,Seasonal historical baseline,
Lane Street,2024-01-01,13,42.0,Known-trail future months,Baseline,Seasonal historical baseline,
McKenley Hollow,2024-01-01,20,124.33333333333333,Known-trail future months,Baseline,Seasonal historical baseline,
Mt Tremper,2024-01-01,107,105.0,Known-trail future months,Baseline,Seasonal historical baseline,
Neversink Hardenburgh Trail,2024-01-01,0,2.6666666666666665,Known-trail future months,Baseline,Seasonal historical baseline,
Red Hill Dinch Road,2024-01-01,79,100.5,Known-trail future months,Baseline,Seasonal historical baseline,
Rider Hollow,2024-01-01,118,254.66666666666666,Known-trail future months,Baseline,Seasonal historical baseline,
Rochester Hollow,2024-01-01,51,95.33333333333333,Known-trail future months,Baseline,Seasonal historical baseline,
Seager,2024-01-01,24,14.333333333333334,Known-trail future months,Baseline,Seasonal historical baseline,
Alder Lake,2024-02-01,55,37.333333333333336,Known-trail future months,Baseline,Seasonal historical baseline,
Beaverkill Road to BLM FT,2024-02-01,81,70.0,Known-trail future months,Baseline,Seasonal historical baseline,
Cathedral Glen,2024-02-01,11,14.0,Known-trail future months,Baseline,Seasonal historical baseline,
Denning,2024-02-01,111,100.66666666666667,Known-trail future months,Baseline,Seasonal historical baseline,
Dry Brook Ridge to Lean-to,2024-02-01,22,12.333333333333334,Known-trail future months,Baseline,Seasonal historical baseline,
Flynn,2024-02-01,13,16.666666666666668,Known-trail future months,Baseline,Seasonal historical baseline,
Fox Hollow,2024-02-01,67,37.666666666666664,Known-trail future months,Baseline,Seasonal historical baseline,
Frick Pond,2024-02-01,35,83.33333333333333,Known-trail future months,Baseline,Seasonal historical baseline,
Hardenburgh- MH Trail,2024-02-01,17,2.3333333333333335,Known-trail future months,Baseline,Seasonal historical baseline,
Kelly Hollow,2024-02-01,70,96.0,Known-trail future months,Baseline,Seasonal historical baseline,
Lane Street,2024-02-01,27,21.333333333333332,Known-trail future months,Baseline,Seasonal historical baseline,
McKenley Hollow,2024-02-01,3,92.33333333333333,Known-trail future months,Baseline,Seasonal historical baseline,
Mt Tremper,2024-02-01,103,183.0,Known-trail future months,Baseline,Seasonal historical baseline,
Neversink Hardenburgh Trail,2024-02-01,1,0.3333333333333333,Known-trail future months,Baseline,Seasonal historical baseline,
Red Hill Dinch Road,2024-02-01,100,42.0,Known-trail future months,Baseline,Seasonal historical baseline,
Rider Hollow,2024-02-01,189,191.33333333333334,Known-trail future months,Baseline,Seasonal historical baseline,
Rochester Hollow,2024-02-01,89,90.0,Known-trail future months,Baseline,Seasonal historical baseline,
Seager,2024-02-01,31,26.333333333333332,Known-trail future months,Baseline,Seasonal historical baseline,
Alder Lake,2024-03-01,63,59.333333333333336,Known-trail future months,Baseline,Seasonal historical baseline,
Beaverkill Road to BLM FT,2024-03-01,82,58.0,Known-trail future months,Baseline,Seasonal historical baseline,
Cathedral Glen,2024-03-01,10,1.0,Known-trail future months,Baseline,Seasonal historical baseline,
Denning,2024-03-01,204,115.33333333333333,Known-trail future months,Baseline,Seasonal historical baseline,
Dry Brook Ridge to Lean-to,2024-03-01,10,12.333333333333334,Known-trail future months,Baseline,Seasonal historical baseline,
Flynn,2024-03-01,12,23.333333333333332,Known-trail future months,Baseline,Seasonal historical baseline,
Fox Hollow,2024-03-01,40,65.66666666666667,Known-trail future months,Baseline,Seasonal historical baseline,
Frick Pond,2024-03-01,45,83.33333333333333,Known-trail future months,Baseline,Seasonal historical baseline,
Hardenburgh- MH Trail,2024-03-01,4,1.3333333333333333,Known-trail future months,Baseline,Seasonal historical baseline,
Kelly Hollow,2024-03-01,96,121.0,Known-trail future months,Baseline,Seasonal historical baseline,
Lane Street,2024-03-01,28,29.333333333333332,Known-trail future months,Baseline,Seasonal historical baseline,
McKenley Hollow,2024-03-01,7,108.33333333333333,Known-trail future months,Baseline,Seasonal historical baseline,
Mt Tremper,2024-03-01,123,120.0,Known-trail future months,Baseline,Seasonal historical baseline,
Neversink Hardenburgh Trail,2024-03-01,4,3.6666666666666665,Known-trail future months,Baseline,Seasonal historical baseline,
Red Hill Dinch Road,2024-03-01,21,76.0,Known-trail future months,Baseline,Seasonal historical baseline,
Rider Hollow,2024-03-01,166,149.66666666666666,Known-trail future months,Baseline,Seasonal historical baseline,
Rochester Hollow,2024-03-01,117,86.0,Known-trail future months,Baseline,Seasonal historical baseline,
Seager,2024-03-01,15,25.333333333333332,Known-trail future months,Baseline,Seasonal historical baseline,
Woodchuck Hollow,2024-03-01,1,5.0,Known-trail future months,Baseline,Seasonal historical baseline,
Alder Lake,2024-04-01,127,143.0,Known-trail future months,Baseline,Seasonal historical baseline,
Beaverkill Road to BLM FT,2024-04-01,110,131.0,Known-trail future months,Baseline,Seasonal historical baseline,
Cathedral Glen,2024-04-01,21,10.0,Known-trail future months,Baseline,Seasonal historical baseline,
Denning,2024-04-01,233,159.66666666666666,Known-trail future months,Baseline,Seasonal historical baseline,
Dry Brook Ridge to Lean-to,2024-04-01,13,23.333333333333332,Known-trail future months,Baseline,Seasonal historical baseline,
Flynn,2024-04-01,18,34.666666666666664,Known-trail future months,Baseline,Seasonal historical baseline,
Fox Hollow,2024-04-01,48,96.0,Known-trail future months,Baseline,Seasonal historical baseline,
Frick Pond,2024-04-01,70,74.33333333333333,Known-trail future months,Baseline,Seasonal historical baseline,
Hardenburgh- MH Trail,2024-04-01,1,9.0,Known-trail future months,Baseline,Seasonal historical baseline,
Kelly Hollow,2024-04-01,127,200.33333333333334,Known-trail future months,Baseline,Seasonal historical baseline,
Lane Street,2024-04-01,36,44.0,Known-trail future months,Baseline,Seasonal historical baseline,
Mt Tremper,2024-04-01,64,283.5,Known-trail future months,Baseline,Seasonal historical baseline,
Neversink Hardenburgh Trail,2024-04-01,4,9.0,Known-trail future months,Baseline,Seasonal historical baseline,
Rider Hollow,2024-04-01,103,107.5,Known-trail future months,Baseline,Seasonal historical baseline,
Rochester Hollow,2024-04-01,99,155.0,Known-trail future months,Baseline,Seasonal historical baseline,
Seager,2024-04-01,40,45.333333333333336,Known-trail future months,Baseline,Seasonal historical baseline,
Alder Lake,2024-05-01,147,207.33333333333334,Known-trail future months,Baseline,Seasonal historical baseline,
Beaverkill Road to BLM FT,2024-05-01,189,196.33333333333334,Known-trail future months,Baseline,Seasonal historical baseline,
Cathedral Glen,2024-05-01,19,19.0,Known-trail future months,Baseline,Seasonal historical baseline,
Denning,2024-05-01,260,318.0,Known-trail future months,Baseline,Seasonal historical baseline,
Dry Brook Ridge to Lean-to,2024-05-01,17,28.333333333333332,Known-trail future months,Baseline,Seasonal historical baseline,
Flynn,2024-05-01,24,62.333333333333336,Known-trail future months,Baseline,Seasonal historical baseline,
Fox Hollow,2024-05-01,71,112.66666666666667,Known-trail future months,Baseline,Seasonal historical baseline,
Frick Pond,2024-05-01,125,135.66666666666666,Known-trail future months,Baseline,Seasonal historical baseline,
Hardenburgh- MH Trail,2024-05-01,23,6.666666666666667,Known-trail future months,Baseline,Seasonal historical baseline,
Kelly Hollow,2024-05-01,182,223.66666666666666,Known-trail future months,Baseline,Seasonal historical baseline,
Lane Street,2024-05-01,54,66.0,Known-trail future months,Baseline,Seasonal historical baseline,
Mt Tremper,2024-05-01,19,331.6666666666667,Known-trail future months,Baseline,Seasonal historical baseline,
Neversink Hardenburgh Trail,2024-05-01,34,20.666666666666668,Known-trail future months,Baseline,Seasonal historical baseline,
Rider Hollow,2024-05-01,98,209.5,Known-trail future months,Baseline,Seasonal historical baseline,
Rochester Hollow,2024-05-01,182,145.33333333333334,Known-trail future months,Baseline,Seasonal historical baseline,
Seager,2024-05-01,53,63.333333333333336,Known-trail future months,Baseline,Seasonal historical baseline,
Woodchuck Hollow,2024-05-01,1,5.333333333333333,Known-trail future months,Baseline,Seasonal historical baseline,
Woodland Valley,2024-05-01,99,128.0,Known-trail future months,Baseline,Seasonal historical baseline,
Alder Lake,2024-06-01,168,242.0,Known-trail future months,Baseline,Seasonal historical baseline,
Beaverkill Road to BLM FT,2024-06-01,190,207.33333333333334,Known-trail future months,Baseline,Seasonal historical baseline,
Cathedral Glen,2024-06-01,30,15.0,Known-trail future months,Baseline,Seasonal historical baseline,
Denning,2024-06-01,281,363.6666666666667,Known-trail future months,Baseline,Seasonal historical baseline,
Dry Brook Ridge to Lean-to,2024-06-01,20,32.333333333333336,Known-trail future months,Baseline,Seasonal historical baseline,
Flynn,2024-06-01,30,81.66666666666667,Known-trail future months,Baseline,Seasonal historical baseline,
Fox Hollow,2024-06-01,64,98.33333333333333,Known-trail future months,Baseline,Seasonal historical baseline,
Frick Pond,2024-06-01,131,152.33333333333334,Known-trail future months,Baseline,Seasonal historical baseline,
Hardenburgh- MH Trail,2024-06-01,17,9.0,Known-trail future months,Baseline,Seasonal historical baseline,
Kelly Hollow,2024-06-01,156,217.33333333333334,Known-trail future months,Baseline,Seasonal historical baseline,
Lane Street,2024-06-01,71,53.0,Known-trail future months,Baseline,Seasonal historical baseline,
Mt Tremper,2024-06-01,22,289.3333333333333,Known-trail future months,Baseline,Seasonal historical baseline,
Neversink Hardenburgh Trail,2024-06-01,13,17.666666666666668,Known-trail future months,Baseline,Seasonal historical baseline,
Rider Hollow,2024-06-01,93,134.66666666666666,Known-trail future months,Baseline,Seasonal historical baseline,
Rochester Hollow,2024-06-01,113,177.0,Known-trail future months,Baseline,Seasonal historical baseline,
Seager,2024-06-01,73,68.33333333333333,Known-trail future months,Baseline,Seasonal historical baseline,
Slide Mt,2024-06-01,593,656.3333333333334,Known-trail future months,Baseline,Seasonal historical baseline,
Woodland Valley,2024-06-01,70,155.66666666666666,Known-trail future months,Baseline,Seasonal historical baseline,
Alder Lake,2024-07-01,299,345.3333333333333,Known-trail future months,Baseline,Seasonal historical baseline,
Beaverkill Road to BLM FT,2024-07-01,193,264.3333333333333,Known-trail future months,Baseline,Seasonal historical baseline,
Cathedral Glen,2024-07-01,6,10.0,Known-trail future months,Baseline,Seasonal historical baseline,
Denning,2024-07-01,293,315.0,Known-trail future months,Baseline,Seasonal historical baseline,
Dry Brook Ridge to Lean-to,2024-07-01,46,39.333333333333336,Known-trail future months,Baseline,Seasonal historical baseline,
Flynn,2024-07-01,64,79.0,Known-trail future months,Baseline,Seasonal historical baseline,
Fox Hollow,2024-07-01,98,109.0,Known-trail future months,Baseline,Seasonal historical baseline,
Frick Pond,2024-07-01,209,237.33333333333334,Known-trail future months,Baseline,Seasonal historical baseline,
Giant Ledge,2024-07-01,150,830.6666666666666,Known-trail future months,Baseline,Seasonal historical baseline,
Hardenburgh- MH Trail,2024-07-01,16,13.666666666666666,Known-trail future months,Baseline,Seasonal historical baseline,
Kelly Hollow,2024-07-01,215,309.0,Known-trail future months,Baseline,Seasonal historical baseline,
Lane Street,2024-07-01,81,70.33333333333333,Known-trail future months,Baseline,Seasonal historical baseline,
Mt Tremper,2024-07-01,35,368.3333333333333,Known-trail future months,Baseline,Seasonal historical baseline,
Neversink Hardenburgh Trail,2024-07-01,21,32.0,Known-trail future months,Baseline,Seasonal historical baseline,
Rider Hollow,2024-07-01,128,206.5,Known-trail future months,Baseline,Seasonal historical baseline,
Rochester Hollow,2024-07-01,229,267.0,Known-trail future months,Baseline,Seasonal historical baseline,
Seager,2024-07-01,78,114.33333333333333,Known-trail future months,Baseline,Seasonal historical baseline,
Slide Mt,2024-07-01,868,815.0,Known-trail future months,Baseline,Seasonal historical baseline,
Woodchuck Hollow,2024-07-01,5,6.0,Known-trail future months,Baseline,Seasonal historical baseline,
Woodland Valley,2024-07-01,12,205.66666666666666,Known-trail future months,Baseline,Seasonal historical baseline,
Alder Lake,2024-08-01,303,296.6666666666667,Known-trail future months,Baseline,Seasonal historical baseline,
Beaverkill Road to BLM FT,2024-08-01,196,226.66666666666666,Known-trail future months,Baseline,Seasonal historical baseline,
Cathedral Glen,2024-08-01,32,10.0,Known-trail future months,Baseline,Seasonal historical baseline,
Denning,2024-08-01,270,305.3333333333333,Known-trail future months,Baseline,Seasonal historical baseline,
Dry Brook Ridge to Lean-to,2024-08-01,33,29.666666666666668,Known-trail future months,Baseline,Seasonal historical baseline,
Flynn,2024-08-01,25,97.66666666666667,Known-trail future months,Baseline,Seasonal historical baseline,
Fox Hollow,2024-08-01,114,106.66666666666667,Known-trail future months,Baseline,Seasonal historical baseline,
Frick Pond,2024-08-01,192,242.33333333333334,Known-trail future months,Baseline,Seasonal historical baseline,
Hardenburgh- MH Trail,2024-08-01,9,9.0,Known-trail future months,Baseline,Seasonal historical baseline,
Kelly Hollow,2024-08-01,248,303.3333333333333,Known-trail future months,Baseline,Seasonal historical baseline,
Lane Street,2024-08-01,56,56.0,Known-trail future months,Baseline,Seasonal historical baseline,
Millbrook to BLM FT,2024-08-01,392,364.0,Known-trail future months,Baseline,Seasonal historical baseline,
Mt Tremper,2024-08-01,587,312.3333333333333,Known-trail future months,Baseline,Seasonal historical baseline,
Neversink Hardenburgh Trail,2024-08-01,11,35.666666666666664,Known-trail future months,Baseline,Seasonal historical baseline,
Rider Hollow,2024-08-01,150,187.33333333333334,Known-trail future months,Baseline,Seasonal historical baseline,
Rochester Hollow,2024-08-01,261,231.33333333333334,Known-trail future months,Baseline,Seasonal historical baseline,
Seager,2024-08-01,63,122.33333333333333,Known-trail future months,Baseline,Seasonal historical baseline,
Slide Mt,2024-08-01,1077,723.6666666666666,Known-trail future months,Baseline,Seasonal historical baseline,
Woodchuck Hollow,2024-08-01,2,2.0,Known-trail future months,Baseline,Seasonal historical baseline,
Woodland Valley,2024-08-01,9,157.33333333333334,Known-trail future months,Baseline,Seasonal historical baseline,
Alder Lake,2024-09-01,229,215.0,Known-trail future months,Baseline,Seasonal historical baseline,
Ashokan HP,2024-09-01,127,153.33333333333334,Known-trail future months,Baseline,Seasonal historical baseline,
Beaverkill Road to BLM FT,2024-09-01,203,196.66666666666666,Known-trail future months,Baseline,Seasonal historical baseline,
Cathedral Glen,2024-09-01,6,12.666666666666666,Known-trail future months,Baseline,Seasonal historical baseline,
Denning,2024-09-01,243,278.3333333333333,Known-trail future months,Baseline,Seasonal historical baseline,
Dry Brook Ridge to Lean-to,2024-09-01,14,27.0,Known-trail future months,Baseline,Seasonal historical baseline,
Flynn,2024-09-01,71,41.0,Known-trail future months,Baseline,Seasonal historical baseline,
Fox Hollow,2024-09-01,36,106.66666666666667,Known-trail future months,Baseline,Seasonal historical baseline,
Frick Pond,2024-09-01,200,121.0,Known-trail future months,Baseline,Seasonal historical baseline,
Giant Ledge,2024-09-01,116,573.3333333333334,Known-trail future months,Baseline,Seasonal historical baseline,
Hardenburgh- MH Trail,2024-09-01,13,7.333333333333333,Known-trail future months,Baseline,Seasonal historical baseline,
Kelly Hollow,2024-09-01,125,187.33333333333334,Known-trail future months,Baseline,Seasonal historical baseline,
Lane Street,2024-09-01,39,58.0,Known-trail future months,Baseline,Seasonal historical baseline,
Millbrook to BLM FT,2024-09-01,347,308.3333333333333,Known-trail future months,Baseline,Seasonal historical baseline,
Neversink Hardenburgh Trail,2024-09-01,17,14.0,Known-trail future months,Baseline,Seasonal historical baseline,
Overlook,2024-09-01,717,777.6666666666666,Known-trail future months,Baseline,Seasonal historical baseline,
Rider Hollow,2024-09-01,91,156.0,Known-trail future months,Baseline,Seasonal historical baseline,
Rochester Hollow,2024-09-01,131,171.0,Known-trail future months,Baseline,Seasonal historical baseline,
Slide Mt,2024-09-01,783,721.5,Known-trail future months,Baseline,Seasonal historical baseline,
Wittenberg,2024-09-01,414,490.0,Known-trail future months,Baseline,Seasonal historical baseline,
Woodchuck Hollow,2024-09-01,4,1.0,Known-trail future months,Baseline,Seasonal historical baseline,
Woodland Valley,2024-09-01,35,145.66666666666666,Known-trail future months,Baseline,Seasonal historical baseline,
Alder Lake,2024-10-01,17,192.0,Known-trail future months,Baseline,Seasonal historical baseline,
Ashokan HP,2024-10-01,260,175.0,Known-trail future months,Baseline,Seasonal historical baseline,
Beaverkill Road to BLM FT,2024-10-01,12,277.0,Known-trail future months,Baseline,Seasonal historical baseline,
Denning,2024-10-01,306,270.3333333333333,Known-trail future months,Baseline,Seasonal historical baseline,
Flynn,2024-10-01,1,54.0,Known-trail future months,Baseline,Seasonal historical baseline,
Frick Pond,2024-10-01,6,181.33333333333334,Known-trail future months,Baseline,Seasonal historical baseline,
Giant Ledge,2024-10-01,1383,1245.6666666666667,Known-trail future months,Baseline,Seasonal historical baseline,
Millbrook to BLM FT,2024-10-01,462,375.6666666666667,Known-trail future months,Baseline,Seasonal historical baseline,
Neversink Hardenburgh Trail,2024-10-01,31,17.0,Known-trail future months,Baseline,Seasonal historical baseline,
Overlook,2024-10-01,1143,873.6666666666666,Known-trail future months,Baseline,Seasonal historical baseline,
Slide Mt,2024-10-01,757,865.5,Known-trail future months,Baseline,Seasonal historical baseline,
Wittenberg,2024-10-01,638,532.3333333333334,Known-trail future months,Baseline,Seasonal historical baseline,
Woodchuck Hollow,2024-10-01,4,1.0,Known-trail future months,Baseline,Seasonal historical baseline,
Woodland Valley,2024-10-01,182,149.33333333333334,Known-trail future months,Baseline,Seasonal historical baseline,
Ashokan HP,2024-11-01,63,99.66666666666667,Known-trail future months,Baseline,Seasonal historical baseline,
Denning,2024-11-01,76,180.0,Known-trail future months,Baseline,Seasonal historical baseline,
Giant Ledge,2024-11-01,404,412.3333333333333,Known-trail future months,Baseline,Seasonal historical baseline,
Millbrook to BLM FT,2024-11-01,251,221.66666666666666,Known-trail future months,Baseline,Seasonal historical baseline,
Overlook,2024-11-01,843,487.3333333333333,Known-trail future months,Baseline,Seasonal historical baseline,
Wittenberg,2024-11-01,289,227.66666666666666,Known-trail future months,Baseline,Seasonal historical baseline,
Woodchuck Hollow,2024-11-01,4,3.3333333333333335,Known-trail future months,Baseline,Seasonal historical baseline,
Woodland Valley,2024-11-01,88,47.0,Known-trail future months,Baseline,Seasonal historical baseline,
Ashokan HP,2024-12-01,53,75.0,Known-trail future months,Baseline,Seasonal historical baseline,
Giant Ledge,2024-12-01,235,296.3333333333333,Known-trail future months,Baseline,Seasonal historical baseline,
Millbrook to BLM FT,2024-12-01,133,152.33333333333334,Known-trail future months,Baseline,Seasonal historical baseline,
Overlook,2024-12-01,291,275.6666666666667,Known-trail future months,Baseline,Seasonal historical baseline,
Wittenberg,2024-12-01,115,106.33333333333333,Known-trail future months,Baseline,Seasonal historical baseline,
Woodland Valley,2024-12-01,25,35.333333333333336,Known-trail future months,Baseline,Seasonal historical baseline,
Ashokan HP,2025-01-01,35,75.5,Known-trail future months,Baseline,Seasonal historical baseline,
Giant Ledge,2025-01-01,268,397.0,Known-trail future months,Baseline,Seasonal historical baseline,
Millbrook to BLM FT,2025-01-01,143,165.0,Known-trail future months,Baseline,Seasonal historical baseline,
Overlook,2025-01-01,358,299.25,Known-trail future months,Baseline,Seasonal historical baseline,
Wittenberg,2025-01-01,103,141.75,Known-trail future months,Baseline,Seasonal historical baseline,
Woodland Valley,2025-01-01,15,17.25,Known-trail future months,Baseline,Seasonal historical baseline,
Ashokan HP,2025-02-01,27,78.75,Known-trail future months,Baseline,Seasonal historical baseline,
Giant Ledge,2025-02-01,184,323.25,Known-trail future months,Baseline,Seasonal historical baseline,
Millbrook to BLM FT,2025-02-01,139,164.0,Known-trail future months,Baseline,Seasonal historical baseline,
Overlook,2025-02-01,182,366.5,Known-trail future months,Baseline,Seasonal historical baseline,
Wittenberg,2025-02-01,55,131.75,Known-trail future months,Baseline,Seasonal historical baseline,
Woodland Valley,2025-02-01,30,25.25,Known-trail future months,Baseline,Seasonal historical baseline,
Ashokan HP,2025-03-01,83,86.5,Known-trail future months,Baseline,Seasonal historical baseline,
Giant Ledge,2025-03-01,371,371.6666666666667,Known-trail future months,Baseline,Seasonal historical baseline,
Millbrook to BLM FT,2025-03-01,131,164.25,Known-trail future months,Baseline,Seasonal historical baseline,
Overlook,2025-03-01,426,426.5,Known-trail future months,Baseline,Seasonal historical baseline,
Wittenberg,2025-03-01,126,166.5,Known-trail future months,Baseline,Seasonal historical baseline,
Woodland Valley,2025-03-01,41,27.5,Known-trail future months,Baseline,Seasonal historical baseline,
Ashokan HP,2025-04-01,89,120.0,Known-trail future months,Baseline,Seasonal historical baseline,
Giant Ledge,2025-04-01,341,436.0,Known-trail future months,Baseline,Seasonal historical baseline,
Millbrook to BLM FT,2025-04-01,173,170.5,Known-trail future months,Baseline,Seasonal historical baseline,
Overlook,2025-04-01,576,732.0,Known-trail future months,Baseline,Seasonal historical baseline,
Wittenberg,2025-04-01,47,207.0,Known-trail future months,Baseline,Seasonal historical baseline,
Woodland Valley,2025-04-01,47,62.75,Known-trail future months,Baseline,Seasonal historical baseline,
Ashokan HP,2025-05-01,72,177.75,Known-trail future months,Baseline,Seasonal historical baseline,
Giant Ledge,2025-05-01,403,693.6666666666666,Known-trail future months,Baseline,Seasonal historical baseline,
Millbrook to BLM FT,2025-05-01,277,260.25,Known-trail future months,Baseline,Seasonal historical baseline,
Overlook,2025-05-01,828,944.75,Known-trail future months,Baseline,Seasonal historical baseline,
Wittenberg,2025-05-01,477,480.75,Known-trail future months,Baseline,Seasonal historical baseline,
Woodland Valley,2025-05-01,13,120.75,Known-trail future months,Baseline,Seasonal historical baseline,
Ashokan HP,2025-06-01,160,157.5,Known-trail future months,Baseline,Seasonal historical baseline,
Giant Ledge,2025-06-01,629,651.3333333333334,Known-trail future months,Baseline,Seasonal historical baseline,
Millbrook to BLM FT,2025-06-01,231,291.5,Known-trail future months,Baseline,Seasonal historical baseline,
Overlook,2025-06-01,854,928.5,Known-trail future months,Baseline,Seasonal historical baseline,
Wittenberg,2025-06-01,532,489.5,Known-trail future months,Baseline,Seasonal historical baseline,
Ashokan HP,2025-07-01,260,202.5,Known-trail future months,Baseline,Seasonal historical baseline,
Giant Ledge,2025-07-01,400,660.5,Known-trail future months,Baseline,Seasonal historical baseline,
Millbrook to BLM FT,2025-07-01,340,362.5,Known-trail future months,Baseline,Seasonal historical baseline,
Overlook,2025-07-01,1038,1055.75,Known-trail future months,Baseline,Seasonal historical baseline,
Wittenberg,2025-07-01,587,545.75,Known-trail future months,Baseline,Seasonal historical baseline,
Ashokan HP,2025-08-01,173,168.5,Known-trail future months,Baseline,Seasonal historical baseline,
Millbrook to BLM FT,2025-08-01,354,371.0,Known-trail future months,Baseline,Seasonal historical baseline,
Overlook,2025-08-01,698,996.5,Known-trail future months,Baseline,Seasonal historical baseline,
Wittenberg,2025-08-01,751,491.75,Known-trail future months,Baseline,Seasonal historical baseline,
Ashokan HP,2025-09-01,101,146.75,Known-trail future months,Baseline,Seasonal historical baseline,
Millbrook to BLM FT,2025-09-01,14,318.0,Known-trail future months,Baseline,Seasonal historical baseline,
Overlook,2025-09-01,27,762.5,Known-trail future months,Baseline,Seasonal historical baseline,
Wittenberg,2025-09-01,506,471.0,Known-trail future months,Baseline,Seasonal historical baseline,
Ashokan HP,2025-10-01,117,196.25,Known-trail future months,Baseline,Seasonal historical baseline,
Overlook,2025-10-01,4,941.0,Known-trail future months,Baseline,Seasonal historical baseline,
Wittenberg,2025-10-01,589,558.75,Known-trail future months,Baseline,Seasonal historical baseline,
Peekamoose,2022-12-01,58,58.33966193794423,Known-trail future months,History + calendar,Ridge,
Biscuit Brook,2023-01-01,47,44.655600078921005,Known-trail future months,History + calendar,Ridge,
Peekamoose,2023-01-01,139,50.36890042240656,Known-trail future months,History + calendar,Ridge,
Bangle Hill,2023-02-01,18,7.692525216643986,Known-trail future months,History + calendar,Ridge,
Biscuit Brook,2023-02-01,68,47.38681523520224,Known-trail future months,History + calendar,Ridge,
Peekamoose,2023-02-01,90,55.55691901729377,Known-trail future months,History + calendar,Ridge,
Bangle Hill,2023-03-01,5,9.731570696539091,Known-trail future months,History + calendar,Ridge,
Biscuit Brook,2023-03-01,59,59.45983294234738,Known-trail future months,History + calendar,Ridge,
Peekamoose,2023-03-01,63,67.86249451630583,Known-trail future months,History + calendar,Ridge,
Bangle Hill,2023-04-01,11,13.210144288191875,Known-trail future months,History + calendar,Ridge,
Biscuit Brook,2023-04-01,74,77.91700563990618,Known-trail future months,History + calendar,Ridge,
Peekamoose,2023-04-01,92,89.80352089619426,Known-trail future months,History + calendar,Ridge,
Bangle Hill,2023-05-01,5,18.16627648996697,Known-trail future months,History + calendar,Ridge,
Biscuit Brook,2023-05-01,157,102.57839523840406,Known-trail future months,History + calendar,Ridge,
Peekamoose,2023-05-01,234,123.19792804164294,Known-trail future months,History + calendar,Ridge,
Slide Mt,2023-05-01,691,561.6153650068937,Known-trail future months,History + calendar,Ridge,
Upper Cherrytown Road,2023-05-01,136,133.9120587233669,Known-trail future months,History + calendar,Ridge,
Biscuit Brook,2023-06-01,121,134.76284317146423,Known-trail future months,History + calendar,Ridge,
Peekamoose,2023-06-01,49,162.4584144885521,Known-trail future months,History + calendar,Ridge,
Slide Mt,2023-06-01,587,869.0787060794895,Known-trail future months,History + calendar,Ridge,
Upper Cherrytown Road,2023-06-01,143,160.6186455890872,Known-trail future months,History + calendar,Ridge,
Biscuit Brook,2023-07-01,144,143.4157534125201,Known-trail future months,History + calendar,Ridge,
McKenley Hollow,2023-07-01,103,121.30639720229387,Known-trail future months,History + calendar,Ridge,
Red Hill Dinch Road,2023-07-01,291,234.09275249818074,Known-trail future months,History + calendar,Ridge,
Slide Mt,2023-07-01,794,982.5898464658845,Known-trail future months,History + calendar,Ridge,
Upper Cherrytown Road,2023-07-01,329,189.9576666217783,Known-trail future months,History + calendar,Ridge,
Biscuit Brook,2023-08-01,98,133.69652510610712,Known-trail future months,History + calendar,Ridge,
McKenley Hollow,2023-08-01,116,112.43940084163305,Known-trail future months,History + calendar,Ridge,
Onteora Lake,2023-08-01,284,322.0165276636832,Known-trail future months,History + calendar,Ridge,
Red Hill Dinch Road,2023-08-01,238,230.68344728838355,Known-trail future months,History + calendar,Ridge,
Slide Mt,2023-08-01,606,976.6264727441351,Known-trail future months,History + calendar,Ridge,
Upper Cherrytown Road,2023-08-01,197,177.86625429880272,Known-trail future months,History + calendar,Ridge,
McKenley Hollow,2023-09-01,119,92.72727648749036,Known-trail future months,History + calendar,Ridge,
Onteora Lake,2023-09-01,311,247.40714537691716,Known-trail future months,History + calendar,Ridge,
Red Hill Dinch Road,2023-09-01,172,178.35395464860414,Known-trail future months,History + calendar,Ridge,
Upper Cherrytown Road,2023-09-01,2,130.7067222927576,Known-trail future months,History + calendar,Ridge,
McKenley Hollow,2023-10-01,119,71.04318339966277,Known-trail future months,History + calendar,Ridge,
Onteora Lake,2023-10-01,418,202.1878655522845,Known-trail future months,History + calendar,Ridge,
Red Hill Dinch Road,2023-10-01,158,134.0833720353253,Known-trail future months,History + calendar,Ridge,
Seager,2023-10-01,41,44.77901431978386,Known-trail future months,History + calendar,Ridge,
Upper Cherrytown Road,2023-10-01,16,89.37922336875987,Known-trail future months,History + calendar,Ridge,
Dry Brook Ridge to Lean-to,2023-11-01,25,16.46222600625383,Known-trail future months,History + calendar,Ridge,
Fox Hollow,2023-11-01,75,46.780175182973856,Known-trail future months,History + calendar,Ridge,
Hardenburgh- MH Trail,2023-11-01,4,6.0713735109090345,Known-trail future months,History + calendar,Ridge,
Kelly Hollow,2023-11-01,154,96.24977296935268,Known-trail future months,History + calendar,Ridge,
Lane Street,2023-11-01,57,28.398002650354012,Known-trail future months,History + calendar,Ridge,
McKenley Hollow,2023-11-01,102,52.45296330320094,Known-trail future months,History + calendar,Ridge,
Onteora Lake,2023-11-01,246,161.8843953158822,Known-trail future months,History + calendar,Ridge,
Red Hill Dinch Road,2023-11-01,123,88.66006312230722,Known-trail future months,History + calendar,Ridge,
Rochester Hollow,2023-11-01,150,77.31095084493934,Known-trail future months,History + calendar,Ridge,
Seager,2023-11-01,38,32.400695145843386,Known-trail future months,History + calendar,Ridge,
Upper Cherrytown Road,2023-11-01,1,62.18777028841189,Known-trail future months,History + calendar,Ridge,
Alder Lake,2023-12-01,45,58.01945400162705,Known-trail future months,History + calendar,Ridge,
Beaverkill Road to BLM FT,2023-12-01,84,65.59038763953679,Known-trail future months,History + calendar,Ridge,
Dry Brook Ridge to Lean-to,2023-12-01,12,12.958027455241595,Known-trail future months,History + calendar,Ridge,
Flynn,2023-12-01,8,18.925711438291966,Known-trail future months,History + calendar,Ridge,
Fox Hollow,2023-12-01,59,36.07989139277232,Known-trail future months,History + calendar,Ridge,
Frick Pond,2023-12-01,59,47.1399099846147,Known-trail future months,History + calendar,Ridge,
Hardenburgh- MH Trail,2023-12-01,0,4.684258915558466,Known-trail future months,History + calendar,Ridge,
Kelly Hollow,2023-12-01,112,75.264821308489,Known-trail future months,History + calendar,Ridge,
Lane Street,2023-12-01,24,22.602959360983313,Known-trail future months,History + calendar,Ridge,
McKenley Hollow,2023-12-01,97,41.636644753799274,Known-trail future months,History + calendar,Ridge,
Mt Tremper,2023-12-01,176,100.3403177154524,Known-trail future months,History + calendar,Ridge,
Neversink Hardenburgh Trail,2023-12-01,10,6.790410354679768,Known-trail future months,History + calendar,Ridge,
Onteora Lake,2023-12-01,216,121.05435071527603,Known-trail future months,History + calendar,Ridge,
Red Hill Dinch Road,2023-12-01,97,68.36031883935804,Known-trail future months,History + calendar,Ridge,
Rider Hollow,2023-12-01,128,66.72109782672325,Known-trail future months,History + calendar,Ridge,
Rochester Hollow,2023-12-01,125,58.75974265488379,Known-trail future months,History + calendar,Ridge,
Seager,2023-12-01,22,25.90576033777492,Known-trail future months,History + calendar,Ridge,
Upper Cherrytown Road,2023-12-01,7,48.22940389755045,Known-trail future months,History + calendar,Ridge,
Alder Lake,2024-01-01,33,50.61630929959584,Known-trail future months,History + calendar,Ridge,
Beaverkill Road to BLM FT,2024-01-01,33,57.50717763088092,Known-trail future months,History + calendar,Ridge,
Cathedral Glen,2024-01-01,6,5.164316022521389,Known-trail future months,History + calendar,Ridge,
Denning,2024-01-01,59,75.61117334238665,Known-trail future months,History + calendar,Ridge,
Dry Brook Ridge to Lean-to,2024-01-01,11,11.494185160882438,Known-trail future months,History + calendar,Ridge,
Flynn,2024-01-01,12,16.975679810852665,Known-trail future months,History + calendar,Ridge,
Fox Hollow,2024-01-01,20,32.63444561561612,Known-trail future months,History + calendar,Ridge,
Frick Pond,2024-01-01,53,41.74403096519938,Known-trail future months,History + calendar,Ridge,
Hardenburgh- MH Trail,2024-01-01,2,4.089451229519038,Known-trail future months,History + calendar,Ridge,
Kelly Hollow,2024-01-01,44,65.07918299805516,Known-trail future months,History + calendar,Ridge,
Lane Street,2024-01-01,13,20.20589371989246,Known-trail future months,History + calendar,Ridge,
McKenley Hollow,2024-01-01,20,38.86001740183081,Known-trail future months,History + calendar,Ridge,
Mt Tremper,2024-01-01,107,84.25685468439254,Known-trail future months,History + calendar,Ridge,
Neversink Hardenburgh Trail,2024-01-01,0,5.996382857244365,Known-trail future months,History + calendar,Ridge,
Red Hill Dinch Road,2024-01-01,79,61.24751994541241,Known-trail future months,History + calendar,Ridge,
Rider Hollow,2024-01-01,118,61.659267113656114,Known-trail future months,History + calendar,Ridge,
Rochester Hollow,2024-01-01,51,52.06508386142625,Known-trail future months,History + calendar,Ridge,
Seager,2024-01-01,24,22.71013270625707,Known-trail future months,History + calendar,Ridge,
Alder Lake,2024-02-01,55,52.5071998264539,Known-trail future months,History + calendar,Ridge,
Beaverkill Road to BLM FT,2024-02-01,81,59.09127708476263,Known-trail future months,History + calendar,Ridge,
Cathedral Glen,2024-02-01,11,5.61296045112727,Known-trail future months,History + calendar,Ridge,
Denning,2024-02-01,111,78.86202708327757,Known-trail future months,History + calendar,Ridge,
Dry Brook Ridge to Lean-to,2024-02-01,22,12.336868899885548,Known-trail future months,History + calendar,Ridge,
Flynn,2024-02-01,13,18.105349551109747,Known-trail future months,History + calendar,Ridge,
Fox Hollow,2024-02-01,67,33.48265765336276,Known-trail future months,History + calendar,Ridge,
Frick Pond,2024-02-01,35,44.969470684725394,Known-trail future months,History + calendar,Ridge,
Hardenburgh- MH Trail,2024-02-01,17,4.434477484793934,Known-trail future months,History + calendar,Ridge,
Kelly Hollow,2024-02-01,70,66.74000580109414,Known-trail future months,History + calendar,Ridge,
Lane Street,2024-02-01,27,21.18575973852425,Known-trail future months,History + calendar,Ridge,
McKenley Hollow,2024-02-01,3,39.24690274193647,Known-trail future months,History + calendar,Ridge,
Mt Tremper,2024-02-01,103,89.24185443523983,Known-trail future months,History + calendar,Ridge,
Neversink Hardenburgh Trail,2024-02-01,1,6.438819890191774,Known-trail future months,History + calendar,Ridge,
Red Hill Dinch Road,2024-02-01,100,62.0386180780586,Known-trail future months,History + calendar,Ridge,
Rider Hollow,2024-02-01,189,62.331047476001814,Known-trail future months,History + calendar,Ridge,
Rochester Hollow,2024-02-01,89,53.6785359757865,Known-trail future months,History + calendar,Ridge,
Seager,2024-02-01,31,24.49381418953458,Known-trail future months,History + calendar,Ridge,
Alder Lake,2024-03-01,63,65.3534938103916,Known-trail future months,History + calendar,Ridge,
Beaverkill Road to BLM FT,2024-03-01,82,73.87946342980713,Known-trail future months,History + calendar,Ridge,
Cathedral Glen,2024-03-01,10,7.066901886966868,Known-trail future months,History + calendar,Ridge,
Denning,2024-03-01,204,99.53308368030757,Known-trail future months,History + calendar,Ridge,
Dry Brook Ridge to Lean-to,2024-03-01,10,15.433380324941835,Known-trail future months,History + calendar,Ridge,
Flynn,2024-03-01,12,22.429031339281103,Known-trail future months,History + calendar,Ridge,
Fox Hollow,2024-03-01,40,42.894331530564465,Known-trail future months,History + calendar,Ridge,
Frick Pond,2024-03-01,45,54.56334111540842,Known-trail future months,History + calendar,Ridge,
Hardenburgh- MH Trail,2024-03-01,4,5.712359756252739,Known-trail future months,History + calendar,Ridge,
Kelly Hollow,2024-03-01,96,83.88643835693006,Known-trail future months,History + calendar,Ridge,
Lane Street,2024-03-01,28,26.494788588169218,Known-trail future months,History + calendar,Ridge,
McKenley Hollow,2024-03-01,7,47.57189427131788,Known-trail future months,History + calendar,Ridge,
Mt Tremper,2024-03-01,123,104.62128444127707,Known-trail future months,History + calendar,Ridge,
Neversink Hardenburgh Trail,2024-03-01,4,8.136234488229283,Known-trail future months,History + calendar,Ridge,
Red Hill Dinch Road,2024-03-01,21,77.97143888238227,Known-trail future months,History + calendar,Ridge,
Rider Hollow,2024-03-01,166,77.61080326982625,Known-trail future months,History + calendar,Ridge,
Rochester Hollow,2024-03-01,117,66.6258696440923,Known-trail future months,History + calendar,Ridge,
Seager,2024-03-01,15,30.28364045020378,Known-trail future months,History + calendar,Ridge,
Woodchuck Hollow,2024-03-01,1,2.3107205015683627,Known-trail future months,History + calendar,Ridge,
Alder Lake,2024-04-01,127,90.41902332598583,Known-trail future months,History + calendar,Ridge,
Beaverkill Road to BLM FT,2024-04-01,110,102.41624510490354,Known-trail future months,History + calendar,Ridge,
Cathedral Glen,2024-04-01,21,9.781862908689794,Known-trail future months,History + calendar,Ridge,
Denning,2024-04-01,233,142.21608787209152,Known-trail future months,History + calendar,Ridge,
Dry Brook Ridge to Lean-to,2024-04-01,13,20.922760132829087,Known-trail future months,History + calendar,Ridge,
Flynn,2024-04-01,18,30.155640034668878,Known-trail future months,History + calendar,Ridge,
Fox Hollow,2024-04-01,48,57.83279027690506,Known-trail future months,History + calendar,Ridge,
Frick Pond,2024-04-01,70,72.24062886156248,Known-trail future months,History + calendar,Ridge,
Hardenburgh- MH Trail,2024-04-01,1,7.932304713032148,Known-trail future months,History + calendar,Ridge,
Kelly Hollow,2024-04-01,127,117.49724355715,Known-trail future months,History + calendar,Ridge,
Lane Street,2024-04-01,36,35.83833531071641,Known-trail future months,History + calendar,Ridge,
Mt Tremper,2024-04-01,64,152.86965366519493,Known-trail future months,History + calendar,Ridge,
Neversink Hardenburgh Trail,2024-04-01,4,11.18268373370856,Known-trail future months,History + calendar,Ridge,
Rider Hollow,2024-04-01,103,100.72775366735551,Known-trail future months,History + calendar,Ridge,
Rochester Hollow,2024-04-01,99,93.1812219161121,Known-trail future months,History + calendar,Ridge,
Seager,2024-04-01,40,40.56567882176168,Known-trail future months,History + calendar,Ridge,
Alder Lake,2024-05-01,147,128.1648469106536,Known-trail future months,History + calendar,Ridge,
Beaverkill Road to BLM FT,2024-05-01,189,142.2651771278995,Known-trail future months,History + calendar,Ridge,
Cathedral Glen,2024-05-01,19,13.591207294646987,Known-trail future months,History + calendar,Ridge,
Denning,2024-05-01,260,208.39025734296288,Known-trail future months,History + calendar,Ridge,
Dry Brook Ridge to Lean-to,2024-05-01,17,28.36311737798757,Known-trail future months,History + calendar,Ridge,
Flynn,2024-05-01,24,41.17430158092968,Known-trail future months,History + calendar,Ridge,
Fox Hollow,2024-05-01,71,77.85650294606734,Known-trail future months,History + calendar,Ridge,
Frick Pond,2024-05-01,125,101.05253447762327,Known-trail future months,History + calendar,Ridge,
Hardenburgh- MH Trail,2024-05-01,23,10.887295364080755,Known-trail future months,History + calendar,Ridge,
Kelly Hollow,2024-05-01,182,159.96596058426343,Known-trail future months,History + calendar,Ridge,
Lane Street,2024-05-01,54,48.86219484884409,Known-trail future months,History + calendar,Ridge,
Mt Tremper,2024-05-01,19,197.60112939305495,Known-trail future months,History + calendar,Ridge,
Neversink Hardenburgh Trail,2024-05-01,34,15.375372728643068,Known-trail future months,History + calendar,Ridge,
Rider Hollow,2024-05-01,98,137.5588286957206,Known-trail future months,History + calendar,Ridge,
Rochester Hollow,2024-05-01,182,122.70719287913022,Known-trail future months,History + calendar,Ridge,
Seager,2024-05-01,53,55.45178490099719,Known-trail future months,History + calendar,Ridge,
Woodchuck Hollow,2024-05-01,1,4.687786318384119,Known-trail future months,History + calendar,Ridge,
Woodland Valley,2024-05-01,99,80.4031700071532,Known-trail future months,History + calendar,Ridge,
Alder Lake,2024-06-01,168,163.06398483349076,Known-trail future months,History + calendar,Ridge,
Beaverkill Road to BLM FT,2024-06-01,190,182.98901599261654,Known-trail future months,History + calendar,Ridge,
Cathedral Glen,2024-06-01,30,17.165835579426997,Known-trail future months,History + calendar,Ridge,
Denning,2024-06-01,281,273.1267101005326,Known-trail future months,History + calendar,Ridge,
Dry Brook Ridge to Lean-to,2024-06-01,20,35.52163877071523,Known-trail future months,History + calendar,Ridge,
Flynn,2024-06-01,30,52.248554475113636,Known-trail future months,History + calendar,Ridge,
Fox Hollow,2024-06-01,64,96.96497760956537,Known-trail future months,History + calendar,Ridge,
Frick Pond,2024-06-01,131,129.00232392313487,Known-trail future months,History + calendar,Ridge,
Hardenburgh- MH Trail,2024-06-01,17,13.998659076617631,Known-trail future months,History + calendar,Ridge,
Kelly Hollow,2024-06-01,156,203.86051880845517,Known-trail future months,History + calendar,Ridge,
Lane Street,2024-06-01,71,61.08958403054008,Known-trail future months,History + calendar,Ridge,
Mt Tremper,2024-06-01,22,225.18527022634666,Known-trail future months,History + calendar,Ridge,
Neversink Hardenburgh Trail,2024-06-01,13,19.655455775524096,Known-trail future months,History + calendar,Ridge,
Rider Hollow,2024-06-01,93,163.88531313732338,Known-trail future months,History + calendar,Ridge,
Rochester Hollow,2024-06-01,113,162.22427156872953,Known-trail future months,History + calendar,Ridge,
Seager,2024-06-01,73,69.95999528027833,Known-trail future months,History + calendar,Ridge,
Slide Mt,2024-06-01,593,612.136623134611,Known-trail future months,History + calendar,Ridge,
Woodland Valley,2024-06-01,70,104.21617008135003,Known-trail future months,History + calendar,Ridge,
Alder Lake,2024-07-01,299,190.0527158420872,Known-trail future months,History + calendar,Ridge,
Beaverkill Road to BLM FT,2024-07-01,193,208.38829489484536,Known-trail future months,History + calendar,Ridge,
Cathedral Glen,2024-07-01,6,18.898314593775478,Known-trail future months,History + calendar,Ridge,
Denning,2024-07-01,293,292.02052588573133,Known-trail future months,History + calendar,Ridge,
Dry Brook Ridge to Lean-to,2024-07-01,46,39.21975838433201,Known-trail future months,History + calendar,Ridge,
Flynn,2024-07-01,64,56.620609991072996,Known-trail future months,History + calendar,Ridge,
Fox Hollow,2024-07-01,98,106.17891222222465,Known-trail future months,History + calendar,Ridge,
Frick Pond,2024-07-01,209,148.34314767126074,Known-trail future months,History + calendar,Ridge,
Giant Ledge,2024-07-01,150,667.1756145910409,Known-trail future months,History + calendar,Ridge,
Hardenburgh- MH Trail,2024-07-01,16,15.427702318517214,Known-trail future months,History + calendar,Ridge,
Kelly Hollow,2024-07-01,215,228.55387593400903,Known-trail future months,History + calendar,Ridge,
Lane Street,2024-07-01,81,68.23151947674842,Known-trail future months,History + calendar,Ridge,
Mt Tremper,2024-07-01,35,250.637477990965,Known-trail future months,History + calendar,Ridge,
Neversink Hardenburgh Trail,2024-07-01,21,21.62432415793487,Known-trail future months,History + calendar,Ridge,
Rider Hollow,2024-07-01,128,183.46640675480197,Known-trail future months,History + calendar,Ridge,
Rochester Hollow,2024-07-01,229,179.08916162489336,Known-trail future months,History + calendar,Ridge,
Seager,2024-07-01,78,79.24027838156765,Known-trail future months,History + calendar,Ridge,
Slide Mt,2024-07-01,868,705.0482776289675,Known-trail future months,History + calendar,Ridge,
Woodchuck Hollow,2024-07-01,5,6.481167199442739,Known-trail future months,History + calendar,Ridge,
Woodland Valley,2024-07-01,12,115.09992451718405,Known-trail future months,History + calendar,Ridge,
Alder Lake,2024-08-01,303,183.23791734959534,Known-trail future months,History + calendar,Ridge,
Beaverkill Road to BLM FT,2024-08-01,196,187.45610591590702,Known-trail future months,History + calendar,Ridge,
Cathedral Glen,2024-08-01,32,17.469427971655694,Known-trail future months,History + calendar,Ridge,
Denning,2024-08-01,270,275.9538657986424,Known-trail future months,History + calendar,Ridge,
Dry Brook Ridge to Lean-to,2024-08-01,33,36.89236071959138,Known-trail future months,History + calendar,Ridge,
Flynn,2024-08-01,25,54.179147033842824,Known-trail future months,History + calendar,Ridge,
Fox Hollow,2024-08-01,114,99.88648557007618,Known-trail future months,History + calendar,Ridge,
Frick Pond,2024-08-01,192,143.4919877196282,Known-trail future months,History + calendar,Ridge,
Hardenburgh- MH Trail,2024-08-01,9,14.367341579610214,Known-trail future months,History + calendar,Ridge,
Kelly Hollow,2024-08-01,248,216.8215120653684,Known-trail future months,History + calendar,Ridge,
Lane Street,2024-08-01,56,63.46994140771776,Known-trail future months,History + calendar,Ridge,
Millbrook to BLM FT,2024-08-01,392,381.8637740835461,Known-trail future months,History + calendar,Ridge,
Mt Tremper,2024-08-01,587,215.661915479141,Known-trail future months,History + calendar,Ridge,
Neversink Hardenburgh Trail,2024-08-01,11,20.240740148984045,Known-trail future months,History + calendar,Ridge,
Rider Hollow,2024-08-01,150,170.708651079063,Known-trail future months,History + calendar,Ridge,
Rochester Hollow,2024-08-01,261,171.4769619346754,Known-trail future months,History + calendar,Ridge,
Seager,2024-08-01,63,74.43860024148498,Known-trail future months,History + calendar,Ridge,
Slide Mt,2024-08-01,1077,725.6379914094705,Known-trail future months,History + calendar,Ridge,
Woodchuck Hollow,2024-08-01,2,6.0096548401370145,Known-trail future months,History + calendar,Ridge,
Woodland Valley,2024-08-01,9,100.00921980392935,Known-trail future months,History + calendar,Ridge,
Alder Lake,2024-09-01,229,144.4168467900886,Known-trail future months,History + calendar,Ridge,
Ashokan HP,2024-09-01,127,137.31442716188724,Known-trail future months,History + calendar,Ridge,
Beaverkill Road to BLM FT,2024-09-01,203,154.28134831652443,Known-trail future months,History + calendar,Ridge,
Cathedral Glen,2024-09-01,6,14.315001067210815,Known-trail future months,History + calendar,Ridge,
Denning,2024-09-01,243,222.44298028064895,Known-trail future months,History + calendar,Ridge,
Dry Brook Ridge to Lean-to,2024-09-01,14,29.834809015282556,Known-trail future months,History + calendar,Ridge,
Flynn,2024-09-01,71,41.80149835796249,Known-trail future months,History + calendar,Ridge,
Fox Hollow,2024-09-01,36,81.9379405209379,Known-trail future months,History + calendar,Ridge,
Frick Pond,2024-09-01,200,109.14863395104211,Known-trail future months,History + calendar,Ridge,
Giant Ledge,2024-09-01,116,382.37831166032106,Known-trail future months,History + calendar,Ridge,
Hardenburgh- MH Trail,2024-09-01,13,11.520439100853764,Known-trail future months,History + calendar,Ridge,
Kelly Hollow,2024-09-01,125,169.26286850694294,Known-trail future months,History + calendar,Ridge,
Lane Street,2024-09-01,39,51.47657041718627,Known-trail future months,History + calendar,Ridge,
Millbrook to BLM FT,2024-09-01,347,311.6838981723299,Known-trail future months,History + calendar,Ridge,
Neversink Hardenburgh Trail,2024-09-01,17,16.065863474363642,Known-trail future months,History + calendar,Ridge,
Overlook,2024-09-01,717,1216.714197311601,Known-trail future months,History + calendar,Ridge,
Rider Hollow,2024-09-01,91,138.75732044083233,Known-trail future months,History + calendar,Ridge,
Rochester Hollow,2024-09-01,131,139.95866062053614,Known-trail future months,History + calendar,Ridge,
Slide Mt,2024-09-01,783,683.3336419796134,Known-trail future months,History + calendar,Ridge,
Wittenberg,2024-09-01,414,357.4711819981464,Known-trail future months,History + calendar,Ridge,
Woodchuck Hollow,2024-09-01,4,4.72015640674095,Known-trail future months,History + calendar,Ridge,
Woodland Valley,2024-09-01,35,79.35883144313539,Known-trail future months,History + calendar,Ridge,
Alder Lake,2024-10-01,17,105.37790579191477,Known-trail future months,History + calendar,Ridge,
Ashokan HP,2024-10-01,260,102.40239517805728,Known-trail future months,History + calendar,Ridge,
Beaverkill Road to BLM FT,2024-10-01,12,122.02973966742074,Known-trail future months,History + calendar,Ridge,
Denning,2024-10-01,306,167.27302270547975,Known-trail future months,History + calendar,Ridge,
Flynn,2024-10-01,1,32.21762494459565,Known-trail future months,History + calendar,Ridge,
Frick Pond,2024-10-01,6,86.03920065498868,Known-trail future months,History + calendar,Ridge,
Giant Ledge,2024-10-01,1383,396.776481468231,Known-trail future months,History + calendar,Ridge,
Millbrook to BLM FT,2024-10-01,462,246.4690610600496,Known-trail future months,History + calendar,Ridge,
Neversink Hardenburgh Trail,2024-10-01,31,11.91447674620826,Known-trail future months,History + calendar,Ridge,
Overlook,2024-10-01,1143,843.492396521057,Known-trail future months,History + calendar,Ridge,
Slide Mt,2024-10-01,757,533.00027398652,Known-trail future months,History + calendar,Ridge,
Wittenberg,2024-10-01,638,291.11964853020686,Known-trail future months,History + calendar,Ridge,
Woodchuck Hollow,2024-10-01,4,3.3113858211145955,Known-trail future months,History + calendar,Ridge,
Woodland Valley,2024-10-01,182,59.615408174300676,Known-trail future months,History + calendar,Ridge,
Ashokan HP,2024-11-01,63,77.73321505700716,Known-trail future months,History + calendar,Ridge,
Denning,2024-11-01,76,123.22892175454994,Known-trail future months,History + calendar,Ridge,
Giant Ledge,2024-11-01,404,322.9197948693524,Known-trail future months,History + calendar,Ridge,
Millbrook to BLM FT,2024-11-01,251,177.50869838934142,Known-trail future months,History + calendar,Ridge,
Overlook,2024-11-01,843,670.3376566222291,Known-trail future months,History + calendar,Ridge,
Wittenberg,2024-11-01,289,204.84816867527059,Known-trail future months,History + calendar,Ridge,
Woodchuck Hollow,2024-11-01,4,2.232301057375797,Known-trail future months,History + calendar,Ridge,
Woodland Valley,2024-11-01,88,44.71499468668802,Known-trail future months,History + calendar,Ridge,
Ashokan HP,2024-12-01,53,57.200160137980134,Known-trail future months,History + calendar,Ridge,
Giant Ledge,2024-12-01,235,167.20289250255885,Known-trail future months,History + calendar,Ridge,
Millbrook to BLM FT,2024-12-01,133,128.5999013413488,Known-trail future months,History + calendar,Ridge,
Overlook,2024-12-01,291,456.79732661486486,Known-trail future months,History + calendar,Ridge,
Wittenberg,2024-12-01,115,137.0247276852585,Known-trail future months,History + calendar,Ridge,
Woodland Valley,2024-12-01,25,34.65861873261415,Known-trail future months,History + calendar,Ridge,
Ashokan HP,2025-01-01,35,50.66241830812093,Known-trail future months,History + calendar,Ridge,
Giant Ledge,2025-01-01,268,138.48985247302653,Known-trail future months,History + calendar,Ridge,
Millbrook to BLM FT,2025-01-01,143,111.51621883383754,Known-trail future months,History + calendar,Ridge,
Overlook,2025-01-01,358,331.6152199326892,Known-trail future months,History + calendar,Ridge,
Wittenberg,2025-01-01,103,112.09659134107447,Known-trail future months,History + calendar,Ridge,
Woodland Valley,2025-01-01,15,29.750771870294553,Known-trail future months,History + calendar,Ridge,
Ashokan HP,2025-02-01,27,53.43763769944309,Known-trail future months,History + calendar,Ridge,
Giant Ledge,2025-02-01,184,137.1592830202572,Known-trail future months,History + calendar,Ridge,
Millbrook to BLM FT,2025-02-01,139,118.94830060687642,Known-trail future months,History + calendar,Ridge,
Overlook,2025-02-01,182,366.31012053446176,Known-trail future months,History + calendar,Ridge,
Wittenberg,2025-02-01,55,111.54884419267867,Known-trail future months,History + calendar,Ridge,
Woodland Valley,2025-02-01,30,31.76405221715424,Known-trail future months,History + calendar,Ridge,
Ashokan HP,2025-03-01,83,65.02306837254244,Known-trail future months,History + calendar,Ridge,
Giant Ledge,2025-03-01,371,162.724947167471,Known-trail future months,History + calendar,Ridge,
Millbrook to BLM FT,2025-03-01,131,142.70732442342313,Known-trail future months,History + calendar,Ridge,
Overlook,2025-03-01,426,416.83642929601723,Known-trail future months,History + calendar,Ridge,
Wittenberg,2025-03-01,126,134.19076311061335,Known-trail future months,History + calendar,Ridge,
Woodland Valley,2025-03-01,41,39.20755050517272,Known-trail future months,History + calendar,Ridge,
Ashokan HP,2025-04-01,89,90.41879542895009,Known-trail future months,History + calendar,Ridge,
Giant Ledge,2025-04-01,341,222.23522113296008,Known-trail future months,History + calendar,Ridge,
Millbrook to BLM FT,2025-04-01,173,188.41955013526126,Known-trail future months,History + calendar,Ridge,
Overlook,2025-04-01,576,714.376250512779,Known-trail future months,History + calendar,Ridge,
Wittenberg,2025-04-01,47,184.9290797150183,Known-trail future months,History + calendar,Ridge,
Woodland Valley,2025-04-01,47,53.71979751144377,Known-trail future months,History + calendar,Ridge,
Ashokan HP,2025-05-01,72,124.46318993980705,Known-trail future months,History + calendar,Ridge,
Giant Ledge,2025-05-01,403,330.1674056572864,Known-trail future months,History + calendar,Ridge,
Millbrook to BLM FT,2025-05-01,277,265.21043546577425,Known-trail future months,History + calendar,Ridge,
Overlook,2025-05-01,828,1099.259408607545,Known-trail future months,History + calendar,Ridge,
Wittenberg,2025-05-01,477,273.0925233618398,Known-trail future months,History + calendar,Ridge,
Woodland Valley,2025-05-01,13,74.54879348149743,Known-trail future months,History + calendar,Ridge,
Ashokan HP,2025-06-01,160,149.72951527876418,Known-trail future months,History + calendar,Ridge,
Giant Ledge,2025-06-01,629,401.6312741781163,Known-trail future months,History + calendar,Ridge,
Millbrook to BLM FT,2025-06-01,231,350.58096769553936,Known-trail future months,History + calendar,Ridge,
Overlook,2025-06-01,854,1493.2267583593198,Known-trail future months,History + calendar,Ridge,
Wittenberg,2025-06-01,532,399.1414120353114,Known-trail future months,History + calendar,Ridge,
Ashokan HP,2025-07-01,260,175.31546785146966,Known-trail future months,History + calendar,Ridge,
Giant Ledge,2025-07-01,400,550.2289117394188,Known-trail future months,History + calendar,Ridge,
Millbrook to BLM FT,2025-07-01,340,388.4682351889969,Known-trail future months,History + calendar,Ridge,
Overlook,2025-07-01,1038,1745.4206470586212,Known-trail future months,History + calendar,Ridge,
Wittenberg,2025-07-01,587,463.2947602310516,Known-trail future months,History + calendar,Ridge,
Ashokan HP,2025-08-01,173,167.67053533408557,Known-trail future months,History + calendar,Ridge,
Millbrook to BLM FT,2025-08-01,354,378.4249163809046,Known-trail future months,History + calendar,Ridge,
Overlook,2025-08-01,698,1687.7551080583419,Known-trail future months,History + calendar,Ridge,
Wittenberg,2025-08-01,751,434.3975854284184,Known-trail future months,History + calendar,Ridge,
Ashokan HP,2025-09-01,101,131.79945453694376,Known-trail future months,History + calendar,Ridge,
Millbrook to BLM FT,2025-09-01,14,304.626686486704,Known-trail future months,History + calendar,Ridge,
Overlook,2025-09-01,27,1061.711215668761,Known-trail future months,History + calendar,Ridge,
Wittenberg,2025-09-01,506,407.1470439364652,Known-trail future months,History + calendar,Ridge,
Ashokan HP,2025-10-01,117,96.94864475230614,Known-trail future months,History + calendar,Ridge,
Overlook,2025-10-01,4,595.9728699101535,Known-trail future months,History + calendar,Ridge,
Wittenberg,2025-10-01,589,305.89796322158054,Known-trail future months,History + calendar,Ridge,
Peekamoose,2022-12-01,58,79.459874309262,Known-trail future months,History + calendar,Random Forest,
Biscuit Brook,2023-01-01,47,72.20941639662165,Known-trail future months,History + calendar,Random Forest,
Peekamoose,2023-01-01,139,59.32639461473666,Known-trail future months,History + calendar,Random Forest,
Bangle Hill,2023-02-01,18,2.307800886486992,Known-trail future months,History + calendar,Random Forest,
Biscuit Brook,2023-02-01,68,60.71754306424436,Known-trail future months,History + calendar,Random Forest,
Peekamoose,2023-02-01,90,101.10132699868872,Known-trail future months,History + calendar,Random Forest,
Bangle Hill,2023-03-01,5,2.387148483978339,Known-trail future months,History + calendar,Random Forest,
Biscuit Brook,2023-03-01,59,79.90425479582181,Known-trail future months,History + calendar,Random Forest,
Peekamoose,2023-03-01,63,82.13044854127574,Known-trail future months,History + calendar,Random Forest,
Bangle Hill,2023-04-01,11,6.941459838970047,Known-trail future months,History + calendar,Random Forest,
Biscuit Brook,2023-04-01,74,114.50667299082463,Known-trail future months,History + calendar,Random Forest,
Peekamoose,2023-04-01,92,132.4709874002356,Known-trail future months,History + calendar,Random Forest,
Bangle Hill,2023-05-01,5,12.589691754913042,Known-trail future months,History + calendar,Random Forest,
Biscuit Brook,2023-05-01,157,119.83600713940716,Known-trail future months,History + calendar,Random Forest,
Peekamoose,2023-05-01,234,129.73215121616502,Known-trail future months,History + calendar,Random Forest,
Slide Mt,2023-05-01,691,473.64296346360896,Known-trail future months,History + calendar,Random Forest,
Upper Cherrytown Road,2023-05-01,136,203.02724636010825,Known-trail future months,History + calendar,Random Forest,
Biscuit Brook,2023-06-01,121,142.48067085275224,Known-trail future months,History + calendar,Random Forest,
Peekamoose,2023-06-01,49,192.05734463642347,Known-trail future months,History + calendar,Random Forest,
Slide Mt,2023-06-01,587,652.9564439827665,Known-trail future months,History + calendar,Random Forest,
Upper Cherrytown Road,2023-06-01,143,186.68345418896695,Known-trail future months,History + calendar,Random Forest,
Biscuit Brook,2023-07-01,144,142.74803271208572,Known-trail future months,History + calendar,Random Forest,
McKenley Hollow,2023-07-01,103,99.90377833063943,Known-trail future months,History + calendar,Random Forest,
Red Hill Dinch Road,2023-07-01,291,249.20683632873917,Known-trail future months,History + calendar,Random Forest,
Slide Mt,2023-07-01,794,718.6373451681438,Known-trail future months,History + calendar,Random Forest,
Upper Cherrytown Road,2023-07-01,329,286.83431601085226,Known-trail future months,History + calendar,Random Forest,
Biscuit Brook,2023-08-01,98,114.4282938290755,Known-trail future months,History + calendar,Random Forest,
McKenley Hollow,2023-08-01,116,96.7289514764163,Known-trail future months,History + calendar,Random Forest,
Onteora Lake,2023-08-01,284,433.78197859434283,Known-trail future months,History + calendar,Random Forest,
Red Hill Dinch Road,2023-08-01,238,281.8676391021219,Known-trail future months,History + calendar,Random Forest,
Slide Mt,2023-08-01,606,740.8189023648354,Known-trail future months,History + calendar,Random Forest,
Upper Cherrytown Road,2023-08-01,197,230.13372088549028,Known-trail future months,History + calendar,Random Forest,
McKenley Hollow,2023-09-01,119,88.26983748361486,Known-trail future months,History + calendar,Random Forest,
Onteora Lake,2023-09-01,311,226.35633151317532,Known-trail future months,History + calendar,Random Forest,
Red Hill Dinch Road,2023-09-01,172,204.8442607780121,Known-trail future months,History + calendar,Random Forest,
Upper Cherrytown Road,2023-09-01,2,163.76440645915275,Known-trail future months,History + calendar,Random Forest,
McKenley Hollow,2023-10-01,119,106.09732449159007,Known-trail future months,History + calendar,Random Forest,
Onteora Lake,2023-10-01,418,282.42058678408176,Known-trail future months,History + calendar,Random Forest,
Red Hill Dinch Road,2023-10-01,158,237.88473648295383,Known-trail future months,History + calendar,Random Forest,
Seager,2023-10-01,41,49.8887023701972,Known-trail future months,History + calendar,Random Forest,
Upper Cherrytown Road,2023-10-01,16,83.26361181995077,Known-trail future months,History + calendar,Random Forest,
Dry Brook Ridge to Lean-to,2023-11-01,25,14.068617948399837,Known-trail future months,History + calendar,Random Forest,
Fox Hollow,2023-11-01,75,71.77946693354333,Known-trail future months,History + calendar,Random Forest,
Hardenburgh- MH Trail,2023-11-01,4,4.961339239709334,Known-trail future months,History + calendar,Random Forest,
Kelly Hollow,2023-11-01,154,116.76633549951887,Known-trail future months,History + calendar,Random Forest,
Lane Street,2023-11-01,57,30.161592717287515,Known-trail future months,History + calendar,Random Forest,
McKenley Hollow,2023-11-01,102,74.14425157579907,Known-trail future months,History + calendar,Random Forest,
Onteora Lake,2023-11-01,246,208.98073518909015,Known-trail future months,History + calendar,Random Forest,
Red Hill Dinch Road,2023-11-01,123,84.24371240085401,Known-trail future months,History + calendar,Random Forest,
Rochester Hollow,2023-11-01,150,133.74837477341293,Known-trail future months,History + calendar,Random Forest,
Seager,2023-11-01,38,23.81525882131001,Known-trail future months,History + calendar,Random Forest,
Upper Cherrytown Road,2023-11-01,1,47.49308144335906,Known-trail future months,History + calendar,Random Forest,
Alder Lake,2023-12-01,45,60.25571393349167,Known-trail future months,History + calendar,Random Forest,
Beaverkill Road to BLM FT,2023-12-01,84,75.38616309853019,Known-trail future months,History + calendar,Random Forest,
Dry Brook Ridge to Lean-to,2023-12-01,12,9.316533991138076,Known-trail future months,History + calendar,Random Forest,
Flynn,2023-12-01,8,13.281016394257131,Known-trail future months,History + calendar,Random Forest,
Fox Hollow,2023-12-01,59,45.09543957997412,Known-trail future months,History + calendar,Random Forest,
Frick Pond,2023-12-01,59,58.06283298662793,Known-trail future months,History + calendar,Random Forest,
Hardenburgh- MH Trail,2023-12-01,0,4.700343364678396,Known-trail future months,History + calendar,Random Forest,
Kelly Hollow,2023-12-01,112,87.00979274893176,Known-trail future months,History + calendar,Random Forest,
Lane Street,2023-12-01,24,26.282503518810028,Known-trail future months,History + calendar,Random Forest,
McKenley Hollow,2023-12-01,97,60.12525853008496,Known-trail future months,History + calendar,Random Forest,
Mt Tremper,2023-12-01,176,148.945606233234,Known-trail future months,History + calendar,Random Forest,
Neversink Hardenburgh Trail,2023-12-01,10,5.8972194305495655,Known-trail future months,History + calendar,Random Forest,
Onteora Lake,2023-12-01,216,148.86609537007925,Known-trail future months,History + calendar,Random Forest,
Red Hill Dinch Road,2023-12-01,97,80.14407698075689,Known-trail future months,History + calendar,Random Forest,
Rider Hollow,2023-12-01,128,109.59699793053241,Known-trail future months,History + calendar,Random Forest,
Rochester Hollow,2023-12-01,125,83.09808332048783,Known-trail future months,History + calendar,Random Forest,
Seager,2023-12-01,22,16.516701846163187,Known-trail future months,History + calendar,Random Forest,
Upper Cherrytown Road,2023-12-01,7,21.03529923777185,Known-trail future months,History + calendar,Random Forest,
Alder Lake,2024-01-01,33,46.71054182199129,Known-trail future months,History + calendar,Random Forest,
Beaverkill Road to BLM FT,2024-01-01,33,73.67722084726994,Known-trail future months,History + calendar,Random Forest,
Cathedral Glen,2024-01-01,6,5.8432394748452525,Known-trail future months,History + calendar,Random Forest,
Denning,2024-01-01,59,83.74696187212388,Known-trail future months,History + calendar,Random Forest,
Dry Brook Ridge to Lean-to,2024-01-01,11,12.08281959684169,Known-trail future months,History + calendar,Random Forest,
Flynn,2024-01-01,12,17.302471817610655,Known-trail future months,History + calendar,Random Forest,
Fox Hollow,2024-01-01,20,46.71429542143585,Known-trail future months,History + calendar,Random Forest,
Frick Pond,2024-01-01,53,55.807660545787286,Known-trail future months,History + calendar,Random Forest,
Hardenburgh- MH Trail,2024-01-01,2,3.065939209145192,Known-trail future months,History + calendar,Random Forest,
Kelly Hollow,2024-01-01,44,81.95593177201009,Known-trail future months,History + calendar,Random Forest,
Lane Street,2024-01-01,13,20.26635516231026,Known-trail future months,History + calendar,Random Forest,
McKenley Hollow,2024-01-01,20,77.52171509861894,Known-trail future months,History + calendar,Random Forest,
Mt Tremper,2024-01-01,107,106.77177592118765,Known-trail future months,History + calendar,Random Forest,
Neversink Hardenburgh Trail,2024-01-01,0,2.5030683864575933,Known-trail future months,History + calendar,Random Forest,
Red Hill Dinch Road,2024-01-01,79,77.26485385036115,Known-trail future months,History + calendar,Random Forest,
Rider Hollow,2024-01-01,118,143.36175878826813,Known-trail future months,History + calendar,Random Forest,
Rochester Hollow,2024-01-01,51,87.54914557861137,Known-trail future months,History + calendar,Random Forest,
Seager,2024-01-01,24,17.16815395232704,Known-trail future months,History + calendar,Random Forest,
Alder Lake,2024-02-01,55,31.687556127658613,Known-trail future months,History + calendar,Random Forest,
Beaverkill Road to BLM FT,2024-02-01,81,59.632857207420756,Known-trail future months,History + calendar,Random Forest,
Cathedral Glen,2024-02-01,11,6.390440204605237,Known-trail future months,History + calendar,Random Forest,
Denning,2024-02-01,111,81.97601520688733,Known-trail future months,History + calendar,Random Forest,
Dry Brook Ridge to Lean-to,2024-02-01,22,12.972085127125984,Known-trail future months,History + calendar,Random Forest,
Flynn,2024-02-01,13,12.317934052218735,Known-trail future months,History + calendar,Random Forest,
Fox Hollow,2024-02-01,67,28.8312756434704,Known-trail future months,History + calendar,Random Forest,
Frick Pond,2024-02-01,35,58.010735476483646,Known-trail future months,History + calendar,Random Forest,
Hardenburgh- MH Trail,2024-02-01,17,2.6541753666249908,Known-trail future months,History + calendar,Random Forest,
Kelly Hollow,2024-02-01,70,76.9766407263059,Known-trail future months,History + calendar,Random Forest,
Lane Street,2024-02-01,27,19.536646988710384,Known-trail future months,History + calendar,Random Forest,
McKenley Hollow,2024-02-01,3,50.71511647644617,Known-trail future months,History + calendar,Random Forest,
Mt Tremper,2024-02-01,103,163.30610825069888,Known-trail future months,History + calendar,Random Forest,
Neversink Hardenburgh Trail,2024-02-01,1,1.582846818171403,Known-trail future months,History + calendar,Random Forest,
Red Hill Dinch Road,2024-02-01,100,81.0485023614748,Known-trail future months,History + calendar,Random Forest,
Rider Hollow,2024-02-01,189,137.1977345617476,Known-trail future months,History + calendar,Random Forest,
Rochester Hollow,2024-02-01,89,77.36123113774609,Known-trail future months,History + calendar,Random Forest,
Seager,2024-02-01,31,21.73119130483196,Known-trail future months,History + calendar,Random Forest,
Alder Lake,2024-03-01,63,52.76586311716419,Known-trail future months,History + calendar,Random Forest,
Beaverkill Road to BLM FT,2024-03-01,82,58.6391569738613,Known-trail future months,History + calendar,Random Forest,
Cathedral Glen,2024-03-01,10,2.928258431946374,Known-trail future months,History + calendar,Random Forest,
Denning,2024-03-01,204,86.99010185219186,Known-trail future months,History + calendar,Random Forest,
Dry Brook Ridge to Lean-to,2024-03-01,10,11.95370839332038,Known-trail future months,History + calendar,Random Forest,
Flynn,2024-03-01,12,13.774311033323789,Known-trail future months,History + calendar,Random Forest,
Fox Hollow,2024-03-01,40,53.41078002230467,Known-trail future months,History + calendar,Random Forest,
Frick Pond,2024-03-01,45,47.5015187214349,Known-trail future months,History + calendar,Random Forest,
Hardenburgh- MH Trail,2024-03-01,4,3.1981325573256227,Known-trail future months,History + calendar,Random Forest,
Kelly Hollow,2024-03-01,96,84.09422369315396,Known-trail future months,History + calendar,Random Forest,
Lane Street,2024-03-01,28,18.7906593700628,Known-trail future months,History + calendar,Random Forest,
McKenley Hollow,2024-03-01,7,38.16492320991786,Known-trail future months,History + calendar,Random Forest,
Mt Tremper,2024-03-01,123,110.09766746668589,Known-trail future months,History + calendar,Random Forest,
Neversink Hardenburgh Trail,2024-03-01,4,1.4064180335529035,Known-trail future months,History + calendar,Random Forest,
Red Hill Dinch Road,2024-03-01,21,87.51229496726243,Known-trail future months,History + calendar,Random Forest,
Rider Hollow,2024-03-01,166,139.59602392865898,Known-trail future months,History + calendar,Random Forest,
Rochester Hollow,2024-03-01,117,87.7831501712242,Known-trail future months,History + calendar,Random Forest,
Seager,2024-03-01,15,21.711532317535962,Known-trail future months,History + calendar,Random Forest,
Woodchuck Hollow,2024-03-01,1,2.6968976056228957,Known-trail future months,History + calendar,Random Forest,
Alder Lake,2024-04-01,127,121.28896032390959,Known-trail future months,History + calendar,Random Forest,
Beaverkill Road to BLM FT,2024-04-01,110,119.52716231237146,Known-trail future months,History + calendar,Random Forest,
Cathedral Glen,2024-04-01,21,7.603277841981821,Known-trail future months,History + calendar,Random Forest,
Denning,2024-04-01,233,157.86192577086743,Known-trail future months,History + calendar,Random Forest,
Dry Brook Ridge to Lean-to,2024-04-01,13,18.742939707196182,Known-trail future months,History + calendar,Random Forest,
Flynn,2024-04-01,18,21.553925569345555,Known-trail future months,History + calendar,Random Forest,
Fox Hollow,2024-04-01,48,60.8562877659493,Known-trail future months,History + calendar,Random Forest,
Frick Pond,2024-04-01,70,60.568705661464584,Known-trail future months,History + calendar,Random Forest,
Hardenburgh- MH Trail,2024-04-01,1,4.969215178875875,Known-trail future months,History + calendar,Random Forest,
Kelly Hollow,2024-04-01,127,140.7876390139705,Known-trail future months,History + calendar,Random Forest,
Lane Street,2024-04-01,36,34.00714214843335,Known-trail future months,History + calendar,Random Forest,
Mt Tremper,2024-04-01,64,201.97076992102703,Known-trail future months,History + calendar,Random Forest,
Neversink Hardenburgh Trail,2024-04-01,4,8.288824882163814,Known-trail future months,History + calendar,Random Forest,
Rider Hollow,2024-04-01,103,114.10443487190781,Known-trail future months,History + calendar,Random Forest,
Rochester Hollow,2024-04-01,99,143.78093963997102,Known-trail future months,History + calendar,Random Forest,
Seager,2024-04-01,40,34.93033856516855,Known-trail future months,History + calendar,Random Forest,
Alder Lake,2024-05-01,147,169.16327228366777,Known-trail future months,History + calendar,Random Forest,
Beaverkill Road to BLM FT,2024-05-01,189,156.50143286113024,Known-trail future months,History + calendar,Random Forest,
Cathedral Glen,2024-05-01,19,12.045305014820658,Known-trail future months,History + calendar,Random Forest,
Denning,2024-05-01,260,291.72663365686947,Known-trail future months,History + calendar,Random Forest,
Dry Brook Ridge to Lean-to,2024-05-01,17,24.187420583847643,Known-trail future months,History + calendar,Random Forest,
Flynn,2024-05-01,24,46.173881362966554,Known-trail future months,History + calendar,Random Forest,
Fox Hollow,2024-05-01,71,71.53231568633257,Known-trail future months,History + calendar,Random Forest,
Frick Pond,2024-05-01,125,110.11522720882476,Known-trail future months,History + calendar,Random Forest,
Hardenburgh- MH Trail,2024-05-01,23,6.6668340462769375,Known-trail future months,History + calendar,Random Forest,
Kelly Hollow,2024-05-01,182,164.28854675702257,Known-trail future months,History + calendar,Random Forest,
Lane Street,2024-05-01,54,55.68280908794312,Known-trail future months,History + calendar,Random Forest,
Mt Tremper,2024-05-01,19,203.71826312735007,Known-trail future months,History + calendar,Random Forest,
Neversink Hardenburgh Trail,2024-05-01,34,12.314559481719181,Known-trail future months,History + calendar,Random Forest,
Rider Hollow,2024-05-01,98,168.0029740440553,Known-trail future months,History + calendar,Random Forest,
Rochester Hollow,2024-05-01,182,134.53524237594684,Known-trail future months,History + calendar,Random Forest,
Seager,2024-05-01,53,58.65601942360855,Known-trail future months,History + calendar,Random Forest,
Woodchuck Hollow,2024-05-01,1,3.6748428337396573,Known-trail future months,History + calendar,Random Forest,
Woodland Valley,2024-05-01,99,82.9215293991141,Known-trail future months,History + calendar,Random Forest,
Alder Lake,2024-06-01,168,191.02733998405753,Known-trail future months,History + calendar,Random Forest,
Beaverkill Road to BLM FT,2024-06-01,190,191.59923328557105,Known-trail future months,History + calendar,Random Forest,
Cathedral Glen,2024-06-01,30,11.32729486840502,Known-trail future months,History + calendar,Random Forest,
Denning,2024-06-01,281,306.3997583314307,Known-trail future months,History + calendar,Random Forest,
Dry Brook Ridge to Lean-to,2024-06-01,20,22.431294955127715,Known-trail future months,History + calendar,Random Forest,
Flynn,2024-06-01,30,47.48907975596328,Known-trail future months,History + calendar,Random Forest,
Fox Hollow,2024-06-01,64,81.09561039798717,Known-trail future months,History + calendar,Random Forest,
Frick Pond,2024-06-01,131,155.62637870429657,Known-trail future months,History + calendar,Random Forest,
Hardenburgh- MH Trail,2024-06-01,17,6.285387318649903,Known-trail future months,History + calendar,Random Forest,
Kelly Hollow,2024-06-01,156,172.6132915169379,Known-trail future months,History + calendar,Random Forest,
Lane Street,2024-06-01,71,53.424459437078326,Known-trail future months,History + calendar,Random Forest,
Mt Tremper,2024-06-01,22,116.54870414739787,Known-trail future months,History + calendar,Random Forest,
Neversink Hardenburgh Trail,2024-06-01,13,16.18065833663464,Known-trail future months,History + calendar,Random Forest,
Rider Hollow,2024-06-01,93,124.49696827809989,Known-trail future months,History + calendar,Random Forest,
Rochester Hollow,2024-06-01,113,156.09391907898717,Known-trail future months,History + calendar,Random Forest,
Seager,2024-06-01,73,58.86628060201669,Known-trail future months,History + calendar,Random Forest,
Slide Mt,2024-06-01,593,706.3610892036556,Known-trail future months,History + calendar,Random Forest,
Woodland Valley,2024-06-01,70,112.71675989010937,Known-trail future months,History + calendar,Random Forest,
Alder Lake,2024-07-01,299,263.9069563271834,Known-trail future months,History + calendar,Random Forest,
Beaverkill Road to BLM FT,2024-07-01,193,195.51677835931625,Known-trail future months,History + calendar,Random Forest,
Cathedral Glen,2024-07-01,6,14.825385071580884,Known-trail future months,History + calendar,Random Forest,
Denning,2024-07-01,293,323.33138629536217,Known-trail future months,History + calendar,Random Forest,
Dry Brook Ridge to Lean-to,2024-07-01,46,24.486129646175083,Known-trail future months,History + calendar,Random Forest,
Flynn,2024-07-01,64,54.16335319848266,Known-trail future months,History + calendar,Random Forest,
Fox Hollow,2024-07-01,98,83.9797949176019,Known-trail future months,History + calendar,Random Forest,
Frick Pond,2024-07-01,209,176.62247525460324,Known-trail future months,History + calendar,Random Forest,
Giant Ledge,2024-07-01,150,499.1536085435241,Known-trail future months,History + calendar,Random Forest,
Hardenburgh- MH Trail,2024-07-01,16,9.495143240841363,Known-trail future months,History + calendar,Random Forest,
Kelly Hollow,2024-07-01,215,260.0453960943052,Known-trail future months,History + calendar,Random Forest,
Lane Street,2024-07-01,81,61.70077782935934,Known-trail future months,History + calendar,Random Forest,
Mt Tremper,2024-07-01,35,93.71696140062818,Known-trail future months,History + calendar,Random Forest,
Neversink Hardenburgh Trail,2024-07-01,21,20.462257179953884,Known-trail future months,History + calendar,Random Forest,
Rider Hollow,2024-07-01,128,148.2939921041875,Known-trail future months,History + calendar,Random Forest,
Rochester Hollow,2024-07-01,229,191.8122727282886,Known-trail future months,History + calendar,Random Forest,
Seager,2024-07-01,78,84.9599137013797,Known-trail future months,History + calendar,Random Forest,
Slide Mt,2024-07-01,868,716.9585314383155,Known-trail future months,History + calendar,Random Forest,
Woodchuck Hollow,2024-07-01,5,3.6428621451830856,Known-trail future months,History + calendar,Random Forest,
Woodland Valley,2024-07-01,12,123.2270195345022,Known-trail future months,History + calendar,Random Forest,
Alder Lake,2024-08-01,303,252.13066562300003,Known-trail future months,History + calendar,Random Forest,
Beaverkill Road to BLM FT,2024-08-01,196,213.22254580839808,Known-trail future months,History + calendar,Random Forest,
Cathedral Glen,2024-08-01,32,13.254846569463316,Known-trail future months,History + calendar,Random Forest,
Denning,2024-08-01,270,305.22368240891205,Known-trail future months,History + calendar,Random Forest,
Dry Brook Ridge to Lean-to,2024-08-01,33,27.47521208741765,Known-trail future months,History + calendar,Random Forest,
Flynn,2024-08-01,25,65.56538516197278,Known-trail future months,History + calendar,Random Forest,
Fox Hollow,2024-08-01,114,99.8248289145674,Known-trail future months,History + calendar,Random Forest,
Frick Pond,2024-08-01,192,179.01531802424964,Known-trail future months,History + calendar,Random Forest,
Hardenburgh- MH Trail,2024-08-01,9,10.97502490664525,Known-trail future months,History + calendar,Random Forest,
Kelly Hollow,2024-08-01,248,253.0362270443757,Known-trail future months,History + calendar,Random Forest,
Lane Street,2024-08-01,56,67.04945551099726,Known-trail future months,History + calendar,Random Forest,
Millbrook to BLM FT,2024-08-01,392,356.5524942271025,Known-trail future months,History + calendar,Random Forest,
Mt Tremper,2024-08-01,587,95.35717624749459,Known-trail future months,History + calendar,Random Forest,
Neversink Hardenburgh Trail,2024-08-01,11,24.032422300169344,Known-trail future months,History + calendar,Random Forest,
Rider Hollow,2024-08-01,150,145.03531858607786,Known-trail future months,History + calendar,Random Forest,
Rochester Hollow,2024-08-01,261,201.31146866946318,Known-trail future months,History + calendar,Random Forest,
Seager,2024-08-01,63,90.36530185723824,Known-trail future months,History + calendar,Random Forest,
Slide Mt,2024-08-01,1077,720.2098023188296,Known-trail future months,History + calendar,Random Forest,
Woodchuck Hollow,2024-08-01,2,2.993909687045538,Known-trail future months,History + calendar,Random Forest,
Woodland Valley,2024-08-01,9,68.70430676505961,Known-trail future months,History + calendar,Random Forest,
Alder Lake,2024-09-01,229,190.54861841081365,Known-trail future months,History + calendar,Random Forest,
Ashokan HP,2024-09-01,127,142.02342703500582,Known-trail future months,History + calendar,Random Forest,
Beaverkill Road to BLM FT,2024-09-01,203,164.835366500463,Known-trail future months,History + calendar,Random Forest,
Cathedral Glen,2024-09-01,6,12.12053935261697,Known-trail future months,History + calendar,Random Forest,
Denning,2024-09-01,243,232.51511990843034,Known-trail future months,History + calendar,Random Forest,
Dry Brook Ridge to Lean-to,2024-09-01,14,18.0743696313179,Known-trail future months,History + calendar,Random Forest,
Flynn,2024-09-01,71,24.81437254059131,Known-trail future months,History + calendar,Random Forest,
Fox Hollow,2024-09-01,36,92.62969277255725,Known-trail future months,History + calendar,Random Forest,
Frick Pond,2024-09-01,200,127.32359864957945,Known-trail future months,History + calendar,Random Forest,
Giant Ledge,2024-09-01,116,312.7311090209221,Known-trail future months,History + calendar,Random Forest,
Hardenburgh- MH Trail,2024-09-01,13,8.858386275778058,Known-trail future months,History + calendar,Random Forest,
Kelly Hollow,2024-09-01,125,172.4034403599198,Known-trail future months,History + calendar,Random Forest,
Lane Street,2024-09-01,39,54.03284071358991,Known-trail future months,History + calendar,Random Forest,
Millbrook to BLM FT,2024-09-01,347,305.7368603141488,Known-trail future months,History + calendar,Random Forest,
Neversink Hardenburgh Trail,2024-09-01,17,13.190217527145025,Known-trail future months,History + calendar,Random Forest,
Overlook,2024-09-01,717,802.5996839919426,Known-trail future months,History + calendar,Random Forest,
Rider Hollow,2024-09-01,91,128.19810458048443,Known-trail future months,History + calendar,Random Forest,
Rochester Hollow,2024-09-01,131,163.75854348914507,Known-trail future months,History + calendar,Random Forest,
Slide Mt,2024-09-01,783,730.5308838240766,Known-trail future months,History + calendar,Random Forest,
Wittenberg,2024-09-01,414,384.5464415721811,Known-trail future months,History + calendar,Random Forest,
Woodchuck Hollow,2024-09-01,4,2.4612945566704063,Known-trail future months,History + calendar,Random Forest,
Woodland Valley,2024-09-01,35,44.926100607507195,Known-trail future months,History + calendar,Random Forest,
Alder Lake,2024-10-01,17,261.2194301072711,Known-trail future months,History + calendar,Random Forest,
Ashokan HP,2024-10-01,260,140.99364259848753,Known-trail future months,History + calendar,Random Forest,
Beaverkill Road to BLM FT,2024-10-01,12,223.21974920519642,Known-trail future months,History + calendar,Random Forest,
Denning,2024-10-01,306,281.83306316196166,Known-trail future months,History + calendar,Random Forest,
Flynn,2024-10-01,1,42.95847540532516,Known-trail future months,History + calendar,Random Forest,
Frick Pond,2024-10-01,6,160.8393156633101,Known-trail future months,History + calendar,Random Forest,
Giant Ledge,2024-10-01,1383,269.06021908953375,Known-trail future months,History + calendar,Random Forest,
Millbrook to BLM FT,2024-10-01,462,342.49299590172717,Known-trail future months,History + calendar,Random Forest,
Neversink Hardenburgh Trail,2024-10-01,31,13.257833780152415,Known-trail future months,History + calendar,Random Forest,
Overlook,2024-10-01,1143,879.1726355585208,Known-trail future months,History + calendar,Random Forest,
Slide Mt,2024-10-01,757,831.9355928532779,Known-trail future months,History + calendar,Random Forest,
Wittenberg,2024-10-01,638,423.09617356786066,Known-trail future months,History + calendar,Random Forest,
Woodchuck Hollow,2024-10-01,4,2.8622771514550345,Known-trail future months,History + calendar,Random Forest,
Woodland Valley,2024-10-01,182,44.11577175727893,Known-trail future months,History + calendar,Random Forest,
Ashokan HP,2024-11-01,63,116.89733399833894,Known-trail future months,History + calendar,Random Forest,
Denning,2024-11-01,76,168.4918131875236,Known-trail future months,History + calendar,Random Forest,
Giant Ledge,2024-11-01,404,321.6816911255507,Known-trail future months,History + calendar,Random Forest,
Millbrook to BLM FT,2024-11-01,251,233.81602480186226,Known-trail future months,History + calendar,Random Forest,
Overlook,2024-11-01,843,388.9763605809211,Known-trail future months,History + calendar,Random Forest,
Wittenberg,2024-11-01,289,270.2660963741325,Known-trail future months,History + calendar,Random Forest,
Woodchuck Hollow,2024-11-01,4,3.1056963720559287,Known-trail future months,History + calendar,Random Forest,
Woodland Valley,2024-11-01,88,50.408159461422336,Known-trail future months,History + calendar,Random Forest,
Ashokan HP,2024-12-01,53,60.266750561752794,Known-trail future months,History + calendar,Random Forest,
Giant Ledge,2024-12-01,235,284.4155501387974,Known-trail future months,History + calendar,Random Forest,
Millbrook to BLM FT,2024-12-01,133,176.3551701710728,Known-trail future months,History + calendar,Random Forest,
Overlook,2024-12-01,291,388.67771833675033,Known-trail future months,History + calendar,Random Forest,
Wittenberg,2024-12-01,115,159.97260501265418,Known-trail future months,History + calendar,Random Forest,
Woodland Valley,2024-12-01,25,39.014672102164546,Known-trail future months,History + calendar,Random Forest,
Ashokan HP,2025-01-01,35,56.929157037120184,Known-trail future months,History + calendar,Random Forest,
Giant Ledge,2025-01-01,268,272.8253100339372,Known-trail future months,History + calendar,Random Forest,
Millbrook to BLM FT,2025-01-01,143,144.6974882939622,Known-trail future months,History + calendar,Random Forest,
Overlook,2025-01-01,358,265.3742468613484,Known-trail future months,History + calendar,Random Forest,
Wittenberg,2025-01-01,103,112.84857718352266,Known-trail future months,History + calendar,Random Forest,
Woodland Valley,2025-01-01,15,21.193793153399316,Known-trail future months,History + calendar,Random Forest,
Ashokan HP,2025-02-01,27,47.21869041501648,Known-trail future months,History + calendar,Random Forest,
Giant Ledge,2025-02-01,184,343.2894160878541,Known-trail future months,History + calendar,Random Forest,
Millbrook to BLM FT,2025-02-01,139,157.93853970437954,Known-trail future months,History + calendar,Random Forest,
Overlook,2025-02-01,182,361.2308990354969,Known-trail future months,History + calendar,Random Forest,
Wittenberg,2025-02-01,55,128.48212181849144,Known-trail future months,History + calendar,Random Forest,
Woodland Valley,2025-02-01,30,24.993536041912975,Known-trail future months,History + calendar,Random Forest,
Ashokan HP,2025-03-01,83,46.17553406229779,Known-trail future months,History + calendar,Random Forest,
Giant Ledge,2025-03-01,371,264.39053728999465,Known-trail future months,History + calendar,Random Forest,
Millbrook to BLM FT,2025-03-01,131,145.86115483382298,Known-trail future months,History + calendar,Random Forest,
Overlook,2025-03-01,426,305.5075494044725,Known-trail future months,History + calendar,Random Forest,
Wittenberg,2025-03-01,126,118.67759960516574,Known-trail future months,History + calendar,Random Forest,
Woodland Valley,2025-03-01,41,25.909512975060306,Known-trail future months,History + calendar,Random Forest,
Ashokan HP,2025-04-01,89,100.28361826760494,Known-trail future months,History + calendar,Random Forest,
Giant Ledge,2025-04-01,341,391.6243550916292,Known-trail future months,History + calendar,Random Forest,
Millbrook to BLM FT,2025-04-01,173,160.54244691741178,Known-trail future months,History + calendar,Random Forest,
Overlook,2025-04-01,576,496.2476772744939,Known-trail future months,History + calendar,Random Forest,
Wittenberg,2025-04-01,47,158.47854162733603,Known-trail future months,History + calendar,Random Forest,
Woodland Valley,2025-04-01,47,53.22138550752555,Known-trail future months,History + calendar,Random Forest,
Ashokan HP,2025-05-01,72,131.55405784182858,Known-trail future months,History + calendar,Random Forest,
Giant Ledge,2025-05-01,403,484.75194385032995,Known-trail future months,History + calendar,Random Forest,
Millbrook to BLM FT,2025-05-01,277,234.7604738170166,Known-trail future months,History + calendar,Random Forest,
Overlook,2025-05-01,828,716.8578086647295,Known-trail future months,History + calendar,Random Forest,
Wittenberg,2025-05-01,477,161.24293307671968,Known-trail future months,History + calendar,Random Forest,
Woodland Valley,2025-05-01,13,71.41587631725608,Known-trail future months,History + calendar,Random Forest,
Ashokan HP,2025-06-01,160,126.2427714737896,Known-trail future months,History + calendar,Random Forest,
Giant Ledge,2025-06-01,629,504.2887245517173,Known-trail future months,History + calendar,Random Forest,
Millbrook to BLM FT,2025-06-01,231,290.750383147267,Known-trail future months,History + calendar,Random Forest,
Overlook,2025-06-01,854,899.692076233768,Known-trail future months,History + calendar,Random Forest,
Wittenberg,2025-06-01,532,421.6189733915571,Known-trail future months,History + calendar,Random Forest,
Ashokan HP,2025-07-01,260,155.8551432104102,Known-trail future months,History + calendar,Random Forest,
Giant Ledge,2025-07-01,400,584.9781581805643,Known-trail future months,History + calendar,Random Forest,
Millbrook to BLM FT,2025-07-01,340,331.7658884440262,Known-trail future months,History + calendar,Random Forest,
Overlook,2025-07-01,1038,977.4679205447007,Known-trail future months,History + calendar,Random Forest,
Wittenberg,2025-07-01,587,488.461199828558,Known-trail future months,History + calendar,Random Forest,
Ashokan HP,2025-08-01,173,198.79468062827058,Known-trail future months,History + calendar,Random Forest,
Millbrook to BLM FT,2025-08-01,354,334.3357213124659,Known-trail future months,History + calendar,Random Forest,
Overlook,2025-08-01,698,959.4975315688636,Known-trail future months,History + calendar,Random Forest,
Wittenberg,2025-08-01,751,497.0174665200542,Known-trail future months,History + calendar,Random Forest,
Ashokan HP,2025-09-01,101,155.28832257767982,Known-trail future months,History + calendar,Random Forest,
Millbrook to BLM FT,2025-09-01,14,269.67450912289934,Known-trail future months,History + calendar,Random Forest,
Overlook,2025-09-01,27,779.7860323674848,Known-trail future months,History + calendar,Random Forest,
Wittenberg,2025-09-01,506,544.5656642155678,Known-trail future months,History + calendar,Random Forest,
Ashokan HP,2025-10-01,117,165.2674545458258,Known-trail future months,History + calendar,Random Forest,
Overlook,2025-10-01,4,133.06255583948118,Known-trail future months,History + calendar,Random Forest,
Wittenberg,2025-10-01,589,508.2029624650065,Known-trail future months,History + calendar,Random Forest,
Peekamoose,2022-12-01,58,72.02695452745635,Known-trail future months,History + calendar,HistGradientBoosting,
Biscuit Brook,2023-01-01,47,75.17196255981581,Known-trail future months,History + calendar,HistGradientBoosting,
Peekamoose,2023-01-01,139,60.55225624613609,Known-trail future months,History + calendar,HistGradientBoosting,
Bangle Hill,2023-02-01,18,3.5238211857758026,Known-trail future months,History + calendar,HistGradientBoosting,
Biscuit Brook,2023-02-01,68,68.73500762145612,Known-trail future months,History + calendar,HistGradientBoosting,
Peekamoose,2023-02-01,90,87.14547762979261,Known-trail future months,History + calendar,HistGradientBoosting,
Bangle Hill,2023-03-01,5,1.3058984646545795,Known-trail future months,History + calendar,HistGradientBoosting,
Biscuit Brook,2023-03-01,59,68.78565861445092,Known-trail future months,History + calendar,HistGradientBoosting,
Peekamoose,2023-03-01,63,82.30366985121262,Known-trail future months,History + calendar,HistGradientBoosting,
Bangle Hill,2023-04-01,11,7.3271736299691215,Known-trail future months,History + calendar,HistGradientBoosting,
Biscuit Brook,2023-04-01,74,112.2381862229969,Known-trail future months,History + calendar,HistGradientBoosting,
Peekamoose,2023-04-01,92,127.63959724732581,Known-trail future months,History + calendar,HistGradientBoosting,
Bangle Hill,2023-05-01,5,11.64126992457822,Known-trail future months,History + calendar,HistGradientBoosting,
Biscuit Brook,2023-05-01,157,146.76655898367503,Known-trail future months,History + calendar,HistGradientBoosting,
Peekamoose,2023-05-01,234,145.56700923555582,Known-trail future months,History + calendar,HistGradientBoosting,
Slide Mt,2023-05-01,691,553.1297447093025,Known-trail future months,History + calendar,HistGradientBoosting,
Upper Cherrytown Road,2023-05-01,136,239.07206209642325,Known-trail future months,History + calendar,HistGradientBoosting,
Biscuit Brook,2023-06-01,121,123.57956121888866,Known-trail future months,History + calendar,HistGradientBoosting,
Peekamoose,2023-06-01,49,155.72473245744115,Known-trail future months,History + calendar,HistGradientBoosting,
Slide Mt,2023-06-01,587,613.5626344973406,Known-trail future months,History + calendar,HistGradientBoosting,
Upper Cherrytown Road,2023-06-01,143,202.63506144064925,Known-trail future months,History + calendar,HistGradientBoosting,
Biscuit Brook,2023-07-01,144,157.21735566478716,Known-trail future months,History + calendar,HistGradientBoosting,
McKenley Hollow,2023-07-01,103,104.6457664780576,Known-trail future months,History + calendar,HistGradientBoosting,
Red Hill Dinch Road,2023-07-01,291,249.67764385526647,Known-trail future months,History + calendar,HistGradientBoosting,
Slide Mt,2023-07-01,794,743.2952969550595,Known-trail future months,History + calendar,HistGradientBoosting,
Upper Cherrytown Road,2023-07-01,329,248.29849050225314,Known-trail future months,History + calendar,HistGradientBoosting,
Biscuit Brook,2023-08-01,98,111.61410524590622,Known-trail future months,History + calendar,HistGradientBoosting,
McKenley Hollow,2023-08-01,116,90.20896040455527,Known-trail future months,History + calendar,HistGradientBoosting,
Onteora Lake,2023-08-01,284,452.2341955099904,Known-trail future months,History + calendar,HistGradientBoosting,
Red Hill Dinch Road,2023-08-01,238,281.6798904235268,Known-trail future months,History + calendar,HistGradientBoosting,
Slide Mt,2023-08-01,606,761.8771910639205,Known-trail future months,History + calendar,HistGradientBoosting,
Upper Cherrytown Road,2023-08-01,197,248.31112934445636,Known-trail future months,History + calendar,HistGradientBoosting,
McKenley Hollow,2023-09-01,119,80.2534593341126,Known-trail future months,History + calendar,HistGradientBoosting,
Onteora Lake,2023-09-01,311,227.91699795633588,Known-trail future months,History + calendar,HistGradientBoosting,
Red Hill Dinch Road,2023-09-01,172,204.9590375901353,Known-trail future months,History + calendar,HistGradientBoosting,
Upper Cherrytown Road,2023-09-01,2,150.44485667331148,Known-trail future months,History + calendar,HistGradientBoosting,
McKenley Hollow,2023-10-01,119,89.07673791074399,Known-trail future months,History + calendar,HistGradientBoosting,
Onteora Lake,2023-10-01,418,288.284723019081,Known-trail future months,History + calendar,HistGradientBoosting,
Red Hill Dinch Road,2023-10-01,158,212.88800533603603,Known-trail future months,History + calendar,HistGradientBoosting,
Seager,2023-10-01,41,41.07529265341926,Known-trail future months,History + calendar,HistGradientBoosting,
Upper Cherrytown Road,2023-10-01,16,75.5813565683376,Known-trail future months,History + calendar,HistGradientBoosting,
Dry Brook Ridge to Lean-to,2023-11-01,25,16.693893457148572,Known-trail future months,History + calendar,HistGradientBoosting,
Fox Hollow,2023-11-01,75,80.59504576195401,Known-trail future months,History + calendar,HistGradientBoosting,
Hardenburgh- MH Trail,2023-11-01,4,5.3984238198090555,Known-trail future months,History + calendar,HistGradientBoosting,
Kelly Hollow,2023-11-01,154,126.98448114563789,Known-trail future months,History + calendar,HistGradientBoosting,
Lane Street,2023-11-01,57,34.24490538694215,Known-trail future months,History + calendar,HistGradientBoosting,
McKenley Hollow,2023-11-01,102,80.4799069301788,Known-trail future months,History + calendar,HistGradientBoosting,
Onteora Lake,2023-11-01,246,217.67618711093016,Known-trail future months,History + calendar,HistGradientBoosting,
Red Hill Dinch Road,2023-11-01,123,104.30350225238709,Known-trail future months,History + calendar,HistGradientBoosting,
Rochester Hollow,2023-11-01,150,151.1828005859952,Known-trail future months,History + calendar,HistGradientBoosting,
Seager,2023-11-01,38,26.35144850894009,Known-trail future months,History + calendar,HistGradientBoosting,
Upper Cherrytown Road,2023-11-01,1,67.31781368218542,Known-trail future months,History + calendar,HistGradientBoosting,
Alder Lake,2023-12-01,45,56.32538708584154,Known-trail future months,History + calendar,HistGradientBoosting,
Beaverkill Road to BLM FT,2023-12-01,84,81.33313911007423,Known-trail future months,History + calendar,HistGradientBoosting,
Dry Brook Ridge to Lean-to,2023-12-01,12,4.54046800002632,Known-trail future months,History + calendar,HistGradientBoosting,
Flynn,2023-12-01,8,15.699503680986066,Known-trail future months,History + calendar,HistGradientBoosting,
Fox Hollow,2023-12-01,59,44.36551638741837,Known-trail future months,History + calendar,HistGradientBoosting,
Frick Pond,2023-12-01,59,56.62786649190763,Known-trail future months,History + calendar,HistGradientBoosting,
Hardenburgh- MH Trail,2023-12-01,0,3.442368767095175,Known-trail future months,History + calendar,HistGradientBoosting,
Kelly Hollow,2023-12-01,112,87.86774264478537,Known-trail future months,History + calendar,HistGradientBoosting,
Lane Street,2023-12-01,24,13.847319369146112,Known-trail future months,History + calendar,HistGradientBoosting,
McKenley Hollow,2023-12-01,97,50.35133618348049,Known-trail future months,History + calendar,HistGradientBoosting,
Mt Tremper,2023-12-01,176,161.26645662183168,Known-trail future months,History + calendar,HistGradientBoosting,
Neversink Hardenburgh Trail,2023-12-01,10,3.7093712436432975,Known-trail future months,History + calendar,HistGradientBoosting,
Onteora Lake,2023-12-01,216,113.4889047756404,Known-trail future months,History + calendar,HistGradientBoosting,
Red Hill Dinch Road,2023-12-01,97,88.82616560845756,Known-trail future months,History + calendar,HistGradientBoosting,
Rider Hollow,2023-12-01,128,104.094299098811,Known-trail future months,History + calendar,HistGradientBoosting,
Rochester Hollow,2023-12-01,125,81.30767901959962,Known-trail future months,History + calendar,HistGradientBoosting,
Seager,2023-12-01,22,12.25189951774748,Known-trail future months,History + calendar,HistGradientBoosting,
Upper Cherrytown Road,2023-12-01,7,29.53917749751964,Known-trail future months,History + calendar,HistGradientBoosting,
Alder Lake,2024-01-01,33,50.3946013768369,Known-trail future months,History + calendar,HistGradientBoosting,
Beaverkill Road to BLM FT,2024-01-01,33,60.8000398293713,Known-trail future months,History + calendar,HistGradientBoosting,
Cathedral Glen,2024-01-01,6,7.267261748477357,Known-trail future months,History + calendar,HistGradientBoosting,
Denning,2024-01-01,59,76.15019131695436,Known-trail future months,History + calendar,HistGradientBoosting,
Dry Brook Ridge to Lean-to,2024-01-01,11,7.733850758572908,Known-trail future months,History + calendar,HistGradientBoosting,
Flynn,2024-01-01,12,14.184490015071669,Known-trail future months,History + calendar,HistGradientBoosting,
Fox Hollow,2024-01-01,20,39.9878750855681,Known-trail future months,History + calendar,HistGradientBoosting,
Frick Pond,2024-01-01,53,54.43758165312606,Known-trail future months,History + calendar,HistGradientBoosting,
Hardenburgh- MH Trail,2024-01-01,2,2.9786250412577546,Known-trail future months,History + calendar,HistGradientBoosting,
Kelly Hollow,2024-01-01,44,81.67108941277556,Known-trail future months,History + calendar,HistGradientBoosting,
Lane Street,2024-01-01,13,10.636714375673854,Known-trail future months,History + calendar,HistGradientBoosting,
McKenley Hollow,2024-01-01,20,57.86289790734113,Known-trail future months,History + calendar,HistGradientBoosting,
Mt Tremper,2024-01-01,107,108.01180880006781,Known-trail future months,History + calendar,HistGradientBoosting,
Neversink Hardenburgh Trail,2024-01-01,0,1.4093267355792647,Known-trail future months,History + calendar,HistGradientBoosting,
Red Hill Dinch Road,2024-01-01,79,80.58192059225665,Known-trail future months,History + calendar,HistGradientBoosting,
Rider Hollow,2024-01-01,118,126.22552199860515,Known-trail future months,History + calendar,HistGradientBoosting,
Rochester Hollow,2024-01-01,51,76.31658851355466,Known-trail future months,History + calendar,HistGradientBoosting,
Seager,2024-01-01,24,12.684422931237602,Known-trail future months,History + calendar,HistGradientBoosting,
Alder Lake,2024-02-01,55,31.011155033507986,Known-trail future months,History + calendar,HistGradientBoosting,
Beaverkill Road to BLM FT,2024-02-01,81,67.25316768030228,Known-trail future months,History + calendar,HistGradientBoosting,
Cathedral Glen,2024-02-01,11,8.185173862936262,Known-trail future months,History + calendar,HistGradientBoosting,
Denning,2024-02-01,111,86.88603312924171,Known-trail future months,History + calendar,HistGradientBoosting,
Dry Brook Ridge to Lean-to,2024-02-01,22,9.39336269957955,Known-trail future months,History + calendar,HistGradientBoosting,
Flynn,2024-02-01,13,15.201385986040668,Known-trail future months,History + calendar,HistGradientBoosting,
Fox Hollow,2024-02-01,67,28.657262854122756,Known-trail future months,History + calendar,HistGradientBoosting,
Frick Pond,2024-02-01,35,63.819828043679635,Known-trail future months,History + calendar,HistGradientBoosting,
Hardenburgh- MH Trail,2024-02-01,17,2.1102877043985933,Known-trail future months,History + calendar,HistGradientBoosting,
Kelly Hollow,2024-02-01,70,84.9916558244264,Known-trail future months,History + calendar,HistGradientBoosting,
Lane Street,2024-02-01,27,25.531314280400924,Known-trail future months,History + calendar,HistGradientBoosting,
McKenley Hollow,2024-02-01,3,53.53684381569465,Known-trail future months,History + calendar,HistGradientBoosting,
Mt Tremper,2024-02-01,103,166.66931744160127,Known-trail future months,History + calendar,HistGradientBoosting,
Neversink Hardenburgh Trail,2024-02-01,1,2.3490868815398933,Known-trail future months,History + calendar,HistGradientBoosting,
Red Hill Dinch Road,2024-02-01,100,89.53024978684094,Known-trail future months,History + calendar,HistGradientBoosting,
Rider Hollow,2024-02-01,189,148.68765593390825,Known-trail future months,History + calendar,HistGradientBoosting,
Rochester Hollow,2024-02-01,89,78.97630892137524,Known-trail future months,History + calendar,HistGradientBoosting,
Seager,2024-02-01,31,20.924351674667506,Known-trail future months,History + calendar,HistGradientBoosting,
Alder Lake,2024-03-01,63,48.05025521188094,Known-trail future months,History + calendar,HistGradientBoosting,
Beaverkill Road to BLM FT,2024-03-01,82,72.23404184110633,Known-trail future months,History + calendar,HistGradientBoosting,
Cathedral Glen,2024-03-01,10,2.248115693578496,Known-trail future months,History + calendar,HistGradientBoosting,
Denning,2024-03-01,204,86.7506434459632,Known-trail future months,History + calendar,HistGradientBoosting,
Dry Brook Ridge to Lean-to,2024-03-01,10,10.857137878243488,Known-trail future months,History + calendar,HistGradientBoosting,
Flynn,2024-03-01,12,14.278629326640663,Known-trail future months,History + calendar,HistGradientBoosting,
Fox Hollow,2024-03-01,40,52.7501568278198,Known-trail future months,History + calendar,HistGradientBoosting,
Frick Pond,2024-03-01,45,47.32344941255848,Known-trail future months,History + calendar,HistGradientBoosting,
Hardenburgh- MH Trail,2024-03-01,4,1.8835067277672368,Known-trail future months,History + calendar,HistGradientBoosting,
Kelly Hollow,2024-03-01,96,86.3211899832946,Known-trail future months,History + calendar,HistGradientBoosting,
Lane Street,2024-03-01,28,23.060886053218464,Known-trail future months,History + calendar,HistGradientBoosting,
McKenley Hollow,2024-03-01,7,35.237913916090434,Known-trail future months,History + calendar,HistGradientBoosting,
Mt Tremper,2024-03-01,123,124.11920057621187,Known-trail future months,History + calendar,HistGradientBoosting,
Neversink Hardenburgh Trail,2024-03-01,4,1.6981795722798356,Known-trail future months,History + calendar,HistGradientBoosting,
Red Hill Dinch Road,2024-03-01,21,90.33327769204342,Known-trail future months,History + calendar,HistGradientBoosting,
Rider Hollow,2024-03-01,166,132.42157257816694,Known-trail future months,History + calendar,HistGradientBoosting,
Rochester Hollow,2024-03-01,117,86.19331931779638,Known-trail future months,History + calendar,HistGradientBoosting,
Seager,2024-03-01,15,19.563622975581062,Known-trail future months,History + calendar,HistGradientBoosting,
Woodchuck Hollow,2024-03-01,1,1.4508269673369205,Known-trail future months,History + calendar,HistGradientBoosting,
Alder Lake,2024-04-01,127,123.63050444464768,Known-trail future months,History + calendar,HistGradientBoosting,
Beaverkill Road to BLM FT,2024-04-01,110,137.67115300843292,Known-trail future months,History + calendar,HistGradientBoosting,
Cathedral Glen,2024-04-01,21,6.113558129858647,Known-trail future months,History + calendar,HistGradientBoosting,
Denning,2024-04-01,233,160.10651430371897,Known-trail future months,History + calendar,HistGradientBoosting,
Dry Brook Ridge to Lean-to,2024-04-01,13,18.2826089474125,Known-trail future months,History + calendar,HistGradientBoosting,
Flynn,2024-04-01,18,22.764819034395774,Known-trail future months,History + calendar,HistGradientBoosting,
Fox Hollow,2024-04-01,48,61.70980601610384,Known-trail future months,History + calendar,HistGradientBoosting,
Frick Pond,2024-04-01,70,62.28005198943682,Known-trail future months,History + calendar,HistGradientBoosting,
Hardenburgh- MH Trail,2024-04-01,1,4.9428744013875585,Known-trail future months,History + calendar,HistGradientBoosting,
Kelly Hollow,2024-04-01,127,143.44714016101662,Known-trail future months,History + calendar,HistGradientBoosting,
Lane Street,2024-04-01,36,31.63443701820839,Known-trail future months,History + calendar,HistGradientBoosting,
Mt Tremper,2024-04-01,64,198.63524575808148,Known-trail future months,History + calendar,HistGradientBoosting,
Neversink Hardenburgh Trail,2024-04-01,4,6.292038977053106,Known-trail future months,History + calendar,HistGradientBoosting,
Rider Hollow,2024-04-01,103,111.39632244169869,Known-trail future months,History + calendar,HistGradientBoosting,
Rochester Hollow,2024-04-01,99,143.77067674081638,Known-trail future months,History + calendar,HistGradientBoosting,
Seager,2024-04-01,40,39.17157932755792,Known-trail future months,History + calendar,HistGradientBoosting,
Alder Lake,2024-05-01,147,193.75096852179502,Known-trail future months,History + calendar,HistGradientBoosting,
Beaverkill Road to BLM FT,2024-05-01,189,166.351493461209,Known-trail future months,History + calendar,HistGradientBoosting,
Cathedral Glen,2024-05-01,19,19.510699985540967,Known-trail future months,History + calendar,HistGradientBoosting,
Denning,2024-05-01,260,303.95063635253445,Known-trail future months,History + calendar,HistGradientBoosting,
Dry Brook Ridge to Lean-to,2024-05-01,17,24.032631173305806,Known-trail future months,History + calendar,HistGradientBoosting,
Flynn,2024-05-01,24,57.56783929740629,Known-trail future months,History + calendar,HistGradientBoosting,
Fox Hollow,2024-05-01,71,69.33016367636249,Known-trail future months,History + calendar,HistGradientBoosting,
Frick Pond,2024-05-01,125,119.28810628830041,Known-trail future months,History + calendar,HistGradientBoosting,
Hardenburgh- MH Trail,2024-05-01,23,9.95269052312161,Known-trail future months,History + calendar,HistGradientBoosting,
Kelly Hollow,2024-05-01,182,177.43180339649163,Known-trail future months,History + calendar,HistGradientBoosting,
Lane Street,2024-05-01,54,45.00779625562249,Known-trail future months,History + calendar,HistGradientBoosting,
Mt Tremper,2024-05-01,19,236.64567105779705,Known-trail future months,History + calendar,HistGradientBoosting,
Neversink Hardenburgh Trail,2024-05-01,34,11.436859437945856,Known-trail future months,History + calendar,HistGradientBoosting,
Rider Hollow,2024-05-01,98,179.77847354835222,Known-trail future months,History + calendar,HistGradientBoosting,
Rochester Hollow,2024-05-01,182,159.1203698447359,Known-trail future months,History + calendar,HistGradientBoosting,
Seager,2024-05-01,53,57.597908918387716,Known-trail future months,History + calendar,HistGradientBoosting,
Woodchuck Hollow,2024-05-01,1,3.886831120097474,Known-trail future months,History + calendar,HistGradientBoosting,
Woodland Valley,2024-05-01,99,106.1315054224434,Known-trail future months,History + calendar,HistGradientBoosting,
Alder Lake,2024-06-01,168,189.85792860448103,Known-trail future months,History + calendar,HistGradientBoosting,
Beaverkill Road to BLM FT,2024-06-01,190,183.660364129792,Known-trail future months,History + calendar,HistGradientBoosting,
Cathedral Glen,2024-06-01,30,19.790080305662887,Known-trail future months,History + calendar,HistGradientBoosting,
Denning,2024-06-01,281,295.26094709704955,Known-trail future months,History + calendar,HistGradientBoosting,
Dry Brook Ridge to Lean-to,2024-06-01,20,20.211253487946877,Known-trail future months,History + calendar,HistGradientBoosting,
Flynn,2024-06-01,30,51.80717715130281,Known-trail future months,History + calendar,HistGradientBoosting,
Fox Hollow,2024-06-01,64,66.33715349164416,Known-trail future months,History + calendar,HistGradientBoosting,
Frick Pond,2024-06-01,131,151.45301118160435,Known-trail future months,History + calendar,HistGradientBoosting,
Hardenburgh- MH Trail,2024-06-01,17,6.882476881443073,Known-trail future months,History + calendar,HistGradientBoosting,
Kelly Hollow,2024-06-01,156,178.97696763973136,Known-trail future months,History + calendar,HistGradientBoosting,
Lane Street,2024-06-01,71,49.138515142301834,Known-trail future months,History + calendar,HistGradientBoosting,
Mt Tremper,2024-06-01,22,140.8586565676468,Known-trail future months,History + calendar,HistGradientBoosting,
Neversink Hardenburgh Trail,2024-06-01,13,18.810193802530225,Known-trail future months,History + calendar,HistGradientBoosting,
Rider Hollow,2024-06-01,93,127.57233474354445,Known-trail future months,History + calendar,HistGradientBoosting,
Rochester Hollow,2024-06-01,113,165.3430003524986,Known-trail future months,History + calendar,HistGradientBoosting,
Seager,2024-06-01,73,59.95480051228187,Known-trail future months,History + calendar,HistGradientBoosting,
Slide Mt,2024-06-01,593,719.6541032474578,Known-trail future months,History + calendar,HistGradientBoosting,
Woodland Valley,2024-06-01,70,122.95574952997414,Known-trail future months,History + calendar,HistGradientBoosting,
Alder Lake,2024-07-01,299,232.32352861947547,Known-trail future months,History + calendar,HistGradientBoosting,
Beaverkill Road to BLM FT,2024-07-01,193,210.78500799589423,Known-trail future months,History + calendar,HistGradientBoosting,
Cathedral Glen,2024-07-01,6,15.10509201146439,Known-trail future months,History + calendar,HistGradientBoosting,
Denning,2024-07-01,293,336.75094348725577,Known-trail future months,History + calendar,HistGradientBoosting,
Dry Brook Ridge to Lean-to,2024-07-01,46,30.671587938504988,Known-trail future months,History + calendar,HistGradientBoosting,
Flynn,2024-07-01,64,57.923116546974704,Known-trail future months,History + calendar,HistGradientBoosting,
Fox Hollow,2024-07-01,98,83.99404975168613,Known-trail future months,History + calendar,HistGradientBoosting,
Frick Pond,2024-07-01,209,175.16942270220957,Known-trail future months,History + calendar,HistGradientBoosting,
Giant Ledge,2024-07-01,150,518.4134657782224,Known-trail future months,History + calendar,HistGradientBoosting,
Hardenburgh- MH Trail,2024-07-01,16,12.027676531212023,Known-trail future months,History + calendar,HistGradientBoosting,
Kelly Hollow,2024-07-01,215,232.73081272499206,Known-trail future months,History + calendar,HistGradientBoosting,
Lane Street,2024-07-01,81,57.16583012445787,Known-trail future months,History + calendar,HistGradientBoosting,
Mt Tremper,2024-07-01,35,125.48545387958252,Known-trail future months,History + calendar,HistGradientBoosting,
Neversink Hardenburgh Trail,2024-07-01,21,22.241813618858558,Known-trail future months,History + calendar,HistGradientBoosting,
Rider Hollow,2024-07-01,128,155.81713208367364,Known-trail future months,History + calendar,HistGradientBoosting,
Rochester Hollow,2024-07-01,229,189.5054891022493,Known-trail future months,History + calendar,HistGradientBoosting,
Seager,2024-07-01,78,87.36056960189663,Known-trail future months,History + calendar,HistGradientBoosting,
Slide Mt,2024-07-01,868,803.8321348065155,Known-trail future months,History + calendar,HistGradientBoosting,
Woodchuck Hollow,2024-07-01,5,3.2257412945908825,Known-trail future months,History + calendar,HistGradientBoosting,
Woodland Valley,2024-07-01,12,144.0778972957242,Known-trail future months,History + calendar,HistGradientBoosting,
Alder Lake,2024-08-01,303,258.4973902127357,Known-trail future months,History + calendar,HistGradientBoosting,
Beaverkill Road to BLM FT,2024-08-01,196,234.0549721780705,Known-trail future months,History + calendar,HistGradientBoosting,
Cathedral Glen,2024-08-01,32,15.06540053229459,Known-trail future months,History + calendar,HistGradientBoosting,
Denning,2024-08-01,270,287.2563355857718,Known-trail future months,History + calendar,HistGradientBoosting,
Dry Brook Ridge to Lean-to,2024-08-01,33,29.205371379273686,Known-trail future months,History + calendar,HistGradientBoosting,
Flynn,2024-08-01,25,82.13455805125886,Known-trail future months,History + calendar,HistGradientBoosting,
Fox Hollow,2024-08-01,114,105.44904066137892,Known-trail future months,History + calendar,HistGradientBoosting,
Frick Pond,2024-08-01,192,158.7788631891783,Known-trail future months,History + calendar,HistGradientBoosting,
Hardenburgh- MH Trail,2024-08-01,9,12.31961417350843,Known-trail future months,History + calendar,HistGradientBoosting,
Kelly Hollow,2024-08-01,248,242.78022707092813,Known-trail future months,History + calendar,HistGradientBoosting,
Lane Street,2024-08-01,56,70.04303257540035,Known-trail future months,History + calendar,HistGradientBoosting,
Millbrook to BLM FT,2024-08-01,392,316.04844105210015,Known-trail future months,History + calendar,HistGradientBoosting,
Mt Tremper,2024-08-01,587,122.02980121144559,Known-trail future months,History + calendar,HistGradientBoosting,
Neversink Hardenburgh Trail,2024-08-01,11,29.91088960933869,Known-trail future months,History + calendar,HistGradientBoosting,
Rider Hollow,2024-08-01,150,168.90015111487838,Known-trail future months,History + calendar,HistGradientBoosting,
Rochester Hollow,2024-08-01,261,196.76100474413346,Known-trail future months,History + calendar,HistGradientBoosting,
Seager,2024-08-01,63,93.57971572008881,Known-trail future months,History + calendar,HistGradientBoosting,
Slide Mt,2024-08-01,1077,677.9578452171036,Known-trail future months,History + calendar,HistGradientBoosting,
Woodchuck Hollow,2024-08-01,2,2.494291099881301,Known-trail future months,History + calendar,HistGradientBoosting,
Woodland Valley,2024-08-01,9,55.625800969108475,Known-trail future months,History + calendar,HistGradientBoosting,
Alder Lake,2024-09-01,229,200.7038989455254,Known-trail future months,History + calendar,HistGradientBoosting,
Ashokan HP,2024-09-01,127,140.85312187517943,Known-trail future months,History + calendar,HistGradientBoosting,
Beaverkill Road to BLM FT,2024-09-01,203,158.86684574061675,Known-trail future months,History + calendar,HistGradientBoosting,
Cathedral Glen,2024-09-01,6,12.678959294642237,Known-trail future months,History + calendar,HistGradientBoosting,
Denning,2024-09-01,243,223.5923228174326,Known-trail future months,History + calendar,HistGradientBoosting,
Dry Brook Ridge to Lean-to,2024-09-01,14,20.325942846469896,Known-trail future months,History + calendar,HistGradientBoosting,
Flynn,2024-09-01,71,27.054012021668125,Known-trail future months,History + calendar,HistGradientBoosting,
Fox Hollow,2024-09-01,36,80.74547395978854,Known-trail future months,History + calendar,HistGradientBoosting,
Frick Pond,2024-09-01,200,117.70269705783163,Known-trail future months,History + calendar,HistGradientBoosting,
Giant Ledge,2024-09-01,116,246.65679089304027,Known-trail future months,History + calendar,HistGradientBoosting,
Hardenburgh- MH Trail,2024-09-01,13,8.199317059712946,Known-trail future months,History + calendar,HistGradientBoosting,
Kelly Hollow,2024-09-01,125,204.8611612020811,Known-trail future months,History + calendar,HistGradientBoosting,
Lane Street,2024-09-01,39,47.24165890707517,Known-trail future months,History + calendar,HistGradientBoosting,
Millbrook to BLM FT,2024-09-01,347,307.87945110058916,Known-trail future months,History + calendar,HistGradientBoosting,
Neversink Hardenburgh Trail,2024-09-01,17,12.606291148064116,Known-trail future months,History + calendar,HistGradientBoosting,
Overlook,2024-09-01,717,840.8779392245253,Known-trail future months,History + calendar,HistGradientBoosting,
Rider Hollow,2024-09-01,91,133.8369882548594,Known-trail future months,History + calendar,HistGradientBoosting,
Rochester Hollow,2024-09-01,131,183.74597673244452,Known-trail future months,History + calendar,HistGradientBoosting,
Slide Mt,2024-09-01,783,728.149946511642,Known-trail future months,History + calendar,HistGradientBoosting,
Wittenberg,2024-09-01,414,370.7006100468787,Known-trail future months,History + calendar,HistGradientBoosting,
Woodchuck Hollow,2024-09-01,4,1.1775126944208423,Known-trail future months,History + calendar,HistGradientBoosting,
Woodland Valley,2024-09-01,35,31.157206547930322,Known-trail future months,History + calendar,HistGradientBoosting,
Alder Lake,2024-10-01,17,193.83051903623806,Known-trail future months,History + calendar,HistGradientBoosting,
Ashokan HP,2024-10-01,260,153.95717604578797,Known-trail future months,History + calendar,HistGradientBoosting,
Beaverkill Road to BLM FT,2024-10-01,12,189.9045378866701,Known-trail future months,History + calendar,HistGradientBoosting,
Denning,2024-10-01,306,242.34277334035045,Known-trail future months,History + calendar,HistGradientBoosting,
Flynn,2024-10-01,1,46.48653367565016,Known-trail future months,History + calendar,HistGradientBoosting,
Frick Pond,2024-10-01,6,171.42272894193465,Known-trail future months,History + calendar,HistGradientBoosting,
Giant Ledge,2024-10-01,1383,277.42545716306273,Known-trail future months,History + calendar,HistGradientBoosting,
Millbrook to BLM FT,2024-10-01,462,340.0958245847942,Known-trail future months,History + calendar,HistGradientBoosting,
Neversink Hardenburgh Trail,2024-10-01,31,13.237225539007897,Known-trail future months,History + calendar,HistGradientBoosting,
Overlook,2024-10-01,1143,860.9601756959928,Known-trail future months,History + calendar,HistGradientBoosting,
Slide Mt,2024-10-01,757,827.1675967530374,Known-trail future months,History + calendar,HistGradientBoosting,
Wittenberg,2024-10-01,638,441.06591898173156,Known-trail future months,History + calendar,HistGradientBoosting,
Woodchuck Hollow,2024-10-01,4,2.1061420873152294,Known-trail future months,History + calendar,HistGradientBoosting,
Woodland Valley,2024-10-01,182,40.30505825009208,Known-trail future months,History + calendar,HistGradientBoosting,
Ashokan HP,2024-11-01,63,117.84144478362487,Known-trail future months,History + calendar,HistGradientBoosting,
Denning,2024-11-01,76,164.7063303120553,Known-trail future months,History + calendar,HistGradientBoosting,
Giant Ledge,2024-11-01,404,276.20480997098514,Known-trail future months,History + calendar,HistGradientBoosting,
Millbrook to BLM FT,2024-11-01,251,175.20718534993006,Known-trail future months,History + calendar,HistGradientBoosting,
Overlook,2024-11-01,843,376.8977476994466,Known-trail future months,History + calendar,HistGradientBoosting,
Wittenberg,2024-11-01,289,218.66367386600493,Known-trail future months,History + calendar,HistGradientBoosting,
Woodchuck Hollow,2024-11-01,4,2.423068868120251,Known-trail future months,History + calendar,HistGradientBoosting,
Woodland Valley,2024-11-01,88,46.69339809693332,Known-trail future months,History + calendar,HistGradientBoosting,
Ashokan HP,2024-12-01,53,58.67207379706688,Known-trail future months,History + calendar,HistGradientBoosting,
Giant Ledge,2024-12-01,235,217.2507579572106,Known-trail future months,History + calendar,HistGradientBoosting,
Millbrook to BLM FT,2024-12-01,133,149.43059557178165,Known-trail future months,History + calendar,HistGradientBoosting,
Overlook,2024-12-01,291,267.5148557848217,Known-trail future months,History + calendar,HistGradientBoosting,
Wittenberg,2024-12-01,115,119.43727338751943,Known-trail future months,History + calendar,HistGradientBoosting,
Woodland Valley,2024-12-01,25,24.34828142241958,Known-trail future months,History + calendar,HistGradientBoosting,
Ashokan HP,2025-01-01,35,50.415306462242846,Known-trail future months,History + calendar,HistGradientBoosting,
Giant Ledge,2025-01-01,268,233.64212924545052,Known-trail future months,History + calendar,HistGradientBoosting,
Millbrook to BLM FT,2025-01-01,143,165.1885992435404,Known-trail future months,History + calendar,HistGradientBoosting,
Overlook,2025-01-01,358,194.47874724109423,Known-trail future months,History + calendar,HistGradientBoosting,
Wittenberg,2025-01-01,103,122.66238223529864,Known-trail future months,History + calendar,HistGradientBoosting,
Woodland Valley,2025-01-01,15,14.853380637973812,Known-trail future months,History + calendar,HistGradientBoosting,
Ashokan HP,2025-02-01,27,41.15485739154419,Known-trail future months,History + calendar,HistGradientBoosting,
Giant Ledge,2025-02-01,184,264.9132889341729,Known-trail future months,History + calendar,HistGradientBoosting,
Millbrook to BLM FT,2025-02-01,139,160.8430985420291,Known-trail future months,History + calendar,HistGradientBoosting,
Overlook,2025-02-01,182,320.6622092635341,Known-trail future months,History + calendar,HistGradientBoosting,
Wittenberg,2025-02-01,55,136.87548300778266,Known-trail future months,History + calendar,HistGradientBoosting,
Woodland Valley,2025-02-01,30,23.16044449704306,Known-trail future months,History + calendar,HistGradientBoosting,
Ashokan HP,2025-03-01,83,43.54207606817403,Known-trail future months,History + calendar,HistGradientBoosting,
Giant Ledge,2025-03-01,371,175.96779069241785,Known-trail future months,History + calendar,HistGradientBoosting,
Millbrook to BLM FT,2025-03-01,131,145.25543678405182,Known-trail future months,History + calendar,HistGradientBoosting,
Overlook,2025-03-01,426,254.0433326978994,Known-trail future months,History + calendar,HistGradientBoosting,
Wittenberg,2025-03-01,126,116.51412928530537,Known-trail future months,History + calendar,HistGradientBoosting,
Woodland Valley,2025-03-01,41,22.947038358187203,Known-trail future months,History + calendar,HistGradientBoosting,
Ashokan HP,2025-04-01,89,102.48470587717779,Known-trail future months,History + calendar,HistGradientBoosting,
Giant Ledge,2025-04-01,341,389.0774799701997,Known-trail future months,History + calendar,HistGradientBoosting,
Millbrook to BLM FT,2025-04-01,173,180.46819759153047,Known-trail future months,History + calendar,HistGradientBoosting,
Overlook,2025-04-01,576,524.7274588541417,Known-trail future months,History + calendar,HistGradientBoosting,
Wittenberg,2025-04-01,47,195.62226539749102,Known-trail future months,History + calendar,HistGradientBoosting,
Woodland Valley,2025-04-01,47,54.796289937110046,Known-trail future months,History + calendar,HistGradientBoosting,
Ashokan HP,2025-05-01,72,152.50769823092813,Known-trail future months,History + calendar,HistGradientBoosting,
Giant Ledge,2025-05-01,403,514.2924024420679,Known-trail future months,History + calendar,HistGradientBoosting,
Millbrook to BLM FT,2025-05-01,277,241.22976386841634,Known-trail future months,History + calendar,HistGradientBoosting,
Overlook,2025-05-01,828,850.1467863135478,Known-trail future months,History + calendar,HistGradientBoosting,
Wittenberg,2025-05-01,477,195.4266514515759,Known-trail future months,History + calendar,HistGradientBoosting,
Woodland Valley,2025-05-01,13,60.02190388583792,Known-trail future months,History + calendar,HistGradientBoosting,
Ashokan HP,2025-06-01,160,116.60619982572163,Known-trail future months,History + calendar,HistGradientBoosting,
Giant Ledge,2025-06-01,629,560.4566499524459,Known-trail future months,History + calendar,HistGradientBoosting,
Millbrook to BLM FT,2025-06-01,231,305.65213162048445,Known-trail future months,History + calendar,HistGradientBoosting,
Overlook,2025-06-01,854,773.5936856012911,Known-trail future months,History + calendar,HistGradientBoosting,
Wittenberg,2025-06-01,532,458.32420599235587,Known-trail future months,History + calendar,HistGradientBoosting,
Ashokan HP,2025-07-01,260,171.57279297038022,Known-trail future months,History + calendar,HistGradientBoosting,
Giant Ledge,2025-07-01,400,592.815340116118,Known-trail future months,History + calendar,HistGradientBoosting,
Millbrook to BLM FT,2025-07-01,340,335.0611941747126,Known-trail future months,History + calendar,HistGradientBoosting,
Overlook,2025-07-01,1038,907.3211966058981,Known-trail future months,History + calendar,HistGradientBoosting,
Wittenberg,2025-07-01,587,554.6077750747327,Known-trail future months,History + calendar,HistGradientBoosting,
Ashokan HP,2025-08-01,173,220.5809873468633,Known-trail future months,History + calendar,HistGradientBoosting,
Millbrook to BLM FT,2025-08-01,354,292.3039545099385,Known-trail future months,History + calendar,HistGradientBoosting,
Overlook,2025-08-01,698,850.6524349212432,Known-trail future months,History + calendar,HistGradientBoosting,
Wittenberg,2025-08-01,751,543.3478850042304,Known-trail future months,History + calendar,HistGradientBoosting,
Ashokan HP,2025-09-01,101,147.71869052864568,Known-trail future months,History + calendar,HistGradientBoosting,
Millbrook to BLM FT,2025-09-01,14,267.28684746176543,Known-trail future months,History + calendar,HistGradientBoosting,
Overlook,2025-09-01,27,857.4605597982818,Known-trail future months,History + calendar,HistGradientBoosting,
Wittenberg,2025-09-01,506,474.1110638554252,Known-trail future months,History + calendar,HistGradientBoosting,
Ashokan HP,2025-10-01,117,142.8590487595357,Known-trail future months,History + calendar,HistGradientBoosting,
Overlook,2025-10-01,4,253.5875216310379,Known-trail future months,History + calendar,HistGradientBoosting,
Wittenberg,2025-10-01,589,493.30722269103694,Known-trail future months,History + calendar,HistGradientBoosting,
Peekamoose,2022-12-01,58,47.3188139663964,Known-trail future months,Statewide Strava + calendar,Ridge,
Biscuit Brook,2023-01-01,47,61.669308912995554,Known-trail future months,Statewide Strava + calendar,Ridge,
Peekamoose,2023-01-01,139,67.16928130067465,Known-trail future months,Statewide Strava + calendar,Ridge,
Bangle Hill,2023-02-01,18,15.04009203985512,Known-trail future months,Statewide Strava + calendar,Ridge,
Biscuit Brook,2023-02-01,68,49.90471441241566,Known-trail future months,Statewide Strava + calendar,Ridge,
Peekamoose,2023-02-01,90,54.37220461658668,Known-trail future months,Statewide Strava + calendar,Ridge,
Bangle Hill,2023-03-01,5,16.453717804198423,Known-trail future months,Statewide Strava + calendar,Ridge,
Biscuit Brook,2023-03-01,59,54.39098641391837,Known-trail future months,Statewide Strava + calendar,Ridge,
Peekamoose,2023-03-01,63,59.252199998159526,Known-trail future months,Statewide Strava + calendar,Ridge,
Bangle Hill,2023-04-01,11,28.386199715709168,Known-trail future months,Statewide Strava + calendar,Ridge,
Biscuit Brook,2023-04-01,74,92.25982048466454,Known-trail future months,Statewide Strava + calendar,Ridge,
Peekamoose,2023-04-01,92,100.44447173489083,Known-trail future months,Statewide Strava + calendar,Ridge,
Bangle Hill,2023-05-01,5,40.3560944473066,Known-trail future months,Statewide Strava + calendar,Ridge,
Biscuit Brook,2023-05-01,157,130.24738759741223,Known-trail future months,Statewide Strava + calendar,Ridge,
Peekamoose,2023-05-01,234,141.76589674106572,Known-trail future months,Statewide Strava + calendar,Ridge,
Slide Mt,2023-05-01,691,398.83956481077706,Known-trail future months,Statewide Strava + calendar,Ridge,
Upper Cherrytown Road,2023-05-01,136,141.37419715409828,Known-trail future months,Statewide Strava + calendar,Ridge,
Biscuit Brook,2023-06-01,121,125.79549258122589,Known-trail future months,Statewide Strava + calendar,Ridge,
Peekamoose,2023-06-01,49,136.92329533148558,Known-trail future months,Statewide Strava + calendar,Ridge,
Slide Mt,2023-06-01,587,385.2770566463075,Known-trail future months,Statewide Strava + calendar,Ridge,
Upper Cherrytown Road,2023-06-01,143,136.54488214564952,Known-trail future months,Statewide Strava + calendar,Ridge,
Biscuit Brook,2023-07-01,144,159.81528513897882,Known-trail future months,Statewide Strava + calendar,Ridge,
McKenley Hollow,2023-07-01,103,135.58544093700158,Known-trail future months,Statewide Strava + calendar,Ridge,
Red Hill Dinch Road,2023-07-01,291,212.43354675240423,Known-trail future months,Statewide Strava + calendar,Ridge,
Slide Mt,2023-07-01,794,488.91690274342744,Known-trail future months,Statewide Strava + calendar,Ridge,
Upper Cherrytown Road,2023-07-01,329,173.44878355979498,Known-trail future months,Statewide Strava + calendar,Ridge,
Biscuit Brook,2023-08-01,98,154.9457279402184,Known-trail future months,Statewide Strava + calendar,Ridge,
McKenley Hollow,2023-08-01,116,131.4495740224491,Known-trail future months,Statewide Strava + calendar,Ridge,
Onteora Lake,2023-08-01,284,258.2601028434035,Known-trail future months,Statewide Strava + calendar,Ridge,
Red Hill Dinch Road,2023-08-01,238,205.9706855688612,Known-trail future months,Statewide Strava + calendar,Ridge,
Slide Mt,2023-08-01,606,474.08200456514214,Known-trail future months,Statewide Strava + calendar,Ridge,
Upper Cherrytown Road,2023-08-01,197,168.16639806351313,Known-trail future months,Statewide Strava + calendar,Ridge,
McKenley Hollow,2023-09-01,119,118.75907143174621,Known-trail future months,Statewide Strava + calendar,Ridge,
Onteora Lake,2023-09-01,311,233.41939624934207,Known-trail future months,Statewide Strava + calendar,Ridge,
Red Hill Dinch Road,2023-09-01,172,186.14002895258562,Known-trail future months,Statewide Strava + calendar,Ridge,
Upper Cherrytown Road,2023-09-01,2,151.95791548643044,Known-trail future months,Statewide Strava + calendar,Ridge,
McKenley Hollow,2023-10-01,119,111.40170271368842,Known-trail future months,Statewide Strava + calendar,Ridge,
Onteora Lake,2023-10-01,418,219.0178990412255,Known-trail future months,Statewide Strava + calendar,Ridge,
Red Hill Dinch Road,2023-10-01,158,174.6431278957257,Known-trail future months,Statewide Strava + calendar,Ridge,
Seager,2023-10-01,41,72.96069054835085,Known-trail future months,Statewide Strava + calendar,Ridge,
Upper Cherrytown Road,2023-10-01,16,142.5609840546385,Known-trail future months,Statewide Strava + calendar,Ridge,
Dry Brook Ridge to Lean-to,2023-11-01,25,21.621743683062608,Known-trail future months,Statewide Strava + calendar,Ridge,
Fox Hollow,2023-11-01,75,57.031306075958476,Known-trail future months,Statewide Strava + calendar,Ridge,
Hardenburgh- MH Trail,2023-11-01,4,8.366119935751328,Known-trail future months,Statewide Strava + calendar,Ridge,
Kelly Hollow,2023-11-01,154,107.83926778458158,Known-trail future months,Statewide Strava + calendar,Ridge,
Lane Street,2023-11-01,57,36.92301970402622,Known-trail future months,Statewide Strava + calendar,Ridge,
McKenley Hollow,2023-11-01,102,63.91451088116744,Known-trail future months,Statewide Strava + calendar,Ridge,
Onteora Lake,2023-11-01,246,126.06528421320711,Known-trail future months,Statewide Strava + calendar,Ridge,
Red Hill Dinch Road,2023-11-01,123,100.4378560263647,Known-trail future months,Statewide Strava + calendar,Ridge,
Rochester Hollow,2023-11-01,150,100.60797851716956,Known-trail future months,Statewide Strava + calendar,Ridge,
Seager,2023-11-01,38,41.713961937116565,Known-trail future months,Statewide Strava + calendar,Ridge,
Upper Cherrytown Road,2023-11-01,1,81.90969653070063,Known-trail future months,Statewide Strava + calendar,Ridge,
Alder Lake,2023-12-01,45,74.29641056698152,Known-trail future months,Statewide Strava + calendar,Ridge,
Beaverkill Road to BLM FT,2023-12-01,84,78.9718091512432,Known-trail future months,Statewide Strava + calendar,Ridge,
Dry Brook Ridge to Lean-to,2023-12-01,12,18.510935715012252,Known-trail future months,Statewide Strava + calendar,Ridge,
Flynn,2023-12-01,8,26.817820542204327,Known-trail future months,Statewide Strava + calendar,Ridge,
Fox Hollow,2023-12-01,59,49.05118518578046,Known-trail future months,Statewide Strava + calendar,Ridge,
Frick Pond,2023-12-01,59,62.254292020073656,Known-trail future months,Statewide Strava + calendar,Ridge,
Hardenburgh- MH Trail,2023-12-01,0,7.078146694870459,Known-trail future months,Statewide Strava + calendar,Ridge,
Kelly Hollow,2023-12-01,112,92.87233746282467,Known-trail future months,Statewide Strava + calendar,Ridge,
Lane Street,2023-12-01,24,31.708071045751808,Known-trail future months,Statewide Strava + calendar,Ridge,
McKenley Hollow,2023-12-01,97,54.98785250679901,Known-trail future months,Statewide Strava + calendar,Ridge,
Mt Tremper,2023-12-01,176,114.49059314424939,Known-trail future months,Statewide Strava + calendar,Ridge,
Neversink Hardenburgh Trail,2023-12-01,10,9.888239850132386,Known-trail future months,Statewide Strava + calendar,Ridge,
Onteora Lake,2023-12-01,216,108.59202025394038,Known-trail future months,Statewide Strava + calendar,Ridge,
Red Hill Dinch Road,2023-12-01,97,86.48872393426068,Known-trail future months,Statewide Strava + calendar,Ridge,
Rider Hollow,2023-12-01,128,89.1660569897229,Known-trail future months,Statewide Strava + calendar,Ridge,
Rochester Hollow,2023-12-01,125,86.63545218953027,Known-trail future months,Statewide Strava + calendar,Ridge,
Seager,2023-12-01,22,35.84019132939511,Known-trail future months,Statewide Strava + calendar,Ridge,
Upper Cherrytown Road,2023-12-01,7,70.50844699795805,Known-trail future months,Statewide Strava + calendar,Ridge,
Alder Lake,2024-01-01,33,59.223012751419134,Known-trail future months,Statewide Strava + calendar,Ridge,
Beaverkill Road to BLM FT,2024-01-01,33,62.96245512905392,Known-trail future months,Statewide Strava + calendar,Ridge,
Cathedral Glen,2024-01-01,6,8.068332299777666,Known-trail future months,Statewide Strava + calendar,Ridge,
Denning,2024-01-01,59,82.09599670395093,Known-trail future months,Statewide Strava + calendar,Ridge,
Dry Brook Ridge to Lean-to,2024-01-01,11,14.60509088692946,Known-trail future months,Statewide Strava + calendar,Ridge,
Flynn,2024-01-01,12,21.24904146977347,Known-trail future months,Statewide Strava + calendar,Ridge,
Fox Hollow,2024-01-01,20,39.03156512999412,Known-trail future months,Statewide Strava + calendar,Ridge,
Frick Pond,2024-01-01,53,49.59157543131736,Known-trail future months,Statewide Strava + calendar,Ridge,
Hardenburgh- MH Trail,2024-01-01,2,5.461002958172228,Known-trail future months,Statewide Strava + calendar,Ridge,
Kelly Hollow,2024-01-01,44,74.08027186767714,Known-trail future months,Statewide Strava + calendar,Ridge,
Lane Street,2024-01-01,13,25.16032510487836,Known-trail future months,Statewide Strava + calendar,Ridge,
McKenley Hollow,2024-01-01,20,43.77978604892609,Known-trail future months,Statewide Strava + calendar,Ridge,
Mt Tremper,2024-01-01,107,91.37082367170687,Known-trail future months,Statewide Strava + calendar,Ridge,
Neversink Hardenburgh Trail,2024-01-01,0,7.708550678544241,Known-trail future months,Statewide Strava + calendar,Ridge,
Red Hill Dinch Road,2024-01-01,79,68.97457777102623,Known-trail future months,Statewide Strava + calendar,Ridge,
Rider Hollow,2024-01-01,118,71.11594229989,Known-trail future months,Statewide Strava + calendar,Ridge,
Rochester Hollow,2024-01-01,51,69.09193286832183,Known-trail future months,Statewide Strava + calendar,Ridge,
Seager,2024-01-01,24,28.465246689565067,Known-trail future months,Statewide Strava + calendar,Ridge,
Alder Lake,2024-02-01,55,64.82346351539489,Known-trail future months,Statewide Strava + calendar,Ridge,
Beaverkill Road to BLM FT,2024-02-01,81,68.91065606300394,Known-trail future months,Statewide Strava + calendar,Ridge,
Cathedral Glen,2024-02-01,11,8.91164362274164,Known-trail future months,Statewide Strava + calendar,Ridge,
Denning,2024-02-01,111,89.8235250517087,Known-trail future months,Statewide Strava + calendar,Ridge,
Dry Brook Ridge to Lean-to,2024-02-01,22,16.056289343910606,Known-trail future months,Statewide Strava + calendar,Ridge,
Flynn,2024-02-01,13,23.31809540122403,Known-trail future months,Statewide Strava + calendar,Ridge,
Fox Hollow,2024-02-01,67,42.75430830195768,Known-trail future months,Statewide Strava + calendar,Ridge,
Frick Pond,2024-02-01,35,54.296348811629194,Known-trail future months,Statewide Strava + calendar,Ridge,
Hardenburgh- MH Trail,2024-02-01,17,6.061845182763402,Known-trail future months,Statewide Strava + calendar,Ridge,
Kelly Hollow,2024-02-01,70,81.06237632791823,Known-trail future months,Statewide Strava + calendar,Ridge,
Lane Street,2024-02-01,27,27.593109617407052,Known-trail future months,Statewide Strava + calendar,Ridge,
McKenley Hollow,2024-02-01,3,47.94409094718061,Known-trail future months,Statewide Strava + calendar,Ridge,
Mt Tremper,2024-02-01,103,99.96086635417106,Known-trail future months,Statewide Strava + calendar,Ridge,
Neversink Hardenburgh Trail,2024-02-01,1,8.518404039784881,Known-trail future months,Statewide Strava + calendar,Ridge,
Red Hill Dinch Road,2024-02-01,100,75.48187721740588,Known-trail future months,Statewide Strava + calendar,Ridge,
Rider Hollow,2024-02-01,189,77.82237835640782,Known-trail future months,Statewide Strava + calendar,Ridge,
Rochester Hollow,2024-02-01,89,75.61014577476067,Known-trail future months,Statewide Strava + calendar,Ridge,
Seager,2024-02-01,31,31.20537302655938,Known-trail future months,Statewide Strava + calendar,Ridge,
Alder Lake,2024-03-01,63,95.88060410701027,Known-trail future months,Statewide Strava + calendar,Ridge,
Beaverkill Road to BLM FT,2024-03-01,82,101.89623534193343,Known-trail future months,Statewide Strava + calendar,Ridge,
Cathedral Glen,2024-03-01,10,13.588202604076306,Known-trail future months,Statewide Strava + calendar,Ridge,
Denning,2024-03-01,204,132.676313949657,Known-trail future months,Statewide Strava + calendar,Ridge,
Dry Brook Ridge to Lean-to,2024-03-01,10,24.103869155647665,Known-trail future months,Statewide Strava + calendar,Ridge,
Flynn,2024-03-01,12,34.79197519212094,Known-trail future months,Statewide Strava + calendar,Ridge,
Fox Hollow,2024-03-01,40,63.398674791499296,Known-trail future months,Statewide Strava + calendar,Ridge,
Frick Pond,2024-03-01,45,80.38653592012305,Known-trail future months,Statewide Strava + calendar,Ridge,
Hardenburgh- MH Trail,2024-03-01,4,9.39379866810392,Known-trail future months,Statewide Strava + calendar,Ridge,
Kelly Hollow,2024-03-01,96,119.78143823662698,Known-trail future months,Statewide Strava + calendar,Ridge,
Lane Street,2024-03-01,28,41.0840470113591,Known-trail future months,Statewide Strava + calendar,Ridge,
McKenley Hollow,2024-03-01,7,71.0371254442165,Known-trail future months,Statewide Strava + calendar,Ridge,
Mt Tremper,2024-03-01,123,147.5967039894763,Known-trail future months,Statewide Strava + calendar,Ridge,
Neversink Hardenburgh Trail,2024-03-01,4,13.009422844990414,Known-trail future months,Statewide Strava + calendar,Ridge,
Red Hill Dinch Road,2024-03-01,21,111.56792141190651,Known-trail future months,Statewide Strava + calendar,Ridge,
Rider Hollow,2024-03-01,166,115.01272896456015,Known-trail future months,Statewide Strava + calendar,Ridge,
Rochester Hollow,2024-03-01,117,111.7567102519462,Known-trail future months,Statewide Strava + calendar,Ridge,
Seager,2024-03-01,15,46.40066577588945,Known-trail future months,Statewide Strava + calendar,Ridge,
Woodchuck Hollow,2024-03-01,1,7.62900836182444,Known-trail future months,Statewide Strava + calendar,Ridge,
Alder Lake,2024-04-01,127,105.5122517515879,Known-trail future months,Statewide Strava + calendar,Ridge,
Beaverkill Road to BLM FT,2024-04-01,110,112.12594325820896,Known-trail future months,Statewide Strava + calendar,Ridge,
Cathedral Glen,2024-04-01,21,15.038528276023746,Known-trail future months,Statewide Strava + calendar,Ridge,
Denning,2024-04-01,233,145.9661067441661,Known-trail future months,Statewide Strava + calendar,Ridge,
Dry Brook Ridge to Lean-to,2024-04-01,13,26.5996382980005,Known-trail future months,Statewide Strava + calendar,Ridge,
Flynn,2024-04-01,18,38.350331343298436,Known-trail future months,Statewide Strava + calendar,Ridge,
Fox Hollow,2024-04-01,48,69.80104346050909,Known-trail future months,Statewide Strava + calendar,Ridge,
Frick Pond,2024-04-01,70,88.47779881243055,Known-trail future months,Statewide Strava + calendar,Ridge,
Hardenburgh- MH Trail,2024-04-01,1,10.427126312812664,Known-trail future months,Statewide Strava + calendar,Ridge,
Kelly Hollow,2024-04-01,127,131.78925203819605,Known-trail future months,Statewide Strava + calendar,Ridge,
Lane Street,2024-04-01,36,45.26794652362402,Known-trail future months,Statewide Strava + calendar,Ridge,
Mt Tremper,2024-04-01,64,162.36984776953946,Known-trail future months,Statewide Strava + calendar,Ridge,
Neversink Hardenburgh Trail,2024-04-01,4,14.40220755964601,Known-trail future months,Statewide Strava + calendar,Ridge,
Rider Hollow,2024-04-01,103,126.54644861847873,Known-trail future months,Statewide Strava + calendar,Ridge,
Rochester Hollow,2024-04-01,99,122.96672398708861,Known-trail future months,Statewide Strava + calendar,Ridge,
Seager,2024-04-01,40,51.11313134193273,Known-trail future months,Statewide Strava + calendar,Ridge,
Alder Lake,2024-05-01,147,162.46685751528187,Known-trail future months,Statewide Strava + calendar,Ridge,
Beaverkill Road to BLM FT,2024-05-01,189,172.61704539868393,Known-trail future months,Statewide Strava + calendar,Ridge,
Cathedral Glen,2024-05-01,19,23.614706508751524,Known-trail future months,Statewide Strava + calendar,Ridge,
Denning,2024-05-01,260,224.5523400890464,Known-trail future months,Statewide Strava + calendar,Ridge,
Dry Brook Ridge to Lean-to,2024-05-01,17,41.35781393162878,Known-trail future months,Statewide Strava + calendar,Ridge,
Flynn,2024-05-01,24,59.39187887864925,Known-trail future months,Statewide Strava + calendar,Ridge,
Fox Hollow,2024-05-01,71,107.66002636283358,Known-trail future months,Statewide Strava + calendar,Ridge,
Frick Pond,2024-05-01,125,136.32368200576124,Known-trail future months,Statewide Strava + calendar,Ridge,
Hardenburgh- MH Trail,2024-05-01,23,16.537479473649633,Known-trail future months,Statewide Strava + calendar,Ridge,
Kelly Hollow,2024-05-01,182,202.79478778754688,Known-trail future months,Statewide Strava + calendar,Ridge,
Lane Street,2024-05-01,54,70.00850557118346,Known-trail future months,Statewide Strava + calendar,Ridge,
Mt Tremper,2024-05-01,19,249.7275471926021,Known-trail future months,Statewide Strava + calendar,Ridge,
Neversink Hardenburgh Trail,2024-05-01,34,22.63813014154886,Known-trail future months,Statewide Strava + calendar,Ridge,
Rider Hollow,2024-05-01,98,194.74853408904892,Known-trail future months,Statewide Strava + calendar,Ridge,
Rochester Hollow,2024-05-01,182,189.25464651611372,Known-trail future months,Statewide Strava + calendar,Ridge,
Seager,2024-05-01,53,78.97924816775722,Known-trail future months,Statewide Strava + calendar,Ridge,
Woodchuck Hollow,2024-05-01,1,13.559744887867222,Known-trail future months,Statewide Strava + calendar,Ridge,
Woodland Valley,2024-05-01,99,105.04680790977449,Known-trail future months,Statewide Strava + calendar,Ridge,
Alder Lake,2024-06-01,168,216.23218850764104,Known-trail future months,Statewide Strava + calendar,Ridge,
Beaverkill Road to BLM FT,2024-06-01,190,229.7208403431915,Known-trail future months,Statewide Strava + calendar,Ridge,
Cathedral Glen,2024-06-01,30,31.710646339240295,Known-trail future months,Statewide Strava + calendar,Ridge,
Denning,2024-06-01,281,298.7379970798223,Known-trail future months,Statewide Strava + calendar,Ridge,
Dry Brook Ridge to Lean-to,2024-06-01,20,55.28957918828872,Known-trail future months,Statewide Strava + calendar,Ridge,
Flynn,2024-06-01,30,79.25516741625079,Known-trail future months,Statewide Strava + calendar,Ridge,
Fox Hollow,2024-06-01,64,143.3990279674254,Known-trail future months,Statewide Strava + calendar,Ridge,
Frick Pond,2024-06-01,131,181.49034960037747,Known-trail future months,Statewide Strava + calendar,Ridge,
Hardenburgh- MH Trail,2024-06-01,17,22.305672506811288,Known-trail future months,Statewide Strava + calendar,Ridge,
Kelly Hollow,2024-06-01,156,269.8242418705601,Known-trail future months,Statewide Strava + calendar,Ridge,
Lane Street,2024-06-01,71,93.36367287138405,Known-trail future months,Statewide Strava + calendar,Ridge,
Mt Tremper,2024-06-01,22,332.19349636797165,Known-trail future months,Statewide Strava + calendar,Ridge,
Neversink Hardenburgh Trail,2024-06-01,13,30.41286754348383,Known-trail future months,Statewide Strava + calendar,Ridge,
Rider Hollow,2024-06-01,93,259.131522093715,Known-trail future months,Statewide Strava + calendar,Ridge,
Rochester Hollow,2024-06-01,113,251.83065854850304,Known-trail future months,Statewide Strava + calendar,Ridge,
Seager,2024-06-01,73,105.2849520616337,Known-trail future months,Statewide Strava + calendar,Ridge,
Slide Mt,2024-06-01,593,578.377637033939,Known-trail future months,Statewide Strava + calendar,Ridge,
Woodland Valley,2024-06-01,70,139.9263046751609,Known-trail future months,Statewide Strava + calendar,Ridge,
Alder Lake,2024-07-01,299,208.84164477860105,Known-trail future months,Statewide Strava + calendar,Ridge,
Beaverkill Road to BLM FT,2024-07-01,193,221.87139376038368,Known-trail future months,Statewide Strava + calendar,Ridge,
Cathedral Glen,2024-07-01,6,30.597784272913444,Known-trail future months,Statewide Strava + calendar,Ridge,
Denning,2024-07-01,293,288.54049002577307,Known-trail future months,Statewide Strava + calendar,Ridge,
Dry Brook Ridge to Lean-to,2024-07-01,46,53.37452875613019,Known-trail future months,Statewide Strava + calendar,Ridge,
Flynn,2024-07-01,64,76.5247740599717,Known-trail future months,Statewide Strava + calendar,Ridge,
Fox Hollow,2024-07-01,98,138.4863705111084,Known-trail future months,Statewide Strava + calendar,Ridge,
Frick Pond,2024-07-01,209,175.2817719576496,Known-trail future months,Statewide Strava + calendar,Ridge,
Giant Ledge,2024-07-01,150,632.3357637876,Known-trail future months,Statewide Strava + calendar,Ridge,
Hardenburgh- MH Trail,2024-07-01,16,21.512780841080023,Known-trail future months,Statewide Strava + calendar,Ridge,
Kelly Hollow,2024-07-01,215,260.61042132131854,Known-trail future months,Statewide Strava + calendar,Ridge,
Lane Street,2024-07-01,81,90.1532883718316,Known-trail future months,Statewide Strava + calendar,Ridge,
Mt Tremper,2024-07-01,35,320.85778630559014,Known-trail future months,Statewide Strava + calendar,Ridge,
Neversink Hardenburgh Trail,2024-07-01,21,29.344157731970366,Known-trail future months,Statewide Strava + calendar,Ridge,
Rider Hollow,2024-07-01,128,250.2814828682081,Known-trail future months,Statewide Strava + calendar,Ridge,
Rochester Hollow,2024-07-01,229,243.22900494052973,Known-trail future months,Statewide Strava + calendar,Ridge,
Seager,2024-07-01,78,101.66898892400324,Known-trail future months,Statewide Strava + calendar,Ridge,
Slide Mt,2024-07-01,868,558.6663972239301,Known-trail future months,Statewide Strava + calendar,Ridge,
Woodchuck Hollow,2024-07-01,5,17.690276801468855,Known-trail future months,Statewide Strava + calendar,Ridge,
Woodland Valley,2024-07-01,12,135.1317941358669,Known-trail future months,Statewide Strava + calendar,Ridge,
Alder Lake,2024-08-01,303,193.0706338194177,Known-trail future months,Statewide Strava + calendar,Ridge,
Beaverkill Road to BLM FT,2024-08-01,196,205.12110952966307,Known-trail future months,Statewide Strava + calendar,Ridge,
Cathedral Glen,2024-08-01,32,28.222998264255324,Known-trail future months,Statewide Strava + calendar,Ridge,
Denning,2024-08-01,270,266.77957480733954,Known-trail future months,Statewide Strava + calendar,Ridge,
Dry Brook Ridge to Lean-to,2024-08-01,33,49.28791720760687,Known-trail future months,Statewide Strava + calendar,Ridge,
Flynn,2024-08-01,25,70.69826587281939,Known-trail future months,Statewide Strava + calendar,Ridge,
Fox Hollow,2024-08-01,114,128.003031609012,Known-trail future months,Statewide Strava + calendar,Ridge,
Frick Pond,2024-08-01,192,162.03301115813522,Known-trail future months,Statewide Strava + calendar,Ridge,
Hardenburgh- MH Trail,2024-08-01,9,19.82079394428949,Known-trail future months,Statewide Strava + calendar,Ridge,
Kelly Hollow,2024-08-01,248,240.9486386182322,Known-trail future months,Statewide Strava + calendar,Ridge,
Lane Street,2024-08-01,56,83.3025056714076,Known-trail future months,Statewide Strava + calendar,Ridge,
Millbrook to BLM FT,2024-08-01,392,317.8125466526503,Known-trail future months,Statewide Strava + calendar,Ridge,
Mt Tremper,2024-08-01,587,296.66800891188194,Known-trail future months,Statewide Strava + calendar,Ridge,
Neversink Hardenburgh Trail,2024-08-01,11,27.0635901895123,Known-trail future months,Statewide Strava + calendar,Ridge,
Rider Hollow,2024-08-01,150,231.39598936030322,Known-trail future months,Statewide Strava + calendar,Ridge,
Rochester Hollow,2024-08-01,261,224.87355258248414,Known-trail future months,Statewide Strava + calendar,Ridge,
Seager,2024-08-01,63,93.95272387472238,Known-trail future months,Statewide Strava + calendar,Ridge,
Slide Mt,2024-08-01,1077,516.6037032652647,Known-trail future months,Statewide Strava + calendar,Ridge,
Woodchuck Hollow,2024-08-01,2,16.285576792673485,Known-trail future months,Statewide Strava + calendar,Ridge,
Woodland Valley,2024-08-01,9,124.90057421059788,Known-trail future months,Statewide Strava + calendar,Ridge,
Alder Lake,2024-09-01,229,183.79580111992968,Known-trail future months,Statewide Strava + calendar,Ridge,
Ashokan HP,2024-09-01,127,177.4659412374891,Known-trail future months,Statewide Strava + calendar,Ridge,
Beaverkill Road to BLM FT,2024-09-01,203,195.27037235682866,Known-trail future months,Statewide Strava + calendar,Ridge,
Cathedral Glen,2024-09-01,6,26.826401496654732,Known-trail future months,Statewide Strava + calendar,Ridge,
Denning,2024-09-01,243,253.98211695501394,Known-trail future months,Statewide Strava + calendar,Ridge,
Dry Brook Ridge to Lean-to,2024-09-01,14,46.88460656896458,Known-trail future months,Statewide Strava + calendar,Ridge,
Flynn,2024-09-01,71,67.27173292588945,Known-trail future months,Statewide Strava + calendar,Ridge,
Fox Hollow,2024-09-01,36,121.83784570554516,Known-trail future months,Statewide Strava + calendar,Ridge,
Frick Pond,2024-09-01,200,154.24149796921827,Known-trail future months,Statewide Strava + calendar,Ridge,
Giant Ledge,2024-09-01,116,556.7433877365759,Known-trail future months,Statewide Strava + calendar,Ridge,
Hardenburgh- MH Trail,2024-09-01,13,18.82574705490031,Known-trail future months,Statewide Strava + calendar,Ridge,
Kelly Hollow,2024-09-01,125,229.38566744176325,Known-trail future months,Statewide Strava + calendar,Ridge,
Lane Street,2024-09-01,39,79.27360330291484,Known-trail future months,Statewide Strava + calendar,Ridge,
Millbrook to BLM FT,2024-09-01,347,302.5761712438264,Known-trail future months,Statewide Strava + calendar,Ridge,
Neversink Hardenburgh Trail,2024-09-01,17,25.722402711364964,Known-trail future months,Statewide Strava + calendar,Ridge,
Overlook,2024-09-01,717,642.9982430958336,Known-trail future months,Statewide Strava + calendar,Ridge,
Rider Hollow,2024-09-01,91,220.28954899408873,Known-trail future months,Statewide Strava + calendar,Ridge,
Rochester Hollow,2024-09-01,131,214.07882609444223,Known-trail future months,Statewide Strava + calendar,Ridge,
Slide Mt,2024-09-01,783,491.86689657823285,Known-trail future months,Statewide Strava + calendar,Ridge,
Wittenberg,2024-09-01,414,341.7679607279466,Known-trail future months,Statewide Strava + calendar,Ridge,
Woodchuck Hollow,2024-09-01,4,15.459481521529181,Known-trail future months,Statewide Strava + calendar,Ridge,
Woodland Valley,2024-09-01,35,118.88365789723478,Known-trail future months,Statewide Strava + calendar,Ridge,
Alder Lake,2024-10-01,17,142.9390008255872,Known-trail future months,Statewide Strava + calendar,Ridge,
Ashokan HP,2024-10-01,260,138.00861982492177,Known-trail future months,Statewide Strava + calendar,Ridge,
Beaverkill Road to BLM FT,2024-10-01,12,151.87664068932725,Known-trail future months,Statewide Strava + calendar,Ridge,
Denning,2024-10-01,306,197.60771143322006,Known-trail future months,Statewide Strava + calendar,Ridge,
Flynn,2024-10-01,1,52.17742590702222,Known-trail future months,Statewide Strava + calendar,Ridge,
Frick Pond,2024-10-01,6,119.9189059975174,Known-trail future months,Statewide Strava + calendar,Ridge,
Giant Ledge,2024-10-01,1383,433.43100688083064,Known-trail future months,Statewide Strava + calendar,Ridge,
Millbrook to BLM FT,2024-10-01,462,235.45802825863663,Known-trail future months,Statewide Strava + calendar,Ridge,
Neversink Hardenburgh Trail,2024-10-01,31,19.81430380247971,Known-trail future months,Statewide Strava + calendar,Ridge,
Overlook,2024-10-01,1143,500.61563781684237,Known-trail future months,Statewide Strava + calendar,Ridge,
Slide Mt,2024-10-01,757,382.8981632891002,Known-trail future months,Statewide Strava + calendar,Ridge,
Wittenberg,2024-10-01,638,265.98484209706334,Known-trail future months,Statewide Strava + calendar,Ridge,
Woodchuck Hollow,2024-10-01,4,11.820428332019166,Known-trail future months,Statewide Strava + calendar,Ridge,
Woodland Valley,2024-10-01,182,92.37838754163934,Known-trail future months,Statewide Strava + calendar,Ridge,
Ashokan HP,2024-11-01,63,156.77069955737988,Known-trail future months,Statewide Strava + calendar,Ridge,
Denning,2024-11-01,76,224.41391756694247,Known-trail future months,Statewide Strava + calendar,Ridge,
Giant Ledge,2024-11-01,404,492.06642963098847,Known-trail future months,Statewide Strava + calendar,Ridge,
Millbrook to BLM FT,2024-11-01,251,267.37291515670074,Known-trail future months,Statewide Strava + calendar,Ridge,
Overlook,2024-11-01,843,568.3190119214181,Known-trail future months,Statewide Strava + calendar,Ridge,
Wittenberg,2024-11-01,289,302.0199520139289,Known-trail future months,Statewide Strava + calendar,Ridge,
Woodchuck Hollow,2024-11-01,4,13.55080950458646,Known-trail future months,Statewide Strava + calendar,Ridge,
Woodland Valley,2024-11-01,88,104.981726489621,Known-trail future months,Statewide Strava + calendar,Ridge,
Ashokan HP,2024-12-01,53,55.58289998161964,Known-trail future months,Statewide Strava + calendar,Ridge,
Giant Ledge,2024-12-01,235,175.83339523989267,Known-trail future months,Statewide Strava + calendar,Ridge,
Millbrook to BLM FT,2024-12-01,133,95.24929000561686,Known-trail future months,Statewide Strava + calendar,Ridge,
Overlook,2024-12-01,291,203.18062922683725,Known-trail future months,Statewide Strava + calendar,Ridge,
Wittenberg,2024-12-01,115,107.6751068819566,Known-trail future months,Statewide Strava + calendar,Ridge,
Woodland Valley,2024-12-01,25,37.0092973325546,Known-trail future months,Statewide Strava + calendar,Ridge,
Ashokan HP,2025-01-01,35,67.63302931869748,Known-trail future months,Statewide Strava + calendar,Ridge,
Giant Ledge,2025-01-01,268,213.49256937991558,Known-trail future months,Statewide Strava + calendar,Ridge,
Millbrook to BLM FT,2025-01-01,143,115.74693847443599,Known-trail future months,Statewide Strava + calendar,Ridge,
Overlook,2025-01-01,358,246.6637838744174,Known-trail future months,Statewide Strava + calendar,Ridge,
Wittenberg,2025-01-01,103,130.81900891019708,Known-trail future months,Statewide Strava + calendar,Ridge,
Woodland Valley,2025-01-01,15,45.10391512375146,Known-trail future months,Statewide Strava + calendar,Ridge,
Ashokan HP,2025-02-01,27,55.338143375065975,Known-trail future months,Statewide Strava + calendar,Ridge,
Giant Ledge,2025-02-01,184,175.0684796601266,Known-trail future months,Statewide Strava + calendar,Ridge,
Millbrook to BLM FT,2025-02-01,139,94.83295133063501,Known-trail future months,Statewide Strava + calendar,Ridge,
Overlook,2025-02-01,182,202.29741967148053,Known-trail future months,Statewide Strava + calendar,Ridge,
Wittenberg,2025-02-01,55,107.20501873896765,Known-trail future months,Statewide Strava + calendar,Ridge,
Woodland Valley,2025-02-01,30,36.84488323155186,Known-trail future months,Statewide Strava + calendar,Ridge,
Ashokan HP,2025-03-01,83,105.9889437428758,Known-trail future months,Statewide Strava + calendar,Ridge,
Giant Ledge,2025-03-01,371,333.3628230671865,Known-trail future months,Statewide Strava + calendar,Ridge,
Millbrook to BLM FT,2025-03-01,131,180.99155357975204,Known-trail future months,Statewide Strava + calendar,Ridge,
Overlook,2025-03-01,426,385.0719380030224,Known-trail future months,Statewide Strava + calendar,Ridge,
Wittenberg,2025-03-01,126,204.4867265591124,Known-trail future months,Statewide Strava + calendar,Ridge,
Woodland Valley,2025-03-01,41,70.86932050743083,Known-trail future months,Statewide Strava + calendar,Ridge,
Ashokan HP,2025-04-01,89,92.2014893724777,Known-trail future months,Statewide Strava + calendar,Ridge,
Giant Ledge,2025-04-01,341,290.2741448830606,Known-trail future months,Statewide Strava + calendar,Ridge,
Millbrook to BLM FT,2025-04-01,173,157.53866066392888,Known-trail future months,Statewide Strava + calendar,Ridge,
Overlook,2025-04-01,576,335.31960806414236,Known-trail future months,Statewide Strava + calendar,Ridge,
Wittenberg,2025-04-01,47,178.0060569960492,Known-trail future months,Statewide Strava + calendar,Ridge,
Woodland Valley,2025-04-01,47,61.607662784095275,Known-trail future months,Statewide Strava + calendar,Ridge,
Ashokan HP,2025-05-01,72,186.33709230731256,Known-trail future months,Statewide Strava + calendar,Ridge,
Giant Ledge,2025-05-01,403,584.4675899933078,Known-trail future months,Statewide Strava + calendar,Ridge,
Millbrook to BLM FT,2025-05-01,277,317.6662778357547,Known-trail future months,Statewide Strava + calendar,Ridge,
Overlook,2025-05-01,828,675.0099853004791,Known-trail future months,Statewide Strava + calendar,Ridge,
Wittenberg,2025-05-01,477,358.80620533881313,Known-trail future months,Statewide Strava + calendar,Ridge,
Woodland Valley,2025-05-01,13,124.84281196682933,Known-trail future months,Statewide Strava + calendar,Ridge,
Ashokan HP,2025-06-01,160,192.45858088306053,Known-trail future months,Statewide Strava + calendar,Ridge,
Giant Ledge,2025-06-01,629,603.5985219378244,Known-trail future months,Statewide Strava + calendar,Ridge,
Millbrook to BLM FT,2025-06-01,231,328.07912216477723,Known-trail future months,Statewide Strava + calendar,Ridge,
Overlook,2025-06-01,854,697.09951039741,Known-trail future months,Statewide Strava + calendar,Ridge,
Wittenberg,2025-06-01,532,370.5633514989108,Known-trail future months,Statewide Strava + calendar,Ridge,
Ashokan HP,2025-07-01,260,269.1835682902653,Known-trail future months,Statewide Strava + calendar,Ridge,
Giant Ledge,2025-07-01,400,843.3801525605261,Known-trail future months,Statewide Strava + calendar,Ridge,
Millbrook to BLM FT,2025-07-01,340,458.5907354972891,Known-trail future months,Statewide Strava + calendar,Ridge,
Overlook,2025-07-01,1038,973.9633016013436,Known-trail future months,Statewide Strava + calendar,Ridge,
Wittenberg,2025-07-01,587,517.9240595874552,Known-trail future months,Statewide Strava + calendar,Ridge,
Ashokan HP,2025-08-01,173,321.0499794420475,Known-trail future months,Statewide Strava + calendar,Ridge,
Millbrook to BLM FT,2025-08-01,354,546.817129869442,Known-trail future months,Statewide Strava + calendar,Ridge,
Overlook,2025-08-01,698,1161.1243779715696,Known-trail future months,Statewide Strava + calendar,Ridge,
Wittenberg,2025-08-01,751,617.5405122142103,Known-trail future months,Statewide Strava + calendar,Ridge,
Ashokan HP,2025-09-01,101,190.0732548008969,Known-trail future months,Statewide Strava + calendar,Ridge,
Millbrook to BLM FT,2025-09-01,14,324.02160758148926,Known-trail future months,Statewide Strava + calendar,Ridge,
Overlook,2025-09-01,27,688.4920091819263,Known-trail future months,Statewide Strava + calendar,Ridge,
Wittenberg,2025-09-01,506,365.98201036914054,Known-trail future months,Statewide Strava + calendar,Ridge,
Ashokan HP,2025-10-01,117,182.0953617795006,Known-trail future months,Statewide Strava + calendar,Ridge,
Overlook,2025-10-01,4,659.7036081359884,Known-trail future months,Statewide Strava + calendar,Ridge,
Wittenberg,2025-10-01,589,350.65938856865563,Known-trail future months,Statewide Strava + calendar,Ridge,
Peekamoose,2022-12-01,58,66.68840914934707,Known-trail future months,Statewide Strava + calendar,Random Forest,
Biscuit Brook,2023-01-01,47,74.82131896935553,Known-trail future months,Statewide Strava + calendar,Random Forest,
Peekamoose,2023-01-01,139,74.82131896935553,Known-trail future months,Statewide Strava + calendar,Random Forest,
Bangle Hill,2023-02-01,18,73.21416274402894,Known-trail future months,Statewide Strava + calendar,Random Forest,
Biscuit Brook,2023-02-01,68,75.22367054021163,Known-trail future months,Statewide Strava + calendar,Random Forest,
Peekamoose,2023-02-01,90,75.22367054021163,Known-trail future months,Statewide Strava + calendar,Random Forest,
Bangle Hill,2023-03-01,5,68.371512739507,Known-trail future months,Statewide Strava + calendar,Random Forest,
Biscuit Brook,2023-03-01,59,79.11766025215421,Known-trail future months,Statewide Strava + calendar,Random Forest,
Peekamoose,2023-03-01,63,79.11766025215421,Known-trail future months,Statewide Strava + calendar,Random Forest,
Bangle Hill,2023-04-01,11,77.37248891618445,Known-trail future months,Statewide Strava + calendar,Random Forest,
Biscuit Brook,2023-04-01,74,164.90955103525602,Known-trail future months,Statewide Strava + calendar,Random Forest,
Peekamoose,2023-04-01,92,164.90955103525602,Known-trail future months,Statewide Strava + calendar,Random Forest,
Bangle Hill,2023-05-01,5,80.06019736184842,Known-trail future months,Statewide Strava + calendar,Random Forest,
Biscuit Brook,2023-05-01,157,174.92658201552814,Known-trail future months,Statewide Strava + calendar,Random Forest,
Peekamoose,2023-05-01,234,174.92658201552814,Known-trail future months,Statewide Strava + calendar,Random Forest,
Slide Mt,2023-05-01,691,326.9526610498336,Known-trail future months,Statewide Strava + calendar,Random Forest,
Upper Cherrytown Road,2023-05-01,136,174.92658201552814,Known-trail future months,Statewide Strava + calendar,Random Forest,
Biscuit Brook,2023-06-01,121,174.68891908080064,Known-trail future months,Statewide Strava + calendar,Random Forest,
Peekamoose,2023-06-01,49,174.68891908080064,Known-trail future months,Statewide Strava + calendar,Random Forest,
Slide Mt,2023-06-01,587,327.40077565748504,Known-trail future months,Statewide Strava + calendar,Random Forest,
Upper Cherrytown Road,2023-06-01,143,174.68891908080064,Known-trail future months,Statewide Strava + calendar,Random Forest,
Biscuit Brook,2023-07-01,144,176.08151852341416,Known-trail future months,Statewide Strava + calendar,Random Forest,
McKenley Hollow,2023-07-01,103,174.82700666775446,Known-trail future months,Statewide Strava + calendar,Random Forest,
Red Hill Dinch Road,2023-07-01,291,176.08151852341416,Known-trail future months,Statewide Strava + calendar,Random Forest,
Slide Mt,2023-07-01,794,341.58834631769287,Known-trail future months,Statewide Strava + calendar,Random Forest,
Upper Cherrytown Road,2023-07-01,329,176.08151852341416,Known-trail future months,Statewide Strava + calendar,Random Forest,
Biscuit Brook,2023-08-01,98,175.54428453555212,Known-trail future months,Statewide Strava + calendar,Random Forest,
McKenley Hollow,2023-08-01,116,174.29357864684303,Known-trail future months,Statewide Strava + calendar,Random Forest,
Onteora Lake,2023-08-01,284,175.88198196503336,Known-trail future months,Statewide Strava + calendar,Random Forest,
Red Hill Dinch Road,2023-08-01,238,175.54428453555212,Known-trail future months,Statewide Strava + calendar,Random Forest,
Slide Mt,2023-08-01,606,340.46916147595573,Known-trail future months,Statewide Strava + calendar,Random Forest,
Upper Cherrytown Road,2023-08-01,197,175.54428453555212,Known-trail future months,Statewide Strava + calendar,Random Forest,
McKenley Hollow,2023-09-01,119,172.89439340878056,Known-trail future months,Statewide Strava + calendar,Random Forest,
Onteora Lake,2023-09-01,311,174.47011816514336,Known-trail future months,Statewide Strava + calendar,Random Forest,
Red Hill Dinch Road,2023-09-01,172,174.1351162209271,Known-trail future months,Statewide Strava + calendar,Random Forest,
Upper Cherrytown Road,2023-09-01,2,174.1351162209271,Known-trail future months,Statewide Strava + calendar,Random Forest,
McKenley Hollow,2023-10-01,119,173.04368159363835,Known-trail future months,Statewide Strava + calendar,Random Forest,
Onteora Lake,2023-10-01,418,174.6207591083282,Known-trail future months,Statewide Strava + calendar,Random Forest,
Red Hill Dinch Road,2023-10-01,158,174.28546956523527,Known-trail future months,Statewide Strava + calendar,Random Forest,
Seager,2023-10-01,41,163.8333393962546,Known-trail future months,Statewide Strava + calendar,Random Forest,
Upper Cherrytown Road,2023-10-01,16,174.28546956523527,Known-trail future months,Statewide Strava + calendar,Random Forest,
Dry Brook Ridge to Lean-to,2023-11-01,25,20.866203407097913,Known-trail future months,Statewide Strava + calendar,Random Forest,
Fox Hollow,2023-11-01,75,134.50974263107918,Known-trail future months,Statewide Strava + calendar,Random Forest,
Hardenburgh- MH Trail,2023-11-01,4,5.2366701830306885,Known-trail future months,Statewide Strava + calendar,Random Forest,
Kelly Hollow,2023-11-01,154,135.9600962237416,Known-trail future months,Statewide Strava + calendar,Random Forest,
Lane Street,2023-11-01,57,85.53820319896793,Known-trail future months,Statewide Strava + calendar,Random Forest,
McKenley Hollow,2023-11-01,102,134.9898195630395,Known-trail future months,Statewide Strava + calendar,Random Forest,
Onteora Lake,2023-11-01,246,136.34133748452072,Known-trail future months,Statewide Strava + calendar,Random Forest,
Red Hill Dinch Road,2023-11-01,123,135.9600962237416,Known-trail future months,Statewide Strava + calendar,Random Forest,
Rochester Hollow,2023-11-01,150,135.9600962237416,Known-trail future months,Statewide Strava + calendar,Random Forest,
Seager,2023-11-01,38,116.39793467863907,Known-trail future months,Statewide Strava + calendar,Random Forest,
Upper Cherrytown Road,2023-11-01,1,135.9600962237416,Known-trail future months,Statewide Strava + calendar,Random Forest,
Alder Lake,2023-12-01,45,105.1357371866147,Known-trail future months,Statewide Strava + calendar,Random Forest,
Beaverkill Road to BLM FT,2023-12-01,84,105.1357371866147,Known-trail future months,Statewide Strava + calendar,Random Forest,
Dry Brook Ridge to Lean-to,2023-12-01,12,23.532844246949423,Known-trail future months,Statewide Strava + calendar,Random Forest,
Flynn,2023-12-01,8,32.67704524273739,Known-trail future months,Statewide Strava + calendar,Random Forest,
Fox Hollow,2023-12-01,59,103.350178774515,Known-trail future months,Statewide Strava + calendar,Random Forest,
Frick Pond,2023-12-01,59,105.1357371866147,Known-trail future months,Statewide Strava + calendar,Random Forest,
Hardenburgh- MH Trail,2023-12-01,0,5.760838340686527,Known-trail future months,Statewide Strava + calendar,Random Forest,
Kelly Hollow,2023-12-01,112,105.1357371866147,Known-trail future months,Statewide Strava + calendar,Random Forest,
Lane Street,2023-12-01,24,75.46174037968629,Known-trail future months,Statewide Strava + calendar,Random Forest,
McKenley Hollow,2023-12-01,97,105.1357371866147,Known-trail future months,Statewide Strava + calendar,Random Forest,
Mt Tremper,2023-12-01,176,108.96272876737953,Known-trail future months,Statewide Strava + calendar,Random Forest,
Neversink Hardenburgh Trail,2023-12-01,10,6.002962803249728,Known-trail future months,Statewide Strava + calendar,Random Forest,
Onteora Lake,2023-12-01,216,105.67626607903887,Known-trail future months,Statewide Strava + calendar,Random Forest,
Red Hill Dinch Road,2023-12-01,97,105.1357371866147,Known-trail future months,Statewide Strava + calendar,Random Forest,
Rider Hollow,2023-12-01,128,108.81535526601155,Known-trail future months,Statewide Strava + calendar,Random Forest,
Rochester Hollow,2023-12-01,125,105.1357371866147,Known-trail future months,Statewide Strava + calendar,Random Forest,
Seager,2023-12-01,22,80.58397470581943,Known-trail future months,Statewide Strava + calendar,Random Forest,
Upper Cherrytown Road,2023-12-01,7,105.1357371866147,Known-trail future months,Statewide Strava + calendar,Random Forest,
Alder Lake,2024-01-01,33,83.3979469053656,Known-trail future months,Statewide Strava + calendar,Random Forest,
Beaverkill Road to BLM FT,2024-01-01,33,83.35471085318629,Known-trail future months,Statewide Strava + calendar,Random Forest,
Cathedral Glen,2024-01-01,6,6.550204757297658,Known-trail future months,Statewide Strava + calendar,Random Forest,
Denning,2024-01-01,59,83.48551305862463,Known-trail future months,Statewide Strava + calendar,Random Forest,
Dry Brook Ridge to Lean-to,2024-01-01,11,19.80960254918565,Known-trail future months,Statewide Strava + calendar,Random Forest,
Flynn,2024-01-01,12,27.2861950813544,Known-trail future months,Statewide Strava + calendar,Random Forest,
Fox Hollow,2024-01-01,20,81.93458277080309,Known-trail future months,Statewide Strava + calendar,Random Forest,
Frick Pond,2024-01-01,53,83.3979469053656,Known-trail future months,Statewide Strava + calendar,Random Forest,
Hardenburgh- MH Trail,2024-01-01,2,3.5153713908254183,Known-trail future months,Statewide Strava + calendar,Random Forest,
Kelly Hollow,2024-01-01,44,83.3979469053656,Known-trail future months,Statewide Strava + calendar,Random Forest,
Lane Street,2024-01-01,13,63.59220014338785,Known-trail future months,Statewide Strava + calendar,Random Forest,
McKenley Hollow,2024-01-01,20,83.3979469053656,Known-trail future months,Statewide Strava + calendar,Random Forest,
Mt Tremper,2024-01-01,107,87.69781710068716,Known-trail future months,Statewide Strava + calendar,Random Forest,
Neversink Hardenburgh Trail,2024-01-01,0,3.77124715607347,Known-trail future months,Statewide Strava + calendar,Random Forest,
Red Hill Dinch Road,2024-01-01,79,83.3979469053656,Known-trail future months,Statewide Strava + calendar,Random Forest,
Rider Hollow,2024-01-01,118,89.90631401217395,Known-trail future months,Statewide Strava + calendar,Random Forest,
Rochester Hollow,2024-01-01,51,83.3979469053656,Known-trail future months,Statewide Strava + calendar,Random Forest,
Seager,2024-01-01,24,62.91997619040293,Known-trail future months,Statewide Strava + calendar,Random Forest,
Alder Lake,2024-02-01,55,160.72860120847022,Known-trail future months,Statewide Strava + calendar,Random Forest,
Beaverkill Road to BLM FT,2024-02-01,81,160.72860120847022,Known-trail future months,Statewide Strava + calendar,Random Forest,
Cathedral Glen,2024-02-01,11,11.398646029922297,Known-trail future months,Statewide Strava + calendar,Random Forest,
Denning,2024-02-01,111,161.25621575059657,Known-trail future months,Statewide Strava + calendar,Random Forest,
Dry Brook Ridge to Lean-to,2024-02-01,22,21.593754045719187,Known-trail future months,Statewide Strava + calendar,Random Forest,
Flynn,2024-02-01,13,92.10069976328954,Known-trail future months,Statewide Strava + calendar,Random Forest,
Fox Hollow,2024-02-01,67,160.53108109607408,Known-trail future months,Statewide Strava + calendar,Random Forest,
Frick Pond,2024-02-01,35,160.72860120847022,Known-trail future months,Statewide Strava + calendar,Random Forest,
Hardenburgh- MH Trail,2024-02-01,17,4.092451227783957,Known-trail future months,Statewide Strava + calendar,Random Forest,
Kelly Hollow,2024-02-01,70,160.72860120847022,Known-trail future months,Statewide Strava + calendar,Random Forest,
Lane Street,2024-02-01,27,92.23402460965674,Known-trail future months,Statewide Strava + calendar,Random Forest,
McKenley Hollow,2024-02-01,3,159.58285517406145,Known-trail future months,Statewide Strava + calendar,Random Forest,
Mt Tremper,2024-02-01,103,161.0114745436987,Known-trail future months,Statewide Strava + calendar,Random Forest,
Neversink Hardenburgh Trail,2024-02-01,1,9.423365137991862,Known-trail future months,Statewide Strava + calendar,Random Forest,
Red Hill Dinch Road,2024-02-01,100,160.72860120847022,Known-trail future months,Statewide Strava + calendar,Random Forest,
Rider Hollow,2024-02-01,189,161.9086482530663,Known-trail future months,Statewide Strava + calendar,Random Forest,
Rochester Hollow,2024-02-01,89,160.72860120847022,Known-trail future months,Statewide Strava + calendar,Random Forest,
Seager,2024-02-01,31,149.86349468463632,Known-trail future months,Statewide Strava + calendar,Random Forest,
Alder Lake,2024-03-01,63,161.0741534285035,Known-trail future months,Statewide Strava + calendar,Random Forest,
Beaverkill Road to BLM FT,2024-03-01,82,161.0741534285035,Known-trail future months,Statewide Strava + calendar,Random Forest,
Cathedral Glen,2024-03-01,10,11.472852944814754,Known-trail future months,Statewide Strava + calendar,Random Forest,
Denning,2024-03-01,204,161.5017859450624,Known-trail future months,Statewide Strava + calendar,Random Forest,
Dry Brook Ridge to Lean-to,2024-03-01,10,20.81893267257673,Known-trail future months,Statewide Strava + calendar,Random Forest,
Flynn,2024-03-01,12,93.2688417259367,Known-trail future months,Statewide Strava + calendar,Random Forest,
Fox Hollow,2024-03-01,40,160.87621129110522,Known-trail future months,Statewide Strava + calendar,Random Forest,
Frick Pond,2024-03-01,45,161.0741534285035,Known-trail future months,Statewide Strava + calendar,Random Forest,
Hardenburgh- MH Trail,2024-03-01,4,4.479423043415072,Known-trail future months,Statewide Strava + calendar,Random Forest,
Kelly Hollow,2024-03-01,96,161.0741534285035,Known-trail future months,Statewide Strava + calendar,Random Forest,
Lane Street,2024-03-01,28,90.98287396255174,Known-trail future months,Statewide Strava + calendar,Random Forest,
McKenley Hollow,2024-03-01,7,159.92595937263886,Known-trail future months,Statewide Strava + calendar,Random Forest,
Mt Tremper,2024-03-01,123,161.3576311559562,Known-trail future months,Statewide Strava + calendar,Random Forest,
Neversink Hardenburgh Trail,2024-03-01,4,11.0514989276018,Known-trail future months,Statewide Strava + calendar,Random Forest,
Red Hill Dinch Road,2024-03-01,21,161.0741534285035,Known-trail future months,Statewide Strava + calendar,Random Forest,
Rider Hollow,2024-03-01,166,162.09547365675144,Known-trail future months,Statewide Strava + calendar,Random Forest,
Rochester Hollow,2024-03-01,117,161.0741534285035,Known-trail future months,Statewide Strava + calendar,Random Forest,
Seager,2024-03-01,15,150.46576967302525,Known-trail future months,Statewide Strava + calendar,Random Forest,
Woodchuck Hollow,2024-03-01,1,2.3933007653407583,Known-trail future months,Statewide Strava + calendar,Random Forest,
Alder Lake,2024-04-01,127,166.3049705724781,Known-trail future months,Statewide Strava + calendar,Random Forest,
Beaverkill Road to BLM FT,2024-04-01,110,166.3049705724781,Known-trail future months,Statewide Strava + calendar,Random Forest,
Cathedral Glen,2024-04-01,21,10.644678041046648,Known-trail future months,Statewide Strava + calendar,Random Forest,
Denning,2024-04-01,233,166.74640459564137,Known-trail future months,Statewide Strava + calendar,Random Forest,
Dry Brook Ridge to Lean-to,2024-04-01,13,20.737064138364413,Known-trail future months,Statewide Strava + calendar,Random Forest,
Flynn,2024-04-01,18,99.0782207970799,Known-trail future months,Statewide Strava + calendar,Random Forest,
Fox Hollow,2024-04-01,48,166.1006400066726,Known-trail future months,Statewide Strava + calendar,Random Forest,
Frick Pond,2024-04-01,70,166.3049705724781,Known-trail future months,Statewide Strava + calendar,Random Forest,
Hardenburgh- MH Trail,2024-04-01,1,4.85388621435299,Known-trail future months,Statewide Strava + calendar,Random Forest,
Kelly Hollow,2024-04-01,127,166.3049705724781,Known-trail future months,Statewide Strava + calendar,Random Forest,
Lane Street,2024-04-01,36,91.99590851924971,Known-trail future months,Statewide Strava + calendar,Random Forest,
Mt Tremper,2024-04-01,64,166.59759732292616,Known-trail future months,Statewide Strava + calendar,Random Forest,
Neversink Hardenburgh Trail,2024-04-01,4,16.78724704156348,Known-trail future months,Statewide Strava + calendar,Random Forest,
Rider Hollow,2024-04-01,103,166.3049705724781,Known-trail future months,Statewide Strava + calendar,Random Forest,
Rochester Hollow,2024-04-01,99,166.3049705724781,Known-trail future months,Statewide Strava + calendar,Random Forest,
Seager,2024-04-01,40,155.4943693433707,Known-trail future months,Statewide Strava + calendar,Random Forest,
Alder Lake,2024-05-01,147,176.52753555713508,Known-trail future months,Statewide Strava + calendar,Random Forest,
Beaverkill Road to BLM FT,2024-05-01,189,176.52753555713508,Known-trail future months,Statewide Strava + calendar,Random Forest,
Cathedral Glen,2024-05-01,19,10.623212971352604,Known-trail future months,Statewide Strava + calendar,Random Forest,
Denning,2024-05-01,260,176.9959418093528,Known-trail future months,Statewide Strava + calendar,Random Forest,
Dry Brook Ridge to Lean-to,2024-05-01,17,21.09880500141994,Known-trail future months,Statewide Strava + calendar,Random Forest,
Flynn,2024-05-01,24,104.12948410577751,Known-trail future months,Statewide Strava + calendar,Random Forest,
Fox Hollow,2024-05-01,71,176.31072011129194,Known-trail future months,Statewide Strava + calendar,Random Forest,
Frick Pond,2024-05-01,125,176.52753555713508,Known-trail future months,Statewide Strava + calendar,Random Forest,
Hardenburgh- MH Trail,2024-05-01,23,5.475750784080985,Known-trail future months,Statewide Strava + calendar,Random Forest,
Kelly Hollow,2024-05-01,182,176.52753555713508,Known-trail future months,Statewide Strava + calendar,Random Forest,
Lane Street,2024-05-01,54,95.86183192214017,Known-trail future months,Statewide Strava + calendar,Random Forest,
Mt Tremper,2024-05-01,19,177.06319808011915,Known-trail future months,Statewide Strava + calendar,Random Forest,
Neversink Hardenburgh Trail,2024-05-01,34,20.348959373354468,Known-trail future months,Statewide Strava + calendar,Random Forest,
Rider Hollow,2024-05-01,98,176.52753555713508,Known-trail future months,Statewide Strava + calendar,Random Forest,
Rochester Hollow,2024-05-01,182,176.52753555713508,Known-trail future months,Statewide Strava + calendar,Random Forest,
Seager,2024-05-01,53,165.52378911016865,Known-trail future months,Statewide Strava + calendar,Random Forest,
Woodchuck Hollow,2024-05-01,1,2.717098268911453,Known-trail future months,Statewide Strava + calendar,Random Forest,
Woodland Valley,2024-05-01,99,175.4164418234739,Known-trail future months,Statewide Strava + calendar,Random Forest,
Alder Lake,2024-06-01,168,176.22180422631752,Known-trail future months,Statewide Strava + calendar,Random Forest,
Beaverkill Road to BLM FT,2024-06-01,190,176.22180422631752,Known-trail future months,Statewide Strava + calendar,Random Forest,
Cathedral Glen,2024-06-01,30,10.55632729198682,Known-trail future months,Statewide Strava + calendar,Random Forest,
Denning,2024-06-01,281,176.68940380667746,Known-trail future months,Statewide Strava + calendar,Random Forest,
Dry Brook Ridge to Lean-to,2024-06-01,20,21.193257353661085,Known-trail future months,Statewide Strava + calendar,Random Forest,
Flynn,2024-06-01,30,103.93622997777848,Known-trail future months,Statewide Strava + calendar,Random Forest,
Fox Hollow,2024-06-01,64,176.00536217198552,Known-trail future months,Statewide Strava + calendar,Random Forest,
Frick Pond,2024-06-01,131,176.22180422631752,Known-trail future months,Statewide Strava + calendar,Random Forest,
Hardenburgh- MH Trail,2024-06-01,17,6.197661982781839,Known-trail future months,Statewide Strava + calendar,Random Forest,
Kelly Hollow,2024-06-01,156,176.22180422631752,Known-trail future months,Statewide Strava + calendar,Random Forest,
Lane Street,2024-06-01,71,95.9497419092757,Known-trail future months,Statewide Strava + calendar,Random Forest,
Mt Tremper,2024-06-01,22,176.75654425119143,Known-trail future months,Statewide Strava + calendar,Random Forest,
Neversink Hardenburgh Trail,2024-06-01,13,21.222569577437344,Known-trail future months,Statewide Strava + calendar,Random Forest,
Rider Hollow,2024-06-01,93,176.22180422631752,Known-trail future months,Statewide Strava + calendar,Random Forest,
Rochester Hollow,2024-06-01,113,176.22180422631752,Known-trail future months,Statewide Strava + calendar,Random Forest,
Seager,2024-06-01,73,165.23700802295514,Known-trail future months,Statewide Strava + calendar,Random Forest,
Slide Mt,2024-06-01,593,326.1199107040771,Known-trail future months,Statewide Strava + calendar,Random Forest,
Woodland Valley,2024-06-01,70,175.5571047988688,Known-trail future months,Statewide Strava + calendar,Random Forest,
Alder Lake,2024-07-01,299,176.70176211623132,Known-trail future months,Statewide Strava + calendar,Random Forest,
Beaverkill Road to BLM FT,2024-07-01,193,176.70176211623132,Known-trail future months,Statewide Strava + calendar,Random Forest,
Cathedral Glen,2024-07-01,6,10.57279901047364,Known-trail future months,Statewide Strava + calendar,Random Forest,
Denning,2024-07-01,293,177.17062806507732,Known-trail future months,Statewide Strava + calendar,Random Forest,
Dry Brook Ridge to Lean-to,2024-07-01,46,21.119476740329926,Known-trail future months,Statewide Strava + calendar,Random Forest,
Flynn,2024-07-01,64,104.18827727743648,Known-trail future months,Statewide Strava + calendar,Random Forest,
Fox Hollow,2024-07-01,98,176.48473388644442,Known-trail future months,Statewide Strava + calendar,Random Forest,
Frick Pond,2024-07-01,209,176.70176211623132,Known-trail future months,Statewide Strava + calendar,Random Forest,
Giant Ledge,2024-07-01,150,500.20026943839184,Known-trail future months,Statewide Strava + calendar,Random Forest,
Hardenburgh- MH Trail,2024-07-01,16,6.265819473502464,Known-trail future months,Statewide Strava + calendar,Random Forest,
Kelly Hollow,2024-07-01,215,176.70176211623132,Known-trail future months,Statewide Strava + calendar,Random Forest,
Lane Street,2024-07-01,81,96.39619763446294,Known-trail future months,Statewide Strava + calendar,Random Forest,
Mt Tremper,2024-07-01,35,177.23795034154017,Known-trail future months,Statewide Strava + calendar,Random Forest,
Neversink Hardenburgh Trail,2024-07-01,21,21.475648518579646,Known-trail future months,Statewide Strava + calendar,Random Forest,
Rider Hollow,2024-07-01,128,176.70176211623132,Known-trail future months,Statewide Strava + calendar,Random Forest,
Rochester Hollow,2024-07-01,229,176.70176211623132,Known-trail future months,Statewide Strava + calendar,Random Forest,
Seager,2024-07-01,78,166.19055998294644,Known-trail future months,Statewide Strava + calendar,Random Forest,
Slide Mt,2024-07-01,868,340.0109642948206,Known-trail future months,Statewide Strava + calendar,Random Forest,
Woodchuck Hollow,2024-07-01,5,2.660557264134806,Known-trail future months,Statewide Strava + calendar,Random Forest,
Woodland Valley,2024-07-01,12,176.38539695320713,Known-trail future months,Statewide Strava + calendar,Random Forest,
Alder Lake,2024-08-01,303,176.6893151277915,Known-trail future months,Statewide Strava + calendar,Random Forest,
Beaverkill Road to BLM FT,2024-08-01,196,176.6893151277915,Known-trail future months,Statewide Strava + calendar,Random Forest,
Cathedral Glen,2024-08-01,32,10.468737954616842,Known-trail future months,Statewide Strava + calendar,Random Forest,
Denning,2024-08-01,270,177.15814823526904,Known-trail future months,Statewide Strava + calendar,Random Forest,
Dry Brook Ridge to Lean-to,2024-08-01,33,20.982279381515237,Known-trail future months,Statewide Strava + calendar,Random Forest,
Flynn,2024-08-01,25,104.013531385415,Known-trail future months,Statewide Strava + calendar,Random Forest,
Fox Hollow,2024-08-01,114,176.47230209958653,Known-trail future months,Statewide Strava + calendar,Random Forest,
Frick Pond,2024-08-01,192,176.6893151277915,Known-trail future months,Statewide Strava + calendar,Random Forest,
Hardenburgh- MH Trail,2024-08-01,9,6.203052107214514,Known-trail future months,Statewide Strava + calendar,Random Forest,
Kelly Hollow,2024-08-01,248,176.6893151277915,Known-trail future months,Statewide Strava + calendar,Random Forest,
Lane Street,2024-08-01,56,96.2801750395407,Known-trail future months,Statewide Strava + calendar,Random Forest,
Millbrook to BLM FT,2024-08-01,392,178.08102422578798,Known-trail future months,Statewide Strava + calendar,Random Forest,
Mt Tremper,2024-08-01,587,177.22546579619302,Known-trail future months,Statewide Strava + calendar,Random Forest,
Neversink Hardenburgh Trail,2024-08-01,11,21.438163384397846,Known-trail future months,Statewide Strava + calendar,Random Forest,
Rider Hollow,2024-08-01,150,176.6893151277915,Known-trail future months,Statewide Strava + calendar,Random Forest,
Rochester Hollow,2024-08-01,261,176.6893151277915,Known-trail future months,Statewide Strava + calendar,Random Forest,
Seager,2024-08-01,63,166.09384560051555,Known-trail future months,Statewide Strava + calendar,Random Forest,
Slide Mt,2024-08-01,1077,340.23200155653166,Known-trail future months,Statewide Strava + calendar,Random Forest,
Woodchuck Hollow,2024-08-01,2,2.313365692216708,Known-trail future months,Statewide Strava + calendar,Random Forest,
Woodland Valley,2024-08-01,9,176.22216008174482,Known-trail future months,Statewide Strava + calendar,Random Forest,
Alder Lake,2024-09-01,229,176.3425958991162,Known-trail future months,Statewide Strava + calendar,Random Forest,
Ashokan HP,2024-09-01,127,176.19237793758734,Known-trail future months,Statewide Strava + calendar,Random Forest,
Beaverkill Road to BLM FT,2024-09-01,203,176.3425958991162,Known-trail future months,Statewide Strava + calendar,Random Forest,
Cathedral Glen,2024-09-01,6,10.36952932212867,Known-trail future months,Statewide Strava + calendar,Random Forest,
Denning,2024-09-01,243,176.81051418820235,Known-trail future months,Statewide Strava + calendar,Random Forest,
Dry Brook Ridge to Lean-to,2024-09-01,14,20.93530291616143,Known-trail future months,Statewide Strava + calendar,Random Forest,
Flynn,2024-09-01,71,101.74588120757326,Known-trail future months,Statewide Strava + calendar,Random Forest,
Fox Hollow,2024-09-01,36,176.12600632118827,Known-trail future months,Statewide Strava + calendar,Random Forest,
Frick Pond,2024-09-01,200,176.3425958991162,Known-trail future months,Statewide Strava + calendar,Random Forest,
Giant Ledge,2024-09-01,116,499.2578927678639,Known-trail future months,Statewide Strava + calendar,Random Forest,
Hardenburgh- MH Trail,2024-09-01,13,6.214647834811915,Known-trail future months,Statewide Strava + calendar,Random Forest,
Kelly Hollow,2024-09-01,125,176.3425958991162,Known-trail future months,Statewide Strava + calendar,Random Forest,
Lane Street,2024-09-01,39,95.85399592411561,Known-trail future months,Statewide Strava + calendar,Random Forest,
Millbrook to BLM FT,2024-09-01,347,177.73158940161053,Known-trail future months,Statewide Strava + calendar,Random Forest,
Neversink Hardenburgh Trail,2024-09-01,17,20.484065757426407,Known-trail future months,Statewide Strava + calendar,Random Forest,
Overlook,2024-09-01,717,731.9986469403647,Known-trail future months,Statewide Strava + calendar,Random Forest,
Rider Hollow,2024-09-01,91,176.3425958991162,Known-trail future months,Statewide Strava + calendar,Random Forest,
Rochester Hollow,2024-09-01,131,176.3425958991162,Known-trail future months,Statewide Strava + calendar,Random Forest,
Slide Mt,2024-09-01,783,338.58475865101684,Known-trail future months,Statewide Strava + calendar,Random Forest,
Wittenberg,2024-09-01,414,230.74691800639886,Known-trail future months,Statewide Strava + calendar,Random Forest,
Woodchuck Hollow,2024-09-01,4,2.060532071554015,Known-trail future months,Statewide Strava + calendar,Random Forest,
Woodland Valley,2024-09-01,35,175.87635239711565,Known-trail future months,Statewide Strava + calendar,Random Forest,
Alder Lake,2024-10-01,17,175.81571984016767,Known-trail future months,Statewide Strava + calendar,Random Forest,
Ashokan HP,2024-10-01,260,175.665948168754,Known-trail future months,Statewide Strava + calendar,Random Forest,
Beaverkill Road to BLM FT,2024-10-01,12,175.81571984016767,Known-trail future months,Statewide Strava + calendar,Random Forest,
Denning,2024-10-01,306,176.28224796721867,Known-trail future months,Statewide Strava + calendar,Random Forest,
Flynn,2024-10-01,1,101.43443781822518,Known-trail future months,Statewide Strava + calendar,Random Forest,
Frick Pond,2024-10-01,6,175.81571984016767,Known-trail future months,Statewide Strava + calendar,Random Forest,
Giant Ledge,2024-10-01,1383,499.2578927678639,Known-trail future months,Statewide Strava + calendar,Random Forest,
Millbrook to BLM FT,2024-10-01,462,177.2005867118388,Known-trail future months,Statewide Strava + calendar,Random Forest,
Neversink Hardenburgh Trail,2024-10-01,31,20.42849247269617,Known-trail future months,Statewide Strava + calendar,Random Forest,
Overlook,2024-10-01,1143,717.557402429687,Known-trail future months,Statewide Strava + calendar,Random Forest,
Slide Mt,2024-10-01,757,337.575869171251,Known-trail future months,Statewide Strava + calendar,Random Forest,
Wittenberg,2024-10-01,638,230.15931666834433,Known-trail future months,Statewide Strava + calendar,Random Forest,
Woodchuck Hollow,2024-10-01,4,2.060532071554015,Known-trail future months,Statewide Strava + calendar,Random Forest,
Woodland Valley,2024-10-01,182,175.35086152449318,Known-trail future months,Statewide Strava + calendar,Random Forest,
Ashokan HP,2024-11-01,63,174.83071432944874,Known-trail future months,Statewide Strava + calendar,Random Forest,
Denning,2024-11-01,76,175.2946435202941,Known-trail future months,Statewide Strava + calendar,Random Forest,
Giant Ledge,2024-11-01,404,491.3820751371153,Known-trail future months,Statewide Strava + calendar,Random Forest,
Millbrook to BLM FT,2024-11-01,251,176.2078663808458,Known-trail future months,Statewide Strava + calendar,Random Forest,
Overlook,2024-11-01,843,666.7366617977326,Known-trail future months,Statewide Strava + calendar,Random Forest,
Wittenberg,2024-11-01,289,227.59395383282592,Known-trail future months,Statewide Strava + calendar,Random Forest,
Woodchuck Hollow,2024-11-01,4,2.2131642578708637,Known-trail future months,Statewide Strava + calendar,Random Forest,
Woodland Valley,2024-11-01,88,174.36844564779003,Known-trail future months,Statewide Strava + calendar,Random Forest,
Ashokan HP,2024-12-01,53,163.6553334553635,Known-trail future months,Statewide Strava + calendar,Random Forest,
Giant Ledge,2024-12-01,235,473.46708602073085,Known-trail future months,Statewide Strava + calendar,Random Forest,
Millbrook to BLM FT,2024-12-01,133,167.11079709106357,Known-trail future months,Statewide Strava + calendar,Random Forest,
Overlook,2024-12-01,291,542.5478746567991,Known-trail future months,Statewide Strava + calendar,Random Forest,
Wittenberg,2024-12-01,115,209.6802154207221,Known-trail future months,Statewide Strava + calendar,Random Forest,
Woodland Valley,2024-12-01,25,161.52697507580842,Known-trail future months,Statewide Strava + calendar,Random Forest,
Ashokan HP,2025-01-01,35,163.6364097107966,Known-trail future months,Statewide Strava + calendar,Random Forest,
Giant Ledge,2025-01-01,268,416.16862124116034,Known-trail future months,Statewide Strava + calendar,Random Forest,
Millbrook to BLM FT,2025-01-01,143,166.133410886253,Known-trail future months,Statewide Strava + calendar,Random Forest,
Overlook,2025-01-01,358,597.1205609483799,Known-trail future months,Statewide Strava + calendar,Random Forest,
Wittenberg,2025-01-01,103,206.37172194180593,Known-trail future months,Statewide Strava + calendar,Random Forest,
Woodland Valley,2025-01-01,15,160.10157772312243,Known-trail future months,Statewide Strava + calendar,Random Forest,
Ashokan HP,2025-02-01,27,133.6287325819034,Known-trail future months,Statewide Strava + calendar,Random Forest,
Giant Ledge,2025-02-01,184,344.56005799790336,Known-trail future months,Statewide Strava + calendar,Random Forest,
Millbrook to BLM FT,2025-02-01,139,139.35398901292757,Known-trail future months,Statewide Strava + calendar,Random Forest,
Overlook,2025-02-01,182,480.61275028135975,Known-trail future months,Statewide Strava + calendar,Random Forest,
Wittenberg,2025-02-01,55,154.3810244224496,Known-trail future months,Statewide Strava + calendar,Random Forest,
Woodland Valley,2025-02-01,30,118.1243206899071,Known-trail future months,Statewide Strava + calendar,Random Forest,
Ashokan HP,2025-03-01,83,162.41082011658685,Known-trail future months,Statewide Strava + calendar,Random Forest,
Giant Ledge,2025-03-01,371,431.1490863109831,Known-trail future months,Statewide Strava + calendar,Random Forest,
Millbrook to BLM FT,2025-03-01,131,164.26964679787918,Known-trail future months,Statewide Strava + calendar,Random Forest,
Overlook,2025-03-01,426,663.1469197773156,Known-trail future months,Statewide Strava + calendar,Random Forest,
Wittenberg,2025-03-01,126,203.17815103752895,Known-trail future months,Statewide Strava + calendar,Random Forest,
Woodland Valley,2025-03-01,41,158.91052058017644,Known-trail future months,Statewide Strava + calendar,Random Forest,
Ashokan HP,2025-04-01,89,168.30094915158136,Known-trail future months,Statewide Strava + calendar,Random Forest,
Giant Ledge,2025-04-01,341,448.8411473881163,Known-trail future months,Statewide Strava + calendar,Random Forest,
Millbrook to BLM FT,2025-04-01,173,169.55590199947187,Known-trail future months,Statewide Strava + calendar,Random Forest,
Overlook,2025-04-01,576,731.7419434932758,Known-trail future months,Statewide Strava + calendar,Random Forest,
Wittenberg,2025-04-01,47,212.32301942921202,Known-trail future months,Statewide Strava + calendar,Random Forest,
Woodland Valley,2025-04-01,47,165.99627283883603,Known-trail future months,Statewide Strava + calendar,Random Forest,
Ashokan HP,2025-05-01,72,176.37716094255686,Known-trail future months,Statewide Strava + calendar,Random Forest,
Giant Ledge,2025-05-01,403,476.0957574994078,Known-trail future months,Statewide Strava + calendar,Random Forest,
Millbrook to BLM FT,2025-05-01,277,177.8287925565204,Known-trail future months,Statewide Strava + calendar,Random Forest,
Overlook,2025-05-01,828,780.2558286292216,Known-trail future months,Statewide Strava + calendar,Random Forest,
Wittenberg,2025-05-01,477,225.52238828571157,Known-trail future months,Statewide Strava + calendar,Random Forest,
Woodland Valley,2025-05-01,13,175.4164418234739,Known-trail future months,Statewide Strava + calendar,Random Forest,
Ashokan HP,2025-06-01,160,176.4647598016539,Known-trail future months,Statewide Strava + calendar,Random Forest,
Giant Ledge,2025-06-01,629,484.56282982832323,Known-trail future months,Statewide Strava + calendar,Random Forest,
Millbrook to BLM FT,2025-06-01,231,177.91710831328663,Known-trail future months,Statewide Strava + calendar,Random Forest,
Overlook,2025-06-01,854,793.390138213166,Known-trail future months,Statewide Strava + calendar,Random Forest,
Wittenberg,2025-06-01,532,231.52785695193478,Known-trail future months,Statewide Strava + calendar,Random Forest,
Ashokan HP,2025-07-01,260,176.53880347790457,Known-trail future months,Statewide Strava + calendar,Random Forest,
Giant Ledge,2025-07-01,400,498.4308980583516,Known-trail future months,Statewide Strava + calendar,Random Forest,
Millbrook to BLM FT,2025-07-01,340,178.08102422578798,Known-trail future months,Statewide Strava + calendar,Random Forest,
Overlook,2025-07-01,1038,801.4091823913432,Known-trail future months,Statewide Strava + calendar,Random Forest,
Wittenberg,2025-07-01,587,232.4542378162646,Known-trail future months,Statewide Strava + calendar,Random Forest,
Ashokan HP,2025-08-01,173,176.53880347790457,Known-trail future months,Statewide Strava + calendar,Random Forest,
Millbrook to BLM FT,2025-08-01,354,178.08102422578798,Known-trail future months,Statewide Strava + calendar,Random Forest,
Overlook,2025-08-01,698,781.5669204712912,Known-trail future months,Statewide Strava + calendar,Random Forest,
Wittenberg,2025-08-01,751,232.17676063112356,Known-trail future months,Statewide Strava + calendar,Random Forest,
Ashokan HP,2025-09-01,101,176.19237793758734,Known-trail future months,Statewide Strava + calendar,Random Forest,
Millbrook to BLM FT,2025-09-01,14,177.73158940161053,Known-trail future months,Statewide Strava + calendar,Random Forest,
Overlook,2025-09-01,27,731.9986469403647,Known-trail future months,Statewide Strava + calendar,Random Forest,
Wittenberg,2025-09-01,506,230.74691800639886,Known-trail future months,Statewide Strava + calendar,Random Forest,
Ashokan HP,2025-10-01,117,176.19237793758734,Known-trail future months,Statewide Strava + calendar,Random Forest,
Overlook,2025-10-01,4,718.8967646718793,Known-trail future months,Statewide Strava + calendar,Random Forest,
Wittenberg,2025-10-01,589,230.74691800639886,Known-trail future months,Statewide Strava + calendar,Random Forest,
Peekamoose,2022-12-01,58,43.57879289686852,Known-trail future months,Statewide Strava + calendar,HistGradientBoosting,
Biscuit Brook,2023-01-01,47,67.15731695692938,Known-trail future months,Statewide Strava + calendar,HistGradientBoosting,
Peekamoose,2023-01-01,139,64.8466994638898,Known-trail future months,Statewide Strava + calendar,HistGradientBoosting,
Bangle Hill,2023-02-01,18,57.23407106354195,Known-trail future months,Statewide Strava + calendar,HistGradientBoosting,
Biscuit Brook,2023-02-01,68,69.41216462453399,Known-trail future months,Statewide Strava + calendar,HistGradientBoosting,
Peekamoose,2023-02-01,90,67.20719436018524,Known-trail future months,Statewide Strava + calendar,HistGradientBoosting,
Bangle Hill,2023-03-01,5,48.19506630451266,Known-trail future months,Statewide Strava + calendar,HistGradientBoosting,
Biscuit Brook,2023-03-01,59,58.766432603816185,Known-trail future months,Statewide Strava + calendar,HistGradientBoosting,
Peekamoose,2023-03-01,63,57.428141155474044,Known-trail future months,Statewide Strava + calendar,HistGradientBoosting,
Bangle Hill,2023-04-01,11,85.18419588711987,Known-trail future months,Statewide Strava + calendar,HistGradientBoosting,
Biscuit Brook,2023-04-01,74,96.23218708083799,Known-trail future months,Statewide Strava + calendar,HistGradientBoosting,
Peekamoose,2023-04-01,92,99.59910397144793,Known-trail future months,Statewide Strava + calendar,HistGradientBoosting,
Bangle Hill,2023-05-01,5,170.11314059122964,Known-trail future months,Statewide Strava + calendar,HistGradientBoosting,
Biscuit Brook,2023-05-01,157,176.83843274381377,Known-trail future months,Statewide Strava + calendar,HistGradientBoosting,
Peekamoose,2023-05-01,234,190.01512058912363,Known-trail future months,Statewide Strava + calendar,HistGradientBoosting,
Slide Mt,2023-05-01,691,574.5485662356745,Known-trail future months,Statewide Strava + calendar,HistGradientBoosting,
Upper Cherrytown Road,2023-05-01,136,241.10225635811435,Known-trail future months,Statewide Strava + calendar,HistGradientBoosting,
Biscuit Brook,2023-06-01,121,143.05209155147747,Known-trail future months,Statewide Strava + calendar,HistGradientBoosting,
Peekamoose,2023-06-01,49,150.09027071732496,Known-trail future months,Statewide Strava + calendar,HistGradientBoosting,
Slide Mt,2023-06-01,587,488.2683240835061,Known-trail future months,Statewide Strava + calendar,HistGradientBoosting,
Upper Cherrytown Road,2023-06-01,143,207.64446615924305,Known-trail future months,Statewide Strava + calendar,HistGradientBoosting,
Biscuit Brook,2023-07-01,144,167.94596643617243,Known-trail future months,Statewide Strava + calendar,HistGradientBoosting,
McKenley Hollow,2023-07-01,103,108.43155161010564,Known-trail future months,Statewide Strava + calendar,HistGradientBoosting,
Red Hill Dinch Road,2023-07-01,291,244.01611376977638,Known-trail future months,Statewide Strava + calendar,HistGradientBoosting,
Slide Mt,2023-07-01,794,588.8497320049488,Known-trail future months,Statewide Strava + calendar,HistGradientBoosting,
Upper Cherrytown Road,2023-07-01,329,237.90893124164455,Known-trail future months,Statewide Strava + calendar,HistGradientBoosting,
Biscuit Brook,2023-08-01,98,169.6940693600875,Known-trail future months,Statewide Strava + calendar,HistGradientBoosting,
McKenley Hollow,2023-08-01,116,110.31709516283934,Known-trail future months,Statewide Strava + calendar,HistGradientBoosting,
Onteora Lake,2023-08-01,284,364.20545501913136,Known-trail future months,Statewide Strava + calendar,HistGradientBoosting,
Red Hill Dinch Road,2023-08-01,238,255.15221900040876,Known-trail future months,Statewide Strava + calendar,HistGradientBoosting,
Slide Mt,2023-08-01,606,577.3774564462769,Known-trail future months,Statewide Strava + calendar,HistGradientBoosting,
Upper Cherrytown Road,2023-08-01,197,234.58357484422183,Known-trail future months,Statewide Strava + calendar,HistGradientBoosting,
McKenley Hollow,2023-09-01,119,81.50776420350907,Known-trail future months,Statewide Strava + calendar,HistGradientBoosting,
Onteora Lake,2023-09-01,311,269.16428753413,Known-trail future months,Statewide Strava + calendar,HistGradientBoosting,
Red Hill Dinch Road,2023-09-01,172,178.7192996915354,Known-trail future months,Statewide Strava + calendar,HistGradientBoosting,
Upper Cherrytown Road,2023-09-01,2,164.98181029894226,Known-trail future months,Statewide Strava + calendar,HistGradientBoosting,
McKenley Hollow,2023-10-01,119,86.90790518570347,Known-trail future months,Statewide Strava + calendar,HistGradientBoosting,
Onteora Lake,2023-10-01,418,288.39258197075077,Known-trail future months,Statewide Strava + calendar,HistGradientBoosting,
Red Hill Dinch Road,2023-10-01,158,191.92623144129539,Known-trail future months,Statewide Strava + calendar,HistGradientBoosting,
Seager,2023-10-01,41,61.82548652982766,Known-trail future months,Statewide Strava + calendar,HistGradientBoosting,
Upper Cherrytown Road,2023-10-01,16,171.44591355500762,Known-trail future months,Statewide Strava + calendar,HistGradientBoosting,
Dry Brook Ridge to Lean-to,2023-11-01,25,20.986465838371906,Known-trail future months,Statewide Strava + calendar,HistGradientBoosting,
Fox Hollow,2023-11-01,75,88.82991856010163,Known-trail future months,Statewide Strava + calendar,HistGradientBoosting,
Hardenburgh- MH Trail,2023-11-01,4,5.43565806162335,Known-trail future months,Statewide Strava + calendar,HistGradientBoosting,
Kelly Hollow,2023-11-01,154,171.25882094554927,Known-trail future months,Statewide Strava + calendar,HistGradientBoosting,
Lane Street,2023-11-01,57,41.36178177848346,Known-trail future months,Statewide Strava + calendar,HistGradientBoosting,
McKenley Hollow,2023-11-01,102,94.42457777050693,Known-trail future months,Statewide Strava + calendar,HistGradientBoosting,
Onteora Lake,2023-11-01,246,231.3896800644627,Known-trail future months,Statewide Strava + calendar,HistGradientBoosting,
Red Hill Dinch Road,2023-11-01,123,155.5223840108377,Known-trail future months,Statewide Strava + calendar,HistGradientBoosting,
Rochester Hollow,2023-11-01,150,153.70648448539814,Known-trail future months,Statewide Strava + calendar,HistGradientBoosting,
Seager,2023-11-01,38,40.2316558537819,Known-trail future months,Statewide Strava + calendar,HistGradientBoosting,
Upper Cherrytown Road,2023-11-01,1,126.64965470380127,Known-trail future months,Statewide Strava + calendar,HistGradientBoosting,
Alder Lake,2023-12-01,45,49.844514155906715,Known-trail future months,Statewide Strava + calendar,HistGradientBoosting,
Beaverkill Road to BLM FT,2023-12-01,84,57.451679597874374,Known-trail future months,Statewide Strava + calendar,HistGradientBoosting,
Dry Brook Ridge to Lean-to,2023-12-01,12,9.536408031366859,Known-trail future months,Statewide Strava + calendar,HistGradientBoosting,
Flynn,2023-12-01,8,9.780390073472192,Known-trail future months,Statewide Strava + calendar,HistGradientBoosting,
Fox Hollow,2023-12-01,59,38.24212488509574,Known-trail future months,Statewide Strava + calendar,HistGradientBoosting,
Frick Pond,2023-12-01,59,42.689707439878,Known-trail future months,Statewide Strava + calendar,HistGradientBoosting,
Hardenburgh- MH Trail,2023-12-01,0,2.637603886123435,Known-trail future months,Statewide Strava + calendar,HistGradientBoosting,
Kelly Hollow,2023-12-01,112,83.02435506757139,Known-trail future months,Statewide Strava + calendar,HistGradientBoosting,
Lane Street,2023-12-01,24,21.234137618066168,Known-trail future months,Statewide Strava + calendar,HistGradientBoosting,
McKenley Hollow,2023-12-01,97,52.932070476462776,Known-trail future months,Statewide Strava + calendar,HistGradientBoosting,
Mt Tremper,2023-12-01,176,134.77931011169886,Known-trail future months,Statewide Strava + calendar,HistGradientBoosting,
Neversink Hardenburgh Trail,2023-12-01,10,2.280097958836958,Known-trail future months,Statewide Strava + calendar,HistGradientBoosting,
Onteora Lake,2023-12-01,216,125.22642401762499,Known-trail future months,Statewide Strava + calendar,HistGradientBoosting,
Red Hill Dinch Road,2023-12-01,97,78.3757506147504,Known-trail future months,Statewide Strava + calendar,HistGradientBoosting,
Rider Hollow,2023-12-01,128,104.73470193473239,Known-trail future months,Statewide Strava + calendar,HistGradientBoosting,
Rochester Hollow,2023-12-01,125,73.2276212714504,Known-trail future months,Statewide Strava + calendar,HistGradientBoosting,
Seager,2023-12-01,22,18.395131157057207,Known-trail future months,Statewide Strava + calendar,HistGradientBoosting,
Upper Cherrytown Road,2023-12-01,7,59.76996275918612,Known-trail future months,Statewide Strava + calendar,HistGradientBoosting,
Alder Lake,2024-01-01,33,39.17458659185267,Known-trail future months,Statewide Strava + calendar,HistGradientBoosting,
Beaverkill Road to BLM FT,2024-01-01,33,38.526975549946314,Known-trail future months,Statewide Strava + calendar,HistGradientBoosting,
Cathedral Glen,2024-01-01,6,4.568540511261719,Known-trail future months,Statewide Strava + calendar,HistGradientBoosting,
Denning,2024-01-01,59,50.74566265199657,Known-trail future months,Statewide Strava + calendar,HistGradientBoosting,
Dry Brook Ridge to Lean-to,2024-01-01,11,12.383200636373289,Known-trail future months,Statewide Strava + calendar,HistGradientBoosting,
Flynn,2024-01-01,12,12.151111238029035,Known-trail future months,Statewide Strava + calendar,HistGradientBoosting,
Fox Hollow,2024-01-01,20,29.21109520532388,Known-trail future months,Statewide Strava + calendar,HistGradientBoosting,
Frick Pond,2024-01-01,53,31.14796731140129,Known-trail future months,Statewide Strava + calendar,HistGradientBoosting,
Hardenburgh- MH Trail,2024-01-01,2,1.8431554408517141,Known-trail future months,Statewide Strava + calendar,HistGradientBoosting,
Kelly Hollow,2024-01-01,44,50.126530640469916,Known-trail future months,Statewide Strava + calendar,HistGradientBoosting,
Lane Street,2024-01-01,13,20.439772436494163,Known-trail future months,Statewide Strava + calendar,HistGradientBoosting,
McKenley Hollow,2024-01-01,20,43.36477445667826,Known-trail future months,Statewide Strava + calendar,HistGradientBoosting,
Mt Tremper,2024-01-01,107,76.39125373593302,Known-trail future months,Statewide Strava + calendar,HistGradientBoosting,
Neversink Hardenburgh Trail,2024-01-01,0,3.688963824980309,Known-trail future months,Statewide Strava + calendar,HistGradientBoosting,
Red Hill Dinch Road,2024-01-01,79,55.69385904029248,Known-trail future months,Statewide Strava + calendar,HistGradientBoosting,
Rider Hollow,2024-01-01,118,68.01894828940814,Known-trail future months,Statewide Strava + calendar,HistGradientBoosting,
Rochester Hollow,2024-01-01,51,53.85603881366176,Known-trail future months,Statewide Strava + calendar,HistGradientBoosting,
Seager,2024-01-01,24,14.828483362428896,Known-trail future months,Statewide Strava + calendar,HistGradientBoosting,
Alder Lake,2024-02-01,55,71.99723566031501,Known-trail future months,Statewide Strava + calendar,HistGradientBoosting,
Beaverkill Road to BLM FT,2024-02-01,81,70.28707864323641,Known-trail future months,Statewide Strava + calendar,HistGradientBoosting,
Cathedral Glen,2024-02-01,11,5.261011941939721,Known-trail future months,Statewide Strava + calendar,HistGradientBoosting,
Denning,2024-02-01,111,91.11899314154162,Known-trail future months,Statewide Strava + calendar,HistGradientBoosting,
Dry Brook Ridge to Lean-to,2024-02-01,22,10.472560258048613,Known-trail future months,Statewide Strava + calendar,HistGradientBoosting,
Flynn,2024-02-01,13,22.90123443817463,Known-trail future months,Statewide Strava + calendar,HistGradientBoosting,
Fox Hollow,2024-02-01,67,48.9970839289859,Known-trail future months,Statewide Strava + calendar,HistGradientBoosting,
Frick Pond,2024-02-01,35,53.285111814174186,Known-trail future months,Statewide Strava + calendar,HistGradientBoosting,
Hardenburgh- MH Trail,2024-02-01,17,1.969059405185713,Known-trail future months,Statewide Strava + calendar,HistGradientBoosting,
Kelly Hollow,2024-02-01,70,89.04064566799288,Known-trail future months,Statewide Strava + calendar,HistGradientBoosting,
Lane Street,2024-02-01,27,24.456493146646075,Known-trail future months,Statewide Strava + calendar,HistGradientBoosting,
McKenley Hollow,2024-02-01,3,60.12289388488635,Known-trail future months,Statewide Strava + calendar,HistGradientBoosting,
Mt Tremper,2024-02-01,103,146.0470395383307,Known-trail future months,Statewide Strava + calendar,HistGradientBoosting,
Neversink Hardenburgh Trail,2024-02-01,1,4.475010022907905,Known-trail future months,Statewide Strava + calendar,HistGradientBoosting,
Red Hill Dinch Road,2024-02-01,100,95.99731679217147,Known-trail future months,Statewide Strava + calendar,HistGradientBoosting,
Rider Hollow,2024-02-01,189,114.24354650010996,Known-trail future months,Statewide Strava + calendar,HistGradientBoosting,
Rochester Hollow,2024-02-01,89,93.49977735361841,Known-trail future months,Statewide Strava + calendar,HistGradientBoosting,
Seager,2024-02-01,31,29.571898893659654,Known-trail future months,Statewide Strava + calendar,HistGradientBoosting,
Alder Lake,2024-03-01,63,93.17959329590575,Known-trail future months,Statewide Strava + calendar,HistGradientBoosting,
Beaverkill Road to BLM FT,2024-03-01,82,84.61046858534469,Known-trail future months,Statewide Strava + calendar,HistGradientBoosting,
Cathedral Glen,2024-03-01,10,6.316908002024922,Known-trail future months,Statewide Strava + calendar,HistGradientBoosting,
Denning,2024-03-01,204,117.54664469325515,Known-trail future months,Statewide Strava + calendar,HistGradientBoosting,
Dry Brook Ridge to Lean-to,2024-03-01,10,14.117583321693674,Known-trail future months,Statewide Strava + calendar,HistGradientBoosting,
Flynn,2024-03-01,12,32.160072383950165,Known-trail future months,Statewide Strava + calendar,HistGradientBoosting,
Fox Hollow,2024-03-01,40,66.12362125390976,Known-trail future months,Statewide Strava + calendar,HistGradientBoosting,
Frick Pond,2024-03-01,45,70.54299211062579,Known-trail future months,Statewide Strava + calendar,HistGradientBoosting,
Hardenburgh- MH Trail,2024-03-01,4,3.4016901927413365,Known-trail future months,Statewide Strava + calendar,HistGradientBoosting,
Kelly Hollow,2024-03-01,96,114.58935284622464,Known-trail future months,Statewide Strava + calendar,HistGradientBoosting,
Lane Street,2024-03-01,28,32.9076890059949,Known-trail future months,Statewide Strava + calendar,HistGradientBoosting,
McKenley Hollow,2024-03-01,7,76.8313316974171,Known-trail future months,Statewide Strava + calendar,HistGradientBoosting,
Mt Tremper,2024-03-01,123,139.33508720962075,Known-trail future months,Statewide Strava + calendar,HistGradientBoosting,
Neversink Hardenburgh Trail,2024-03-01,4,7.425100755037053,Known-trail future months,Statewide Strava + calendar,HistGradientBoosting,
Red Hill Dinch Road,2024-03-01,21,120.81436645610248,Known-trail future months,Statewide Strava + calendar,HistGradientBoosting,
Rider Hollow,2024-03-01,166,139.34553151287778,Known-trail future months,Statewide Strava + calendar,HistGradientBoosting,
Rochester Hollow,2024-03-01,117,117.11219760096489,Known-trail future months,Statewide Strava + calendar,HistGradientBoosting,
Seager,2024-03-01,15,41.53847378337817,Known-trail future months,Statewide Strava + calendar,HistGradientBoosting,
Woodchuck Hollow,2024-03-01,1,1.8220540322568033,Known-trail future months,Statewide Strava + calendar,HistGradientBoosting,
Alder Lake,2024-04-01,127,104.24159553387256,Known-trail future months,Statewide Strava + calendar,HistGradientBoosting,
Beaverkill Road to BLM FT,2024-04-01,110,110.61680446370019,Known-trail future months,Statewide Strava + calendar,HistGradientBoosting,
Cathedral Glen,2024-04-01,21,8.035862237826723,Known-trail future months,Statewide Strava + calendar,HistGradientBoosting,
Denning,2024-04-01,233,143.6059336797515,Known-trail future months,Statewide Strava + calendar,HistGradientBoosting,
Dry Brook Ridge to Lean-to,2024-04-01,13,16.69363950826714,Known-trail future months,Statewide Strava + calendar,HistGradientBoosting,
Flynn,2024-04-01,18,35.66971492424635,Known-trail future months,Statewide Strava + calendar,HistGradientBoosting,
Fox Hollow,2024-04-01,48,71.96097239128545,Known-trail future months,Statewide Strava + calendar,HistGradientBoosting,
Frick Pond,2024-04-01,70,75.33732495514008,Known-trail future months,Statewide Strava + calendar,HistGradientBoosting,
Hardenburgh- MH Trail,2024-04-01,1,4.107277773156272,Known-trail future months,Statewide Strava + calendar,HistGradientBoosting,
Kelly Hollow,2024-04-01,127,139.81663724752767,Known-trail future months,Statewide Strava + calendar,HistGradientBoosting,
Lane Street,2024-04-01,36,36.35046461914223,Known-trail future months,Statewide Strava + calendar,HistGradientBoosting,
Mt Tremper,2024-04-01,64,171.26819241588302,Known-trail future months,Statewide Strava + calendar,HistGradientBoosting,
Neversink Hardenburgh Trail,2024-04-01,4,9.190083082172153,Known-trail future months,Statewide Strava + calendar,HistGradientBoosting,
Rider Hollow,2024-04-01,103,94.23871323447432,Known-trail future months,Statewide Strava + calendar,HistGradientBoosting,
Rochester Hollow,2024-04-01,99,117.88265915384986,Known-trail future months,Statewide Strava + calendar,HistGradientBoosting,
Seager,2024-04-01,40,45.19348259939138,Known-trail future months,Statewide Strava + calendar,HistGradientBoosting,
Alder Lake,2024-05-01,147,192.57512709504917,Known-trail future months,Statewide Strava + calendar,HistGradientBoosting,
Beaverkill Road to BLM FT,2024-05-01,189,210.68250040940706,Known-trail future months,Statewide Strava + calendar,HistGradientBoosting,
Cathedral Glen,2024-05-01,19,12.502531031997878,Known-trail future months,Statewide Strava + calendar,HistGradientBoosting,
Denning,2024-05-01,260,261.4770887473153,Known-trail future months,Statewide Strava + calendar,HistGradientBoosting,
Dry Brook Ridge to Lean-to,2024-05-01,17,27.341083501515158,Known-trail future months,Statewide Strava + calendar,HistGradientBoosting,
Flynn,2024-05-01,24,64.10574269736759,Known-trail future months,Statewide Strava + calendar,HistGradientBoosting,
Fox Hollow,2024-05-01,71,120.67622527602052,Known-trail future months,Statewide Strava + calendar,HistGradientBoosting,
Frick Pond,2024-05-01,125,147.77181729379262,Known-trail future months,Statewide Strava + calendar,HistGradientBoosting,
Hardenburgh- MH Trail,2024-05-01,23,7.048208836243794,Known-trail future months,Statewide Strava + calendar,HistGradientBoosting,
Kelly Hollow,2024-05-01,182,251.0275380536047,Known-trail future months,Statewide Strava + calendar,HistGradientBoosting,
Lane Street,2024-05-01,54,60.44504291990107,Known-trail future months,Statewide Strava + calendar,HistGradientBoosting,
Mt Tremper,2024-05-01,19,275.15798347459065,Known-trail future months,Statewide Strava + calendar,HistGradientBoosting,
Neversink Hardenburgh Trail,2024-05-01,34,16.55626419079448,Known-trail future months,Statewide Strava + calendar,HistGradientBoosting,
Rider Hollow,2024-05-01,98,158.54688613909477,Known-trail future months,Statewide Strava + calendar,HistGradientBoosting,
Rochester Hollow,2024-05-01,182,178.03018940807002,Known-trail future months,Statewide Strava + calendar,HistGradientBoosting,
Seager,2024-05-01,53,78.0286895617201,Known-trail future months,Statewide Strava + calendar,HistGradientBoosting,
Woodchuck Hollow,2024-05-01,1,2.5802391859002376,Known-trail future months,Statewide Strava + calendar,HistGradientBoosting,
Woodland Valley,2024-05-01,99,112.88008117607711,Known-trail future months,Statewide Strava + calendar,HistGradientBoosting,
Alder Lake,2024-06-01,168,202.77461773760743,Known-trail future months,Statewide Strava + calendar,HistGradientBoosting,
Beaverkill Road to BLM FT,2024-06-01,190,220.62456191965967,Known-trail future months,Statewide Strava + calendar,HistGradientBoosting,
Cathedral Glen,2024-06-01,30,12.742891728622949,Known-trail future months,Statewide Strava + calendar,HistGradientBoosting,
Denning,2024-06-01,281,271.6369432446274,Known-trail future months,Statewide Strava + calendar,HistGradientBoosting,
Dry Brook Ridge to Lean-to,2024-06-01,20,28.322033026166437,Known-trail future months,Statewide Strava + calendar,HistGradientBoosting,
Flynn,2024-06-01,30,65.01735843689536,Known-trail future months,Statewide Strava + calendar,HistGradientBoosting,
Fox Hollow,2024-06-01,64,124.30792988865711,Known-trail future months,Statewide Strava + calendar,HistGradientBoosting,
Frick Pond,2024-06-01,131,154.91954221820487,Known-trail future months,Statewide Strava + calendar,HistGradientBoosting,
Hardenburgh- MH Trail,2024-06-01,17,7.274236018515203,Known-trail future months,Statewide Strava + calendar,HistGradientBoosting,
Kelly Hollow,2024-06-01,156,252.78211649383968,Known-trail future months,Statewide Strava + calendar,HistGradientBoosting,
Lane Street,2024-06-01,71,62.27901044551789,Known-trail future months,Statewide Strava + calendar,HistGradientBoosting,
Mt Tremper,2024-06-01,22,280.3011802391058,Known-trail future months,Statewide Strava + calendar,HistGradientBoosting,
Neversink Hardenburgh Trail,2024-06-01,13,17.23231425860681,Known-trail future months,Statewide Strava + calendar,HistGradientBoosting,
Rider Hollow,2024-06-01,93,160.63294061148383,Known-trail future months,Statewide Strava + calendar,HistGradientBoosting,
Rochester Hollow,2024-06-01,113,181.3982377923451,Known-trail future months,Statewide Strava + calendar,HistGradientBoosting,
Seager,2024-06-01,73,80.21518249509828,Known-trail future months,Statewide Strava + calendar,HistGradientBoosting,
Slide Mt,2024-06-01,593,569.9816633342177,Known-trail future months,Statewide Strava + calendar,HistGradientBoosting,
Woodland Valley,2024-06-01,70,119.80791882031852,Known-trail future months,Statewide Strava + calendar,HistGradientBoosting,
Alder Lake,2024-07-01,299,224.4677867806148,Known-trail future months,Statewide Strava + calendar,HistGradientBoosting,
Beaverkill Road to BLM FT,2024-07-01,193,249.43652590220586,Known-trail future months,Statewide Strava + calendar,HistGradientBoosting,
Cathedral Glen,2024-07-01,6,14.057298292157606,Known-trail future months,Statewide Strava + calendar,HistGradientBoosting,
Denning,2024-07-01,293,276.7121361568277,Known-trail future months,Statewide Strava + calendar,HistGradientBoosting,
Dry Brook Ridge to Lean-to,2024-07-01,46,38.480214889396635,Known-trail future months,Statewide Strava + calendar,HistGradientBoosting,
Flynn,2024-07-01,64,82.44413646831713,Known-trail future months,Statewide Strava + calendar,HistGradientBoosting,
Fox Hollow,2024-07-01,98,145.26017742444105,Known-trail future months,Statewide Strava + calendar,HistGradientBoosting,
Frick Pond,2024-07-01,209,178.44182136170423,Known-trail future months,Statewide Strava + calendar,HistGradientBoosting,
Giant Ledge,2024-07-01,150,623.4568101746063,Known-trail future months,Statewide Strava + calendar,HistGradientBoosting,
Hardenburgh- MH Trail,2024-07-01,16,11.577231597237883,Known-trail future months,Statewide Strava + calendar,HistGradientBoosting,
Kelly Hollow,2024-07-01,215,260.6322594768135,Known-trail future months,Statewide Strava + calendar,HistGradientBoosting,
Lane Street,2024-07-01,81,75.90458910770643,Known-trail future months,Statewide Strava + calendar,HistGradientBoosting,
Mt Tremper,2024-07-01,35,282.5425503210633,Known-trail future months,Statewide Strava + calendar,HistGradientBoosting,
Neversink Hardenburgh Trail,2024-07-01,21,30.69395462729276,Known-trail future months,Statewide Strava + calendar,HistGradientBoosting,
Rider Hollow,2024-07-01,128,150.8720521518852,Known-trail future months,Statewide Strava + calendar,HistGradientBoosting,
Rochester Hollow,2024-07-01,229,199.08733475265606,Known-trail future months,Statewide Strava + calendar,HistGradientBoosting,
Seager,2024-07-01,78,98.24054754545534,Known-trail future months,Statewide Strava + calendar,HistGradientBoosting,
Slide Mt,2024-07-01,868,579.5852999506336,Known-trail future months,Statewide Strava + calendar,HistGradientBoosting,
Woodchuck Hollow,2024-07-01,5,2.722478829367806,Known-trail future months,Statewide Strava + calendar,HistGradientBoosting,
Woodland Valley,2024-07-01,12,159.53399530259662,Known-trail future months,Statewide Strava + calendar,HistGradientBoosting,
Alder Lake,2024-08-01,303,204.76270135912617,Known-trail future months,Statewide Strava + calendar,HistGradientBoosting,
Beaverkill Road to BLM FT,2024-08-01,196,239.57818876425506,Known-trail future months,Statewide Strava + calendar,HistGradientBoosting,
Cathedral Glen,2024-08-01,32,12.114830456301707,Known-trail future months,Statewide Strava + calendar,HistGradientBoosting,
Denning,2024-08-01,270,260.5138199985192,Known-trail future months,Statewide Strava + calendar,HistGradientBoosting,
Dry Brook Ridge to Lean-to,2024-08-01,33,35.731014281251056,Known-trail future months,Statewide Strava + calendar,HistGradientBoosting,
Flynn,2024-08-01,25,76.85240596183637,Known-trail future months,Statewide Strava + calendar,HistGradientBoosting,
Fox Hollow,2024-08-01,114,139.08824591865104,Known-trail future months,Statewide Strava + calendar,HistGradientBoosting,
Frick Pond,2024-08-01,192,166.99437746913628,Known-trail future months,Statewide Strava + calendar,HistGradientBoosting,
Hardenburgh- MH Trail,2024-08-01,9,10.802694977509391,Known-trail future months,Statewide Strava + calendar,HistGradientBoosting,
Kelly Hollow,2024-08-01,248,259.5021799591826,Known-trail future months,Statewide Strava + calendar,HistGradientBoosting,
Lane Street,2024-08-01,56,70.54934614014932,Known-trail future months,Statewide Strava + calendar,HistGradientBoosting,
Millbrook to BLM FT,2024-08-01,392,334.7052087282701,Known-trail future months,Statewide Strava + calendar,HistGradientBoosting,
Mt Tremper,2024-08-01,587,274.81625514605753,Known-trail future months,Statewide Strava + calendar,HistGradientBoosting,
Neversink Hardenburgh Trail,2024-08-01,11,31.29256948516989,Known-trail future months,Statewide Strava + calendar,HistGradientBoosting,
Rider Hollow,2024-08-01,150,153.8950125874151,Known-trail future months,Statewide Strava + calendar,HistGradientBoosting,
Rochester Hollow,2024-08-01,261,194.96433331978383,Known-trail future months,Statewide Strava + calendar,HistGradientBoosting,
Seager,2024-08-01,63,90.69037482272086,Known-trail future months,Statewide Strava + calendar,HistGradientBoosting,
Slide Mt,2024-08-01,1077,548.1129297224418,Known-trail future months,Statewide Strava + calendar,HistGradientBoosting,
Woodchuck Hollow,2024-08-01,2,2.4805877797857763,Known-trail future months,Statewide Strava + calendar,HistGradientBoosting,
Woodland Valley,2024-08-01,9,148.7935794421927,Known-trail future months,Statewide Strava + calendar,HistGradientBoosting,
Alder Lake,2024-09-01,229,172.9649119653044,Known-trail future months,Statewide Strava + calendar,HistGradientBoosting,
Ashokan HP,2024-09-01,127,135.54798019840106,Known-trail future months,Statewide Strava + calendar,HistGradientBoosting,
Beaverkill Road to BLM FT,2024-09-01,203,202.8408937829007,Known-trail future months,Statewide Strava + calendar,HistGradientBoosting,
Cathedral Glen,2024-09-01,6,8.812703521686299,Known-trail future months,Statewide Strava + calendar,HistGradientBoosting,
Denning,2024-09-01,243,238.40587633146006,Known-trail future months,Statewide Strava + calendar,HistGradientBoosting,
Dry Brook Ridge to Lean-to,2024-09-01,14,25.27325003498877,Known-trail future months,Statewide Strava + calendar,HistGradientBoosting,
Flynn,2024-09-01,71,48.21191452206179,Known-trail future months,Statewide Strava + calendar,HistGradientBoosting,
Fox Hollow,2024-09-01,36,116.72833990384913,Known-trail future months,Statewide Strava + calendar,HistGradientBoosting,
Frick Pond,2024-09-01,200,134.66214619412935,Known-trail future months,Statewide Strava + calendar,HistGradientBoosting,
Giant Ledge,2024-09-01,116,650.3645272098515,Known-trail future months,Statewide Strava + calendar,HistGradientBoosting,
Hardenburgh- MH Trail,2024-09-01,13,7.240007824343581,Known-trail future months,Statewide Strava + calendar,HistGradientBoosting,
Kelly Hollow,2024-09-01,125,218.64323924077664,Known-trail future months,Statewide Strava + calendar,HistGradientBoosting,
Lane Street,2024-09-01,39,54.26086377820708,Known-trail future months,Statewide Strava + calendar,HistGradientBoosting,
Millbrook to BLM FT,2024-09-01,347,349.5165832792154,Known-trail future months,Statewide Strava + calendar,HistGradientBoosting,
Neversink Hardenburgh Trail,2024-09-01,17,19.033855668886975,Known-trail future months,Statewide Strava + calendar,HistGradientBoosting,
Overlook,2024-09-01,717,747.1361196557872,Known-trail future months,Statewide Strava + calendar,HistGradientBoosting,
Rider Hollow,2024-09-01,91,193.17386299023175,Known-trail future months,Statewide Strava + calendar,HistGradientBoosting,
Rochester Hollow,2024-09-01,131,193.45498652261136,Known-trail future months,Statewide Strava + calendar,HistGradientBoosting,
Slide Mt,2024-09-01,783,619.9781705842139,Known-trail future months,Statewide Strava + calendar,HistGradientBoosting,
Wittenberg,2024-09-01,414,417.49523028757295,Known-trail future months,Statewide Strava + calendar,HistGradientBoosting,
Woodchuck Hollow,2024-09-01,4,2.1102167476553584,Known-trail future months,Statewide Strava + calendar,HistGradientBoosting,
Woodland Valley,2024-09-01,35,114.84067645845855,Known-trail future months,Statewide Strava + calendar,HistGradientBoosting,
Alder Lake,2024-10-01,17,178.74703110186778,Known-trail future months,Statewide Strava + calendar,HistGradientBoosting,
Ashokan HP,2024-10-01,260,141.88625625745135,Known-trail future months,Statewide Strava + calendar,HistGradientBoosting,
Beaverkill Road to BLM FT,2024-10-01,12,210.85988113739683,Known-trail future months,Statewide Strava + calendar,HistGradientBoosting,
Denning,2024-10-01,306,246.61792826177708,Known-trail future months,Statewide Strava + calendar,HistGradientBoosting,
Flynn,2024-10-01,1,50.33582225390101,Known-trail future months,Statewide Strava + calendar,HistGradientBoosting,
Frick Pond,2024-10-01,6,140.88029934356436,Known-trail future months,Statewide Strava + calendar,HistGradientBoosting,
Giant Ledge,2024-10-01,1383,736.2321410141897,Known-trail future months,Statewide Strava + calendar,HistGradientBoosting,
Millbrook to BLM FT,2024-10-01,462,367.48043989172004,Known-trail future months,Statewide Strava + calendar,HistGradientBoosting,
Neversink Hardenburgh Trail,2024-10-01,31,19.222456156456005,Known-trail future months,Statewide Strava + calendar,HistGradientBoosting,
Overlook,2024-10-01,1143,774.5355045494586,Known-trail future months,Statewide Strava + calendar,HistGradientBoosting,
Slide Mt,2024-10-01,757,644.5090725293065,Known-trail future months,Statewide Strava + calendar,HistGradientBoosting,
Wittenberg,2024-10-01,638,433.1168278932867,Known-trail future months,Statewide Strava + calendar,HistGradientBoosting,
Woodchuck Hollow,2024-10-01,4,2.1603551069555604,Known-trail future months,Statewide Strava + calendar,HistGradientBoosting,
Woodland Valley,2024-10-01,182,118.75859136001378,Known-trail future months,Statewide Strava + calendar,HistGradientBoosting,
Ashokan HP,2024-11-01,63,123.05438605866466,Known-trail future months,Statewide Strava + calendar,HistGradientBoosting,
Denning,2024-11-01,76,194.50548932577945,Known-trail future months,Statewide Strava + calendar,HistGradientBoosting,
Giant Ledge,2024-11-01,404,581.5125218761784,Known-trail future months,Statewide Strava + calendar,HistGradientBoosting,
Millbrook to BLM FT,2024-11-01,251,290.07528809883314,Known-trail future months,Statewide Strava + calendar,HistGradientBoosting,
Overlook,2024-11-01,843,622.0596051416732,Known-trail future months,Statewide Strava + calendar,HistGradientBoosting,
Wittenberg,2024-11-01,289,346.7220560057202,Known-trail future months,Statewide Strava + calendar,HistGradientBoosting,
Woodchuck Hollow,2024-11-01,4,2.0138442999560886,Known-trail future months,Statewide Strava + calendar,HistGradientBoosting,
Woodland Valley,2024-11-01,88,90.3506771300393,Known-trail future months,Statewide Strava + calendar,HistGradientBoosting,
Ashokan HP,2024-12-01,53,96.22417573946568,Known-trail future months,Statewide Strava + calendar,HistGradientBoosting,
Giant Ledge,2024-12-01,235,496.0380892560606,Known-trail future months,Statewide Strava + calendar,HistGradientBoosting,
Millbrook to BLM FT,2024-12-01,133,247.1236072190318,Known-trail future months,Statewide Strava + calendar,HistGradientBoosting,
Overlook,2024-12-01,291,510.5826268054869,Known-trail future months,Statewide Strava + calendar,HistGradientBoosting,
Wittenberg,2024-12-01,115,250.76575157320434,Known-trail future months,Statewide Strava + calendar,HistGradientBoosting,
Woodland Valley,2024-12-01,25,45.633816399604555,Known-trail future months,Statewide Strava + calendar,HistGradientBoosting,
Ashokan HP,2025-01-01,35,78.79910373475128,Known-trail future months,Statewide Strava + calendar,HistGradientBoosting,
Giant Ledge,2025-01-01,268,398.5144580338904,Known-trail future months,Statewide Strava + calendar,HistGradientBoosting,
Millbrook to BLM FT,2025-01-01,143,161.36089651873036,Known-trail future months,Statewide Strava + calendar,HistGradientBoosting,
Overlook,2025-01-01,358,477.01992199600994,Known-trail future months,Statewide Strava + calendar,HistGradientBoosting,
Wittenberg,2025-01-01,103,167.54037618355142,Known-trail future months,Statewide Strava + calendar,HistGradientBoosting,
Woodland Valley,2025-01-01,15,34.1712951071696,Known-trail future months,Statewide Strava + calendar,HistGradientBoosting,
Ashokan HP,2025-02-01,27,74.78068636575432,Known-trail future months,Statewide Strava + calendar,HistGradientBoosting,
Giant Ledge,2025-02-01,184,316.4335224982705,Known-trail future months,Statewide Strava + calendar,HistGradientBoosting,
Millbrook to BLM FT,2025-02-01,139,152.73635876670738,Known-trail future months,Statewide Strava + calendar,HistGradientBoosting,
Overlook,2025-02-01,182,351.16468147468265,Known-trail future months,Statewide Strava + calendar,HistGradientBoosting,
Wittenberg,2025-02-01,55,126.82707254290018,Known-trail future months,Statewide Strava + calendar,HistGradientBoosting,
Woodland Valley,2025-02-01,30,33.06648131613975,Known-trail future months,Statewide Strava + calendar,HistGradientBoosting,
Ashokan HP,2025-03-01,83,90.51470944581565,Known-trail future months,Statewide Strava + calendar,HistGradientBoosting,
Giant Ledge,2025-03-01,371,519.8286272811849,Known-trail future months,Statewide Strava + calendar,HistGradientBoosting,
Millbrook to BLM FT,2025-03-01,131,196.3581989153052,Known-trail future months,Statewide Strava + calendar,HistGradientBoosting,
Overlook,2025-03-01,426,592.3076111347676,Known-trail future months,Statewide Strava + calendar,HistGradientBoosting,
Wittenberg,2025-03-01,126,210.80154530999755,Known-trail future months,Statewide Strava + calendar,HistGradientBoosting,
Woodland Valley,2025-03-01,41,50.87014589291486,Known-trail future months,Statewide Strava + calendar,HistGradientBoosting,
Ashokan HP,2025-04-01,89,111.68564269543899,Known-trail future months,Statewide Strava + calendar,HistGradientBoosting,
Giant Ledge,2025-04-01,341,546.1832594508991,Known-trail future months,Statewide Strava + calendar,HistGradientBoosting,
Millbrook to BLM FT,2025-04-01,173,217.8046131354868,Known-trail future months,Statewide Strava + calendar,HistGradientBoosting,
Overlook,2025-04-01,576,741.4716278639409,Known-trail future months,Statewide Strava + calendar,HistGradientBoosting,
Wittenberg,2025-04-01,47,304.11602801599093,Known-trail future months,Statewide Strava + calendar,HistGradientBoosting,
Woodland Valley,2025-04-01,47,65.81499630142666,Known-trail future months,Statewide Strava + calendar,HistGradientBoosting,
Ashokan HP,2025-05-01,72,163.0126928438848,Known-trail future months,Statewide Strava + calendar,HistGradientBoosting,
Giant Ledge,2025-05-01,403,581.5385188224004,Known-trail future months,Statewide Strava + calendar,HistGradientBoosting,
Millbrook to BLM FT,2025-05-01,277,284.83086943693286,Known-trail future months,Statewide Strava + calendar,HistGradientBoosting,
Overlook,2025-05-01,828,886.8828213087663,Known-trail future months,Statewide Strava + calendar,HistGradientBoosting,
Wittenberg,2025-05-01,477,445.5326640886415,Known-trail future months,Statewide Strava + calendar,HistGradientBoosting,
Woodland Valley,2025-05-01,13,114.08547449236413,Known-trail future months,Statewide Strava + calendar,HistGradientBoosting,
Ashokan HP,2025-06-01,160,162.09445163268398,Known-trail future months,Statewide Strava + calendar,HistGradientBoosting,
Giant Ledge,2025-06-01,629,583.7920319548879,Known-trail future months,Statewide Strava + calendar,HistGradientBoosting,
Millbrook to BLM FT,2025-06-01,231,301.86485067333814,Known-trail future months,Statewide Strava + calendar,HistGradientBoosting,
Overlook,2025-06-01,854,890.3883175409878,Known-trail future months,Statewide Strava + calendar,HistGradientBoosting,
Wittenberg,2025-06-01,532,451.64256579272217,Known-trail future months,Statewide Strava + calendar,HistGradientBoosting,
Ashokan HP,2025-07-01,260,163.71123235579236,Known-trail future months,Statewide Strava + calendar,HistGradientBoosting,
Giant Ledge,2025-07-01,400,610.2015635524159,Known-trail future months,Statewide Strava + calendar,HistGradientBoosting,
Millbrook to BLM FT,2025-07-01,340,336.6014255171025,Known-trail future months,Statewide Strava + calendar,HistGradientBoosting,
Overlook,2025-07-01,1038,884.7380160830173,Known-trail future months,Statewide Strava + calendar,HistGradientBoosting,
Wittenberg,2025-07-01,587,474.7156731274193,Known-trail future months,Statewide Strava + calendar,HistGradientBoosting,
Ashokan HP,2025-08-01,173,163.85908605444985,Known-trail future months,Statewide Strava + calendar,HistGradientBoosting,
Millbrook to BLM FT,2025-08-01,354,341.8348766046165,Known-trail future months,Statewide Strava + calendar,HistGradientBoosting,
Overlook,2025-08-01,698,874.9341786063568,Known-trail future months,Statewide Strava + calendar,HistGradientBoosting,
Wittenberg,2025-08-01,751,471.7530456689128,Known-trail future months,Statewide Strava + calendar,HistGradientBoosting,
Ashokan HP,2025-09-01,101,135.0775264252987,Known-trail future months,Statewide Strava + calendar,HistGradientBoosting,
Millbrook to BLM FT,2025-09-01,14,348.30893561647406,Known-trail future months,Statewide Strava + calendar,HistGradientBoosting,
Overlook,2025-09-01,27,744.5585387953832,Known-trail future months,Statewide Strava + calendar,HistGradientBoosting,
Wittenberg,2025-09-01,506,416.05337329468256,Known-trail future months,Statewide Strava + calendar,HistGradientBoosting,
Ashokan HP,2025-10-01,117,142.28109674786046,Known-trail future months,Statewide Strava + calendar,HistGradientBoosting,
Overlook,2025-10-01,4,782.026822601141,Known-trail future months,Statewide Strava + calendar,HistGradientBoosting,
Wittenberg,2025-10-01,589,437.31019777804187,Known-trail future months,Statewide Strava + calendar,HistGradientBoosting,
Peekamoose,2022-12-01,58,42.775010661416054,Known-trail future months,History + statewide summary,Ridge,
Biscuit Brook,2023-01-01,47,54.7447771281471,Known-trail future months,History + statewide summary,Ridge,
Peekamoose,2023-01-01,139,60.53811055992611,Known-trail future months,History + statewide summary,Ridge,
Bangle Hill,2023-02-01,18,8.996952341005676,Known-trail future months,History + statewide summary,Ridge,
Biscuit Brook,2023-02-01,68,46.26538548874749,Known-trail future months,History + statewide summary,Ridge,
Peekamoose,2023-02-01,90,53.710860814194305,Known-trail future months,History + statewide summary,Ridge,
Bangle Hill,2023-03-01,5,9.403763081996606,Known-trail future months,History + statewide summary,Ridge,
Biscuit Brook,2023-03-01,59,48.230035789715046,Known-trail future months,History + statewide summary,Ridge,
Peekamoose,2023-03-01,63,55.29693877903129,Known-trail future months,History + statewide summary,Ridge,
Bangle Hill,2023-04-01,11,17.082117376803534,Known-trail future months,History + statewide summary,Ridge,
Biscuit Brook,2023-04-01,74,84.45125498325419,Known-trail future months,History + statewide summary,Ridge,
Peekamoose,2023-04-01,92,96.31109269809811,Known-trail future months,History + statewide summary,Ridge,
Bangle Hill,2023-05-01,5,22.23111345747265,Known-trail future months,History + statewide summary,Ridge,
Biscuit Brook,2023-05-01,157,106.28441123113706,Known-trail future months,History + statewide summary,Ridge,
Peekamoose,2023-05-01,234,124.84484741054246,Known-trail future months,History + statewide summary,Ridge,
Slide Mt,2023-05-01,691,603.8773684381335,Known-trail future months,History + statewide summary,Ridge,
Upper Cherrytown Road,2023-05-01,136,151.03500656170166,Known-trail future months,History + statewide summary,Ridge,
Biscuit Brook,2023-06-01,121,112.99866229230986,Known-trail future months,History + statewide summary,Ridge,
Peekamoose,2023-06-01,49,135.60929490912318,Known-trail future months,History + statewide summary,Ridge,
Slide Mt,2023-06-01,587,748.1122162692052,Known-trail future months,History + statewide summary,Ridge,
Upper Cherrytown Road,2023-06-01,143,147.94547243562386,Known-trail future months,History + statewide summary,Ridge,
Biscuit Brook,2023-07-01,144,127.81736555925347,Known-trail future months,History + statewide summary,Ridge,
McKenley Hollow,2023-07-01,103,107.44617966634694,Known-trail future months,History + statewide summary,Ridge,
Red Hill Dinch Road,2023-07-01,291,207.4771960546927,Known-trail future months,History + statewide summary,Ridge,
Slide Mt,2023-07-01,794,887.8633620855926,Known-trail future months,History + statewide summary,Ridge,
Upper Cherrytown Road,2023-07-01,329,182.35141605461456,Known-trail future months,History + statewide summary,Ridge,
Biscuit Brook,2023-08-01,98,119.08889876155996,Known-trail future months,History + statewide summary,Ridge,
McKenley Hollow,2023-08-01,116,100.29445661150845,Known-trail future months,History + statewide summary,Ridge,
Onteora Lake,2023-08-01,284,334.1319003143371,Known-trail future months,History + statewide summary,Ridge,
Red Hill Dinch Road,2023-08-01,238,205.19840894611772,Known-trail future months,History + statewide summary,Ridge,
Slide Mt,2023-08-01,606,865.7464946457649,Known-trail future months,History + statewide summary,Ridge,
Upper Cherrytown Road,2023-08-01,197,167.45262305788728,Known-trail future months,History + statewide summary,Ridge,
McKenley Hollow,2023-09-01,119,97.74947828924752,Known-trail future months,History + statewide summary,Ridge,
Onteora Lake,2023-09-01,311,304.51636737640996,Known-trail future months,History + statewide summary,Ridge,
Red Hill Dinch Road,2023-09-01,172,189.56879282810078,Known-trail future months,History + statewide summary,Ridge,
Upper Cherrytown Road,2023-09-01,2,148.31645136667836,Known-trail future months,History + statewide summary,Ridge,
McKenley Hollow,2023-10-01,119,92.72478301126017,Known-trail future months,History + statewide summary,Ridge,
Onteora Lake,2023-10-01,418,296.73590451965913,Known-trail future months,History + statewide summary,Ridge,
Red Hill Dinch Road,2023-10-01,158,171.62011970638864,Known-trail future months,History + statewide summary,Ridge,
Seager,2023-10-01,41,58.61017759985041,Known-trail future months,History + statewide summary,Ridge,
Upper Cherrytown Road,2023-10-01,16,122.92087235130104,Known-trail future months,History + statewide summary,Ridge,
Dry Brook Ridge to Lean-to,2023-11-01,25,17.892487201071123,Known-trail future months,History + statewide summary,Ridge,
Fox Hollow,2023-11-01,75,50.655406317375565,Known-trail future months,History + statewide summary,Ridge,
Hardenburgh- MH Trail,2023-11-01,4,6.667012124425194,Known-trail future months,History + statewide summary,Ridge,
Kelly Hollow,2023-11-01,154,103.57690548999638,Known-trail future months,History + statewide summary,Ridge,
Lane Street,2023-11-01,57,30.77052464811506,Known-trail future months,History + statewide summary,Ridge,
McKenley Hollow,2023-11-01,102,56.839730347523954,Known-trail future months,History + statewide summary,Ridge,
Onteora Lake,2023-11-01,246,202.63592716892978,Known-trail future months,History + statewide summary,Ridge,
Red Hill Dinch Road,2023-11-01,123,95.7534730293772,Known-trail future months,History + statewide summary,Ridge,
Rochester Hollow,2023-11-01,150,84.74071003545797,Known-trail future months,History + statewide summary,Ridge,
Seager,2023-11-01,38,35.12524249207235,Known-trail future months,History + statewide summary,Ridge,
Upper Cherrytown Road,2023-11-01,1,70.26577623476012,Known-trail future months,History + statewide summary,Ridge,
Alder Lake,2023-12-01,45,67.20753847300132,Known-trail future months,History + statewide summary,Ridge,
Beaverkill Road to BLM FT,2023-12-01,84,76.86514363316938,Known-trail future months,History + statewide summary,Ridge,
Dry Brook Ridge to Lean-to,2023-12-01,12,15.271965277265744,Known-trail future months,History + statewide summary,Ridge,
Flynn,2023-12-01,8,22.292093783896817,Known-trail future months,History + statewide summary,Ridge,
Fox Hollow,2023-12-01,59,42.207994689781565,Known-trail future months,History + statewide summary,Ridge,
Frick Pond,2023-12-01,59,54.87783876409951,Known-trail future months,History + statewide summary,Ridge,
Hardenburgh- MH Trail,2023-12-01,0,5.646761325157015,Known-trail future months,History + statewide summary,Ridge,
Kelly Hollow,2023-12-01,112,87.4055538134613,Known-trail future months,History + statewide summary,Ridge,
Lane Street,2023-12-01,24,26.459214764615897,Known-trail future months,History + statewide summary,Ridge,
McKenley Hollow,2023-12-01,97,48.95037364830456,Known-trail future months,History + statewide summary,Ridge,
Mt Tremper,2023-12-01,176,124.8836570327746,Known-trail future months,History + statewide summary,Ridge,
Neversink Hardenburgh Trail,2023-12-01,10,8.092040417627892,Known-trail future months,History + statewide summary,Ridge,
Onteora Lake,2023-12-01,216,168.84688502214266,Known-trail future months,History + statewide summary,Ridge,
Red Hill Dinch Road,2023-12-01,97,80.68636311011575,Known-trail future months,History + statewide summary,Ridge,
Rider Hollow,2023-12-01,128,83.13098327701546,Known-trail future months,History + statewide summary,Ridge,
Rochester Hollow,2023-12-01,125,70.77003814817596,Known-trail future months,History + statewide summary,Ridge,
Seager,2023-12-01,22,30.511436539977716,Known-trail future months,History + statewide summary,Ridge,
Upper Cherrytown Road,2023-12-01,7,59.61904338929696,Known-trail future months,History + statewide summary,Ridge,
Alder Lake,2024-01-01,33,50.840095167529405,Known-trail future months,History + statewide summary,Ridge,
Beaverkill Road to BLM FT,2024-01-01,33,57.81364994378589,Known-trail future months,History + statewide summary,Ridge,
Cathedral Glen,2024-01-01,6,5.822703056171549,Known-trail future months,History + statewide summary,Ridge,
Denning,2024-01-01,59,76.48683281360545,Known-trail future months,History + statewide summary,Ridge,
Dry Brook Ridge to Lean-to,2024-01-01,11,11.708950664000987,Known-trail future months,History + statewide summary,Ridge,
Flynn,2024-01-01,12,17.18040822190233,Known-trail future months,History + statewide summary,Ridge,
Fox Hollow,2024-01-01,20,32.89667465361825,Known-trail future months,History + statewide summary,Ridge,
Frick Pond,2024-01-01,53,42.0164412786389,Known-trail future months,History + statewide summary,Ridge,
Hardenburgh- MH Trail,2024-01-01,2,4.1644182609102405,Known-trail future months,History + statewide summary,Ridge,
Kelly Hollow,2024-01-01,44,65.84147563750277,Known-trail future months,History + statewide summary,Ridge,
Lane Street,2024-01-01,13,20.479279691683832,Known-trail future months,History + statewide summary,Ridge,
McKenley Hollow,2024-01-01,20,39.024062009099765,Known-trail future months,History + statewide summary,Ridge,
Mt Tremper,2024-01-01,107,89.5097852046657,Known-trail future months,History + statewide summary,Ridge,
Neversink Hardenburgh Trail,2024-01-01,0,6.080800696273098,Known-trail future months,History + statewide summary,Ridge,
Red Hill Dinch Road,2024-01-01,79,62.33206267609829,Known-trail future months,History + statewide summary,Ridge,
Rider Hollow,2024-01-01,118,65.71281707903006,Known-trail future months,History + statewide summary,Ridge,
Rochester Hollow,2024-01-01,51,53.65008775589201,Known-trail future months,History + statewide summary,Ridge,
Seager,2024-01-01,24,23.23176373331826,Known-trail future months,History + statewide summary,Ridge,
Alder Lake,2024-02-01,55,58.450887798556195,Known-trail future months,History + statewide summary,Ridge,
Beaverkill Road to BLM FT,2024-02-01,81,65.32466880942636,Known-trail future months,History + statewide summary,Ridge,
Cathedral Glen,2024-02-01,11,6.947726781606863,Known-trail future months,History + statewide summary,Ridge,
Denning,2024-02-01,111,87.22097941798911,Known-trail future months,History + statewide summary,Ridge,
Dry Brook Ridge to Lean-to,2024-02-01,22,13.734691772494285,Known-trail future months,History + statewide summary,Ridge,
Flynn,2024-02-01,13,20.051392942093745,Known-trail future months,History + statewide summary,Ridge,
Fox Hollow,2024-02-01,67,37.20597454728571,Known-trail future months,History + statewide summary,Ridge,
Frick Pond,2024-02-01,35,49.24286375345524,Known-trail future months,History + statewide summary,Ridge,
Hardenburgh- MH Trail,2024-02-01,17,5.0020338406677,Known-trail future months,History + statewide summary,Ridge,
Kelly Hollow,2024-02-01,70,74.25153762707906,Known-trail future months,History + statewide summary,Ridge,
Lane Street,2024-02-01,27,23.475835300270173,Known-trail future months,History + statewide summary,Ridge,
McKenley Hollow,2024-02-01,3,43.32467424675933,Known-trail future months,History + statewide summary,Ridge,
Mt Tremper,2024-02-01,103,103.80967165388437,Known-trail future months,History + statewide summary,Ridge,
Neversink Hardenburgh Trail,2024-02-01,1,7.201317878983885,Known-trail future months,History + statewide summary,Ridge,
Red Hill Dinch Road,2024-02-01,100,69.96537677824757,Known-trail future months,History + statewide summary,Ridge,
Rider Hollow,2024-02-01,189,73.03477095131579,Known-trail future months,History + statewide summary,Ridge,
Rochester Hollow,2024-02-01,89,60.72541277025189,Known-trail future months,History + statewide summary,Ridge,
Seager,2024-02-01,31,27.373243477406078,Known-trail future months,History + statewide summary,Ridge,
Alder Lake,2024-03-01,63,82.21929273281897,Known-trail future months,History + statewide summary,Ridge,
Beaverkill Road to BLM FT,2024-03-01,82,91.82851168713384,Known-trail future months,History + statewide summary,Ridge,
Cathedral Glen,2024-03-01,10,9.900224956878445,Known-trail future months,History + statewide summary,Ridge,
Denning,2024-03-01,204,123.38227243280679,Known-trail future months,History + statewide summary,Ridge,
Dry Brook Ridge to Lean-to,2024-03-01,10,19.373861263168163,Known-trail future months,History + statewide summary,Ridge,
Flynn,2024-03-01,12,28.079215901176777,Known-trail future months,History + statewide summary,Ridge,
Fox Hollow,2024-03-01,40,53.02634473474641,Known-trail future months,History + statewide summary,Ridge,
Frick Pond,2024-03-01,45,67.88998895671926,Known-trail future months,History + statewide summary,Ridge,
Hardenburgh- MH Trail,2024-03-01,4,7.313190252310791,Known-trail future months,History + statewide summary,Ridge,
Kelly Hollow,2024-03-01,96,103.86001611400265,Known-trail future months,History + statewide summary,Ridge,
Lane Street,2024-03-01,28,32.99680498318356,Known-trail future months,History + statewide summary,Ridge,
McKenley Hollow,2024-03-01,7,58.824522552429414,Known-trail future months,History + statewide summary,Ridge,
Mt Tremper,2024-03-01,123,136.58252032155218,Known-trail future months,History + statewide summary,Ridge,
Neversink Hardenburgh Trail,2024-03-01,4,10.297174372175604,Known-trail future months,History + statewide summary,Ridge,
Red Hill Dinch Road,2024-03-01,21,98.99977429476162,Known-trail future months,History + statewide summary,Ridge,
Rider Hollow,2024-03-01,166,101.947657473043,Known-trail future months,History + statewide summary,Ridge,
Rochester Hollow,2024-03-01,117,84.31245101560502,Known-trail future months,History + statewide summary,Ridge,
Seager,2024-03-01,15,38.248648147468444,Known-trail future months,History + statewide summary,Ridge,
Woodchuck Hollow,2024-03-01,1,3.59461662267309,Known-trail future months,History + statewide summary,Ridge,
Alder Lake,2024-04-01,127,88.85070862832815,Known-trail future months,History + statewide summary,Ridge,
Beaverkill Road to BLM FT,2024-04-01,110,99.6394454412945,Known-trail future months,History + statewide summary,Ridge,
Cathedral Glen,2024-04-01,21,10.394818792064699,Known-trail future months,History + statewide summary,Ridge,
Denning,2024-04-01,233,138.3696609956068,Known-trail future months,History + statewide summary,Ridge,
Dry Brook Ridge to Lean-to,2024-04-01,13,20.230153788498274,Known-trail future months,History + statewide summary,Ridge,
Flynn,2024-04-01,18,29.282211767251273,Known-trail future months,History + statewide summary,Ridge,
Fox Hollow,2024-04-01,48,55.84800884513522,Known-trail future months,History + statewide summary,Ridge,
Frick Pond,2024-04-01,70,70.27136184645599,Known-trail future months,History + statewide summary,Ridge,
Hardenburgh- MH Trail,2024-04-01,1,7.6530870686840355,Known-trail future months,History + statewide summary,Ridge,
Kelly Hollow,2024-04-01,127,113.26746503987746,Known-trail future months,History + statewide summary,Ridge,
Lane Street,2024-04-01,36,34.70003480315868,Known-trail future months,History + statewide summary,Ridge,
Mt Tremper,2024-04-01,64,152.34837693217304,Known-trail future months,History + statewide summary,Ridge,
Neversink Hardenburgh Trail,2024-04-01,4,10.797487857124546,Known-trail future months,History + statewide summary,Ridge,
Rider Hollow,2024-04-01,103,104.35664574834684,Known-trail future months,History + statewide summary,Ridge,
Rochester Hollow,2024-04-01,99,91.7673002599271,Known-trail future months,History + statewide summary,Ridge,
Seager,2024-04-01,40,39.79725648185627,Known-trail future months,History + statewide summary,Ridge,
Alder Lake,2024-05-01,147,128.6945758587384,Known-trail future months,History + statewide summary,Ridge,
Beaverkill Road to BLM FT,2024-05-01,189,143.29205842152373,Known-trail future months,History + statewide summary,Ridge,
Cathedral Glen,2024-05-01,19,14.855370925345689,Known-trail future months,History + statewide summary,Ridge,
Denning,2024-05-01,260,210.48864896572962,Known-trail future months,History + statewide summary,Ridge,
Dry Brook Ridge to Lean-to,2024-05-01,17,28.29484519787612,Known-trail future months,History + statewide summary,Ridge,
Flynn,2024-05-01,24,41.186952087254625,Known-trail future months,History + statewide summary,Ridge,
Fox Hollow,2024-05-01,71,77.68368221517842,Known-trail future months,History + statewide summary,Ridge,
Frick Pond,2024-05-01,125,101.18850489119833,Known-trail future months,History + statewide summary,Ridge,
Hardenburgh- MH Trail,2024-05-01,23,10.881855559642224,Known-trail future months,History + statewide summary,Ridge,
Kelly Hollow,2024-05-01,182,159.25300041295924,Known-trail future months,History + statewide summary,Ridge,
Lane Street,2024-05-01,54,48.73772328302143,Known-trail future months,History + statewide summary,Ridge,
Mt Tremper,2024-05-01,19,206.81532625164533,Known-trail future months,History + statewide summary,Ridge,
Neversink Hardenburgh Trail,2024-05-01,34,15.34901168525839,Known-trail future months,History + statewide summary,Ridge,
Rider Hollow,2024-05-01,98,145.7133815930455,Known-trail future months,History + statewide summary,Ridge,
Rochester Hollow,2024-05-01,182,125.42133195672567,Known-trail future months,History + statewide summary,Ridge,
Seager,2024-05-01,53,55.932200635432075,Known-trail future months,History + statewide summary,Ridge,
Woodchuck Hollow,2024-05-01,1,5.42901334543848,Known-trail future months,History + statewide summary,Ridge,
Woodland Valley,2024-05-01,99,79.9328836413317,Known-trail future months,History + statewide summary,Ridge,
Alder Lake,2024-06-01,168,174.51540719792501,Known-trail future months,History + statewide summary,Ridge,
Beaverkill Road to BLM FT,2024-06-01,190,196.2321158483202,Known-trail future months,History + statewide summary,Ridge,
Cathedral Glen,2024-06-01,30,19.96215640704962,Known-trail future months,History + statewide summary,Ridge,
Denning,2024-06-01,281,284.7943766989295,Known-trail future months,History + statewide summary,Ridge,
Dry Brook Ridge to Lean-to,2024-06-01,20,37.81007511697308,Known-trail future months,History + statewide summary,Ridge,
Flynn,2024-06-01,30,55.06482529193027,Known-trail future months,History + statewide summary,Ridge,
Fox Hollow,2024-06-01,64,103.02325238382105,Known-trail future months,History + statewide summary,Ridge,
Frick Pond,2024-06-01,131,137.86279103418153,Known-trail future months,History + statewide summary,Ridge,
Hardenburgh- MH Trail,2024-06-01,17,14.875554326492908,Known-trail future months,History + statewide summary,Ridge,
Kelly Hollow,2024-06-01,156,215.97490591431298,Known-trail future months,History + statewide summary,Ridge,
Lane Street,2024-06-01,71,64.89769923877836,Known-trail future months,History + statewide summary,Ridge,
Mt Tremper,2024-06-01,22,252.83902147458542,Known-trail future months,History + statewide summary,Ridge,
Neversink Hardenburgh Trail,2024-06-01,13,20.837399347231596,Known-trail future months,History + statewide summary,Ridge,
Rider Hollow,2024-06-01,93,182.53756004721464,Known-trail future months,History + statewide summary,Ridge,
Rochester Hollow,2024-06-01,113,174.37600384296874,Known-trail future months,History + statewide summary,Ridge,
Seager,2024-06-01,73,74.94171813951004,Known-trail future months,History + statewide summary,Ridge,
Slide Mt,2024-06-01,593,706.0259555627091,Known-trail future months,History + statewide summary,Ridge,
Woodland Valley,2024-06-01,70,109.18149335238859,Known-trail future months,History + statewide summary,Ridge,
Alder Lake,2024-07-01,299,154.60793889159334,Known-trail future months,History + statewide summary,Ridge,
Beaverkill Road to BLM FT,2024-07-01,193,170.78488820546943,Known-trail future months,History + statewide summary,Ridge,
Cathedral Glen,2024-07-01,6,16.8640471398186,Known-trail future months,History + statewide summary,Ridge,
Denning,2024-07-01,293,238.56149585384256,Known-trail future months,History + statewide summary,Ridge,
Dry Brook Ridge to Lean-to,2024-07-01,46,32.015789231301994,Known-trail future months,History + statewide summary,Ridge,
Flynn,2024-07-01,64,46.46346662757166,Known-trail future months,History + statewide summary,Ridge,
Fox Hollow,2024-07-01,98,87.38856027498606,Known-trail future months,History + statewide summary,Ridge,
Frick Pond,2024-07-01,209,121.35014831574125,Known-trail future months,History + statewide summary,Ridge,
Giant Ledge,2024-07-01,150,537.9031328448126,Known-trail future months,History + statewide summary,Ridge,
Hardenburgh- MH Trail,2024-07-01,16,12.535557165577584,Known-trail future months,History + statewide summary,Ridge,
Kelly Hollow,2024-07-01,215,188.00273582973793,Known-trail future months,History + statewide summary,Ridge,
Lane Street,2024-07-01,81,55.89944590016492,Known-trail future months,History + statewide summary,Ridge,
Mt Tremper,2024-07-01,35,213.25519879915555,Known-trail future months,History + statewide summary,Ridge,
Neversink Hardenburgh Trail,2024-07-01,21,17.601274113370156,Known-trail future months,History + statewide summary,Ridge,
Rider Hollow,2024-07-01,128,158.63296760979813,Known-trail future months,History + statewide summary,Ridge,
Rochester Hollow,2024-07-01,229,150.0518823052924,Known-trail future months,History + statewide summary,Ridge,
Seager,2024-07-01,78,65.2840049656787,Known-trail future months,History + statewide summary,Ridge,
Slide Mt,2024-07-01,868,598.683735392633,Known-trail future months,History + statewide summary,Ridge,
Woodchuck Hollow,2024-07-01,5,6.041093138063809,Known-trail future months,History + statewide summary,Ridge,
Woodland Valley,2024-07-01,12,93.50393559082451,Known-trail future months,History + statewide summary,Ridge,
Alder Lake,2024-08-01,303,160.75668046652606,Known-trail future months,History + statewide summary,Ridge,
Beaverkill Road to BLM FT,2024-08-01,196,168.21007784294994,Known-trail future months,History + statewide summary,Ridge,
Cathedral Glen,2024-08-01,32,16.98660970115866,Known-trail future months,History + statewide summary,Ridge,
Denning,2024-08-01,270,241.60055001992012,Known-trail future months,History + statewide summary,Ridge,
Dry Brook Ridge to Lean-to,2024-08-01,33,32.72879913749134,Known-trail future months,History + statewide summary,Ridge,
Flynn,2024-08-01,25,47.97771230563505,Known-trail future months,History + statewide summary,Ridge,
Fox Hollow,2024-08-01,114,89.16078229719326,Known-trail future months,History + statewide summary,Ridge,
Frick Pond,2024-08-01,192,126.1792907932955,Known-trail future months,History + statewide summary,Ridge,
Hardenburgh- MH Trail,2024-08-01,9,12.69400856261417,Known-trail future months,History + statewide summary,Ridge,
Kelly Hollow,2024-08-01,248,190.99851373265267,Known-trail future months,History + statewide summary,Ridge,
Lane Street,2024-08-01,56,56.690184737484,Known-trail future months,History + statewide summary,Ridge,
Millbrook to BLM FT,2024-08-01,392,337.3304610156763,Known-trail future months,History + statewide summary,Ridge,
Mt Tremper,2024-08-01,587,203.98603218619198,Known-trail future months,History + statewide summary,Ridge,
Neversink Hardenburgh Trail,2024-08-01,11,17.88295435431238,Known-trail future months,History + statewide summary,Ridge,
Rider Hollow,2024-08-01,150,159.85017914655745,Known-trail future months,History + statewide summary,Ridge,
Rochester Hollow,2024-08-01,261,153.52704167030868,Known-trail future months,History + statewide summary,Ridge,
Seager,2024-08-01,63,66.49989469091331,Known-trail future months,History + statewide summary,Ridge,
Slide Mt,2024-08-01,1077,646.5643497948497,Known-trail future months,History + statewide summary,Ridge,
Woodchuck Hollow,2024-08-01,2,6.146467158690385,Known-trail future months,History + statewide summary,Ridge,
Woodland Valley,2024-08-01,9,88.06773592603497,Known-trail future months,History + statewide summary,Ridge,
Alder Lake,2024-09-01,229,151.92320133041645,Known-trail future months,History + statewide summary,Ridge,
Ashokan HP,2024-09-01,127,141.95958935027073,Known-trail future months,History + statewide summary,Ridge,
Beaverkill Road to BLM FT,2024-09-01,203,160.18623207516532,Known-trail future months,History + statewide summary,Ridge,
Cathedral Glen,2024-09-01,6,16.55207097318639,Known-trail future months,History + statewide summary,Ridge,
Denning,2024-09-01,243,228.59392557766733,Known-trail future months,History + statewide summary,Ridge,
Dry Brook Ridge to Lean-to,2024-09-01,14,31.56790137533213,Known-trail future months,History + statewide summary,Ridge,
Flynn,2024-09-01,71,44.34668554602349,Known-trail future months,History + statewide summary,Ridge,
Fox Hollow,2024-09-01,36,86.85506931559517,Known-trail future months,History + statewide summary,Ridge,
Frick Pond,2024-09-01,200,115.49834392253734,Known-trail future months,History + statewide summary,Ridge,
Giant Ledge,2024-09-01,116,423.76678729446536,Known-trail future months,History + statewide summary,Ridge,
Hardenburgh- MH Trail,2024-09-01,13,12.213831953458566,Known-trail future months,History + statewide summary,Ridge,
Kelly Hollow,2024-09-01,125,177.94610706695997,Known-trail future months,History + statewide summary,Ridge,
Lane Street,2024-09-01,39,54.26716864440411,Known-trail future months,History + statewide summary,Ridge,
Millbrook to BLM FT,2024-09-01,347,325.8289430245302,Known-trail future months,History + statewide summary,Ridge,
Neversink Hardenburgh Trail,2024-09-01,17,16.991635202822295,Known-trail future months,History + statewide summary,Ridge,
Overlook,2024-09-01,717,1223.8483737988804,Known-trail future months,History + statewide summary,Ridge,
Rider Hollow,2024-09-01,91,154.31602057575577,Known-trail future months,History + statewide summary,Ridge,
Rochester Hollow,2024-09-01,131,149.01656076006006,Known-trail future months,History + statewide summary,Ridge,
Slide Mt,2024-09-01,783,754.3228382314054,Known-trail future months,History + statewide summary,Ridge,
Wittenberg,2024-09-01,414,365.2294846932886,Known-trail future months,History + statewide summary,Ridge,
Woodchuck Hollow,2024-09-01,4,5.901382568923295,Known-trail future months,History + statewide summary,Ridge,
Woodland Valley,2024-09-01,35,82.20329535667967,Known-trail future months,History + statewide summary,Ridge,
Alder Lake,2024-10-01,17,118.28616782225187,Known-trail future months,History + statewide summary,Ridge,
Ashokan HP,2024-10-01,260,114.79511478247385,Known-trail future months,History + statewide summary,Ridge,
Beaverkill Road to BLM FT,2024-10-01,12,135.97994257855174,Known-trail future months,History + statewide summary,Ridge,
Denning,2024-10-01,306,183.92883547133948,Known-trail future months,History + statewide summary,Ridge,
Flynn,2024-10-01,1,36.530907330352555,Known-trail future months,History + statewide summary,Ridge,
Frick Pond,2024-10-01,6,96.50197381262434,Known-trail future months,History + statewide summary,Ridge,
Giant Ledge,2024-10-01,1383,435.6246727718166,Known-trail future months,History + statewide summary,Ridge,
Millbrook to BLM FT,2024-10-01,462,271.7596458386037,Known-trail future months,History + statewide summary,Ridge,
Neversink Hardenburgh Trail,2024-10-01,31,13.662204962319151,Known-trail future months,History + statewide summary,Ridge,
Overlook,2024-10-01,1143,913.4006869526373,Known-trail future months,History + statewide summary,Ridge,
Slide Mt,2024-10-01,757,635.9329108595339,Known-trail future months,History + statewide summary,Ridge,
Wittenberg,2024-10-01,638,310.9315641424746,Known-trail future months,History + statewide summary,Ridge,
Woodchuck Hollow,2024-10-01,4,4.615088645471751,Known-trail future months,History + statewide summary,Ridge,
Woodland Valley,2024-10-01,182,66.42806640342893,Known-trail future months,History + statewide summary,Ridge,
Ashokan HP,2024-11-01,63,154.2059181329937,Known-trail future months,History + statewide summary,Ridge,
Denning,2024-11-01,76,242.78403771148163,Known-trail future months,History + statewide summary,Ridge,
Giant Ledge,2024-11-01,404,676.2882974930119,Known-trail future months,History + statewide summary,Ridge,
Millbrook to BLM FT,2024-11-01,251,350.7329838843712,Known-trail future months,History + statewide summary,Ridge,
Overlook,2024-11-01,843,1195.6027055036368,Known-trail future months,History + statewide summary,Ridge,
Wittenberg,2024-11-01,289,399.24327159312196,Known-trail future months,History + statewide summary,Ridge,
Woodchuck Hollow,2024-11-01,4,6.421322878838833,Known-trail future months,History + statewide summary,Ridge,
Woodland Valley,2024-11-01,88,89.6868203227191,Known-trail future months,History + statewide summary,Ridge,
Ashokan HP,2024-12-01,53,52.21572738095394,Known-trail future months,History + statewide summary,Ridge,
Giant Ledge,2024-12-01,235,187.0034155374439,Known-trail future months,History + statewide summary,Ridge,
Millbrook to BLM FT,2024-12-01,133,117.00563456627359,Known-trail future months,History + statewide summary,Ridge,
Overlook,2024-12-01,291,416.9775981865459,Known-trail future months,History + statewide summary,Ridge,
Wittenberg,2024-12-01,115,125.58842835364423,Known-trail future months,History + statewide summary,Ridge,
Woodland Valley,2024-12-01,25,31.688869716627966,Known-trail future months,History + statewide summary,Ridge,
Ashokan HP,2025-01-01,35,61.171776196849,Known-trail future months,History + statewide summary,Ridge,
Giant Ledge,2025-01-01,268,174.95243090830323,Known-trail future months,History + statewide summary,Ridge,
Millbrook to BLM FT,2025-01-01,143,132.57173828778735,Known-trail future months,History + statewide summary,Ridge,
Overlook,2025-01-01,358,404.1077042554421,Known-trail future months,History + statewide summary,Ridge,
Wittenberg,2025-01-01,103,132.86089248314758,Known-trail future months,History + statewide summary,Ridge,
Woodland Valley,2025-01-01,15,36.53667904153369,Known-trail future months,History + statewide summary,Ridge,
Ashokan HP,2025-02-01,27,50.25663103317608,Known-trail future months,History + statewide summary,Ridge,
Giant Ledge,2025-02-01,184,136.79298325265012,Known-trail future months,History + statewide summary,Ridge,
Millbrook to BLM FT,2025-02-01,139,110.11439709744297,Known-trail future months,History + statewide summary,Ridge,
Overlook,2025-02-01,182,342.5038824250541,Known-trail future months,History + statewide summary,Ridge,
Wittenberg,2025-02-01,55,104.4780786769032,Known-trail future months,History + statewide summary,Ridge,
Woodland Valley,2025-02-01,30,29.724438741995463,Known-trail future months,History + statewide summary,Ridge,
Ashokan HP,2025-03-01,83,85.69956311891855,Known-trail future months,History + statewide summary,Ridge,
Giant Ledge,2025-03-01,371,220.46754452629264,Known-trail future months,History + statewide summary,Ridge,
Millbrook to BLM FT,2025-03-01,131,187.67463858321767,Known-trail future months,History + statewide summary,Ridge,
Overlook,2025-03-01,426,569.9495521734925,Known-trail future months,History + statewide summary,Ridge,
Wittenberg,2025-03-01,126,178.1365453725337,Known-trail future months,History + statewide summary,Ridge,
Woodland Valley,2025-03-01,41,51.352743446964716,Known-trail future months,History + statewide summary,Ridge,
Ashokan HP,2025-04-01,89,67.07410002418175,Known-trail future months,History + statewide summary,Ridge,
Giant Ledge,2025-04-01,341,165.04059504445124,Known-trail future months,History + statewide summary,Ridge,
Millbrook to BLM FT,2025-04-01,173,140.82894015405128,Known-trail future months,History + statewide summary,Ridge,
Overlook,2025-04-01,576,517.7130606342541,Known-trail future months,History + statewide summary,Ridge,
Wittenberg,2025-04-01,47,139.96261340114447,Known-trail future months,History + statewide summary,Ridge,
Woodland Valley,2025-04-01,47,39.48489524280242,Known-trail future months,History + statewide summary,Ridge,
Ashokan HP,2025-05-01,72,135.7651551907692,Known-trail future months,History + statewide summary,Ridge,
Giant Ledge,2025-05-01,403,376.32602075540035,Known-trail future months,History + statewide summary,Ridge,
Millbrook to BLM FT,2025-05-01,277,291.5773684705251,Known-trail future months,History + statewide summary,Ridge,
Overlook,2025-05-01,828,1212.5961506341314,Known-trail future months,History + statewide summary,Ridge,
Wittenberg,2025-05-01,477,299.7704284124634,Known-trail future months,History + statewide summary,Ridge,
Woodland Valley,2025-05-01,13,80.0262125090752,Known-trail future months,History + statewide summary,Ridge,
Ashokan HP,2025-06-01,160,121.02085792253963,Known-trail future months,History + statewide summary,Ridge,
Giant Ledge,2025-06-01,629,334.4489863325647,Known-trail future months,History + statewide summary,Ridge,
Millbrook to BLM FT,2025-06-01,231,284.450076002331,Known-trail future months,History + statewide summary,Ridge,
Overlook,2025-06-01,854,1225.9872357102656,Known-trail future months,History + statewide summary,Ridge,
Wittenberg,2025-06-01,532,319.4129252557627,Known-trail future months,History + statewide summary,Ridge,
Ashokan HP,2025-07-01,260,149.93610285484823,Known-trail future months,History + statewide summary,Ridge,
Giant Ledge,2025-07-01,400,465.856301063226,Known-trail future months,History + statewide summary,Ridge,
Millbrook to BLM FT,2025-07-01,340,339.37731718346606,Known-trail future months,History + statewide summary,Ridge,
Overlook,2025-07-01,1038,1535.783346490126,Known-trail future months,History + statewide summary,Ridge,
Wittenberg,2025-07-01,587,411.13643095144687,Known-trail future months,History + statewide summary,Ridge,
Ashokan HP,2025-08-01,173,172.9805332202514,Known-trail future months,History + statewide summary,Ridge,
Millbrook to BLM FT,2025-08-01,354,386.21199147692664,Known-trail future months,History + statewide summary,Ridge,
Overlook,2025-08-01,698,1724.8665351849793,Known-trail future months,History + statewide summary,Ridge,
Wittenberg,2025-08-01,751,446.52618993741663,Known-trail future months,History + statewide summary,Ridge,
Ashokan HP,2025-09-01,101,111.84648332763622,Known-trail future months,History + statewide summary,Ridge,
Millbrook to BLM FT,2025-09-01,14,258.2952233624968,Known-trail future months,History + statewide summary,Ridge,
Overlook,2025-09-01,27,896.1216337166309,Known-trail future months,History + statewide summary,Ridge,
Wittenberg,2025-09-01,506,336.68938589954405,Known-trail future months,History + statewide summary,Ridge,
Ashokan HP,2025-10-01,117,122.04967308834117,Known-trail future months,History + statewide summary,Ridge,
Overlook,2025-10-01,4,739.4814593228913,Known-trail future months,History + statewide summary,Ridge,
Wittenberg,2025-10-01,589,380.74735337657376,Known-trail future months,History + statewide summary,Ridge,
Peekamoose,2022-12-01,58,71.64506687283003,Known-trail future months,History + statewide summary,Random Forest,
Biscuit Brook,2023-01-01,47,78.09130784996515,Known-trail future months,History + statewide summary,Random Forest,
Peekamoose,2023-01-01,139,68.00308873050743,Known-trail future months,History + statewide summary,Random Forest,
Bangle Hill,2023-02-01,18,2.0046955812980225,Known-trail future months,History + statewide summary,Random Forest,
Biscuit Brook,2023-02-01,68,60.43406101473475,Known-trail future months,History + statewide summary,Random Forest,
Peekamoose,2023-02-01,90,98.18126218744966,Known-trail future months,History + statewide summary,Random Forest,
Bangle Hill,2023-03-01,5,2.4913100304232594,Known-trail future months,History + statewide summary,Random Forest,
Biscuit Brook,2023-03-01,59,76.93161499107764,Known-trail future months,History + statewide summary,Random Forest,
Peekamoose,2023-03-01,63,82.47633582133489,Known-trail future months,History + statewide summary,Random Forest,
Bangle Hill,2023-04-01,11,9.465384701819675,Known-trail future months,History + statewide summary,Random Forest,
Biscuit Brook,2023-04-01,74,115.55795991021196,Known-trail future months,History + statewide summary,Random Forest,
Peekamoose,2023-04-01,92,131.83514847410794,Known-trail future months,History + statewide summary,Random Forest,
Bangle Hill,2023-05-01,5,13.416948105688778,Known-trail future months,History + statewide summary,Random Forest,
Biscuit Brook,2023-05-01,157,119.33794768312433,Known-trail future months,History + statewide summary,Random Forest,
Peekamoose,2023-05-01,234,130.58605922123263,Known-trail future months,History + statewide summary,Random Forest,
Slide Mt,2023-05-01,691,470.5302195704764,Known-trail future months,History + statewide summary,Random Forest,
Upper Cherrytown Road,2023-05-01,136,202.75561830406872,Known-trail future months,History + statewide summary,Random Forest,
Biscuit Brook,2023-06-01,121,136.75947742780568,Known-trail future months,History + statewide summary,Random Forest,
Peekamoose,2023-06-01,49,180.64710559724094,Known-trail future months,History + statewide summary,Random Forest,
Slide Mt,2023-06-01,587,630.0045508283796,Known-trail future months,History + statewide summary,Random Forest,
Upper Cherrytown Road,2023-06-01,143,187.37596107535495,Known-trail future months,History + statewide summary,Random Forest,
Biscuit Brook,2023-07-01,144,141.25091402666303,Known-trail future months,History + statewide summary,Random Forest,
McKenley Hollow,2023-07-01,103,101.46463389575334,Known-trail future months,History + statewide summary,Random Forest,
Red Hill Dinch Road,2023-07-01,291,246.82189181752256,Known-trail future months,History + statewide summary,Random Forest,
Slide Mt,2023-07-01,794,695.8458398340499,Known-trail future months,History + statewide summary,Random Forest,
Upper Cherrytown Road,2023-07-01,329,285.72233112984804,Known-trail future months,History + statewide summary,Random Forest,
Biscuit Brook,2023-08-01,98,119.883618333781,Known-trail future months,History + statewide summary,Random Forest,
McKenley Hollow,2023-08-01,116,100.37889578232965,Known-trail future months,History + statewide summary,Random Forest,
Onteora Lake,2023-08-01,284,432.18930976022557,Known-trail future months,History + statewide summary,Random Forest,
Red Hill Dinch Road,2023-08-01,238,279.229610760208,Known-trail future months,History + statewide summary,Random Forest,
Slide Mt,2023-08-01,606,716.7809274889465,Known-trail future months,History + statewide summary,Random Forest,
Upper Cherrytown Road,2023-08-01,197,230.10127735366422,Known-trail future months,History + statewide summary,Random Forest,
McKenley Hollow,2023-09-01,119,91.75141444450064,Known-trail future months,History + statewide summary,Random Forest,
Onteora Lake,2023-09-01,311,230.70033698793938,Known-trail future months,History + statewide summary,Random Forest,
Red Hill Dinch Road,2023-09-01,172,200.7079768274062,Known-trail future months,History + statewide summary,Random Forest,
Upper Cherrytown Road,2023-09-01,2,157.13655132763563,Known-trail future months,History + statewide summary,Random Forest,
McKenley Hollow,2023-10-01,119,110.98030430227685,Known-trail future months,History + statewide summary,Random Forest,
Onteora Lake,2023-10-01,418,262.2418121887156,Known-trail future months,History + statewide summary,Random Forest,
Red Hill Dinch Road,2023-10-01,158,241.06691951724756,Known-trail future months,History + statewide summary,Random Forest,
Seager,2023-10-01,41,53.06629673250921,Known-trail future months,History + statewide summary,Random Forest,
Upper Cherrytown Road,2023-10-01,16,86.4409882060228,Known-trail future months,History + statewide summary,Random Forest,
Dry Brook Ridge to Lean-to,2023-11-01,25,16.664629928667104,Known-trail future months,History + statewide summary,Random Forest,
Fox Hollow,2023-11-01,75,87.79963623368279,Known-trail future months,History + statewide summary,Random Forest,
Hardenburgh- MH Trail,2023-11-01,4,5.507496913182612,Known-trail future months,History + statewide summary,Random Forest,
Kelly Hollow,2023-11-01,154,149.0837528821815,Known-trail future months,History + statewide summary,Random Forest,
Lane Street,2023-11-01,57,39.05765396522747,Known-trail future months,History + statewide summary,Random Forest,
McKenley Hollow,2023-11-01,102,86.96169173428044,Known-trail future months,History + statewide summary,Random Forest,
Onteora Lake,2023-11-01,246,246.7416100556406,Known-trail future months,History + statewide summary,Random Forest,
Red Hill Dinch Road,2023-11-01,123,103.66995111348423,Known-trail future months,History + statewide summary,Random Forest,
Rochester Hollow,2023-11-01,150,157.7103007431353,Known-trail future months,History + statewide summary,Random Forest,
Seager,2023-11-01,38,29.757692546337413,Known-trail future months,History + statewide summary,Random Forest,
Upper Cherrytown Road,2023-11-01,1,57.1168722284545,Known-trail future months,History + statewide summary,Random Forest,
Alder Lake,2023-12-01,45,65.97080852724427,Known-trail future months,History + statewide summary,Random Forest,
Beaverkill Road to BLM FT,2023-12-01,84,86.10671282893892,Known-trail future months,History + statewide summary,Random Forest,
Dry Brook Ridge to Lean-to,2023-12-01,12,12.65704982013955,Known-trail future months,History + statewide summary,Random Forest,
Flynn,2023-12-01,8,19.705314528721534,Known-trail future months,History + statewide summary,Random Forest,
Fox Hollow,2023-12-01,59,47.20572955460762,Known-trail future months,History + statewide summary,Random Forest,
Frick Pond,2023-12-01,59,59.12554288817895,Known-trail future months,History + statewide summary,Random Forest,
Hardenburgh- MH Trail,2023-12-01,0,4.146284245704449,Known-trail future months,History + statewide summary,Random Forest,
Kelly Hollow,2023-12-01,112,98.86872809954055,Known-trail future months,History + statewide summary,Random Forest,
Lane Street,2023-12-01,24,35.47526789989331,Known-trail future months,History + statewide summary,Random Forest,
McKenley Hollow,2023-12-01,97,67.16841984902793,Known-trail future months,History + statewide summary,Random Forest,
Mt Tremper,2023-12-01,176,160.19161963819565,Known-trail future months,History + statewide summary,Random Forest,
Neversink Hardenburgh Trail,2023-12-01,10,5.894853432807881,Known-trail future months,History + statewide summary,Random Forest,
Onteora Lake,2023-12-01,216,160.03758538461082,Known-trail future months,History + statewide summary,Random Forest,
Red Hill Dinch Road,2023-12-01,97,88.49279983138427,Known-trail future months,History + statewide summary,Random Forest,
Rider Hollow,2023-12-01,128,140.37024164547367,Known-trail future months,History + statewide summary,Random Forest,
Rochester Hollow,2023-12-01,125,94.80596292403935,Known-trail future months,History + statewide summary,Random Forest,
Seager,2023-12-01,22,25.15486679542051,Known-trail future months,History + statewide summary,Random Forest,
Upper Cherrytown Road,2023-12-01,7,26.096273087899544,Known-trail future months,History + statewide summary,Random Forest,
Alder Lake,2024-01-01,33,49.73495807192944,Known-trail future months,History + statewide summary,Random Forest,
Beaverkill Road to BLM FT,2024-01-01,33,77.15944796492384,Known-trail future months,History + statewide summary,Random Forest,
Cathedral Glen,2024-01-01,6,5.433463254490885,Known-trail future months,History + statewide summary,Random Forest,
Denning,2024-01-01,59,93.82139048316958,Known-trail future months,History + statewide summary,Random Forest,
Dry Brook Ridge to Lean-to,2024-01-01,11,13.43198030322557,Known-trail future months,History + statewide summary,Random Forest,
Flynn,2024-01-01,12,19.62584190890842,Known-trail future months,History + statewide summary,Random Forest,
Fox Hollow,2024-01-01,20,52.9938287806686,Known-trail future months,History + statewide summary,Random Forest,
Frick Pond,2024-01-01,53,64.20076729284904,Known-trail future months,History + statewide summary,Random Forest,
Hardenburgh- MH Trail,2024-01-01,2,2.6592864314582196,Known-trail future months,History + statewide summary,Random Forest,
Kelly Hollow,2024-01-01,44,90.81491973780344,Known-trail future months,History + statewide summary,Random Forest,
Lane Street,2024-01-01,13,23.438007244388764,Known-trail future months,History + statewide summary,Random Forest,
McKenley Hollow,2024-01-01,20,88.32786763231033,Known-trail future months,History + statewide summary,Random Forest,
Mt Tremper,2024-01-01,107,119.03985971931691,Known-trail future months,History + statewide summary,Random Forest,
Neversink Hardenburgh Trail,2024-01-01,0,2.524881335784736,Known-trail future months,History + statewide summary,Random Forest,
Red Hill Dinch Road,2024-01-01,79,89.435672007706,Known-trail future months,History + statewide summary,Random Forest,
Rider Hollow,2024-01-01,118,144.90736885821966,Known-trail future months,History + statewide summary,Random Forest,
Rochester Hollow,2024-01-01,51,97.04076909514649,Known-trail future months,History + statewide summary,Random Forest,
Seager,2024-01-01,24,20.40517273235987,Known-trail future months,History + statewide summary,Random Forest,
Alder Lake,2024-02-01,55,37.48447601998938,Known-trail future months,History + statewide summary,Random Forest,
Beaverkill Road to BLM FT,2024-02-01,81,65.12058721475728,Known-trail future months,History + statewide summary,Random Forest,
Cathedral Glen,2024-02-01,11,7.324848400930747,Known-trail future months,History + statewide summary,Random Forest,
Denning,2024-02-01,111,93.23493457472735,Known-trail future months,History + statewide summary,Random Forest,
Dry Brook Ridge to Lean-to,2024-02-01,22,15.53960368807664,Known-trail future months,History + statewide summary,Random Forest,
Flynn,2024-02-01,13,16.892702830474402,Known-trail future months,History + statewide summary,Random Forest,
Fox Hollow,2024-02-01,67,35.28125820382283,Known-trail future months,History + statewide summary,Random Forest,
Frick Pond,2024-02-01,35,62.30856616957995,Known-trail future months,History + statewide summary,Random Forest,
Hardenburgh- MH Trail,2024-02-01,17,3.465521552367829,Known-trail future months,History + statewide summary,Random Forest,
Kelly Hollow,2024-02-01,70,82.3789484565492,Known-trail future months,History + statewide summary,Random Forest,
Lane Street,2024-02-01,27,25.501790194102647,Known-trail future months,History + statewide summary,Random Forest,
McKenley Hollow,2024-02-01,3,56.855615650549325,Known-trail future months,History + statewide summary,Random Forest,
Mt Tremper,2024-02-01,103,174.55832913682912,Known-trail future months,History + statewide summary,Random Forest,
Neversink Hardenburgh Trail,2024-02-01,1,3.6119254427963057,Known-trail future months,History + statewide summary,Random Forest,
Red Hill Dinch Road,2024-02-01,100,84.88531011173193,Known-trail future months,History + statewide summary,Random Forest,
Rider Hollow,2024-02-01,189,141.2985604807114,Known-trail future months,History + statewide summary,Random Forest,
Rochester Hollow,2024-02-01,89,83.89187049324454,Known-trail future months,History + statewide summary,Random Forest,
Seager,2024-02-01,31,27.191085420417046,Known-trail future months,History + statewide summary,Random Forest,
Alder Lake,2024-03-01,63,61.16932275825741,Known-trail future months,History + statewide summary,Random Forest,
Beaverkill Road to BLM FT,2024-03-01,82,63.25631461179141,Known-trail future months,History + statewide summary,Random Forest,
Cathedral Glen,2024-03-01,10,4.379186909748462,Known-trail future months,History + statewide summary,Random Forest,
Denning,2024-03-01,204,99.80326176944052,Known-trail future months,History + statewide summary,Random Forest,
Dry Brook Ridge to Lean-to,2024-03-01,10,15.834074359199041,Known-trail future months,History + statewide summary,Random Forest,
Flynn,2024-03-01,12,18.07833956189675,Known-trail future months,History + statewide summary,Random Forest,
Fox Hollow,2024-03-01,40,57.29298981318369,Known-trail future months,History + statewide summary,Random Forest,
Frick Pond,2024-03-01,45,54.1040221488767,Known-trail future months,History + statewide summary,Random Forest,
Hardenburgh- MH Trail,2024-03-01,4,4.082440202414994,Known-trail future months,History + statewide summary,Random Forest,
Kelly Hollow,2024-03-01,96,97.18035166820356,Known-trail future months,History + statewide summary,Random Forest,
Lane Street,2024-03-01,28,24.405539365121925,Known-trail future months,History + statewide summary,Random Forest,
McKenley Hollow,2024-03-01,7,46.88623246410893,Known-trail future months,History + statewide summary,Random Forest,
Mt Tremper,2024-03-01,123,121.23348214441532,Known-trail future months,History + statewide summary,Random Forest,
Neversink Hardenburgh Trail,2024-03-01,4,3.2386468647060997,Known-trail future months,History + statewide summary,Random Forest,
Red Hill Dinch Road,2024-03-01,21,98.10757152776472,Known-trail future months,History + statewide summary,Random Forest,
Rider Hollow,2024-03-01,166,141.4171590089219,Known-trail future months,History + statewide summary,Random Forest,
Rochester Hollow,2024-03-01,117,93.7653094981404,Known-trail future months,History + statewide summary,Random Forest,
Seager,2024-03-01,15,27.284984134583325,Known-trail future months,History + statewide summary,Random Forest,
Woodchuck Hollow,2024-03-01,1,3.040107061317699,Known-trail future months,History + statewide summary,Random Forest,
Alder Lake,2024-04-01,127,119.80853073689903,Known-trail future months,History + statewide summary,Random Forest,
Beaverkill Road to BLM FT,2024-04-01,110,119.05927951275403,Known-trail future months,History + statewide summary,Random Forest,
Cathedral Glen,2024-04-01,21,8.430899832628015,Known-trail future months,History + statewide summary,Random Forest,
Denning,2024-04-01,233,159.9923406579551,Known-trail future months,History + statewide summary,Random Forest,
Dry Brook Ridge to Lean-to,2024-04-01,13,18.595801756478615,Known-trail future months,History + statewide summary,Random Forest,
Flynn,2024-04-01,18,22.628946226378662,Known-trail future months,History + statewide summary,Random Forest,
Fox Hollow,2024-04-01,48,59.251427862594454,Known-trail future months,History + statewide summary,Random Forest,
Frick Pond,2024-04-01,70,63.63367116504785,Known-trail future months,History + statewide summary,Random Forest,
Hardenburgh- MH Trail,2024-04-01,1,5.430234593191721,Known-trail future months,History + statewide summary,Random Forest,
Kelly Hollow,2024-04-01,127,140.48308684188257,Known-trail future months,History + statewide summary,Random Forest,
Lane Street,2024-04-01,36,34.96949435492354,Known-trail future months,History + statewide summary,Random Forest,
Mt Tremper,2024-04-01,64,202.4139019916289,Known-trail future months,History + statewide summary,Random Forest,
Neversink Hardenburgh Trail,2024-04-01,4,9.584072407147913,Known-trail future months,History + statewide summary,Random Forest,
Rider Hollow,2024-04-01,103,122.40206759850727,Known-trail future months,History + statewide summary,Random Forest,
Rochester Hollow,2024-04-01,99,145.20598184724292,Known-trail future months,History + statewide summary,Random Forest,
Seager,2024-04-01,40,36.51494987302503,Known-trail future months,History + statewide summary,Random Forest,
Alder Lake,2024-05-01,147,158.65558841632708,Known-trail future months,History + statewide summary,Random Forest,
Beaverkill Road to BLM FT,2024-05-01,189,153.13319912636155,Known-trail future months,History + statewide summary,Random Forest,
Cathedral Glen,2024-05-01,19,12.13670612399811,Known-trail future months,History + statewide summary,Random Forest,
Denning,2024-05-01,260,283.8226586107927,Known-trail future months,History + statewide summary,Random Forest,
Dry Brook Ridge to Lean-to,2024-05-01,17,21.680331513407396,Known-trail future months,History + statewide summary,Random Forest,
Flynn,2024-05-01,24,43.628823315241775,Known-trail future months,History + statewide summary,Random Forest,
Fox Hollow,2024-05-01,71,71.0716116273267,Known-trail future months,History + statewide summary,Random Forest,
Frick Pond,2024-05-01,125,109.24815043233733,Known-trail future months,History + statewide summary,Random Forest,
Hardenburgh- MH Trail,2024-05-01,23,6.13621245873057,Known-trail future months,History + statewide summary,Random Forest,
Kelly Hollow,2024-05-01,182,157.51939914798427,Known-trail future months,History + statewide summary,Random Forest,
Lane Street,2024-05-01,54,53.77260458073945,Known-trail future months,History + statewide summary,Random Forest,
Mt Tremper,2024-05-01,19,203.41035943424282,Known-trail future months,History + statewide summary,Random Forest,
Neversink Hardenburgh Trail,2024-05-01,34,11.582354129558812,Known-trail future months,History + statewide summary,Random Forest,
Rider Hollow,2024-05-01,98,157.8116265063168,Known-trail future months,History + statewide summary,Random Forest,
Rochester Hollow,2024-05-01,182,133.03366326963842,Known-trail future months,History + statewide summary,Random Forest,
Seager,2024-05-01,53,56.61015441871012,Known-trail future months,History + statewide summary,Random Forest,
Woodchuck Hollow,2024-05-01,1,3.351909369069048,Known-trail future months,History + statewide summary,Random Forest,
Woodland Valley,2024-05-01,99,81.72989154849913,Known-trail future months,History + statewide summary,Random Forest,
Alder Lake,2024-06-01,168,181.1281860878354,Known-trail future months,History + statewide summary,Random Forest,
Beaverkill Road to BLM FT,2024-06-01,190,182.23864120370382,Known-trail future months,History + statewide summary,Random Forest,
Cathedral Glen,2024-06-01,30,11.492138175021614,Known-trail future months,History + statewide summary,Random Forest,
Denning,2024-06-01,281,289.865520135027,Known-trail future months,History + statewide summary,Random Forest,
Dry Brook Ridge to Lean-to,2024-06-01,20,20.313313397709567,Known-trail future months,History + statewide summary,Random Forest,
Flynn,2024-06-01,30,44.59385883913718,Known-trail future months,History + statewide summary,Random Forest,
Fox Hollow,2024-06-01,64,81.98512436936795,Known-trail future months,History + statewide summary,Random Forest,
Frick Pond,2024-06-01,131,149.12825668342904,Known-trail future months,History + statewide summary,Random Forest,
Hardenburgh- MH Trail,2024-06-01,17,6.71376586595495,Known-trail future months,History + statewide summary,Random Forest,
Kelly Hollow,2024-06-01,156,164.83617408105738,Known-trail future months,History + statewide summary,Random Forest,
Lane Street,2024-06-01,71,52.975179584965865,Known-trail future months,History + statewide summary,Random Forest,
Mt Tremper,2024-06-01,22,115.17898979551336,Known-trail future months,History + statewide summary,Random Forest,
Neversink Hardenburgh Trail,2024-06-01,13,16.667112867007635,Known-trail future months,History + statewide summary,Random Forest,
Rider Hollow,2024-06-01,93,123.78146156513786,Known-trail future months,History + statewide summary,Random Forest,
Rochester Hollow,2024-06-01,113,157.34559385353043,Known-trail future months,History + statewide summary,Random Forest,
Seager,2024-06-01,73,58.24691642920496,Known-trail future months,History + statewide summary,Random Forest,
Slide Mt,2024-06-01,593,711.3737980979795,Known-trail future months,History + statewide summary,Random Forest,
Woodland Valley,2024-06-01,70,114.48543367633062,Known-trail future months,History + statewide summary,Random Forest,
Alder Lake,2024-07-01,299,261.1899054265494,Known-trail future months,History + statewide summary,Random Forest,
Beaverkill Road to BLM FT,2024-07-01,193,184.69715482825964,Known-trail future months,History + statewide summary,Random Forest,
Cathedral Glen,2024-07-01,6,14.665811627840366,Known-trail future months,History + statewide summary,Random Forest,
Denning,2024-07-01,293,305.37763318511566,Known-trail future months,History + statewide summary,Random Forest,
Dry Brook Ridge to Lean-to,2024-07-01,46,23.440043361095125,Known-trail future months,History + statewide summary,Random Forest,
Flynn,2024-07-01,64,53.17728806141038,Known-trail future months,History + statewide summary,Random Forest,
Fox Hollow,2024-07-01,98,85.16263011457556,Known-trail future months,History + statewide summary,Random Forest,
Frick Pond,2024-07-01,209,163.87887064663772,Known-trail future months,History + statewide summary,Random Forest,
Giant Ledge,2024-07-01,150,470.3356724723201,Known-trail future months,History + statewide summary,Random Forest,
Hardenburgh- MH Trail,2024-07-01,16,9.250311293127771,Known-trail future months,History + statewide summary,Random Forest,
Kelly Hollow,2024-07-01,215,260.91863481373065,Known-trail future months,History + statewide summary,Random Forest,
Lane Street,2024-07-01,81,61.617664541911765,Known-trail future months,History + statewide summary,Random Forest,
Mt Tremper,2024-07-01,35,89.95174993002527,Known-trail future months,History + statewide summary,Random Forest,
Neversink Hardenburgh Trail,2024-07-01,21,20.161904055187133,Known-trail future months,History + statewide summary,Random Forest,
Rider Hollow,2024-07-01,128,144.40255709654474,Known-trail future months,History + statewide summary,Random Forest,
Rochester Hollow,2024-07-01,229,186.4175805203234,Known-trail future months,History + statewide summary,Random Forest,
Seager,2024-07-01,78,83.3913931070385,Known-trail future months,History + statewide summary,Random Forest,
Slide Mt,2024-07-01,868,699.9072880777693,Known-trail future months,History + statewide summary,Random Forest,
Woodchuck Hollow,2024-07-01,5,3.394547567883932,Known-trail future months,History + statewide summary,Random Forest,
Woodland Valley,2024-07-01,12,122.53755351390957,Known-trail future months,History + statewide summary,Random Forest,
Alder Lake,2024-08-01,303,237.2943674769194,Known-trail future months,History + statewide summary,Random Forest,
Beaverkill Road to BLM FT,2024-08-01,196,207.35914331380982,Known-trail future months,History + statewide summary,Random Forest,
Cathedral Glen,2024-08-01,32,13.477068840539355,Known-trail future months,History + statewide summary,Random Forest,
Denning,2024-08-01,270,279.48324160312933,Known-trail future months,History + statewide summary,Random Forest,
Dry Brook Ridge to Lean-to,2024-08-01,33,26.306175444384706,Known-trail future months,History + statewide summary,Random Forest,
Flynn,2024-08-01,25,64.0618825603676,Known-trail future months,History + statewide summary,Random Forest,
Fox Hollow,2024-08-01,114,99.31468491827569,Known-trail future months,History + statewide summary,Random Forest,
Frick Pond,2024-08-01,192,169.86250243153447,Known-trail future months,History + statewide summary,Random Forest,
Hardenburgh- MH Trail,2024-08-01,9,11.050144855258662,Known-trail future months,History + statewide summary,Random Forest,
Kelly Hollow,2024-08-01,248,250.93414540143894,Known-trail future months,History + statewide summary,Random Forest,
Lane Street,2024-08-01,56,63.338324073151476,Known-trail future months,History + statewide summary,Random Forest,
Millbrook to BLM FT,2024-08-01,392,331.94241993889335,Known-trail future months,History + statewide summary,Random Forest,
Mt Tremper,2024-08-01,587,92.17724200536324,Known-trail future months,History + statewide summary,Random Forest,
Neversink Hardenburgh Trail,2024-08-01,11,22.256237335386444,Known-trail future months,History + statewide summary,Random Forest,
Rider Hollow,2024-08-01,150,142.04250179965203,Known-trail future months,History + statewide summary,Random Forest,
Rochester Hollow,2024-08-01,261,190.86750582416124,Known-trail future months,History + statewide summary,Random Forest,
Seager,2024-08-01,63,86.95295115092274,Known-trail future months,History + statewide summary,Random Forest,
Slide Mt,2024-08-01,1077,706.1164044951461,Known-trail future months,History + statewide summary,Random Forest,
Woodchuck Hollow,2024-08-01,2,3.0110986337735057,Known-trail future months,History + statewide summary,Random Forest,
Woodland Valley,2024-08-01,9,67.69677554313081,Known-trail future months,History + statewide summary,Random Forest,
Alder Lake,2024-09-01,229,185.53636541571987,Known-trail future months,History + statewide summary,Random Forest,
Ashokan HP,2024-09-01,127,143.47262840452458,Known-trail future months,History + statewide summary,Random Forest,
Beaverkill Road to BLM FT,2024-09-01,203,160.75330222949034,Known-trail future months,History + statewide summary,Random Forest,
Cathedral Glen,2024-09-01,6,13.569241453265894,Known-trail future months,History + statewide summary,Random Forest,
Denning,2024-09-01,243,223.23306053075459,Known-trail future months,History + statewide summary,Random Forest,
Dry Brook Ridge to Lean-to,2024-09-01,14,20.700458875720393,Known-trail future months,History + statewide summary,Random Forest,
Flynn,2024-09-01,71,29.711478120828435,Known-trail future months,History + statewide summary,Random Forest,
Fox Hollow,2024-09-01,36,99.24924848731264,Known-trail future months,History + statewide summary,Random Forest,
Frick Pond,2024-09-01,200,132.3758799231885,Known-trail future months,History + statewide summary,Random Forest,
Giant Ledge,2024-09-01,116,328.6892148032463,Known-trail future months,History + statewide summary,Random Forest,
Hardenburgh- MH Trail,2024-09-01,13,9.364650853354732,Known-trail future months,History + statewide summary,Random Forest,
Kelly Hollow,2024-09-01,125,170.73384988412397,Known-trail future months,History + statewide summary,Random Forest,
Lane Street,2024-09-01,39,52.29004431345457,Known-trail future months,History + statewide summary,Random Forest,
Millbrook to BLM FT,2024-09-01,347,304.36603127145156,Known-trail future months,History + statewide summary,Random Forest,
Neversink Hardenburgh Trail,2024-09-01,17,15.044771188215538,Known-trail future months,History + statewide summary,Random Forest,
Overlook,2024-09-01,717,794.5223266010494,Known-trail future months,History + statewide summary,Random Forest,
Rider Hollow,2024-09-01,91,131.3973720830796,Known-trail future months,History + statewide summary,Random Forest,
Rochester Hollow,2024-09-01,131,162.63932295921185,Known-trail future months,History + statewide summary,Random Forest,
Slide Mt,2024-09-01,783,708.5216292414599,Known-trail future months,History + statewide summary,Random Forest,
Wittenberg,2024-09-01,414,378.7004802926877,Known-trail future months,History + statewide summary,Random Forest,
Woodchuck Hollow,2024-09-01,4,2.5332913726495696,Known-trail future months,History + statewide summary,Random Forest,
Woodland Valley,2024-09-01,35,48.67342094342521,Known-trail future months,History + statewide summary,Random Forest,
Alder Lake,2024-10-01,17,214.392540095838,Known-trail future months,History + statewide summary,Random Forest,
Ashokan HP,2024-10-01,260,142.16346717734837,Known-trail future months,History + statewide summary,Random Forest,
Beaverkill Road to BLM FT,2024-10-01,12,221.37531317813372,Known-trail future months,History + statewide summary,Random Forest,
Denning,2024-10-01,306,241.62194482816565,Known-trail future months,History + statewide summary,Random Forest,
Flynn,2024-10-01,1,44.743413785355116,Known-trail future months,History + statewide summary,Random Forest,
Frick Pond,2024-10-01,6,158.51059027845648,Known-trail future months,History + statewide summary,Random Forest,
Giant Ledge,2024-10-01,1383,289.64371140512395,Known-trail future months,History + statewide summary,Random Forest,
Millbrook to BLM FT,2024-10-01,462,320.3799771964392,Known-trail future months,History + statewide summary,Random Forest,
Neversink Hardenburgh Trail,2024-10-01,31,16.191713920458103,Known-trail future months,History + statewide summary,Random Forest,
Overlook,2024-10-01,1143,865.7231783031974,Known-trail future months,History + statewide summary,Random Forest,
Slide Mt,2024-10-01,757,819.0232733920021,Known-trail future months,History + statewide summary,Random Forest,
Wittenberg,2024-10-01,638,417.6085455886569,Known-trail future months,History + statewide summary,Random Forest,
Woodchuck Hollow,2024-10-01,4,2.932845012377483,Known-trail future months,History + statewide summary,Random Forest,
Woodland Valley,2024-10-01,182,49.78616149821037,Known-trail future months,History + statewide summary,Random Forest,
Ashokan HP,2024-11-01,63,138.1572804113262,Known-trail future months,History + statewide summary,Random Forest,
Denning,2024-11-01,76,206.5038323156242,Known-trail future months,History + statewide summary,Random Forest,
Giant Ledge,2024-11-01,404,523.948730249902,Known-trail future months,History + statewide summary,Random Forest,
Millbrook to BLM FT,2024-11-01,251,301.1537296587231,Known-trail future months,History + statewide summary,Random Forest,
Overlook,2024-11-01,843,726.5770528106352,Known-trail future months,History + statewide summary,Random Forest,
Wittenberg,2024-11-01,289,430.28829810050996,Known-trail future months,History + statewide summary,Random Forest,
Woodchuck Hollow,2024-11-01,4,3.0428642994272495,Known-trail future months,History + statewide summary,Random Forest,
Woodland Valley,2024-11-01,88,57.8518069553733,Known-trail future months,History + statewide summary,Random Forest,
Ashokan HP,2024-12-01,53,76.07074555100917,Known-trail future months,History + statewide summary,Random Forest,
Giant Ledge,2024-12-01,235,386.8494117874675,Known-trail future months,History + statewide summary,Random Forest,
Millbrook to BLM FT,2024-12-01,133,227.27269933622884,Known-trail future months,History + statewide summary,Random Forest,
Overlook,2024-12-01,291,569.9325418802714,Known-trail future months,History + statewide summary,Random Forest,
Wittenberg,2024-12-01,115,223.95436167923083,Known-trail future months,History + statewide summary,Random Forest,
Woodland Valley,2024-12-01,25,47.39199602615299,Known-trail future months,History + statewide summary,Random Forest,
Ashokan HP,2025-01-01,35,70.64247987480782,Known-trail future months,History + statewide summary,Random Forest,
Giant Ledge,2025-01-01,268,328.92788219001284,Known-trail future months,History + statewide summary,Random Forest,
Millbrook to BLM FT,2025-01-01,143,162.62713053280837,Known-trail future months,History + statewide summary,Random Forest,
Overlook,2025-01-01,358,382.76498023594576,Known-trail future months,History + statewide summary,Random Forest,
Wittenberg,2025-01-01,103,148.012137243713,Known-trail future months,History + statewide summary,Random Forest,
Woodland Valley,2025-01-01,15,28.40927503556777,Known-trail future months,History + statewide summary,Random Forest,
Ashokan HP,2025-02-01,27,56.15363076832183,Known-trail future months,History + statewide summary,Random Forest,
Giant Ledge,2025-02-01,184,323.5008548676987,Known-trail future months,History + statewide summary,Random Forest,
Millbrook to BLM FT,2025-02-01,139,158.1793644126255,Known-trail future months,History + statewide summary,Random Forest,
Overlook,2025-02-01,182,382.91368317811816,Known-trail future months,History + statewide summary,Random Forest,
Wittenberg,2025-02-01,55,141.24059463214675,Known-trail future months,History + statewide summary,Random Forest,
Woodland Valley,2025-02-01,30,29.30199932787996,Known-trail future months,History + statewide summary,Random Forest,
Ashokan HP,2025-03-01,83,54.049623531152555,Known-trail future months,History + statewide summary,Random Forest,
Giant Ledge,2025-03-01,371,277.08484553310166,Known-trail future months,History + statewide summary,Random Forest,
Millbrook to BLM FT,2025-03-01,131,158.52217028138614,Known-trail future months,History + statewide summary,Random Forest,
Overlook,2025-03-01,426,338.3678329074874,Known-trail future months,History + statewide summary,Random Forest,
Wittenberg,2025-03-01,126,132.60839354368366,Known-trail future months,History + statewide summary,Random Forest,
Woodland Valley,2025-03-01,41,29.251137580633966,Known-trail future months,History + statewide summary,Random Forest,
Ashokan HP,2025-04-01,89,102.83864779406206,Known-trail future months,History + statewide summary,Random Forest,
Giant Ledge,2025-04-01,341,380.2955867566543,Known-trail future months,History + statewide summary,Random Forest,
Millbrook to BLM FT,2025-04-01,173,163.05756713360873,Known-trail future months,History + statewide summary,Random Forest,
Overlook,2025-04-01,576,521.4120942555164,Known-trail future months,History + statewide summary,Random Forest,
Wittenberg,2025-04-01,47,162.5902912173361,Known-trail future months,History + statewide summary,Random Forest,
Woodland Valley,2025-04-01,47,51.7258297959781,Known-trail future months,History + statewide summary,Random Forest,
Ashokan HP,2025-05-01,72,129.62004452237633,Known-trail future months,History + statewide summary,Random Forest,
Giant Ledge,2025-05-01,403,444.95375731034295,Known-trail future months,History + statewide summary,Random Forest,
Millbrook to BLM FT,2025-05-01,277,235.8119508952327,Known-trail future months,History + statewide summary,Random Forest,
Overlook,2025-05-01,828,718.3664401286193,Known-trail future months,History + statewide summary,Random Forest,
Wittenberg,2025-05-01,477,166.05444427856588,Known-trail future months,History + statewide summary,Random Forest,
Woodland Valley,2025-05-01,13,69.31916908799863,Known-trail future months,History + statewide summary,Random Forest,
Ashokan HP,2025-06-01,160,127.65490664308061,Known-trail future months,History + statewide summary,Random Forest,
Giant Ledge,2025-06-01,629,492.9083435868769,Known-trail future months,History + statewide summary,Random Forest,
Millbrook to BLM FT,2025-06-01,231,284.6976151260962,Known-trail future months,History + statewide summary,Random Forest,
Overlook,2025-06-01,854,870.8531027299213,Known-trail future months,History + statewide summary,Random Forest,
Wittenberg,2025-06-01,532,414.52913859806284,Known-trail future months,History + statewide summary,Random Forest,
Ashokan HP,2025-07-01,260,150.35323057966517,Known-trail future months,History + statewide summary,Random Forest,
Giant Ledge,2025-07-01,400,562.6885213362513,Known-trail future months,History + statewide summary,Random Forest,
Millbrook to BLM FT,2025-07-01,340,308.8643853377554,Known-trail future months,History + statewide summary,Random Forest,
Overlook,2025-07-01,1038,961.6182179321022,Known-trail future months,History + statewide summary,Random Forest,
Wittenberg,2025-07-01,587,467.7133880155243,Known-trail future months,History + statewide summary,Random Forest,
Ashokan HP,2025-08-01,173,182.3757437157571,Known-trail future months,History + statewide summary,Random Forest,
Millbrook to BLM FT,2025-08-01,354,312.6704602976346,Known-trail future months,History + statewide summary,Random Forest,
Overlook,2025-08-01,698,946.0878171824893,Known-trail future months,History + statewide summary,Random Forest,
Wittenberg,2025-08-01,751,469.915017068791,Known-trail future months,History + statewide summary,Random Forest,
Ashokan HP,2025-09-01,101,153.1217443837634,Known-trail future months,History + statewide summary,Random Forest,
Millbrook to BLM FT,2025-09-01,14,271.55445928927315,Known-trail future months,History + statewide summary,Random Forest,
Overlook,2025-09-01,27,774.7856786398753,Known-trail future months,History + statewide summary,Random Forest,
Wittenberg,2025-09-01,506,507.7495699315769,Known-trail future months,History + statewide summary,Random Forest,
Ashokan HP,2025-10-01,117,165.9925539366899,Known-trail future months,History + statewide summary,Random Forest,
Overlook,2025-10-01,4,136.97427519131764,Known-trail future months,History + statewide summary,Random Forest,
Wittenberg,2025-10-01,589,511.4761302051726,Known-trail future months,History + statewide summary,Random Forest,
Peekamoose,2022-12-01,58,66.19173961263958,Known-trail future months,History + statewide summary,HistGradientBoosting,
Biscuit Brook,2023-01-01,47,74.74509442974855,Known-trail future months,History + statewide summary,HistGradientBoosting,
Peekamoose,2023-01-01,139,61.34553277882239,Known-trail future months,History + statewide summary,HistGradientBoosting,
Bangle Hill,2023-02-01,18,2.6861404393535158,Known-trail future months,History + statewide summary,HistGradientBoosting,
Biscuit Brook,2023-02-01,68,63.77714294857743,Known-trail future months,History + statewide summary,HistGradientBoosting,
Peekamoose,2023-02-01,90,85.80297146286925,Known-trail future months,History + statewide summary,HistGradientBoosting,
Bangle Hill,2023-03-01,5,1.7196848867913879,Known-trail future months,History + statewide summary,HistGradientBoosting,
Biscuit Brook,2023-03-01,59,58.99381197406908,Known-trail future months,History + statewide summary,HistGradientBoosting,
Peekamoose,2023-03-01,63,73.33060448490204,Known-trail future months,History + statewide summary,HistGradientBoosting,
Bangle Hill,2023-04-01,11,6.836896662626703,Known-trail future months,History + statewide summary,HistGradientBoosting,
Biscuit Brook,2023-04-01,74,104.12051781934936,Known-trail future months,History + statewide summary,HistGradientBoosting,
Peekamoose,2023-04-01,92,117.22080149342318,Known-trail future months,History + statewide summary,HistGradientBoosting,
Bangle Hill,2023-05-01,5,16.385262779088603,Known-trail future months,History + statewide summary,HistGradientBoosting,
Biscuit Brook,2023-05-01,157,147.45476632401932,Known-trail future months,History + statewide summary,HistGradientBoosting,
Peekamoose,2023-05-01,234,150.15581162590695,Known-trail future months,History + statewide summary,HistGradientBoosting,
Slide Mt,2023-05-01,691,588.8884623005388,Known-trail future months,History + statewide summary,HistGradientBoosting,
Upper Cherrytown Road,2023-05-01,136,241.81638478916938,Known-trail future months,History + statewide summary,HistGradientBoosting,
Biscuit Brook,2023-06-01,121,130.98069123617879,Known-trail future months,History + statewide summary,HistGradientBoosting,
Peekamoose,2023-06-01,49,161.87753362967695,Known-trail future months,History + statewide summary,HistGradientBoosting,
Slide Mt,2023-06-01,587,629.7247978843714,Known-trail future months,History + statewide summary,HistGradientBoosting,
Upper Cherrytown Road,2023-06-01,143,196.72575269789954,Known-trail future months,History + statewide summary,HistGradientBoosting,
Biscuit Brook,2023-07-01,144,161.91426798569415,Known-trail future months,History + statewide summary,HistGradientBoosting,
McKenley Hollow,2023-07-01,103,100.00717387563056,Known-trail future months,History + statewide summary,HistGradientBoosting,
Red Hill Dinch Road,2023-07-01,291,248.23475511500214,Known-trail future months,History + statewide summary,HistGradientBoosting,
Slide Mt,2023-07-01,794,737.4442868533291,Known-trail future months,History + statewide summary,HistGradientBoosting,
Upper Cherrytown Road,2023-07-01,329,245.21154940385364,Known-trail future months,History + statewide summary,HistGradientBoosting,
Biscuit Brook,2023-08-01,98,120.74355330026056,Known-trail future months,History + statewide summary,HistGradientBoosting,
McKenley Hollow,2023-08-01,116,100.87223674180893,Known-trail future months,History + statewide summary,HistGradientBoosting,
Onteora Lake,2023-08-01,284,505.88960773117964,Known-trail future months,History + statewide summary,HistGradientBoosting,
Red Hill Dinch Road,2023-08-01,238,292.57456769392866,Known-trail future months,History + statewide summary,HistGradientBoosting,
Slide Mt,2023-08-01,606,762.502892670037,Known-trail future months,History + statewide summary,HistGradientBoosting,
Upper Cherrytown Road,2023-08-01,197,270.69425931679945,Known-trail future months,History + statewide summary,HistGradientBoosting,
McKenley Hollow,2023-09-01,119,80.56562843107527,Known-trail future months,History + statewide summary,HistGradientBoosting,
Onteora Lake,2023-09-01,311,225.14269551005813,Known-trail future months,History + statewide summary,HistGradientBoosting,
Red Hill Dinch Road,2023-09-01,172,188.72578001023186,Known-trail future months,History + statewide summary,HistGradientBoosting,
Upper Cherrytown Road,2023-09-01,2,151.9324486214464,Known-trail future months,History + statewide summary,HistGradientBoosting,
McKenley Hollow,2023-10-01,119,87.2905911102032,Known-trail future months,History + statewide summary,HistGradientBoosting,
Onteora Lake,2023-10-01,418,279.41563351000866,Known-trail future months,History + statewide summary,HistGradientBoosting,
Red Hill Dinch Road,2023-10-01,158,209.75028867581722,Known-trail future months,History + statewide summary,HistGradientBoosting,
Seager,2023-10-01,41,43.96951113332437,Known-trail future months,History + statewide summary,HistGradientBoosting,
Upper Cherrytown Road,2023-10-01,16,83.82029247107602,Known-trail future months,History + statewide summary,HistGradientBoosting,
Dry Brook Ridge to Lean-to,2023-11-01,25,21.428027326628897,Known-trail future months,History + statewide summary,HistGradientBoosting,
Fox Hollow,2023-11-01,75,94.65237856928898,Known-trail future months,History + statewide summary,HistGradientBoosting,
Hardenburgh- MH Trail,2023-11-01,4,5.197674911865794,Known-trail future months,History + statewide summary,HistGradientBoosting,
Kelly Hollow,2023-11-01,154,157.37501381085613,Known-trail future months,History + statewide summary,HistGradientBoosting,
Lane Street,2023-11-01,57,40.93555699524793,Known-trail future months,History + statewide summary,HistGradientBoosting,
McKenley Hollow,2023-11-01,102,89.02392778153431,Known-trail future months,History + statewide summary,HistGradientBoosting,
Onteora Lake,2023-11-01,246,270.68925836420334,Known-trail future months,History + statewide summary,HistGradientBoosting,
Red Hill Dinch Road,2023-11-01,123,113.28669670607549,Known-trail future months,History + statewide summary,HistGradientBoosting,
Rochester Hollow,2023-11-01,150,169.18657454769195,Known-trail future months,History + statewide summary,HistGradientBoosting,
Seager,2023-11-01,38,29.227960763649293,Known-trail future months,History + statewide summary,HistGradientBoosting,
Upper Cherrytown Road,2023-11-01,1,74.01161579628136,Known-trail future months,History + statewide summary,HistGradientBoosting,
Alder Lake,2023-12-01,45,62.44692795312532,Known-trail future months,History + statewide summary,HistGradientBoosting,
Beaverkill Road to BLM FT,2023-12-01,84,91.84034278966013,Known-trail future months,History + statewide summary,HistGradientBoosting,
Dry Brook Ridge to Lean-to,2023-12-01,12,12.119500261480198,Known-trail future months,History + statewide summary,HistGradientBoosting,
Flynn,2023-12-01,8,22.340170311537722,Known-trail future months,History + statewide summary,HistGradientBoosting,
Fox Hollow,2023-12-01,59,51.12322967189942,Known-trail future months,History + statewide summary,HistGradientBoosting,
Frick Pond,2023-12-01,59,61.4416823491852,Known-trail future months,History + statewide summary,HistGradientBoosting,
Hardenburgh- MH Trail,2023-12-01,0,4.522630170218071,Known-trail future months,History + statewide summary,HistGradientBoosting,
Kelly Hollow,2023-12-01,112,99.62328479780481,Known-trail future months,History + statewide summary,HistGradientBoosting,
Lane Street,2023-12-01,24,38.53904032395654,Known-trail future months,History + statewide summary,HistGradientBoosting,
McKenley Hollow,2023-12-01,97,66.63009879277615,Known-trail future months,History + statewide summary,HistGradientBoosting,
Mt Tremper,2023-12-01,176,148.02862772077893,Known-trail future months,History + statewide summary,HistGradientBoosting,
Neversink Hardenburgh Trail,2023-12-01,10,5.95882692779002,Known-trail future months,History + statewide summary,HistGradientBoosting,
Onteora Lake,2023-12-01,216,130.0324669713387,Known-trail future months,History + statewide summary,HistGradientBoosting,
Red Hill Dinch Road,2023-12-01,97,96.3383266036244,Known-trail future months,History + statewide summary,HistGradientBoosting,
Rider Hollow,2023-12-01,128,133.91289155809915,Known-trail future months,History + statewide summary,HistGradientBoosting,
Rochester Hollow,2023-12-01,125,86.95985481465935,Known-trail future months,History + statewide summary,HistGradientBoosting,
Seager,2023-12-01,22,23.5875268613297,Known-trail future months,History + statewide summary,HistGradientBoosting,
Upper Cherrytown Road,2023-12-01,7,25.705512785604284,Known-trail future months,History + statewide summary,HistGradientBoosting,
Alder Lake,2024-01-01,33,44.60759017084294,Known-trail future months,History + statewide summary,HistGradientBoosting,
Beaverkill Road to BLM FT,2024-01-01,33,58.824308711933945,Known-trail future months,History + statewide summary,HistGradientBoosting,
Cathedral Glen,2024-01-01,6,4.023550647861377,Known-trail future months,History + statewide summary,HistGradientBoosting,
Denning,2024-01-01,59,77.04127734231221,Known-trail future months,History + statewide summary,HistGradientBoosting,
Dry Brook Ridge to Lean-to,2024-01-01,11,10.546949171316538,Known-trail future months,History + statewide summary,HistGradientBoosting,
Flynn,2024-01-01,12,17.69978645611874,Known-trail future months,History + statewide summary,HistGradientBoosting,
Fox Hollow,2024-01-01,20,38.7658738399338,Known-trail future months,History + statewide summary,HistGradientBoosting,
Frick Pond,2024-01-01,53,49.70317050293736,Known-trail future months,History + statewide summary,HistGradientBoosting,
Hardenburgh- MH Trail,2024-01-01,2,1.7172531322784377,Known-trail future months,History + statewide summary,HistGradientBoosting,
Kelly Hollow,2024-01-01,44,70.87089879606137,Known-trail future months,History + statewide summary,HistGradientBoosting,
Lane Street,2024-01-01,13,18.61550151737923,Known-trail future months,History + statewide summary,HistGradientBoosting,
McKenley Hollow,2024-01-01,20,59.09988814663522,Known-trail future months,History + statewide summary,HistGradientBoosting,
Mt Tremper,2024-01-01,107,94.14551824219653,Known-trail future months,History + statewide summary,HistGradientBoosting,
Neversink Hardenburgh Trail,2024-01-01,0,1.624080033275071,Known-trail future months,History + statewide summary,HistGradientBoosting,
Red Hill Dinch Road,2024-01-01,79,70.83680630186707,Known-trail future months,History + statewide summary,HistGradientBoosting,
Rider Hollow,2024-01-01,118,108.37383750835187,Known-trail future months,History + statewide summary,HistGradientBoosting,
Rochester Hollow,2024-01-01,51,70.71610804379921,Known-trail future months,History + statewide summary,HistGradientBoosting,
Seager,2024-01-01,24,17.159853188156617,Known-trail future months,History + statewide summary,HistGradientBoosting,
Alder Lake,2024-02-01,55,37.40790235324046,Known-trail future months,History + statewide summary,HistGradientBoosting,
Beaverkill Road to BLM FT,2024-02-01,81,72.59117927618243,Known-trail future months,History + statewide summary,HistGradientBoosting,
Cathedral Glen,2024-02-01,11,9.603854365064239,Known-trail future months,History + statewide summary,HistGradientBoosting,
Denning,2024-02-01,111,89.8707878339819,Known-trail future months,History + statewide summary,HistGradientBoosting,
Dry Brook Ridge to Lean-to,2024-02-01,22,15.261703558393645,Known-trail future months,History + statewide summary,HistGradientBoosting,
Flynn,2024-02-01,13,15.999839120885081,Known-trail future months,History + statewide summary,HistGradientBoosting,
Fox Hollow,2024-02-01,67,31.45348699379237,Known-trail future months,History + statewide summary,HistGradientBoosting,
Frick Pond,2024-02-01,35,61.21957042141556,Known-trail future months,History + statewide summary,HistGradientBoosting,
Hardenburgh- MH Trail,2024-02-01,17,2.296321993232594,Known-trail future months,History + statewide summary,HistGradientBoosting,
Kelly Hollow,2024-02-01,70,82.37540900072646,Known-trail future months,History + statewide summary,HistGradientBoosting,
Lane Street,2024-02-01,27,27.678579250751454,Known-trail future months,History + statewide summary,HistGradientBoosting,
McKenley Hollow,2024-02-01,3,51.15924083758585,Known-trail future months,History + statewide summary,HistGradientBoosting,
Mt Tremper,2024-02-01,103,162.3813368866593,Known-trail future months,History + statewide summary,HistGradientBoosting,
Neversink Hardenburgh Trail,2024-02-01,1,3.7080848468206993,Known-trail future months,History + statewide summary,HistGradientBoosting,
Red Hill Dinch Road,2024-02-01,100,86.24723019937541,Known-trail future months,History + statewide summary,HistGradientBoosting,
Rider Hollow,2024-02-01,189,138.48212835383242,Known-trail future months,History + statewide summary,HistGradientBoosting,
Rochester Hollow,2024-02-01,89,84.72607553182922,Known-trail future months,History + statewide summary,HistGradientBoosting,
Seager,2024-02-01,31,27.610023621347214,Known-trail future months,History + statewide summary,HistGradientBoosting,
Alder Lake,2024-03-01,63,61.45707416102562,Known-trail future months,History + statewide summary,HistGradientBoosting,
Beaverkill Road to BLM FT,2024-03-01,82,75.20925106805355,Known-trail future months,History + statewide summary,HistGradientBoosting,
Cathedral Glen,2024-03-01,10,6.059467573325492,Known-trail future months,History + statewide summary,HistGradientBoosting,
Denning,2024-03-01,204,102.1198154267307,Known-trail future months,History + statewide summary,HistGradientBoosting,
Dry Brook Ridge to Lean-to,2024-03-01,10,22.17551536436364,Known-trail future months,History + statewide summary,HistGradientBoosting,
Flynn,2024-03-01,12,19.70894552587311,Known-trail future months,History + statewide summary,HistGradientBoosting,
Fox Hollow,2024-03-01,40,61.830864384737374,Known-trail future months,History + statewide summary,HistGradientBoosting,
Frick Pond,2024-03-01,45,57.33277462403254,Known-trail future months,History + statewide summary,HistGradientBoosting,
Hardenburgh- MH Trail,2024-03-01,4,5.003161158195896,Known-trail future months,History + statewide summary,HistGradientBoosting,
Kelly Hollow,2024-03-01,96,99.99613020433375,Known-trail future months,History + statewide summary,HistGradientBoosting,
Lane Street,2024-03-01,28,32.66758332946876,Known-trail future months,History + statewide summary,HistGradientBoosting,
McKenley Hollow,2024-03-01,7,40.21165980787263,Known-trail future months,History + statewide summary,HistGradientBoosting,
Mt Tremper,2024-03-01,123,127.29297492443568,Known-trail future months,History + statewide summary,HistGradientBoosting,
Neversink Hardenburgh Trail,2024-03-01,4,3.8937853646825036,Known-trail future months,History + statewide summary,HistGradientBoosting,
Red Hill Dinch Road,2024-03-01,21,102.90084482395487,Known-trail future months,History + statewide summary,HistGradientBoosting,
Rider Hollow,2024-03-01,166,149.99641645162254,Known-trail future months,History + statewide summary,HistGradientBoosting,
Rochester Hollow,2024-03-01,117,97.33065870063591,Known-trail future months,History + statewide summary,HistGradientBoosting,
Seager,2024-03-01,15,29.164066823526888,Known-trail future months,History + statewide summary,HistGradientBoosting,
Woodchuck Hollow,2024-03-01,1,2.159381064753021,Known-trail future months,History + statewide summary,HistGradientBoosting,
Alder Lake,2024-04-01,127,133.58686495415526,Known-trail future months,History + statewide summary,HistGradientBoosting,
Beaverkill Road to BLM FT,2024-04-01,110,140.54156719002393,Known-trail future months,History + statewide summary,HistGradientBoosting,
Cathedral Glen,2024-04-01,21,7.51860762881798,Known-trail future months,History + statewide summary,HistGradientBoosting,
Denning,2024-04-01,233,164.62784704864853,Known-trail future months,History + statewide summary,HistGradientBoosting,
Dry Brook Ridge to Lean-to,2024-04-01,13,19.838054317801696,Known-trail future months,History + statewide summary,HistGradientBoosting,
Flynn,2024-04-01,18,23.24927930422393,Known-trail future months,History + statewide summary,HistGradientBoosting,
Fox Hollow,2024-04-01,48,63.651817659538075,Known-trail future months,History + statewide summary,HistGradientBoosting,
Frick Pond,2024-04-01,70,66.46775487420359,Known-trail future months,History + statewide summary,HistGradientBoosting,
Hardenburgh- MH Trail,2024-04-01,1,5.404268266598972,Known-trail future months,History + statewide summary,HistGradientBoosting,
Kelly Hollow,2024-04-01,127,143.75916895450263,Known-trail future months,History + statewide summary,HistGradientBoosting,
Lane Street,2024-04-01,36,33.74917757205057,Known-trail future months,History + statewide summary,HistGradientBoosting,
Mt Tremper,2024-04-01,64,191.99385947634195,Known-trail future months,History + statewide summary,HistGradientBoosting,
Neversink Hardenburgh Trail,2024-04-01,4,6.934378511503018,Known-trail future months,History + statewide summary,HistGradientBoosting,
Rider Hollow,2024-04-01,103,114.15017259168282,Known-trail future months,History + statewide summary,HistGradientBoosting,
Rochester Hollow,2024-04-01,99,139.096730776994,Known-trail future months,History + statewide summary,HistGradientBoosting,
Seager,2024-04-01,40,38.27443447737367,Known-trail future months,History + statewide summary,HistGradientBoosting,
Alder Lake,2024-05-01,147,172.70408005164086,Known-trail future months,History + statewide summary,HistGradientBoosting,
Beaverkill Road to BLM FT,2024-05-01,189,157.92868608105695,Known-trail future months,History + statewide summary,HistGradientBoosting,
Cathedral Glen,2024-05-01,19,22.458713154172226,Known-trail future months,History + statewide summary,HistGradientBoosting,
Denning,2024-05-01,260,304.16214165846105,Known-trail future months,History + statewide summary,HistGradientBoosting,
Dry Brook Ridge to Lean-to,2024-05-01,17,35.967639831007574,Known-trail future months,History + statewide summary,HistGradientBoosting,
Flynn,2024-05-01,24,58.11413814408251,Known-trail future months,History + statewide summary,HistGradientBoosting,
Fox Hollow,2024-05-01,71,70.84165434752686,Known-trail future months,History + statewide summary,HistGradientBoosting,
Frick Pond,2024-05-01,125,128.47372557942344,Known-trail future months,History + statewide summary,HistGradientBoosting,
Hardenburgh- MH Trail,2024-05-01,23,8.990540914787244,Known-trail future months,History + statewide summary,HistGradientBoosting,
Kelly Hollow,2024-05-01,182,168.50687723819672,Known-trail future months,History + statewide summary,HistGradientBoosting,
Lane Street,2024-05-01,54,50.131361319352614,Known-trail future months,History + statewide summary,HistGradientBoosting,
Mt Tremper,2024-05-01,19,222.2833354600278,Known-trail future months,History + statewide summary,HistGradientBoosting,
Neversink Hardenburgh Trail,2024-05-01,34,10.989600214474779,Known-trail future months,History + statewide summary,HistGradientBoosting,
Rider Hollow,2024-05-01,98,161.34959362467416,Known-trail future months,History + statewide summary,HistGradientBoosting,
Rochester Hollow,2024-05-01,182,149.2648094052337,Known-trail future months,History + statewide summary,HistGradientBoosting,
Seager,2024-05-01,53,57.10648728251024,Known-trail future months,History + statewide summary,HistGradientBoosting,
Woodchuck Hollow,2024-05-01,1,3.348174382489256,Known-trail future months,History + statewide summary,HistGradientBoosting,
Woodland Valley,2024-05-01,99,103.69425899221629,Known-trail future months,History + statewide summary,HistGradientBoosting,
Alder Lake,2024-06-01,168,174.41349738269494,Known-trail future months,History + statewide summary,HistGradientBoosting,
Beaverkill Road to BLM FT,2024-06-01,190,179.8255206163021,Known-trail future months,History + statewide summary,HistGradientBoosting,
Cathedral Glen,2024-06-01,30,20.162300343525885,Known-trail future months,History + statewide summary,HistGradientBoosting,
Denning,2024-06-01,281,297.27516302911863,Known-trail future months,History + statewide summary,HistGradientBoosting,
Dry Brook Ridge to Lean-to,2024-06-01,20,26.102736694709844,Known-trail future months,History + statewide summary,HistGradientBoosting,
Flynn,2024-06-01,30,53.9675546616806,Known-trail future months,History + statewide summary,HistGradientBoosting,
Fox Hollow,2024-06-01,64,93.01526955107101,Known-trail future months,History + statewide summary,HistGradientBoosting,
Frick Pond,2024-06-01,131,152.09550204257604,Known-trail future months,History + statewide summary,HistGradientBoosting,
Hardenburgh- MH Trail,2024-06-01,17,9.009391986081779,Known-trail future months,History + statewide summary,HistGradientBoosting,
Kelly Hollow,2024-06-01,156,173.535467842406,Known-trail future months,History + statewide summary,HistGradientBoosting,
Lane Street,2024-06-01,71,58.32830270386529,Known-trail future months,History + statewide summary,HistGradientBoosting,
Mt Tremper,2024-06-01,22,122.31713668533216,Known-trail future months,History + statewide summary,HistGradientBoosting,
Neversink Hardenburgh Trail,2024-06-01,13,21.21640044470565,Known-trail future months,History + statewide summary,HistGradientBoosting,
Rider Hollow,2024-06-01,93,125.13323700001527,Known-trail future months,History + statewide summary,HistGradientBoosting,
Rochester Hollow,2024-06-01,113,165.9069025484263,Known-trail future months,History + statewide summary,HistGradientBoosting,
Seager,2024-06-01,73,67.97723840026752,Known-trail future months,History + statewide summary,HistGradientBoosting,
Slide Mt,2024-06-01,593,675.1602632948989,Known-trail future months,History + statewide summary,HistGradientBoosting,
Woodland Valley,2024-06-01,70,114.81123089292092,Known-trail future months,History + statewide summary,HistGradientBoosting,
Alder Lake,2024-07-01,299,235.6064165748715,Known-trail future months,History + statewide summary,HistGradientBoosting,
Beaverkill Road to BLM FT,2024-07-01,193,212.46853992244468,Known-trail future months,History + statewide summary,HistGradientBoosting,
Cathedral Glen,2024-07-01,6,19.09636161247695,Known-trail future months,History + statewide summary,HistGradientBoosting,
Denning,2024-07-01,293,336.988673140314,Known-trail future months,History + statewide summary,HistGradientBoosting,
Dry Brook Ridge to Lean-to,2024-07-01,46,30.448423798666205,Known-trail future months,History + statewide summary,HistGradientBoosting,
Flynn,2024-07-01,64,55.74078139491128,Known-trail future months,History + statewide summary,HistGradientBoosting,
Fox Hollow,2024-07-01,98,97.87578272639541,Known-trail future months,History + statewide summary,HistGradientBoosting,
Frick Pond,2024-07-01,209,171.9826770622082,Known-trail future months,History + statewide summary,HistGradientBoosting,
Giant Ledge,2024-07-01,150,546.2632466675548,Known-trail future months,History + statewide summary,HistGradientBoosting,
Hardenburgh- MH Trail,2024-07-01,16,10.397773535249444,Known-trail future months,History + statewide summary,HistGradientBoosting,
Kelly Hollow,2024-07-01,215,244.56304809663774,Known-trail future months,History + statewide summary,HistGradientBoosting,
Lane Street,2024-07-01,81,59.25567713462207,Known-trail future months,History + statewide summary,HistGradientBoosting,
Mt Tremper,2024-07-01,35,116.29553433936611,Known-trail future months,History + statewide summary,HistGradientBoosting,
Neversink Hardenburgh Trail,2024-07-01,21,19.327631911778365,Known-trail future months,History + statewide summary,HistGradientBoosting,
Rider Hollow,2024-07-01,128,151.48184492178683,Known-trail future months,History + statewide summary,HistGradientBoosting,
Rochester Hollow,2024-07-01,229,180.6998039514953,Known-trail future months,History + statewide summary,HistGradientBoosting,
Seager,2024-07-01,78,81.25984701159108,Known-trail future months,History + statewide summary,HistGradientBoosting,
Slide Mt,2024-07-01,868,792.881896945971,Known-trail future months,History + statewide summary,HistGradientBoosting,
Woodchuck Hollow,2024-07-01,5,3.107485612597171,Known-trail future months,History + statewide summary,HistGradientBoosting,
Woodland Valley,2024-07-01,12,135.26097721545983,Known-trail future months,History + statewide summary,HistGradientBoosting,
Alder Lake,2024-08-01,303,265.39487236238796,Known-trail future months,History + statewide summary,HistGradientBoosting,
Beaverkill Road to BLM FT,2024-08-01,196,212.38537203636767,Known-trail future months,History + statewide summary,HistGradientBoosting,
Cathedral Glen,2024-08-01,32,15.020859003018993,Known-trail future months,History + statewide summary,HistGradientBoosting,
Denning,2024-08-01,270,282.9432052036609,Known-trail future months,History + statewide summary,HistGradientBoosting,
Dry Brook Ridge to Lean-to,2024-08-01,33,29.37489167637761,Known-trail future months,History + statewide summary,HistGradientBoosting,
Flynn,2024-08-01,25,80.19612546201223,Known-trail future months,History + statewide summary,HistGradientBoosting,
Fox Hollow,2024-08-01,114,104.86965025828123,Known-trail future months,History + statewide summary,HistGradientBoosting,
Frick Pond,2024-08-01,192,160.93583573639054,Known-trail future months,History + statewide summary,HistGradientBoosting,
Hardenburgh- MH Trail,2024-08-01,9,14.412078012609367,Known-trail future months,History + statewide summary,HistGradientBoosting,
Kelly Hollow,2024-08-01,248,244.71828853125194,Known-trail future months,History + statewide summary,HistGradientBoosting,
Lane Street,2024-08-01,56,70.55198952944188,Known-trail future months,History + statewide summary,HistGradientBoosting,
Millbrook to BLM FT,2024-08-01,392,308.05215480795766,Known-trail future months,History + statewide summary,HistGradientBoosting,
Mt Tremper,2024-08-01,587,110.00701972598125,Known-trail future months,History + statewide summary,HistGradientBoosting,
Neversink Hardenburgh Trail,2024-08-01,11,28.52701067678214,Known-trail future months,History + statewide summary,HistGradientBoosting,
Rider Hollow,2024-08-01,150,156.66484665029736,Known-trail future months,History + statewide summary,HistGradientBoosting,
Rochester Hollow,2024-08-01,261,185.20851393447285,Known-trail future months,History + statewide summary,HistGradientBoosting,
Seager,2024-08-01,63,87.07662451341243,Known-trail future months,History + statewide summary,HistGradientBoosting,
Slide Mt,2024-08-01,1077,681.7271374189513,Known-trail future months,History + statewide summary,HistGradientBoosting,
Woodchuck Hollow,2024-08-01,2,2.4829152366837564,Known-trail future months,History + statewide summary,HistGradientBoosting,
Woodland Valley,2024-08-01,9,56.35266079989246,Known-trail future months,History + statewide summary,HistGradientBoosting,
Alder Lake,2024-09-01,229,211.03610512632625,Known-trail future months,History + statewide summary,HistGradientBoosting,
Ashokan HP,2024-09-01,127,148.545284336098,Known-trail future months,History + statewide summary,HistGradientBoosting,
Beaverkill Road to BLM FT,2024-09-01,203,164.2413696395418,Known-trail future months,History + statewide summary,HistGradientBoosting,
Cathedral Glen,2024-09-01,6,19.852980942991632,Known-trail future months,History + statewide summary,HistGradientBoosting,
Denning,2024-09-01,243,234.27169902774205,Known-trail future months,History + statewide summary,HistGradientBoosting,
Dry Brook Ridge to Lean-to,2024-09-01,14,24.40803684155044,Known-trail future months,History + statewide summary,HistGradientBoosting,
Flynn,2024-09-01,71,32.79095267418055,Known-trail future months,History + statewide summary,HistGradientBoosting,
Fox Hollow,2024-09-01,36,100.24308542695437,Known-trail future months,History + statewide summary,HistGradientBoosting,
Frick Pond,2024-09-01,200,121.41998643750675,Known-trail future months,History + statewide summary,HistGradientBoosting,
Giant Ledge,2024-09-01,116,280.7888486120643,Known-trail future months,History + statewide summary,HistGradientBoosting,
Hardenburgh- MH Trail,2024-09-01,13,9.249525168098042,Known-trail future months,History + statewide summary,HistGradientBoosting,
Kelly Hollow,2024-09-01,125,202.55422766088586,Known-trail future months,History + statewide summary,HistGradientBoosting,
Lane Street,2024-09-01,39,50.631245211808256,Known-trail future months,History + statewide summary,HistGradientBoosting,
Millbrook to BLM FT,2024-09-01,347,323.69929135683685,Known-trail future months,History + statewide summary,HistGradientBoosting,
Neversink Hardenburgh Trail,2024-09-01,17,13.729844719635405,Known-trail future months,History + statewide summary,HistGradientBoosting,
Overlook,2024-09-01,717,885.7569068147179,Known-trail future months,History + statewide summary,HistGradientBoosting,
Rider Hollow,2024-09-01,91,150.55728788335128,Known-trail future months,History + statewide summary,HistGradientBoosting,
Rochester Hollow,2024-09-01,131,187.60261089087234,Known-trail future months,History + statewide summary,HistGradientBoosting,
Slide Mt,2024-09-01,783,713.8655858166129,Known-trail future months,History + statewide summary,HistGradientBoosting,
Wittenberg,2024-09-01,414,418.652253439439,Known-trail future months,History + statewide summary,HistGradientBoosting,
Woodchuck Hollow,2024-09-01,4,1.5467707992745119,Known-trail future months,History + statewide summary,HistGradientBoosting,
Woodland Valley,2024-09-01,35,34.81448133503568,Known-trail future months,History + statewide summary,HistGradientBoosting,
Alder Lake,2024-10-01,17,203.98917987180934,Known-trail future months,History + statewide summary,HistGradientBoosting,
Ashokan HP,2024-10-01,260,157.55030990489553,Known-trail future months,History + statewide summary,HistGradientBoosting,
Beaverkill Road to BLM FT,2024-10-01,12,213.2784094254853,Known-trail future months,History + statewide summary,HistGradientBoosting,
Denning,2024-10-01,306,243.07638156538172,Known-trail future months,History + statewide summary,HistGradientBoosting,
Flynn,2024-10-01,1,50.19453464889665,Known-trail future months,History + statewide summary,HistGradientBoosting,
Frick Pond,2024-10-01,6,172.93301869034815,Known-trail future months,History + statewide summary,HistGradientBoosting,
Giant Ledge,2024-10-01,1383,299.30451221417474,Known-trail future months,History + statewide summary,HistGradientBoosting,
Millbrook to BLM FT,2024-10-01,462,335.90686596948734,Known-trail future months,History + statewide summary,HistGradientBoosting,
Neversink Hardenburgh Trail,2024-10-01,31,19.36560216595446,Known-trail future months,History + statewide summary,HistGradientBoosting,
Overlook,2024-10-01,1143,952.1346026661334,Known-trail future months,History + statewide summary,HistGradientBoosting,
Slide Mt,2024-10-01,757,823.3492517037361,Known-trail future months,History + statewide summary,HistGradientBoosting,
Wittenberg,2024-10-01,638,482.67093783317176,Known-trail future months,History + statewide summary,HistGradientBoosting,
Woodchuck Hollow,2024-10-01,4,2.6522849583024266,Known-trail future months,History + statewide summary,HistGradientBoosting,
Woodland Valley,2024-10-01,182,52.02162849660854,Known-trail future months,History + statewide summary,HistGradientBoosting,
Ashokan HP,2024-11-01,63,159.8128065562059,Known-trail future months,History + statewide summary,HistGradientBoosting,
Denning,2024-11-01,76,194.73744343947888,Known-trail future months,History + statewide summary,HistGradientBoosting,
Giant Ledge,2024-11-01,404,495.4678121687659,Known-trail future months,History + statewide summary,HistGradientBoosting,
Millbrook to BLM FT,2024-11-01,251,303.3674810326495,Known-trail future months,History + statewide summary,HistGradientBoosting,
Overlook,2024-11-01,843,649.9361989593227,Known-trail future months,History + statewide summary,HistGradientBoosting,
Wittenberg,2024-11-01,289,331.13605036422996,Known-trail future months,History + statewide summary,HistGradientBoosting,
Woodchuck Hollow,2024-11-01,4,2.700891511683673,Known-trail future months,History + statewide summary,HistGradientBoosting,
Woodland Valley,2024-11-01,88,58.6761135176397,Known-trail future months,History + statewide summary,HistGradientBoosting,
Ashokan HP,2024-12-01,53,73.95698648559886,Known-trail future months,History + statewide summary,HistGradientBoosting,
Giant Ledge,2024-12-01,235,297.4834351360856,Known-trail future months,History + statewide summary,HistGradientBoosting,
Millbrook to BLM FT,2024-12-01,133,179.6110433176098,Known-trail future months,History + statewide summary,HistGradientBoosting,
Overlook,2024-12-01,291,491.7377350532008,Known-trail future months,History + statewide summary,HistGradientBoosting,
Wittenberg,2024-12-01,115,152.3029111357615,Known-trail future months,History + statewide summary,HistGradientBoosting,
Woodland Valley,2024-12-01,25,44.92686920638029,Known-trail future months,History + statewide summary,HistGradientBoosting,
Ashokan HP,2025-01-01,35,67.53896139729122,Known-trail future months,History + statewide summary,HistGradientBoosting,
Giant Ledge,2025-01-01,268,254.68702682709784,Known-trail future months,History + statewide summary,HistGradientBoosting,
Millbrook to BLM FT,2025-01-01,143,176.3680511512322,Known-trail future months,History + statewide summary,HistGradientBoosting,
Overlook,2025-01-01,358,323.8986154482384,Known-trail future months,History + statewide summary,HistGradientBoosting,
Wittenberg,2025-01-01,103,136.0188176655791,Known-trail future months,History + statewide summary,HistGradientBoosting,
Woodland Valley,2025-01-01,15,25.467551405607626,Known-trail future months,History + statewide summary,HistGradientBoosting,
Ashokan HP,2025-02-01,27,51.00766770652594,Known-trail future months,History + statewide summary,HistGradientBoosting,
Giant Ledge,2025-02-01,184,253.4119174462656,Known-trail future months,History + statewide summary,HistGradientBoosting,
Millbrook to BLM FT,2025-02-01,139,168.08614702306872,Known-trail future months,History + statewide summary,HistGradientBoosting,
Overlook,2025-02-01,182,373.17869475078476,Known-trail future months,History + statewide summary,HistGradientBoosting,
Wittenberg,2025-02-01,55,138.57941982947332,Known-trail future months,History + statewide summary,HistGradientBoosting,
Woodland Valley,2025-02-01,30,27.10532454185721,Known-trail future months,History + statewide summary,HistGradientBoosting,
Ashokan HP,2025-03-01,83,62.12724402531048,Known-trail future months,History + statewide summary,HistGradientBoosting,
Giant Ledge,2025-03-01,371,231.92034135650727,Known-trail future months,History + statewide summary,HistGradientBoosting,
Millbrook to BLM FT,2025-03-01,131,184.16777044647574,Known-trail future months,History + statewide summary,HistGradientBoosting,
Overlook,2025-03-01,426,299.50225341790275,Known-trail future months,History + statewide summary,HistGradientBoosting,
Wittenberg,2025-03-01,126,156.86676791830232,Known-trail future months,History + statewide summary,HistGradientBoosting,
Woodland Valley,2025-03-01,41,34.23846461541114,Known-trail future months,History + statewide summary,HistGradientBoosting,
Ashokan HP,2025-04-01,89,113.72019662268082,Known-trail future months,History + statewide summary,HistGradientBoosting,
Giant Ledge,2025-04-01,341,430.3616284313751,Known-trail future months,History + statewide summary,HistGradientBoosting,
Millbrook to BLM FT,2025-04-01,173,188.29521900392814,Known-trail future months,History + statewide summary,HistGradientBoosting,
Overlook,2025-04-01,576,623.1456511376875,Known-trail future months,History + statewide summary,HistGradientBoosting,
Wittenberg,2025-04-01,47,198.76514360389,Known-trail future months,History + statewide summary,HistGradientBoosting,
Woodland Valley,2025-04-01,47,57.51551434331206,Known-trail future months,History + statewide summary,HistGradientBoosting,
Ashokan HP,2025-05-01,72,153.1418399343834,Known-trail future months,History + statewide summary,HistGradientBoosting,
Giant Ledge,2025-05-01,403,496.43733053617075,Known-trail future months,History + statewide summary,HistGradientBoosting,
Millbrook to BLM FT,2025-05-01,277,249.27836526537388,Known-trail future months,History + statewide summary,HistGradientBoosting,
Overlook,2025-05-01,828,931.6407575866186,Known-trail future months,History + statewide summary,HistGradientBoosting,
Wittenberg,2025-05-01,477,161.77780695768723,Known-trail future months,History + statewide summary,HistGradientBoosting,
Woodland Valley,2025-05-01,13,63.28380828625045,Known-trail future months,History + statewide summary,HistGradientBoosting,
Ashokan HP,2025-06-01,160,126.78975328138223,Known-trail future months,History + statewide summary,HistGradientBoosting,
Giant Ledge,2025-06-01,629,513.9175592780778,Known-trail future months,History + statewide summary,HistGradientBoosting,
Millbrook to BLM FT,2025-06-01,231,309.17526620819456,Known-trail future months,History + statewide summary,HistGradientBoosting,
Overlook,2025-06-01,854,799.3675432228615,Known-trail future months,History + statewide summary,HistGradientBoosting,
Wittenberg,2025-06-01,532,506.9201405797587,Known-trail future months,History + statewide summary,HistGradientBoosting,
Ashokan HP,2025-07-01,260,161.34423690880368,Known-trail future months,History + statewide summary,HistGradientBoosting,
Giant Ledge,2025-07-01,400,589.6140847450715,Known-trail future months,History + statewide summary,HistGradientBoosting,
Millbrook to BLM FT,2025-07-01,340,336.41115853320383,Known-trail future months,History + statewide summary,HistGradientBoosting,
Overlook,2025-07-01,1038,934.3179227930867,Known-trail future months,History + statewide summary,HistGradientBoosting,
Wittenberg,2025-07-01,587,533.3829155145975,Known-trail future months,History + statewide summary,HistGradientBoosting,
Ashokan HP,2025-08-01,173,217.84230013582052,Known-trail future months,History + statewide summary,HistGradientBoosting,
Millbrook to BLM FT,2025-08-01,354,303.9059480645438,Known-trail future months,History + statewide summary,HistGradientBoosting,
Overlook,2025-08-01,698,895.9286292191439,Known-trail future months,History + statewide summary,HistGradientBoosting,
Wittenberg,2025-08-01,751,514.2048645074536,Known-trail future months,History + statewide summary,HistGradientBoosting,
Ashokan HP,2025-09-01,101,158.4715145484274,Known-trail future months,History + statewide summary,HistGradientBoosting,
Millbrook to BLM FT,2025-09-01,14,275.1645552252091,Known-trail future months,History + statewide summary,HistGradientBoosting,
Overlook,2025-09-01,27,885.7569068147179,Known-trail future months,History + statewide summary,HistGradientBoosting,
Wittenberg,2025-09-01,506,473.2758243865937,Known-trail future months,History + statewide summary,HistGradientBoosting,
Ashokan HP,2025-10-01,117,155.50969774604434,Known-trail future months,History + statewide summary,HistGradientBoosting,
Overlook,2025-10-01,4,245.48368354818115,Known-trail future months,History + statewide summary,HistGradientBoosting,
Wittenberg,2025-10-01,589,528.6759586350153,Known-trail future months,History + statewide summary,HistGradientBoosting,
Peekamoose,2022-12-01,58,43.220582149956165,Known-trail future months,History + statewide summary + edge PCA,Ridge,
Biscuit Brook,2023-01-01,47,51.44525250694477,Known-trail future months,History + statewide summary + edge PCA,Ridge,
Peekamoose,2023-01-01,139,57.048746380341804,Known-trail future months,History + statewide summary + edge PCA,Ridge,
Bangle Hill,2023-02-01,18,9.324833533376308,Known-trail future months,History + statewide summary + edge PCA,Ridge,
Biscuit Brook,2023-02-01,68,50.706799559403294,Known-trail future months,History + statewide summary + edge PCA,Ridge,
Peekamoose,2023-02-01,90,58.900496344097334,Known-trail future months,History + statewide summary + edge PCA,Ridge,
Bangle Hill,2023-03-01,5,7.586741914304525,Known-trail future months,History + statewide summary + edge PCA,Ridge,
Biscuit Brook,2023-03-01,59,42.19320165699755,Known-trail future months,History + statewide summary + edge PCA,Ridge,
Peekamoose,2023-03-01,63,48.66475749659653,Known-trail future months,History + statewide summary + edge PCA,Ridge,
Bangle Hill,2023-04-01,11,15.997567791362092,Known-trail future months,History + statewide summary + edge PCA,Ridge,
Biscuit Brook,2023-04-01,74,83.62426999583698,Known-trail future months,History + statewide summary + edge PCA,Ridge,
Peekamoose,2023-04-01,92,95.08246503509008,Known-trail future months,History + statewide summary + edge PCA,Ridge,
Bangle Hill,2023-05-01,5,22.94319874755281,Known-trail future months,History + statewide summary + edge PCA,Ridge,
Biscuit Brook,2023-05-01,157,115.52713342470057,Known-trail future months,History + statewide summary + edge PCA,Ridge,
Peekamoose,2023-05-01,234,137.1195267617765,Known-trail future months,History + statewide summary + edge PCA,Ridge,
Slide Mt,2023-05-01,691,649.9540129115082,Known-trail future months,History + statewide summary + edge PCA,Ridge,
Upper Cherrytown Road,2023-05-01,136,161.02250503603003,Known-trail future months,History + statewide summary + edge PCA,Ridge,
Biscuit Brook,2023-06-01,121,103.65989482657498,Known-trail future months,History + statewide summary + edge PCA,Ridge,
Peekamoose,2023-06-01,49,124.27514559328226,Known-trail future months,History + statewide summary + edge PCA,Ridge,
Slide Mt,2023-06-01,587,672.5229796120407,Known-trail future months,History + statewide summary + edge PCA,Ridge,
Upper Cherrytown Road,2023-06-01,143,134.31630901737543,Known-trail future months,History + statewide summary + edge PCA,Ridge,
Biscuit Brook,2023-07-01,144,140.57265462869657,Known-trail future months,History + statewide summary + edge PCA,Ridge,
McKenley Hollow,2023-07-01,103,119.17164044262856,Known-trail future months,History + statewide summary + edge PCA,Ridge,
Red Hill Dinch Road,2023-07-01,291,228.55409680942438,Known-trail future months,History + statewide summary + edge PCA,Ridge,
Slide Mt,2023-07-01,794,967.1512344074189,Known-trail future months,History + statewide summary + edge PCA,Ridge,
Upper Cherrytown Road,2023-07-01,329,187.60449555768062,Known-trail future months,History + statewide summary + edge PCA,Ridge,
Biscuit Brook,2023-08-01,98,114.98792227430806,Known-trail future months,History + statewide summary + edge PCA,Ridge,
McKenley Hollow,2023-08-01,116,97.11199905275502,Known-trail future months,History + statewide summary + edge PCA,Ridge,
Onteora Lake,2023-08-01,284,308.3973125120289,Known-trail future months,History + statewide summary + edge PCA,Ridge,
Red Hill Dinch Road,2023-08-01,238,197.15538490962734,Known-trail future months,History + statewide summary + edge PCA,Ridge,
Slide Mt,2023-08-01,606,809.5443941883035,Known-trail future months,History + statewide summary + edge PCA,Ridge,
Upper Cherrytown Road,2023-08-01,197,158.91801480036625,Known-trail future months,History + statewide summary + edge PCA,Ridge,
McKenley Hollow,2023-09-01,119,88.75928581671498,Known-trail future months,History + statewide summary + edge PCA,Ridge,
Onteora Lake,2023-09-01,311,261.6872914717847,Known-trail future months,History + statewide summary + edge PCA,Ridge,
Red Hill Dinch Road,2023-09-01,172,170.180160656921,Known-trail future months,History + statewide summary + edge PCA,Ridge,
Upper Cherrytown Road,2023-09-01,2,133.51761205360359,Known-trail future months,History + statewide summary + edge PCA,Ridge,
McKenley Hollow,2023-10-01,119,88.74528375636936,Known-trail future months,History + statewide summary + edge PCA,Ridge,
Onteora Lake,2023-10-01,418,268.39343182638663,Known-trail future months,History + statewide summary + edge PCA,Ridge,
Red Hill Dinch Road,2023-10-01,158,162.58958901345906,Known-trail future months,History + statewide summary + edge PCA,Ridge,
Seager,2023-10-01,41,56.47865589020038,Known-trail future months,History + statewide summary + edge PCA,Ridge,
Upper Cherrytown Road,2023-10-01,16,114.40571383369264,Known-trail future months,History + statewide summary + edge PCA,Ridge,
Dry Brook Ridge to Lean-to,2023-11-01,25,19.241528254745607,Known-trail future months,History + statewide summary + edge PCA,Ridge,
Fox Hollow,2023-11-01,75,54.18447081899568,Known-trail future months,History + statewide summary + edge PCA,Ridge,
Hardenburgh- MH Trail,2023-11-01,4,7.231838159474808,Known-trail future months,History + statewide summary + edge PCA,Ridge,
Kelly Hollow,2023-11-01,154,109.72573344840154,Known-trail future months,History + statewide summary + edge PCA,Ridge,
Lane Street,2023-11-01,57,32.83270337046241,Known-trail future months,History + statewide summary + edge PCA,Ridge,
McKenley Hollow,2023-11-01,102,60.959260870296305,Known-trail future months,History + statewide summary + edge PCA,Ridge,
Onteora Lake,2023-11-01,246,208.41696448748277,Known-trail future months,History + statewide summary + edge PCA,Ridge,
Red Hill Dinch Road,2023-11-01,123,102.17097873602081,Known-trail future months,History + statewide summary + edge PCA,Ridge,
Rochester Hollow,2023-11-01,150,90.42426264668278,Known-trail future months,History + statewide summary + edge PCA,Ridge,
Seager,2023-11-01,38,37.66184743642532,Known-trail future months,History + statewide summary + edge PCA,Ridge,
Upper Cherrytown Road,2023-11-01,1,74.09023726894877,Known-trail future months,History + statewide summary + edge PCA,Ridge,
Alder Lake,2023-12-01,45,62.485743823464155,Known-trail future months,History + statewide summary + edge PCA,Ridge,
Beaverkill Road to BLM FT,2023-12-01,84,72.17396092538465,Known-trail future months,History + statewide summary + edge PCA,Ridge,
Dry Brook Ridge to Lean-to,2023-12-01,12,14.180431938525704,Known-trail future months,History + statewide summary + edge PCA,Ridge,
Flynn,2023-12-01,8,20.66396322950509,Known-trail future months,History + statewide summary + edge PCA,Ridge,
Fox Hollow,2023-12-01,59,39.30839106743232,Known-trail future months,History + statewide summary + edge PCA,Ridge,
Frick Pond,2023-12-01,59,51.32117891037774,Known-trail future months,History + statewide summary + edge PCA,Ridge,
Hardenburgh- MH Trail,2023-12-01,0,5.190119513062237,Known-trail future months,History + statewide summary + edge PCA,Ridge,
Kelly Hollow,2023-12-01,112,81.70350891236727,Known-trail future months,History + statewide summary + edge PCA,Ridge,
Lane Street,2023-12-01,24,24.537609403492716,Known-trail future months,History + statewide summary + edge PCA,Ridge,
McKenley Hollow,2023-12-01,97,45.46443134192813,Known-trail future months,History + statewide summary + edge PCA,Ridge,
Mt Tremper,2023-12-01,176,116.0125103417787,Known-trail future months,History + statewide summary + edge PCA,Ridge,
Neversink Hardenburgh Trail,2023-12-01,10,7.45610838576765,Known-trail future months,History + statewide summary + edge PCA,Ridge,
Onteora Lake,2023-12-01,216,150.60232282852914,Known-trail future months,History + statewide summary + edge PCA,Ridge,
Red Hill Dinch Road,2023-12-01,97,74.61479993628961,Known-trail future months,History + statewide summary + edge PCA,Ridge,
Rider Hollow,2023-12-01,128,76.56426197203673,Known-trail future months,History + statewide summary + edge PCA,Ridge,
Rochester Hollow,2023-12-01,125,66.43982523436905,Known-trail future months,History + statewide summary + edge PCA,Ridge,
Seager,2023-12-01,22,28.439827735830224,Known-trail future months,History + statewide summary + edge PCA,Ridge,
Upper Cherrytown Road,2023-12-01,7,55.167159751693454,Known-trail future months,History + statewide summary + edge PCA,Ridge,
Alder Lake,2024-01-01,33,54.40493031892868,Known-trail future months,History + statewide summary + edge PCA,Ridge,
Beaverkill Road to BLM FT,2024-01-01,33,61.619926899978665,Known-trail future months,History + statewide summary + edge PCA,Ridge,
Cathedral Glen,2024-01-01,6,6.102982044635752,Known-trail future months,History + statewide summary + edge PCA,Ridge,
Denning,2024-01-01,59,81.91294919520266,Known-trail future months,History + statewide summary + edge PCA,Ridge,
Dry Brook Ridge to Lean-to,2024-01-01,11,12.561681249520982,Known-trail future months,History + statewide summary + edge PCA,Ridge,
Flynn,2024-01-01,12,18.336826575277993,Known-trail future months,History + statewide summary + edge PCA,Ridge,
Fox Hollow,2024-01-01,20,35.19823725435213,Known-trail future months,History + statewide summary + edge PCA,Ridge,
Frick Pond,2024-01-01,53,44.81670285359393,Known-trail future months,History + statewide summary + edge PCA,Ridge,
Hardenburgh- MH Trail,2024-01-01,2,4.507103689800198,Known-trail future months,History + statewide summary + edge PCA,Ridge,
Kelly Hollow,2024-01-01,44,70.5032105119197,Known-trail future months,History + statewide summary + edge PCA,Ridge,
Lane Street,2024-01-01,13,21.890146722419946,Known-trail future months,History + statewide summary + edge PCA,Ridge,
McKenley Hollow,2024-01-01,20,41.64638848053225,Known-trail future months,History + statewide summary + edge PCA,Ridge,
Mt Tremper,2024-01-01,107,94.5608899625488,Known-trail future months,History + statewide summary + edge PCA,Ridge,
Neversink Hardenburgh Trail,2024-01-01,0,6.546295591756317,Known-trail future months,History + statewide summary + edge PCA,Ridge,
Red Hill Dinch Road,2024-01-01,79,66.12848145630564,Known-trail future months,History + statewide summary + edge PCA,Ridge,
Rider Hollow,2024-01-01,118,68.6238805031022,Known-trail future months,History + statewide summary + edge PCA,Ridge,
Rochester Hollow,2024-01-01,51,56.93880964283571,Known-trail future months,History + statewide summary + edge PCA,Ridge,
Seager,2024-01-01,24,24.87372570851609,Known-trail future months,History + statewide summary + edge PCA,Ridge,
Alder Lake,2024-02-01,55,62.462460018717195,Known-trail future months,History + statewide summary + edge PCA,Ridge,
Beaverkill Road to BLM FT,2024-02-01,81,69.56771645242317,Known-trail future months,History + statewide summary + edge PCA,Ridge,
Cathedral Glen,2024-02-01,11,7.252515155216228,Known-trail future months,History + statewide summary + edge PCA,Ridge,
Denning,2024-02-01,111,92.54356653913261,Known-trail future months,History + statewide summary + edge PCA,Ridge,
Dry Brook Ridge to Lean-to,2024-02-01,22,14.667751712126183,Known-trail future months,History + statewide summary + edge PCA,Ridge,
Flynn,2024-02-01,13,21.401037625353666,Known-trail future months,History + statewide summary + edge PCA,Ridge,
Fox Hollow,2024-02-01,67,39.514442598598336,Known-trail future months,History + statewide summary + edge PCA,Ridge,
Frick Pond,2024-02-01,35,52.67351995592449,Known-trail future months,History + statewide summary + edge PCA,Ridge,
Hardenburgh- MH Trail,2024-02-01,17,5.3838810183447725,Known-trail future months,History + statewide summary + edge PCA,Ridge,
Kelly Hollow,2024-02-01,70,78.77417823949838,Known-trail future months,History + statewide summary + edge PCA,Ridge,
Lane Street,2024-02-01,27,24.923471409229457,Known-trail future months,History + statewide summary + edge PCA,Ridge,
McKenley Hollow,2024-02-01,3,46.080543832711804,Known-trail future months,History + statewide summary + edge PCA,Ridge,
Mt Tremper,2024-02-01,103,107.33606657472025,Known-trail future months,History + statewide summary + edge PCA,Ridge,
Neversink Hardenburgh Trail,2024-02-01,1,7.7147096041254075,Known-trail future months,History + statewide summary + edge PCA,Ridge,
Red Hill Dinch Road,2024-02-01,100,74.11057683702424,Known-trail future months,History + statewide summary + edge PCA,Ridge,
Rider Hollow,2024-02-01,189,76.0339908575117,Known-trail future months,History + statewide summary + edge PCA,Ridge,
Rochester Hollow,2024-02-01,89,64.52813801362556,Known-trail future months,History + statewide summary + edge PCA,Ridge,
Seager,2024-02-01,31,29.176175981955247,Known-trail future months,History + statewide summary + edge PCA,Ridge,
Alder Lake,2024-03-01,63,74.5838078233749,Known-trail future months,History + statewide summary + edge PCA,Ridge,
Beaverkill Road to BLM FT,2024-03-01,82,83.59314850193684,Known-trail future months,History + statewide summary + edge PCA,Ridge,
Cathedral Glen,2024-03-01,10,8.620755946038505,Known-trail future months,History + statewide summary + edge PCA,Ridge,
Denning,2024-03-01,204,112.71208716696682,Known-trail future months,History + statewide summary + edge PCA,Ridge,
Dry Brook Ridge to Lean-to,2024-03-01,10,17.415121487837613,Known-trail future months,History + statewide summary + edge PCA,Ridge,
Flynn,2024-03-01,12,25.290546715231738,Known-trail future months,History + statewide summary + edge PCA,Ridge,
Fox Hollow,2024-03-01,40,47.88208815414786,Known-trail future months,History + statewide summary + edge PCA,Ridge,
Frick Pond,2024-03-01,45,61.43639525509875,Known-trail future months,History + statewide summary + edge PCA,Ridge,
Hardenburgh- MH Trail,2024-03-01,4,6.5172697410474045,Known-trail future months,History + statewide summary + edge PCA,Ridge,
Kelly Hollow,2024-03-01,96,94.25742744363178,Known-trail future months,History + statewide summary + edge PCA,Ridge,
Lane Street,2024-03-01,28,29.691124037758797,Known-trail future months,History + statewide summary + edge PCA,Ridge,
McKenley Hollow,2024-03-01,7,52.6077140820209,Known-trail future months,History + statewide summary + edge PCA,Ridge,
Mt Tremper,2024-03-01,123,121.92236453229232,Known-trail future months,History + statewide summary + edge PCA,Ridge,
Neversink Hardenburgh Trail,2024-03-01,4,9.196747901219524,Known-trail future months,History + statewide summary + edge PCA,Ridge,
Red Hill Dinch Road,2024-03-01,21,88.7099904405899,Known-trail future months,History + statewide summary + edge PCA,Ridge,
Rider Hollow,2024-03-01,166,90.69238864421212,Known-trail future months,History + statewide summary + edge PCA,Ridge,
Rochester Hollow,2024-03-01,117,76.05348763166248,Known-trail future months,History + statewide summary + edge PCA,Ridge,
Seager,2024-03-01,15,34.50036570782221,Known-trail future months,History + statewide summary + edge PCA,Ridge,
Woodchuck Hollow,2024-03-01,1,2.900735607131171,Known-trail future months,History + statewide summary + edge PCA,Ridge,
Alder Lake,2024-04-01,127,102.3167682457282,Known-trail future months,History + statewide summary + edge PCA,Ridge,
Beaverkill Road to BLM FT,2024-04-01,110,115.44083027854822,Known-trail future months,History + statewide summary + edge PCA,Ridge,
Cathedral Glen,2024-04-01,21,11.78184438461611,Known-trail future months,History + statewide summary + edge PCA,Ridge,
Denning,2024-04-01,233,161.26341575813981,Known-trail future months,History + statewide summary + edge PCA,Ridge,
Dry Brook Ridge to Lean-to,2024-04-01,13,23.451425298528246,Known-trail future months,History + statewide summary + edge PCA,Ridge,
Flynn,2024-04-01,18,33.76491264335012,Known-trail future months,History + statewide summary + edge PCA,Ridge,
Fox Hollow,2024-04-01,48,64.77924731872375,Known-trail future months,History + statewide summary + edge PCA,Ridge,
Frick Pond,2024-04-01,70,81.06381626605128,Known-trail future months,History + statewide summary + edge PCA,Ridge,
Hardenburgh- MH Trail,2024-04-01,1,8.962369328252173,Known-trail future months,History + statewide summary + edge PCA,Ridge,
Kelly Hollow,2024-04-01,127,131.33769342676192,Known-trail future months,History + statewide summary + edge PCA,Ridge,
Lane Street,2024-04-01,36,39.98894209449149,Known-trail future months,History + statewide summary + edge PCA,Ridge,
Mt Tremper,2024-04-01,64,174.19630727120014,Known-trail future months,History + statewide summary + edge PCA,Ridge,
Neversink Hardenburgh Trail,2024-04-01,4,12.538041962701465,Known-trail future months,History + statewide summary + edge PCA,Ridge,
Rider Hollow,2024-04-01,103,118.79778815748737,Known-trail future months,History + statewide summary + edge PCA,Ridge,
Rochester Hollow,2024-04-01,99,105.75659447588166,Known-trail future months,History + statewide summary + edge PCA,Ridge,
Seager,2024-04-01,40,45.83495620095752,Known-trail future months,History + statewide summary + edge PCA,Ridge,
Alder Lake,2024-05-01,147,160.59802054827085,Known-trail future months,History + statewide summary + edge PCA,Ridge,
Beaverkill Road to BLM FT,2024-05-01,189,177.7443428205367,Known-trail future months,History + statewide summary + edge PCA,Ridge,
Cathedral Glen,2024-05-01,19,18.295602084506076,Known-trail future months,History + statewide summary + edge PCA,Ridge,
Denning,2024-05-01,260,259.29834498725364,Known-trail future months,History + statewide summary + edge PCA,Ridge,
Dry Brook Ridge to Lean-to,2024-05-01,17,35.479040867318,Known-trail future months,History + statewide summary + edge PCA,Ridge,
Flynn,2024-05-01,24,51.38811157081786,Known-trail future months,History + statewide summary + edge PCA,Ridge,
Fox Hollow,2024-05-01,71,96.70690736456613,Known-trail future months,History + statewide summary + edge PCA,Ridge,
Frick Pond,2024-05-01,125,126.40778894371137,Known-trail future months,History + statewide summary + edge PCA,Ridge,
Hardenburgh- MH Trail,2024-05-01,23,13.783853919040766,Known-trail future months,History + statewide summary + edge PCA,Ridge,
Kelly Hollow,2024-05-01,182,199.8616631000497,Known-trail future months,History + statewide summary + edge PCA,Ridge,
Lane Street,2024-05-01,54,60.705518064493255,Known-trail future months,History + statewide summary + edge PCA,Ridge,
Mt Tremper,2024-05-01,19,253.06174788785378,Known-trail future months,History + statewide summary + edge PCA,Ridge,
Neversink Hardenburgh Trail,2024-05-01,34,19.318747825746033,Known-trail future months,History + statewide summary + edge PCA,Ridge,
Rider Hollow,2024-05-01,98,176.8266816122838,Known-trail future months,History + statewide summary + edge PCA,Ridge,
Rochester Hollow,2024-05-01,182,156.98790412299803,Known-trail future months,History + statewide summary + edge PCA,Ridge,
Seager,2024-05-01,53,69.69274711773146,Known-trail future months,History + statewide summary + edge PCA,Ridge,
Woodchuck Hollow,2024-05-01,1,6.496379679431074,Known-trail future months,History + statewide summary + edge PCA,Ridge,
Woodland Valley,2024-05-01,99,99.57937329449081,Known-trail future months,History + statewide summary + edge PCA,Ridge,
Alder Lake,2024-06-01,168,162.97124023076736,Known-trail future months,History + statewide summary + edge PCA,Ridge,
Beaverkill Road to BLM FT,2024-06-01,190,182.71931543720314,Known-trail future months,History + statewide summary + edge PCA,Ridge,
Cathedral Glen,2024-06-01,30,18.279265763672228,Known-trail future months,History + statewide summary + edge PCA,Ridge,
Denning,2024-06-01,281,267.67044198220304,Known-trail future months,History + statewide summary + edge PCA,Ridge,
Dry Brook Ridge to Lean-to,2024-06-01,20,35.35595766151335,Known-trail future months,History + statewide summary + edge PCA,Ridge,
Flynn,2024-06-01,30,51.83258913181733,Known-trail future months,History + statewide summary + edge PCA,Ridge,
Fox Hollow,2024-06-01,64,96.73726569341387,Known-trail future months,History + statewide summary + edge PCA,Ridge,
Frick Pond,2024-06-01,131,128.79084795315214,Known-trail future months,History + statewide summary + edge PCA,Ridge,
Hardenburgh- MH Trail,2024-06-01,17,13.938522980233651,Known-trail future months,History + statewide summary + edge PCA,Ridge,
Kelly Hollow,2024-06-01,156,204.25157280335912,Known-trail future months,History + statewide summary + edge PCA,Ridge,
Lane Street,2024-06-01,71,60.73333312284286,Known-trail future months,History + statewide summary + edge PCA,Ridge,
Mt Tremper,2024-06-01,22,231.10362604515566,Known-trail future months,History + statewide summary + edge PCA,Ridge,
Neversink Hardenburgh Trail,2024-06-01,13,19.52360518643064,Known-trail future months,History + statewide summary + edge PCA,Ridge,
Rider Hollow,2024-06-01,93,169.52535210591236,Known-trail future months,History + statewide summary + edge PCA,Ridge,
Rochester Hollow,2024-06-01,113,164.1805622130299,Known-trail future months,History + statewide summary + edge PCA,Ridge,
Seager,2024-06-01,73,70.38508190519228,Known-trail future months,History + statewide summary + edge PCA,Ridge,
Slide Mt,2024-06-01,593,630.6568764696226,Known-trail future months,History + statewide summary + edge PCA,Ridge,
Woodland Valley,2024-06-01,70,102.32261154101948,Known-trail future months,History + statewide summary + edge PCA,Ridge,
Alder Lake,2024-07-01,299,156.5684702864963,Known-trail future months,History + statewide summary + edge PCA,Ridge,
Beaverkill Road to BLM FT,2024-07-01,193,175.38751790489476,Known-trail future months,History + statewide summary + edge PCA,Ridge,
Cathedral Glen,2024-07-01,6,16.89664593010695,Known-trail future months,History + statewide summary + edge PCA,Ridge,
Denning,2024-07-01,293,242.24522947668365,Known-trail future months,History + statewide summary + edge PCA,Ridge,
Dry Brook Ridge to Lean-to,2024-07-01,46,32.91497541381106,Known-trail future months,History + statewide summary + edge PCA,Ridge,
Flynn,2024-07-01,64,47.43466201814655,Known-trail future months,History + statewide summary + edge PCA,Ridge,
Fox Hollow,2024-07-01,98,89.70033782135532,Known-trail future months,History + statewide summary + edge PCA,Ridge,
Frick Pond,2024-07-01,209,123.92765424316059,Known-trail future months,History + statewide summary + edge PCA,Ridge,
Giant Ledge,2024-07-01,150,534.8136617862633,Known-trail future months,History + statewide summary + edge PCA,Ridge,
Hardenburgh- MH Trail,2024-07-01,16,12.906600821000978,Known-trail future months,History + statewide summary + edge PCA,Ridge,
Kelly Hollow,2024-07-01,215,191.5042811514528,Known-trail future months,History + statewide summary + edge PCA,Ridge,
Lane Street,2024-07-01,81,57.2461821746393,Known-trail future months,History + statewide summary + edge PCA,Ridge,
Mt Tremper,2024-07-01,35,215.4777902208784,Known-trail future months,History + statewide summary + edge PCA,Ridge,
Neversink Hardenburgh Trail,2024-07-01,21,18.099489148977725,Known-trail future months,History + statewide summary + edge PCA,Ridge,
Rider Hollow,2024-07-01,128,159.81802510493165,Known-trail future months,History + statewide summary + edge PCA,Ridge,
Rochester Hollow,2024-07-01,229,153.0006245856145,Known-trail future months,History + statewide summary + edge PCA,Ridge,
Seager,2024-07-01,78,66.7825072392844,Known-trail future months,History + statewide summary + edge PCA,Ridge,
Slide Mt,2024-07-01,868,562.0322533053683,Known-trail future months,History + statewide summary + edge PCA,Ridge,
Woodchuck Hollow,2024-07-01,5,5.726033826199652,Known-trail future months,History + statewide summary + edge PCA,Ridge,
Woodland Valley,2024-07-01,12,95.10220546972623,Known-trail future months,History + statewide summary + edge PCA,Ridge,
Alder Lake,2024-08-01,303,155.41128291012734,Known-trail future months,History + statewide summary + edge PCA,Ridge,
Beaverkill Road to BLM FT,2024-08-01,196,161.10753132989183,Known-trail future months,History + statewide summary + edge PCA,Ridge,
Cathedral Glen,2024-08-01,32,16.156049656249063,Known-trail future months,History + statewide summary + edge PCA,Ridge,
Denning,2024-08-01,270,233.95982222149584,Known-trail future months,History + statewide summary + edge PCA,Ridge,
Dry Brook Ridge to Lean-to,2024-08-01,33,31.983570167729216,Known-trail future months,History + statewide summary + edge PCA,Ridge,
Flynn,2024-08-01,25,46.58669750263861,Known-trail future months,History + statewide summary + edge PCA,Ridge,
Fox Hollow,2024-08-01,114,86.4945243158911,Known-trail future months,History + statewide summary + edge PCA,Ridge,
Frick Pond,2024-08-01,192,122.31137290890763,Known-trail future months,History + statewide summary + edge PCA,Ridge,
Hardenburgh- MH Trail,2024-08-01,9,12.384582036646735,Known-trail future months,History + statewide summary + edge PCA,Ridge,
Kelly Hollow,2024-08-01,248,184.23632543638445,Known-trail future months,History + statewide summary + edge PCA,Ridge,
Lane Street,2024-08-01,56,54.958576589868166,Known-trail future months,History + statewide summary + edge PCA,Ridge,
Millbrook to BLM FT,2024-08-01,392,322.3643377727017,Known-trail future months,History + statewide summary + edge PCA,Ridge,
Mt Tremper,2024-08-01,587,193.17495807363917,Known-trail future months,History + statewide summary + edge PCA,Ridge,
Neversink Hardenburgh Trail,2024-08-01,11,17.359289865171498,Known-trail future months,History + statewide summary + edge PCA,Ridge,
Rider Hollow,2024-08-01,150,153.6424279243009,Known-trail future months,History + statewide summary + edge PCA,Ridge,
Rochester Hollow,2024-08-01,261,148.13737288777486,Known-trail future months,History + statewide summary + edge PCA,Ridge,
Seager,2024-08-01,63,64.53451525387183,Known-trail future months,History + statewide summary + edge PCA,Ridge,
Slide Mt,2024-08-01,1077,602.5415901599173,Known-trail future months,History + statewide summary + edge PCA,Ridge,
Woodchuck Hollow,2024-08-01,2,5.506085025946622,Known-trail future months,History + statewide summary + edge PCA,Ridge,
Woodland Valley,2024-08-01,9,84.82516883177314,Known-trail future months,History + statewide summary + edge PCA,Ridge,
Alder Lake,2024-09-01,229,112.94502087012843,Known-trail future months,History + statewide summary + edge PCA,Ridge,
Ashokan HP,2024-09-01,127,105.45640659920649,Known-trail future months,History + statewide summary + edge PCA,Ridge,
Beaverkill Road to BLM FT,2024-09-01,203,119.79225980367843,Known-trail future months,History + statewide summary + edge PCA,Ridge,
Cathedral Glen,2024-09-01,6,11.804906148413647,Known-trail future months,History + statewide summary + edge PCA,Ridge,
Denning,2024-09-01,243,169.82522109079335,Known-trail future months,History + statewide summary + edge PCA,Ridge,
Dry Brook Ridge to Lean-to,2024-09-01,14,23.359784638658944,Known-trail future months,History + statewide summary + edge PCA,Ridge,
Flynn,2024-09-01,71,32.76431875730977,Known-trail future months,History + statewide summary + edge PCA,Ridge,
Fox Hollow,2024-09-01,36,64.25781124298874,Known-trail future months,History + statewide summary + edge PCA,Ridge,
Frick Pond,2024-09-01,200,86.006368836118,Known-trail future months,History + statewide summary + edge PCA,Ridge,
Giant Ledge,2024-09-01,116,308.01524314458436,Known-trail future months,History + statewide summary + edge PCA,Ridge,
Hardenburgh- MH Trail,2024-09-01,13,8.872533278940669,Known-trail future months,History + statewide summary + edge PCA,Ridge,
Kelly Hollow,2024-09-01,125,132.81365900467173,Known-trail future months,History + statewide summary + edge PCA,Ridge,
Lane Street,2024-09-01,39,40.10900278053675,Known-trail future months,History + statewide summary + edge PCA,Ridge,
Millbrook to BLM FT,2024-09-01,347,239.57869054513262,Known-trail future months,History + statewide summary + edge PCA,Ridge,
Neversink Hardenburgh Trail,2024-09-01,17,12.413921945622812,Known-trail future months,History + statewide summary + edge PCA,Ridge,
Overlook,2024-09-01,717,908.4204016274622,Known-trail future months,History + statewide summary + edge PCA,Ridge,
Rider Hollow,2024-09-01,91,114.36153594177148,Known-trail future months,History + statewide summary + edge PCA,Ridge,
Rochester Hollow,2024-09-01,131,112.12757713870057,Known-trail future months,History + statewide summary + edge PCA,Ridge,
Slide Mt,2024-09-01,783,535.7414926523495,Known-trail future months,History + statewide summary + edge PCA,Ridge,
Wittenberg,2024-09-01,414,268.6270688035548,Known-trail future months,History + statewide summary + edge PCA,Ridge,
Woodchuck Hollow,2024-09-01,4,3.8050876378085343,Known-trail future months,History + statewide summary + edge PCA,Ridge,
Woodland Valley,2024-09-01,35,60.36609197944984,Known-trail future months,History + statewide summary + edge PCA,Ridge,
Alder Lake,2024-10-01,17,89.98690863061614,Known-trail future months,History + statewide summary + edge PCA,Ridge,
Ashokan HP,2024-10-01,260,87.23943110527662,Known-trail future months,History + statewide summary + edge PCA,Ridge,
Beaverkill Road to BLM FT,2024-10-01,12,102.99798105833172,Known-trail future months,History + statewide summary + edge PCA,Ridge,
Denning,2024-10-01,306,140.72385524382292,Known-trail future months,History + statewide summary + edge PCA,Ridge,
Flynn,2024-10-01,1,27.659593790639104,Known-trail future months,History + statewide summary + edge PCA,Ridge,
Frick Pond,2024-10-01,6,73.29652629251292,Known-trail future months,History + statewide summary + edge PCA,Ridge,
Giant Ledge,2024-10-01,1383,316.7197728577258,Known-trail future months,History + statewide summary + edge PCA,Ridge,
Millbrook to BLM FT,2024-10-01,462,206.09474557851846,Known-trail future months,History + statewide summary + edge PCA,Ridge,
Neversink Hardenburgh Trail,2024-10-01,31,10.20149678097976,Known-trail future months,History + statewide summary + edge PCA,Ridge,
Overlook,2024-10-01,1143,667.9391030902119,Known-trail future months,History + statewide summary + edge PCA,Ridge,
Slide Mt,2024-10-01,757,454.42444986868395,Known-trail future months,History + statewide summary + edge PCA,Ridge,
Wittenberg,2024-10-01,638,233.05751664578725,Known-trail future months,History + statewide summary + edge PCA,Ridge,
Woodchuck Hollow,2024-10-01,4,3.0057669110386382,Known-trail future months,History + statewide summary + edge PCA,Ridge,
Woodland Valley,2024-10-01,182,50.37976117217195,Known-trail future months,History + statewide summary + edge PCA,Ridge,
Ashokan HP,2024-11-01,63,74.97408955585094,Known-trail future months,History + statewide summary + edge PCA,Ridge,
Denning,2024-11-01,76,119.11462480678084,Known-trail future months,History + statewide summary + edge PCA,Ridge,
Giant Ledge,2024-11-01,404,335.8446398154312,Known-trail future months,History + statewide summary + edge PCA,Ridge,
Millbrook to BLM FT,2024-11-01,251,169.48072818454767,Known-trail future months,History + statewide summary + edge PCA,Ridge,
Overlook,2024-11-01,843,610.1045237903026,Known-trail future months,History + statewide summary + edge PCA,Ridge,
Wittenberg,2024-11-01,289,194.31051237809473,Known-trail future months,History + statewide summary + edge PCA,Ridge,
Woodchuck Hollow,2024-11-01,4,2.407715566021502,Known-trail future months,History + statewide summary + edge PCA,Ridge,
Woodland Valley,2024-11-01,88,43.750704078207384,Known-trail future months,History + statewide summary + edge PCA,Ridge,
Ashokan HP,2024-12-01,53,38.18530806830544,Known-trail future months,History + statewide summary + edge PCA,Ridge,
Giant Ledge,2024-12-01,235,141.46726086848616,Known-trail future months,History + statewide summary + edge PCA,Ridge,
Millbrook to BLM FT,2024-12-01,133,85.41808505703722,Known-trail future months,History + statewide summary + edge PCA,Ridge,
Overlook,2024-12-01,291,321.91156540981933,Known-trail future months,History + statewide summary + edge PCA,Ridge,
Wittenberg,2024-12-01,115,92.83612862536704,Known-trail future months,History + statewide summary + edge PCA,Ridge,
Woodland Valley,2024-12-01,25,23.1227113319503,Known-trail future months,History + statewide summary + edge PCA,Ridge,
Ashokan HP,2025-01-01,35,47.79379002959987,Known-trail future months,History + statewide summary + edge PCA,Ridge,
Giant Ledge,2025-01-01,268,129.23326897979524,Known-trail future months,History + statewide summary + edge PCA,Ridge,
Millbrook to BLM FT,2025-01-01,143,104.1781247356632,Known-trail future months,History + statewide summary + edge PCA,Ridge,
Overlook,2025-01-01,358,319.5158494890963,Known-trail future months,History + statewide summary + edge PCA,Ridge,
Wittenberg,2025-01-01,103,104.63083485572871,Known-trail future months,History + statewide summary + edge PCA,Ridge,
Woodland Valley,2025-01-01,15,28.56983074003552,Known-trail future months,History + statewide summary + edge PCA,Ridge,
Ashokan HP,2025-02-01,27,42.75762720045956,Known-trail future months,History + statewide summary + edge PCA,Ridge,
Giant Ledge,2025-02-01,184,113.66690121572626,Known-trail future months,History + statewide summary + edge PCA,Ridge,
Millbrook to BLM FT,2025-02-01,139,93.65974337001455,Known-trail future months,History + statewide summary + edge PCA,Ridge,
Overlook,2025-02-01,182,284.61052853238334,Known-trail future months,History + statewide summary + edge PCA,Ridge,
Wittenberg,2025-02-01,55,89.30798406435719,Known-trail future months,History + statewide summary + edge PCA,Ridge,
Woodland Valley,2025-02-01,30,25.237095032623646,Known-trail future months,History + statewide summary + edge PCA,Ridge,
Ashokan HP,2025-03-01,83,52.963482637161334,Known-trail future months,History + statewide summary + edge PCA,Ridge,
Giant Ledge,2025-03-01,371,137.07664705782975,Known-trail future months,History + statewide summary + edge PCA,Ridge,
Millbrook to BLM FT,2025-03-01,131,116.55429985145247,Known-trail future months,History + statewide summary + edge PCA,Ridge,
Overlook,2025-03-01,426,354.86337877947733,Known-trail future months,History + statewide summary + edge PCA,Ridge,
Wittenberg,2025-03-01,126,111.39894549687125,Known-trail future months,History + statewide summary + edge PCA,Ridge,
Woodland Valley,2025-03-01,41,31.719374405827523,Known-trail future months,History + statewide summary + edge PCA,Ridge,
Ashokan HP,2025-04-01,89,78.82617874925117,Known-trail future months,History + statewide summary + edge PCA,Ridge,
Giant Ledge,2025-04-01,341,190.97242224415467,Known-trail future months,History + statewide summary + edge PCA,Ridge,
Millbrook to BLM FT,2025-04-01,173,166.22895660208707,Known-trail future months,History + statewide summary + edge PCA,Ridge,
Overlook,2025-04-01,576,609.4098513250796,Known-trail future months,History + statewide summary + edge PCA,Ridge,
Wittenberg,2025-04-01,47,164.5789347866713,Known-trail future months,History + statewide summary + edge PCA,Ridge,
Woodland Valley,2025-04-01,47,46.562306936836826,Known-trail future months,History + statewide summary + edge PCA,Ridge,
Ashokan HP,2025-05-01,72,203.1191363847619,Known-trail future months,History + statewide summary + edge PCA,Ridge,
Giant Ledge,2025-05-01,403,546.1602252843198,Known-trail future months,History + statewide summary + edge PCA,Ridge,
Millbrook to BLM FT,2025-05-01,277,432.89048165916694,Known-trail future months,History + statewide summary + edge PCA,Ridge,
Overlook,2025-05-01,828,1805.1808571034987,Known-trail future months,History + statewide summary + edge PCA,Ridge,
Wittenberg,2025-05-01,477,447.1443033777016,Known-trail future months,History + statewide summary + edge PCA,Ridge,
Woodland Valley,2025-05-01,13,120.13216345165316,Known-trail future months,History + statewide summary + edge PCA,Ridge,
Ashokan HP,2025-06-01,160,181.88580034727647,Known-trail future months,History + statewide summary + edge PCA,Ridge,
Giant Ledge,2025-06-01,629,493.7133356680094,Known-trail future months,History + statewide summary + edge PCA,Ridge,
Millbrook to BLM FT,2025-06-01,231,428.16200746415694,Known-trail future months,History + statewide summary + edge PCA,Ridge,
Overlook,2025-06-01,854,1843.761811867293,Known-trail future months,History + statewide summary + edge PCA,Ridge,
Wittenberg,2025-06-01,532,477.5880512232727,Known-trail future months,History + statewide summary + edge PCA,Ridge,
Ashokan HP,2025-07-01,260,245.39568923192158,Known-trail future months,History + statewide summary + edge PCA,Ridge,
Giant Ledge,2025-07-01,400,794.0157676639286,Known-trail future months,History + statewide summary + edge PCA,Ridge,
Millbrook to BLM FT,2025-07-01,340,550.071720190421,Known-trail future months,History + statewide summary + edge PCA,Ridge,
Overlook,2025-07-01,1038,2453.2347130822845,Known-trail future months,History + statewide summary + edge PCA,Ridge,
Wittenberg,2025-07-01,587,675.2030162816487,Known-trail future months,History + statewide summary + edge PCA,Ridge,
Ashokan HP,2025-08-01,173,275.3086152322379,Known-trail future months,History + statewide summary + edge PCA,Ridge,
Millbrook to BLM FT,2025-08-01,354,604.9104802330029,Known-trail future months,History + statewide summary + edge PCA,Ridge,
Overlook,2025-08-01,698,2644.997077872615,Known-trail future months,History + statewide summary + edge PCA,Ridge,
Wittenberg,2025-08-01,751,705.4569651378584,Known-trail future months,History + statewide summary + edge PCA,Ridge,
Ashokan HP,2025-09-01,101,125.19261546410019,Known-trail future months,History + statewide summary + edge PCA,Ridge,
Millbrook to BLM FT,2025-09-01,14,286.14977197054674,Known-trail future months,History + statewide summary + edge PCA,Ridge,
Overlook,2025-09-01,27,991.0798685087802,Known-trail future months,History + statewide summary + edge PCA,Ridge,
Wittenberg,2025-09-01,506,374.8720922940277,Known-trail future months,History + statewide summary + edge PCA,Ridge,
Ashokan HP,2025-10-01,117,159.84890842877428,Known-trail future months,History + statewide summary + edge PCA,Ridge,
Overlook,2025-10-01,4,897.9702603200376,Known-trail future months,History + statewide summary + edge PCA,Ridge,
Wittenberg,2025-10-01,589,493.86775580705444,Known-trail future months,History + statewide summary + edge PCA,Ridge,
Peekamoose,2022-12-01,58,75.28068028776916,Known-trail future months,History + statewide summary + edge PCA,Random Forest,
Biscuit Brook,2023-01-01,47,78.6579898854053,Known-trail future months,History + statewide summary + edge PCA,Random Forest,
Peekamoose,2023-01-01,139,67.32705445007402,Known-trail future months,History + statewide summary + edge PCA,Random Forest,
Bangle Hill,2023-02-01,18,2.2423439213379615,Known-trail future months,History + statewide summary + edge PCA,Random Forest,
Biscuit Brook,2023-02-01,68,60.38389504919779,Known-trail future months,History + statewide summary + edge PCA,Random Forest,
Peekamoose,2023-02-01,90,95.54125974237178,Known-trail future months,History + statewide summary + edge PCA,Random Forest,
Bangle Hill,2023-03-01,5,2.326585017888689,Known-trail future months,History + statewide summary + edge PCA,Random Forest,
Biscuit Brook,2023-03-01,59,74.18691946180897,Known-trail future months,History + statewide summary + edge PCA,Random Forest,
Peekamoose,2023-03-01,63,79.3649076043127,Known-trail future months,History + statewide summary + edge PCA,Random Forest,
Bangle Hill,2023-04-01,11,8.17727544653876,Known-trail future months,History + statewide summary + edge PCA,Random Forest,
Biscuit Brook,2023-04-01,74,112.86238598509557,Known-trail future months,History + statewide summary + edge PCA,Random Forest,
Peekamoose,2023-04-01,92,128.7657059760166,Known-trail future months,History + statewide summary + edge PCA,Random Forest,
Bangle Hill,2023-05-01,5,14.207659391816385,Known-trail future months,History + statewide summary + edge PCA,Random Forest,
Biscuit Brook,2023-05-01,157,121.81171560060645,Known-trail future months,History + statewide summary + edge PCA,Random Forest,
Peekamoose,2023-05-01,234,134.5587736999324,Known-trail future months,History + statewide summary + edge PCA,Random Forest,
Slide Mt,2023-05-01,691,480.65667673107356,Known-trail future months,History + statewide summary + edge PCA,Random Forest,
Upper Cherrytown Road,2023-05-01,136,209.2564640017035,Known-trail future months,History + statewide summary + edge PCA,Random Forest,
Biscuit Brook,2023-06-01,121,130.19056897644447,Known-trail future months,History + statewide summary + edge PCA,Random Forest,
Peekamoose,2023-06-01,49,183.56826665623316,Known-trail future months,History + statewide summary + edge PCA,Random Forest,
Slide Mt,2023-06-01,587,622.6908465625972,Known-trail future months,History + statewide summary + edge PCA,Random Forest,
Upper Cherrytown Road,2023-06-01,143,179.0577192728105,Known-trail future months,History + statewide summary + edge PCA,Random Forest,
Biscuit Brook,2023-07-01,144,139.40310392870657,Known-trail future months,History + statewide summary + edge PCA,Random Forest,
McKenley Hollow,2023-07-01,103,97.53764889883551,Known-trail future months,History + statewide summary + edge PCA,Random Forest,
Red Hill Dinch Road,2023-07-01,291,242.37595722134972,Known-trail future months,History + statewide summary + edge PCA,Random Forest,
Slide Mt,2023-07-01,794,701.5498416580929,Known-trail future months,History + statewide summary + edge PCA,Random Forest,
Upper Cherrytown Road,2023-07-01,329,282.5867863513017,Known-trail future months,History + statewide summary + edge PCA,Random Forest,
Biscuit Brook,2023-08-01,98,121.68555781803774,Known-trail future months,History + statewide summary + edge PCA,Random Forest,
McKenley Hollow,2023-08-01,116,100.68254262223886,Known-trail future months,History + statewide summary + edge PCA,Random Forest,
Onteora Lake,2023-08-01,284,431.1546584219925,Known-trail future months,History + statewide summary + edge PCA,Random Forest,
Red Hill Dinch Road,2023-08-01,238,282.40430549241705,Known-trail future months,History + statewide summary + edge PCA,Random Forest,
Slide Mt,2023-08-01,606,728.795719321983,Known-trail future months,History + statewide summary + edge PCA,Random Forest,
Upper Cherrytown Road,2023-08-01,197,237.91438444331746,Known-trail future months,History + statewide summary + edge PCA,Random Forest,
McKenley Hollow,2023-09-01,119,90.15951210599954,Known-trail future months,History + statewide summary + edge PCA,Random Forest,
Onteora Lake,2023-09-01,311,227.86241520359314,Known-trail future months,History + statewide summary + edge PCA,Random Forest,
Red Hill Dinch Road,2023-09-01,172,196.48940496722258,Known-trail future months,History + statewide summary + edge PCA,Random Forest,
Upper Cherrytown Road,2023-09-01,2,154.64511347067003,Known-trail future months,History + statewide summary + edge PCA,Random Forest,
McKenley Hollow,2023-10-01,119,113.57898711099214,Known-trail future months,History + statewide summary + edge PCA,Random Forest,
Onteora Lake,2023-10-01,418,275.33688235418776,Known-trail future months,History + statewide summary + edge PCA,Random Forest,
Red Hill Dinch Road,2023-10-01,158,237.52763706326235,Known-trail future months,History + statewide summary + edge PCA,Random Forest,
Seager,2023-10-01,41,50.23486361747227,Known-trail future months,History + statewide summary + edge PCA,Random Forest,
Upper Cherrytown Road,2023-10-01,16,81.47231147836659,Known-trail future months,History + statewide summary + edge PCA,Random Forest,
Dry Brook Ridge to Lean-to,2023-11-01,25,16.927402835607086,Known-trail future months,History + statewide summary + edge PCA,Random Forest,
Fox Hollow,2023-11-01,75,84.43757805140112,Known-trail future months,History + statewide summary + edge PCA,Random Forest,
Hardenburgh- MH Trail,2023-11-01,4,5.196533536299311,Known-trail future months,History + statewide summary + edge PCA,Random Forest,
Kelly Hollow,2023-11-01,154,149.45058182918723,Known-trail future months,History + statewide summary + edge PCA,Random Forest,
Lane Street,2023-11-01,57,38.96969305655022,Known-trail future months,History + statewide summary + edge PCA,Random Forest,
McKenley Hollow,2023-11-01,102,84.21831207683921,Known-trail future months,History + statewide summary + edge PCA,Random Forest,
Onteora Lake,2023-11-01,246,234.83494205932658,Known-trail future months,History + statewide summary + edge PCA,Random Forest,
Red Hill Dinch Road,2023-11-01,123,102.18708272737555,Known-trail future months,History + statewide summary + edge PCA,Random Forest,
Rochester Hollow,2023-11-01,150,156.32943505441906,Known-trail future months,History + statewide summary + edge PCA,Random Forest,
Seager,2023-11-01,38,29.18385964499964,Known-trail future months,History + statewide summary + edge PCA,Random Forest,
Upper Cherrytown Road,2023-11-01,1,54.447504653468435,Known-trail future months,History + statewide summary + edge PCA,Random Forest,
Alder Lake,2023-12-01,45,65.03149911373596,Known-trail future months,History + statewide summary + edge PCA,Random Forest,
Beaverkill Road to BLM FT,2023-12-01,84,84.42567252846037,Known-trail future months,History + statewide summary + edge PCA,Random Forest,
Dry Brook Ridge to Lean-to,2023-12-01,12,12.651600825391649,Known-trail future months,History + statewide summary + edge PCA,Random Forest,
Flynn,2023-12-01,8,19.817188873952084,Known-trail future months,History + statewide summary + edge PCA,Random Forest,
Fox Hollow,2023-12-01,59,49.05987274237398,Known-trail future months,History + statewide summary + edge PCA,Random Forest,
Frick Pond,2023-12-01,59,60.765579678686805,Known-trail future months,History + statewide summary + edge PCA,Random Forest,
Hardenburgh- MH Trail,2023-12-01,0,4.138013596510951,Known-trail future months,History + statewide summary + edge PCA,Random Forest,
Kelly Hollow,2023-12-01,112,95.94663298106224,Known-trail future months,History + statewide summary + edge PCA,Random Forest,
Lane Street,2023-12-01,24,34.69009357632948,Known-trail future months,History + statewide summary + edge PCA,Random Forest,
McKenley Hollow,2023-12-01,97,66.08070152518218,Known-trail future months,History + statewide summary + edge PCA,Random Forest,
Mt Tremper,2023-12-01,176,151.99224847535774,Known-trail future months,History + statewide summary + edge PCA,Random Forest,
Neversink Hardenburgh Trail,2023-12-01,10,6.282421160843419,Known-trail future months,History + statewide summary + edge PCA,Random Forest,
Onteora Lake,2023-12-01,216,154.65591864174675,Known-trail future months,History + statewide summary + edge PCA,Random Forest,
Red Hill Dinch Road,2023-12-01,97,87.740433711156,Known-trail future months,History + statewide summary + edge PCA,Random Forest,
Rider Hollow,2023-12-01,128,132.96228402052816,Known-trail future months,History + statewide summary + edge PCA,Random Forest,
Rochester Hollow,2023-12-01,125,90.95073000511204,Known-trail future months,History + statewide summary + edge PCA,Random Forest,
Seager,2023-12-01,22,23.81854413730143,Known-trail future months,History + statewide summary + edge PCA,Random Forest,
Upper Cherrytown Road,2023-12-01,7,24.576914687794716,Known-trail future months,History + statewide summary + edge PCA,Random Forest,
Alder Lake,2024-01-01,33,47.70268969342811,Known-trail future months,History + statewide summary + edge PCA,Random Forest,
Beaverkill Road to BLM FT,2024-01-01,33,76.5524325141293,Known-trail future months,History + statewide summary + edge PCA,Random Forest,
Cathedral Glen,2024-01-01,6,5.330929570314427,Known-trail future months,History + statewide summary + edge PCA,Random Forest,
Denning,2024-01-01,59,91.72253513899759,Known-trail future months,History + statewide summary + edge PCA,Random Forest,
Dry Brook Ridge to Lean-to,2024-01-01,11,12.638581275081627,Known-trail future months,History + statewide summary + edge PCA,Random Forest,
Flynn,2024-01-01,12,19.730603799764474,Known-trail future months,History + statewide summary + edge PCA,Random Forest,
Fox Hollow,2024-01-01,20,54.01501941053103,Known-trail future months,History + statewide summary + edge PCA,Random Forest,
Frick Pond,2024-01-01,53,63.417452119948976,Known-trail future months,History + statewide summary + edge PCA,Random Forest,
Hardenburgh- MH Trail,2024-01-01,2,2.842295577037551,Known-trail future months,History + statewide summary + edge PCA,Random Forest,
Kelly Hollow,2024-01-01,44,89.52535475338766,Known-trail future months,History + statewide summary + edge PCA,Random Forest,
Lane Street,2024-01-01,13,23.335405399597082,Known-trail future months,History + statewide summary + edge PCA,Random Forest,
McKenley Hollow,2024-01-01,20,91.81595872943927,Known-trail future months,History + statewide summary + edge PCA,Random Forest,
Mt Tremper,2024-01-01,107,113.88193669793358,Known-trail future months,History + statewide summary + edge PCA,Random Forest,
Neversink Hardenburgh Trail,2024-01-01,0,2.85250169480818,Known-trail future months,History + statewide summary + edge PCA,Random Forest,
Red Hill Dinch Road,2024-01-01,79,88.48047473287887,Known-trail future months,History + statewide summary + edge PCA,Random Forest,
Rider Hollow,2024-01-01,118,146.99090288880208,Known-trail future months,History + statewide summary + edge PCA,Random Forest,
Rochester Hollow,2024-01-01,51,96.81749233157278,Known-trail future months,History + statewide summary + edge PCA,Random Forest,
Seager,2024-01-01,24,20.006557869031138,Known-trail future months,History + statewide summary + edge PCA,Random Forest,
Alder Lake,2024-02-01,55,36.29155061171098,Known-trail future months,History + statewide summary + edge PCA,Random Forest,
Beaverkill Road to BLM FT,2024-02-01,81,64.74711950117339,Known-trail future months,History + statewide summary + edge PCA,Random Forest,
Cathedral Glen,2024-02-01,11,7.111573297255967,Known-trail future months,History + statewide summary + edge PCA,Random Forest,
Denning,2024-02-01,111,91.17394989146659,Known-trail future months,History + statewide summary + edge PCA,Random Forest,
Dry Brook Ridge to Lean-to,2024-02-01,22,15.509892078063872,Known-trail future months,History + statewide summary + edge PCA,Random Forest,
Flynn,2024-02-01,13,16.38992844375535,Known-trail future months,History + statewide summary + edge PCA,Random Forest,
Fox Hollow,2024-02-01,67,35.674782884558354,Known-trail future months,History + statewide summary + edge PCA,Random Forest,
Frick Pond,2024-02-01,35,66.28484455462991,Known-trail future months,History + statewide summary + edge PCA,Random Forest,
Hardenburgh- MH Trail,2024-02-01,17,3.4953606226992373,Known-trail future months,History + statewide summary + edge PCA,Random Forest,
Kelly Hollow,2024-02-01,70,80.2317208240947,Known-trail future months,History + statewide summary + edge PCA,Random Forest,
Lane Street,2024-02-01,27,25.287897744182192,Known-trail future months,History + statewide summary + edge PCA,Random Forest,
McKenley Hollow,2024-02-01,3,55.74907403007478,Known-trail future months,History + statewide summary + edge PCA,Random Forest,
Mt Tremper,2024-02-01,103,175.96298201963984,Known-trail future months,History + statewide summary + edge PCA,Random Forest,
Neversink Hardenburgh Trail,2024-02-01,1,3.687913252631908,Known-trail future months,History + statewide summary + edge PCA,Random Forest,
Red Hill Dinch Road,2024-02-01,100,85.22302188460016,Known-trail future months,History + statewide summary + edge PCA,Random Forest,
Rider Hollow,2024-02-01,189,146.9284943848763,Known-trail future months,History + statewide summary + edge PCA,Random Forest,
Rochester Hollow,2024-02-01,89,84.12951447827629,Known-trail future months,History + statewide summary + edge PCA,Random Forest,
Seager,2024-02-01,31,28.16202134183233,Known-trail future months,History + statewide summary + edge PCA,Random Forest,
Alder Lake,2024-03-01,63,61.37179899950318,Known-trail future months,History + statewide summary + edge PCA,Random Forest,
Beaverkill Road to BLM FT,2024-03-01,82,65.10458579744929,Known-trail future months,History + statewide summary + edge PCA,Random Forest,
Cathedral Glen,2024-03-01,10,3.975845737417323,Known-trail future months,History + statewide summary + edge PCA,Random Forest,
Denning,2024-03-01,204,97.43643440689661,Known-trail future months,History + statewide summary + edge PCA,Random Forest,
Dry Brook Ridge to Lean-to,2024-03-01,10,14.994434509116216,Known-trail future months,History + statewide summary + edge PCA,Random Forest,
Flynn,2024-03-01,12,16.78257224970908,Known-trail future months,History + statewide summary + edge PCA,Random Forest,
Fox Hollow,2024-03-01,40,58.425522081954355,Known-trail future months,History + statewide summary + edge PCA,Random Forest,
Frick Pond,2024-03-01,45,54.89431917158042,Known-trail future months,History + statewide summary + edge PCA,Random Forest,
Hardenburgh- MH Trail,2024-03-01,4,3.928932804108022,Known-trail future months,History + statewide summary + edge PCA,Random Forest,
Kelly Hollow,2024-03-01,96,92.04946968371927,Known-trail future months,History + statewide summary + edge PCA,Random Forest,
Lane Street,2024-03-01,28,24.828522418622804,Known-trail future months,History + statewide summary + edge PCA,Random Forest,
McKenley Hollow,2024-03-01,7,43.53996092455175,Known-trail future months,History + statewide summary + edge PCA,Random Forest,
Mt Tremper,2024-03-01,123,115.20759513887921,Known-trail future months,History + statewide summary + edge PCA,Random Forest,
Neversink Hardenburgh Trail,2024-03-01,4,2.909746696663522,Known-trail future months,History + statewide summary + edge PCA,Random Forest,
Red Hill Dinch Road,2024-03-01,21,95.01930290718596,Known-trail future months,History + statewide summary + edge PCA,Random Forest,
Rider Hollow,2024-03-01,166,147.41311216615298,Known-trail future months,History + statewide summary + edge PCA,Random Forest,
Rochester Hollow,2024-03-01,117,92.45024132068863,Known-trail future months,History + statewide summary + edge PCA,Random Forest,
Seager,2024-03-01,15,27.803939622871187,Known-trail future months,History + statewide summary + edge PCA,Random Forest,
Woodchuck Hollow,2024-03-01,1,2.731179669386669,Known-trail future months,History + statewide summary + edge PCA,Random Forest,
Alder Lake,2024-04-01,127,117.71826106728722,Known-trail future months,History + statewide summary + edge PCA,Random Forest,
Beaverkill Road to BLM FT,2024-04-01,110,117.0965795560319,Known-trail future months,History + statewide summary + edge PCA,Random Forest,
Cathedral Glen,2024-04-01,21,7.37529287723461,Known-trail future months,History + statewide summary + edge PCA,Random Forest,
Denning,2024-04-01,233,163.19202400325756,Known-trail future months,History + statewide summary + edge PCA,Random Forest,
Dry Brook Ridge to Lean-to,2024-04-01,13,17.363661775727238,Known-trail future months,History + statewide summary + edge PCA,Random Forest,
Flynn,2024-04-01,18,21.17016191297681,Known-trail future months,History + statewide summary + edge PCA,Random Forest,
Fox Hollow,2024-04-01,48,57.47038557385686,Known-trail future months,History + statewide summary + edge PCA,Random Forest,
Frick Pond,2024-04-01,70,61.58178251692595,Known-trail future months,History + statewide summary + edge PCA,Random Forest,
Hardenburgh- MH Trail,2024-04-01,1,5.087688084517154,Known-trail future months,History + statewide summary + edge PCA,Random Forest,
Kelly Hollow,2024-04-01,127,140.34016675593912,Known-trail future months,History + statewide summary + edge PCA,Random Forest,
Lane Street,2024-04-01,36,33.83574550469209,Known-trail future months,History + statewide summary + edge PCA,Random Forest,
Mt Tremper,2024-04-01,64,201.31276060947758,Known-trail future months,History + statewide summary + edge PCA,Random Forest,
Neversink Hardenburgh Trail,2024-04-01,4,7.979855619952057,Known-trail future months,History + statewide summary + edge PCA,Random Forest,
Rider Hollow,2024-04-01,103,120.08010850388166,Known-trail future months,History + statewide summary + edge PCA,Random Forest,
Rochester Hollow,2024-04-01,99,147.90198864873247,Known-trail future months,History + statewide summary + edge PCA,Random Forest,
Seager,2024-04-01,40,35.23387704610932,Known-trail future months,History + statewide summary + edge PCA,Random Forest,
Alder Lake,2024-05-01,147,162.51591443046516,Known-trail future months,History + statewide summary + edge PCA,Random Forest,
Beaverkill Road to BLM FT,2024-05-01,189,157.57451090630764,Known-trail future months,History + statewide summary + edge PCA,Random Forest,
Cathedral Glen,2024-05-01,19,12.543260120602458,Known-trail future months,History + statewide summary + edge PCA,Random Forest,
Denning,2024-05-01,260,292.35055628167663,Known-trail future months,History + statewide summary + edge PCA,Random Forest,
Dry Brook Ridge to Lean-to,2024-05-01,17,22.224466053658265,Known-trail future months,History + statewide summary + edge PCA,Random Forest,
Flynn,2024-05-01,24,43.69596892123337,Known-trail future months,History + statewide summary + edge PCA,Random Forest,
Fox Hollow,2024-05-01,71,72.14181120862976,Known-trail future months,History + statewide summary + edge PCA,Random Forest,
Frick Pond,2024-05-01,125,111.93781886681771,Known-trail future months,History + statewide summary + edge PCA,Random Forest,
Hardenburgh- MH Trail,2024-05-01,23,6.634445055889189,Known-trail future months,History + statewide summary + edge PCA,Random Forest,
Kelly Hollow,2024-05-01,182,163.5752143187593,Known-trail future months,History + statewide summary + edge PCA,Random Forest,
Lane Street,2024-05-01,54,53.013536794862,Known-trail future months,History + statewide summary + edge PCA,Random Forest,
Mt Tremper,2024-05-01,19,209.03015879136228,Known-trail future months,History + statewide summary + edge PCA,Random Forest,
Neversink Hardenburgh Trail,2024-05-01,34,11.581674542659357,Known-trail future months,History + statewide summary + edge PCA,Random Forest,
Rider Hollow,2024-05-01,98,159.89092846920573,Known-trail future months,History + statewide summary + edge PCA,Random Forest,
Rochester Hollow,2024-05-01,182,138.65803097159232,Known-trail future months,History + statewide summary + edge PCA,Random Forest,
Seager,2024-05-01,53,55.79205123894443,Known-trail future months,History + statewide summary + edge PCA,Random Forest,
Woodchuck Hollow,2024-05-01,1,3.5770967970888656,Known-trail future months,History + statewide summary + edge PCA,Random Forest,
Woodland Valley,2024-05-01,99,84.23785497517962,Known-trail future months,History + statewide summary + edge PCA,Random Forest,
Alder Lake,2024-06-01,168,180.2469344738965,Known-trail future months,History + statewide summary + edge PCA,Random Forest,
Beaverkill Road to BLM FT,2024-06-01,190,177.99515422475434,Known-trail future months,History + statewide summary + edge PCA,Random Forest,
Cathedral Glen,2024-06-01,30,11.959786996200169,Known-trail future months,History + statewide summary + edge PCA,Random Forest,
Denning,2024-06-01,281,301.21306946079415,Known-trail future months,History + statewide summary + edge PCA,Random Forest,
Dry Brook Ridge to Lean-to,2024-06-01,20,20.49254658310592,Known-trail future months,History + statewide summary + edge PCA,Random Forest,
Flynn,2024-06-01,30,42.10011864382164,Known-trail future months,History + statewide summary + edge PCA,Random Forest,
Fox Hollow,2024-06-01,64,79.15758435806997,Known-trail future months,History + statewide summary + edge PCA,Random Forest,
Frick Pond,2024-06-01,131,148.39626672237398,Known-trail future months,History + statewide summary + edge PCA,Random Forest,
Hardenburgh- MH Trail,2024-06-01,17,6.686363561760741,Known-trail future months,History + statewide summary + edge PCA,Random Forest,
Kelly Hollow,2024-06-01,156,166.0758930185641,Known-trail future months,History + statewide summary + edge PCA,Random Forest,
Lane Street,2024-06-01,71,52.25407078228221,Known-trail future months,History + statewide summary + edge PCA,Random Forest,
Mt Tremper,2024-06-01,22,113.18182326025337,Known-trail future months,History + statewide summary + edge PCA,Random Forest,
Neversink Hardenburgh Trail,2024-06-01,13,15.13065307115285,Known-trail future months,History + statewide summary + edge PCA,Random Forest,
Rider Hollow,2024-06-01,93,125.03824646771024,Known-trail future months,History + statewide summary + edge PCA,Random Forest,
Rochester Hollow,2024-06-01,113,160.44850207659442,Known-trail future months,History + statewide summary + edge PCA,Random Forest,
Seager,2024-06-01,73,56.8496976358515,Known-trail future months,History + statewide summary + edge PCA,Random Forest,
Slide Mt,2024-06-01,593,706.7486572816608,Known-trail future months,History + statewide summary + edge PCA,Random Forest,
Woodland Valley,2024-06-01,70,112.3530264332006,Known-trail future months,History + statewide summary + edge PCA,Random Forest,
Alder Lake,2024-07-01,299,257.4242439396547,Known-trail future months,History + statewide summary + edge PCA,Random Forest,
Beaverkill Road to BLM FT,2024-07-01,193,186.20786574336776,Known-trail future months,History + statewide summary + edge PCA,Random Forest,
Cathedral Glen,2024-07-01,6,14.118364885744239,Known-trail future months,History + statewide summary + edge PCA,Random Forest,
Denning,2024-07-01,293,330.0229785083082,Known-trail future months,History + statewide summary + edge PCA,Random Forest,
Dry Brook Ridge to Lean-to,2024-07-01,46,22.997271438849072,Known-trail future months,History + statewide summary + edge PCA,Random Forest,
Flynn,2024-07-01,64,49.389912391031615,Known-trail future months,History + statewide summary + edge PCA,Random Forest,
Fox Hollow,2024-07-01,98,83.80058559734158,Known-trail future months,History + statewide summary + edge PCA,Random Forest,
Frick Pond,2024-07-01,209,166.25895453709768,Known-trail future months,History + statewide summary + edge PCA,Random Forest,
Giant Ledge,2024-07-01,150,475.4791535221065,Known-trail future months,History + statewide summary + edge PCA,Random Forest,
Hardenburgh- MH Trail,2024-07-01,16,8.886047146179047,Known-trail future months,History + statewide summary + edge PCA,Random Forest,
Kelly Hollow,2024-07-01,215,255.82197306835462,Known-trail future months,History + statewide summary + edge PCA,Random Forest,
Lane Street,2024-07-01,81,62.85799296863284,Known-trail future months,History + statewide summary + edge PCA,Random Forest,
Mt Tremper,2024-07-01,35,86.7362875508371,Known-trail future months,History + statewide summary + edge PCA,Random Forest,
Neversink Hardenburgh Trail,2024-07-01,21,17.960940626347604,Known-trail future months,History + statewide summary + edge PCA,Random Forest,
Rider Hollow,2024-07-01,128,145.5083601783213,Known-trail future months,History + statewide summary + edge PCA,Random Forest,
Rochester Hollow,2024-07-01,229,183.18053252614465,Known-trail future months,History + statewide summary + edge PCA,Random Forest,
Seager,2024-07-01,78,81.98607017960558,Known-trail future months,History + statewide summary + edge PCA,Random Forest,
Slide Mt,2024-07-01,868,700.7854259830929,Known-trail future months,History + statewide summary + edge PCA,Random Forest,
Woodchuck Hollow,2024-07-01,5,3.587770312742146,Known-trail future months,History + statewide summary + edge PCA,Random Forest,
Woodland Valley,2024-07-01,12,121.61761270595521,Known-trail future months,History + statewide summary + edge PCA,Random Forest,
Alder Lake,2024-08-01,303,245.1910350743875,Known-trail future months,History + statewide summary + edge PCA,Random Forest,
Beaverkill Road to BLM FT,2024-08-01,196,210.88975003648054,Known-trail future months,History + statewide summary + edge PCA,Random Forest,
Cathedral Glen,2024-08-01,32,12.825489064951212,Known-trail future months,History + statewide summary + edge PCA,Random Forest,
Denning,2024-08-01,270,293.22553052943755,Known-trail future months,History + statewide summary + edge PCA,Random Forest,
Dry Brook Ridge to Lean-to,2024-08-01,33,27.308750306227378,Known-trail future months,History + statewide summary + edge PCA,Random Forest,
Flynn,2024-08-01,25,69.57889108270071,Known-trail future months,History + statewide summary + edge PCA,Random Forest,
Fox Hollow,2024-08-01,114,99.12157215469746,Known-trail future months,History + statewide summary + edge PCA,Random Forest,
Frick Pond,2024-08-01,192,177.2064125602879,Known-trail future months,History + statewide summary + edge PCA,Random Forest,
Hardenburgh- MH Trail,2024-08-01,9,11.081247402887527,Known-trail future months,History + statewide summary + edge PCA,Random Forest,
Kelly Hollow,2024-08-01,248,255.96364316819918,Known-trail future months,History + statewide summary + edge PCA,Random Forest,
Lane Street,2024-08-01,56,67.87383098183561,Known-trail future months,History + statewide summary + edge PCA,Random Forest,
Millbrook to BLM FT,2024-08-01,392,339.9485357200221,Known-trail future months,History + statewide summary + edge PCA,Random Forest,
Mt Tremper,2024-08-01,587,90.54674231197599,Known-trail future months,History + statewide summary + edge PCA,Random Forest,
Neversink Hardenburgh Trail,2024-08-01,11,21.624413900351605,Known-trail future months,History + statewide summary + edge PCA,Random Forest,
Rider Hollow,2024-08-01,150,150.04384944009436,Known-trail future months,History + statewide summary + edge PCA,Random Forest,
Rochester Hollow,2024-08-01,261,193.30458861108627,Known-trail future months,History + statewide summary + edge PCA,Random Forest,
Seager,2024-08-01,63,90.61266032305775,Known-trail future months,History + statewide summary + edge PCA,Random Forest,
Slide Mt,2024-08-01,1077,721.0377250318653,Known-trail future months,History + statewide summary + edge PCA,Random Forest,
Woodchuck Hollow,2024-08-01,2,2.7364328926799217,Known-trail future months,History + statewide summary + edge PCA,Random Forest,
Woodland Valley,2024-08-01,9,68.5030108532137,Known-trail future months,History + statewide summary + edge PCA,Random Forest,
Alder Lake,2024-09-01,229,197.07455780939247,Known-trail future months,History + statewide summary + edge PCA,Random Forest,
Ashokan HP,2024-09-01,127,147.87213417511785,Known-trail future months,History + statewide summary + edge PCA,Random Forest,
Beaverkill Road to BLM FT,2024-09-01,203,163.7001596052971,Known-trail future months,History + statewide summary + edge PCA,Random Forest,
Cathedral Glen,2024-09-01,6,14.214202956699584,Known-trail future months,History + statewide summary + edge PCA,Random Forest,
Denning,2024-09-01,243,233.77864309179273,Known-trail future months,History + statewide summary + edge PCA,Random Forest,
Dry Brook Ridge to Lean-to,2024-09-01,14,21.82283115895999,Known-trail future months,History + statewide summary + edge PCA,Random Forest,
Flynn,2024-09-01,71,31.471065379529424,Known-trail future months,History + statewide summary + edge PCA,Random Forest,
Fox Hollow,2024-09-01,36,100.23839389533285,Known-trail future months,History + statewide summary + edge PCA,Random Forest,
Frick Pond,2024-09-01,200,134.47125419786323,Known-trail future months,History + statewide summary + edge PCA,Random Forest,
Giant Ledge,2024-09-01,116,331.0781650697519,Known-trail future months,History + statewide summary + edge PCA,Random Forest,
Hardenburgh- MH Trail,2024-09-01,13,10.11133896068583,Known-trail future months,History + statewide summary + edge PCA,Random Forest,
Kelly Hollow,2024-09-01,125,177.75126331637784,Known-trail future months,History + statewide summary + edge PCA,Random Forest,
Lane Street,2024-09-01,39,54.728493580232815,Known-trail future months,History + statewide summary + edge PCA,Random Forest,
Millbrook to BLM FT,2024-09-01,347,303.91060108738844,Known-trail future months,History + statewide summary + edge PCA,Random Forest,
Neversink Hardenburgh Trail,2024-09-01,17,15.15112298825374,Known-trail future months,History + statewide summary + edge PCA,Random Forest,
Overlook,2024-09-01,717,817.8777286521292,Known-trail future months,History + statewide summary + edge PCA,Random Forest,
Rider Hollow,2024-09-01,91,140.2499428410778,Known-trail future months,History + statewide summary + edge PCA,Random Forest,
Rochester Hollow,2024-09-01,131,169.92889194181444,Known-trail future months,History + statewide summary + edge PCA,Random Forest,
Slide Mt,2024-09-01,783,742.6856085078765,Known-trail future months,History + statewide summary + edge PCA,Random Forest,
Wittenberg,2024-09-01,414,386.7822734128083,Known-trail future months,History + statewide summary + edge PCA,Random Forest,
Woodchuck Hollow,2024-09-01,4,2.610664860883574,Known-trail future months,History + statewide summary + edge PCA,Random Forest,
Woodland Valley,2024-09-01,35,49.94344150259978,Known-trail future months,History + statewide summary + edge PCA,Random Forest,
Alder Lake,2024-10-01,17,214.98343640243618,Known-trail future months,History + statewide summary + edge PCA,Random Forest,
Ashokan HP,2024-10-01,260,142.42037313377494,Known-trail future months,History + statewide summary + edge PCA,Random Forest,
Beaverkill Road to BLM FT,2024-10-01,12,218.32499751902998,Known-trail future months,History + statewide summary + edge PCA,Random Forest,
Denning,2024-10-01,306,240.9170275970724,Known-trail future months,History + statewide summary + edge PCA,Random Forest,
Flynn,2024-10-01,1,44.84791600684051,Known-trail future months,History + statewide summary + edge PCA,Random Forest,
Frick Pond,2024-10-01,6,158.20487378430377,Known-trail future months,History + statewide summary + edge PCA,Random Forest,
Giant Ledge,2024-10-01,1383,292.29819439187565,Known-trail future months,History + statewide summary + edge PCA,Random Forest,
Millbrook to BLM FT,2024-10-01,462,310.83870757720047,Known-trail future months,History + statewide summary + edge PCA,Random Forest,
Neversink Hardenburgh Trail,2024-10-01,31,15.090674155766731,Known-trail future months,History + statewide summary + edge PCA,Random Forest,
Overlook,2024-10-01,1143,881.0141154657707,Known-trail future months,History + statewide summary + edge PCA,Random Forest,
Slide Mt,2024-10-01,757,834.6947395221424,Known-trail future months,History + statewide summary + edge PCA,Random Forest,
Wittenberg,2024-10-01,638,411.7520635279518,Known-trail future months,History + statewide summary + edge PCA,Random Forest,
Woodchuck Hollow,2024-10-01,4,3.071419962943804,Known-trail future months,History + statewide summary + edge PCA,Random Forest,
Woodland Valley,2024-10-01,182,46.82287275139955,Known-trail future months,History + statewide summary + edge PCA,Random Forest,
Ashokan HP,2024-11-01,63,139.4231971971773,Known-trail future months,History + statewide summary + edge PCA,Random Forest,
Denning,2024-11-01,76,199.95408658498846,Known-trail future months,History + statewide summary + edge PCA,Random Forest,
Giant Ledge,2024-11-01,404,492.51655027635854,Known-trail future months,History + statewide summary + edge PCA,Random Forest,
Millbrook to BLM FT,2024-11-01,251,288.9268657909751,Known-trail future months,History + statewide summary + edge PCA,Random Forest,
Overlook,2024-11-01,843,660.4907945560615,Known-trail future months,History + statewide summary + edge PCA,Random Forest,
Wittenberg,2024-11-01,289,402.77595746209585,Known-trail future months,History + statewide summary + edge PCA,Random Forest,
Woodchuck Hollow,2024-11-01,4,3.321605901226174,Known-trail future months,History + statewide summary + edge PCA,Random Forest,
Woodland Valley,2024-11-01,88,59.69615266930094,Known-trail future months,History + statewide summary + edge PCA,Random Forest,
Ashokan HP,2024-12-01,53,71.60423818940416,Known-trail future months,History + statewide summary + edge PCA,Random Forest,
Giant Ledge,2024-12-01,235,360.070745587576,Known-trail future months,History + statewide summary + edge PCA,Random Forest,
Millbrook to BLM FT,2024-12-01,133,213.56794902776787,Known-trail future months,History + statewide summary + edge PCA,Random Forest,
Overlook,2024-12-01,291,513.2333431535,Known-trail future months,History + statewide summary + edge PCA,Random Forest,
Wittenberg,2024-12-01,115,216.52641343082516,Known-trail future months,History + statewide summary + edge PCA,Random Forest,
Woodland Valley,2024-12-01,25,46.84341341890362,Known-trail future months,History + statewide summary + edge PCA,Random Forest,
Ashokan HP,2025-01-01,35,67.3917666667799,Known-trail future months,History + statewide summary + edge PCA,Random Forest,
Giant Ledge,2025-01-01,268,323.6061695773998,Known-trail future months,History + statewide summary + edge PCA,Random Forest,
Millbrook to BLM FT,2025-01-01,143,163.20950250526485,Known-trail future months,History + statewide summary + edge PCA,Random Forest,
Overlook,2025-01-01,358,370.04430756286314,Known-trail future months,History + statewide summary + edge PCA,Random Forest,
Wittenberg,2025-01-01,103,145.9705907526145,Known-trail future months,History + statewide summary + edge PCA,Random Forest,
Woodland Valley,2025-01-01,15,26.512719247369052,Known-trail future months,History + statewide summary + edge PCA,Random Forest,
Ashokan HP,2025-02-01,27,52.166768231978516,Known-trail future months,History + statewide summary + edge PCA,Random Forest,
Giant Ledge,2025-02-01,184,316.14227303364237,Known-trail future months,History + statewide summary + edge PCA,Random Forest,
Millbrook to BLM FT,2025-02-01,139,155.11098295585103,Known-trail future months,History + statewide summary + edge PCA,Random Forest,
Overlook,2025-02-01,182,362.24072562306475,Known-trail future months,History + statewide summary + edge PCA,Random Forest,
Wittenberg,2025-02-01,55,134.61578594920454,Known-trail future months,History + statewide summary + edge PCA,Random Forest,
Woodland Valley,2025-02-01,30,25.013171131266272,Known-trail future months,History + statewide summary + edge PCA,Random Forest,
Ashokan HP,2025-03-01,83,50.12308309157082,Known-trail future months,History + statewide summary + edge PCA,Random Forest,
Giant Ledge,2025-03-01,371,258.07130185537443,Known-trail future months,History + statewide summary + edge PCA,Random Forest,
Millbrook to BLM FT,2025-03-01,131,154.43254935499232,Known-trail future months,History + statewide summary + edge PCA,Random Forest,
Overlook,2025-03-01,426,324.3183647012936,Known-trail future months,History + statewide summary + edge PCA,Random Forest,
Wittenberg,2025-03-01,126,122.48973270227668,Known-trail future months,History + statewide summary + edge PCA,Random Forest,
Woodland Valley,2025-03-01,41,26.7212518548727,Known-trail future months,History + statewide summary + edge PCA,Random Forest,
Ashokan HP,2025-04-01,89,94.6195422496625,Known-trail future months,History + statewide summary + edge PCA,Random Forest,
Giant Ledge,2025-04-01,341,368.57987177762703,Known-trail future months,History + statewide summary + edge PCA,Random Forest,
Millbrook to BLM FT,2025-04-01,173,156.3547668004916,Known-trail future months,History + statewide summary + edge PCA,Random Forest,
Overlook,2025-04-01,576,504.60590296216003,Known-trail future months,History + statewide summary + edge PCA,Random Forest,
Wittenberg,2025-04-01,47,155.1058767707464,Known-trail future months,History + statewide summary + edge PCA,Random Forest,
Woodland Valley,2025-04-01,47,48.120509750976865,Known-trail future months,History + statewide summary + edge PCA,Random Forest,
Ashokan HP,2025-05-01,72,131.32930417586923,Known-trail future months,History + statewide summary + edge PCA,Random Forest,
Giant Ledge,2025-05-01,403,457.27189745808744,Known-trail future months,History + statewide summary + edge PCA,Random Forest,
Millbrook to BLM FT,2025-05-01,277,237.4137865522583,Known-trail future months,History + statewide summary + edge PCA,Random Forest,
Overlook,2025-05-01,828,711.4328506975453,Known-trail future months,History + statewide summary + edge PCA,Random Forest,
Wittenberg,2025-05-01,477,165.41329263567934,Known-trail future months,History + statewide summary + edge PCA,Random Forest,
Woodland Valley,2025-05-01,13,68.4665545373978,Known-trail future months,History + statewide summary + edge PCA,Random Forest,
Ashokan HP,2025-06-01,160,124.52253069472647,Known-trail future months,History + statewide summary + edge PCA,Random Forest,
Giant Ledge,2025-06-01,629,449.5294366582361,Known-trail future months,History + statewide summary + edge PCA,Random Forest,
Millbrook to BLM FT,2025-06-01,231,290.78015618321695,Known-trail future months,History + statewide summary + edge PCA,Random Forest,
Overlook,2025-06-01,854,782.1531011990305,Known-trail future months,History + statewide summary + edge PCA,Random Forest,
Wittenberg,2025-06-01,532,399.15943416401177,Known-trail future months,History + statewide summary + edge PCA,Random Forest,
Ashokan HP,2025-07-01,260,155.4370219242861,Known-trail future months,History + statewide summary + edge PCA,Random Forest,
Giant Ledge,2025-07-01,400,561.3081516045394,Known-trail future months,History + statewide summary + edge PCA,Random Forest,
Millbrook to BLM FT,2025-07-01,340,323.4669911523357,Known-trail future months,History + statewide summary + edge PCA,Random Forest,
Overlook,2025-07-01,1038,946.9179769557708,Known-trail future months,History + statewide summary + edge PCA,Random Forest,
Wittenberg,2025-07-01,587,462.34674999431445,Known-trail future months,History + statewide summary + edge PCA,Random Forest,
Ashokan HP,2025-08-01,173,186.66947146745295,Known-trail future months,History + statewide summary + edge PCA,Random Forest,
Millbrook to BLM FT,2025-08-01,354,329.51478432413245,Known-trail future months,History + statewide summary + edge PCA,Random Forest,
Overlook,2025-08-01,698,936.4553595519553,Known-trail future months,History + statewide summary + edge PCA,Random Forest,
Wittenberg,2025-08-01,751,469.672769499466,Known-trail future months,History + statewide summary + edge PCA,Random Forest,
Ashokan HP,2025-09-01,101,156.2579437244939,Known-trail future months,History + statewide summary + edge PCA,Random Forest,
Millbrook to BLM FT,2025-09-01,14,277.4793059187659,Known-trail future months,History + statewide summary + edge PCA,Random Forest,
Overlook,2025-09-01,27,775.2250342838545,Known-trail future months,History + statewide summary + edge PCA,Random Forest,
Wittenberg,2025-09-01,506,515.5428936790764,Known-trail future months,History + statewide summary + edge PCA,Random Forest,
Ashokan HP,2025-10-01,117,165.59519062034192,Known-trail future months,History + statewide summary + edge PCA,Random Forest,
Overlook,2025-10-01,4,134.51930768358977,Known-trail future months,History + statewide summary + edge PCA,Random Forest,
Wittenberg,2025-10-01,589,505.73779305414655,Known-trail future months,History + statewide summary + edge PCA,Random Forest,
Peekamoose,2022-12-01,58,66.40532891326103,Known-trail future months,History + statewide summary + edge PCA,HistGradientBoosting,
Biscuit Brook,2023-01-01,47,74.04448078964158,Known-trail future months,History + statewide summary + edge PCA,HistGradientBoosting,
Peekamoose,2023-01-01,139,63.40060196043849,Known-trail future months,History + statewide summary + edge PCA,HistGradientBoosting,
Bangle Hill,2023-02-01,18,3.3920760982990554,Known-trail future months,History + statewide summary + edge PCA,HistGradientBoosting,
Biscuit Brook,2023-02-01,68,63.34861339487236,Known-trail future months,History + statewide summary + edge PCA,HistGradientBoosting,
Peekamoose,2023-02-01,90,89.33811163059795,Known-trail future months,History + statewide summary + edge PCA,HistGradientBoosting,
Bangle Hill,2023-03-01,5,1.475575739492391,Known-trail future months,History + statewide summary + edge PCA,HistGradientBoosting,
Biscuit Brook,2023-03-01,59,67.59057110003701,Known-trail future months,History + statewide summary + edge PCA,HistGradientBoosting,
Peekamoose,2023-03-01,63,70.60892856018955,Known-trail future months,History + statewide summary + edge PCA,HistGradientBoosting,
Bangle Hill,2023-04-01,11,5.595609224874608,Known-trail future months,History + statewide summary + edge PCA,HistGradientBoosting,
Biscuit Brook,2023-04-01,74,109.63481146732138,Known-trail future months,History + statewide summary + edge PCA,HistGradientBoosting,
Peekamoose,2023-04-01,92,120.86923720508995,Known-trail future months,History + statewide summary + edge PCA,HistGradientBoosting,
Bangle Hill,2023-05-01,5,15.20720323369819,Known-trail future months,History + statewide summary + edge PCA,HistGradientBoosting,
Biscuit Brook,2023-05-01,157,144.00047286728918,Known-trail future months,History + statewide summary + edge PCA,HistGradientBoosting,
Peekamoose,2023-05-01,234,154.4989621774381,Known-trail future months,History + statewide summary + edge PCA,HistGradientBoosting,
Slide Mt,2023-05-01,691,582.2724371092831,Known-trail future months,History + statewide summary + edge PCA,HistGradientBoosting,
Upper Cherrytown Road,2023-05-01,136,248.06953185868167,Known-trail future months,History + statewide summary + edge PCA,HistGradientBoosting,
Biscuit Brook,2023-06-01,121,134.67535732316867,Known-trail future months,History + statewide summary + edge PCA,HistGradientBoosting,
Peekamoose,2023-06-01,49,177.62210009997352,Known-trail future months,History + statewide summary + edge PCA,HistGradientBoosting,
Slide Mt,2023-06-01,587,607.1605131303472,Known-trail future months,History + statewide summary + edge PCA,HistGradientBoosting,
Upper Cherrytown Road,2023-06-01,143,202.89923560344386,Known-trail future months,History + statewide summary + edge PCA,HistGradientBoosting,
Biscuit Brook,2023-07-01,144,162.59874559163615,Known-trail future months,History + statewide summary + edge PCA,HistGradientBoosting,
McKenley Hollow,2023-07-01,103,102.26288662716982,Known-trail future months,History + statewide summary + edge PCA,HistGradientBoosting,
Red Hill Dinch Road,2023-07-01,291,269.0428636300284,Known-trail future months,History + statewide summary + edge PCA,HistGradientBoosting,
Slide Mt,2023-07-01,794,742.2419883346929,Known-trail future months,History + statewide summary + edge PCA,HistGradientBoosting,
Upper Cherrytown Road,2023-07-01,329,249.03127046705217,Known-trail future months,History + statewide summary + edge PCA,HistGradientBoosting,
Biscuit Brook,2023-08-01,98,119.46740887953682,Known-trail future months,History + statewide summary + edge PCA,HistGradientBoosting,
McKenley Hollow,2023-08-01,116,91.19564498632079,Known-trail future months,History + statewide summary + edge PCA,HistGradientBoosting,
Onteora Lake,2023-08-01,284,469.05787901534086,Known-trail future months,History + statewide summary + edge PCA,HistGradientBoosting,
Red Hill Dinch Road,2023-08-01,238,284.9884740377947,Known-trail future months,History + statewide summary + edge PCA,HistGradientBoosting,
Slide Mt,2023-08-01,606,768.1105526987158,Known-trail future months,History + statewide summary + edge PCA,HistGradientBoosting,
Upper Cherrytown Road,2023-08-01,197,255.47543459802102,Known-trail future months,History + statewide summary + edge PCA,HistGradientBoosting,
McKenley Hollow,2023-09-01,119,78.68309687118378,Known-trail future months,History + statewide summary + edge PCA,HistGradientBoosting,
Onteora Lake,2023-09-01,311,223.1105198852691,Known-trail future months,History + statewide summary + edge PCA,HistGradientBoosting,
Red Hill Dinch Road,2023-09-01,172,190.13739455330756,Known-trail future months,History + statewide summary + edge PCA,HistGradientBoosting,
Upper Cherrytown Road,2023-09-01,2,144.32427565016602,Known-trail future months,History + statewide summary + edge PCA,HistGradientBoosting,
McKenley Hollow,2023-10-01,119,89.77824444870362,Known-trail future months,History + statewide summary + edge PCA,HistGradientBoosting,
Onteora Lake,2023-10-01,418,264.32788312290313,Known-trail future months,History + statewide summary + edge PCA,HistGradientBoosting,
Red Hill Dinch Road,2023-10-01,158,214.63250364402623,Known-trail future months,History + statewide summary + edge PCA,HistGradientBoosting,
Seager,2023-10-01,41,44.21100851106622,Known-trail future months,History + statewide summary + edge PCA,HistGradientBoosting,
Upper Cherrytown Road,2023-10-01,16,81.77417900187574,Known-trail future months,History + statewide summary + edge PCA,HistGradientBoosting,
Dry Brook Ridge to Lean-to,2023-11-01,25,19.452282312492514,Known-trail future months,History + statewide summary + edge PCA,HistGradientBoosting,
Fox Hollow,2023-11-01,75,89.33045841710484,Known-trail future months,History + statewide summary + edge PCA,HistGradientBoosting,
Hardenburgh- MH Trail,2023-11-01,4,7.1681437999306405,Known-trail future months,History + statewide summary + edge PCA,HistGradientBoosting,
Kelly Hollow,2023-11-01,154,144.894067621661,Known-trail future months,History + statewide summary + edge PCA,HistGradientBoosting,
Lane Street,2023-11-01,57,39.98115429308329,Known-trail future months,History + statewide summary + edge PCA,HistGradientBoosting,
McKenley Hollow,2023-11-01,102,85.76067038254354,Known-trail future months,History + statewide summary + edge PCA,HistGradientBoosting,
Onteora Lake,2023-11-01,246,256.106401323749,Known-trail future months,History + statewide summary + edge PCA,HistGradientBoosting,
Red Hill Dinch Road,2023-11-01,123,112.30474925552618,Known-trail future months,History + statewide summary + edge PCA,HistGradientBoosting,
Rochester Hollow,2023-11-01,150,171.69426147893992,Known-trail future months,History + statewide summary + edge PCA,HistGradientBoosting,
Seager,2023-11-01,38,28.632814701305318,Known-trail future months,History + statewide summary + edge PCA,HistGradientBoosting,
Upper Cherrytown Road,2023-11-01,1,69.36976522525195,Known-trail future months,History + statewide summary + edge PCA,HistGradientBoosting,
Alder Lake,2023-12-01,45,58.22421097299586,Known-trail future months,History + statewide summary + edge PCA,HistGradientBoosting,
Beaverkill Road to BLM FT,2023-12-01,84,83.21767843343402,Known-trail future months,History + statewide summary + edge PCA,HistGradientBoosting,
Dry Brook Ridge to Lean-to,2023-12-01,12,16.178935262395488,Known-trail future months,History + statewide summary + edge PCA,HistGradientBoosting,
Flynn,2023-12-01,8,21.0303629120172,Known-trail future months,History + statewide summary + edge PCA,HistGradientBoosting,
Fox Hollow,2023-12-01,59,46.97279706271755,Known-trail future months,History + statewide summary + edge PCA,HistGradientBoosting,
Frick Pond,2023-12-01,59,55.98968140400839,Known-trail future months,History + statewide summary + edge PCA,HistGradientBoosting,
Hardenburgh- MH Trail,2023-12-01,0,4.993466350425472,Known-trail future months,History + statewide summary + edge PCA,HistGradientBoosting,
Kelly Hollow,2023-12-01,112,92.6482161846023,Known-trail future months,History + statewide summary + edge PCA,HistGradientBoosting,
Lane Street,2023-12-01,24,38.81795122770819,Known-trail future months,History + statewide summary + edge PCA,HistGradientBoosting,
McKenley Hollow,2023-12-01,97,60.073748661172985,Known-trail future months,History + statewide summary + edge PCA,HistGradientBoosting,
Mt Tremper,2023-12-01,176,133.04059349440928,Known-trail future months,History + statewide summary + edge PCA,HistGradientBoosting,
Neversink Hardenburgh Trail,2023-12-01,10,6.342458488382371,Known-trail future months,History + statewide summary + edge PCA,HistGradientBoosting,
Onteora Lake,2023-12-01,216,118.9571834197871,Known-trail future months,History + statewide summary + edge PCA,HistGradientBoosting,
Red Hill Dinch Road,2023-12-01,97,89.16837242514967,Known-trail future months,History + statewide summary + edge PCA,HistGradientBoosting,
Rider Hollow,2023-12-01,128,106.32815287717271,Known-trail future months,History + statewide summary + edge PCA,HistGradientBoosting,
Rochester Hollow,2023-12-01,125,77.74250536913185,Known-trail future months,History + statewide summary + edge PCA,HistGradientBoosting,
Seager,2023-12-01,22,20.42672631419883,Known-trail future months,History + statewide summary + edge PCA,HistGradientBoosting,
Upper Cherrytown Road,2023-12-01,7,26.8440198807186,Known-trail future months,History + statewide summary + edge PCA,HistGradientBoosting,
Alder Lake,2024-01-01,33,43.98087917361943,Known-trail future months,History + statewide summary + edge PCA,HistGradientBoosting,
Beaverkill Road to BLM FT,2024-01-01,33,62.93202905794312,Known-trail future months,History + statewide summary + edge PCA,HistGradientBoosting,
Cathedral Glen,2024-01-01,6,4.712478926979237,Known-trail future months,History + statewide summary + edge PCA,HistGradientBoosting,
Denning,2024-01-01,59,78.24548215818353,Known-trail future months,History + statewide summary + edge PCA,HistGradientBoosting,
Dry Brook Ridge to Lean-to,2024-01-01,11,11.168615547158893,Known-trail future months,History + statewide summary + edge PCA,HistGradientBoosting,
Flynn,2024-01-01,12,16.32336774439451,Known-trail future months,History + statewide summary + edge PCA,HistGradientBoosting,
Fox Hollow,2024-01-01,20,42.45610324272898,Known-trail future months,History + statewide summary + edge PCA,HistGradientBoosting,
Frick Pond,2024-01-01,53,53.22308790610244,Known-trail future months,History + statewide summary + edge PCA,HistGradientBoosting,
Hardenburgh- MH Trail,2024-01-01,2,2.858443682942323,Known-trail future months,History + statewide summary + edge PCA,HistGradientBoosting,
Kelly Hollow,2024-01-01,44,75.7198108286995,Known-trail future months,History + statewide summary + edge PCA,HistGradientBoosting,
Lane Street,2024-01-01,13,20.23086189358037,Known-trail future months,History + statewide summary + edge PCA,HistGradientBoosting,
McKenley Hollow,2024-01-01,20,64.59452240236126,Known-trail future months,History + statewide summary + edge PCA,HistGradientBoosting,
Mt Tremper,2024-01-01,107,90.46317201517184,Known-trail future months,History + statewide summary + edge PCA,HistGradientBoosting,
Neversink Hardenburgh Trail,2024-01-01,0,1.9140774821793833,Known-trail future months,History + statewide summary + edge PCA,HistGradientBoosting,
Red Hill Dinch Road,2024-01-01,79,72.37892204324523,Known-trail future months,History + statewide summary + edge PCA,HistGradientBoosting,
Rider Hollow,2024-01-01,118,117.11106454901686,Known-trail future months,History + statewide summary + edge PCA,HistGradientBoosting,
Rochester Hollow,2024-01-01,51,74.62784826812704,Known-trail future months,History + statewide summary + edge PCA,HistGradientBoosting,
Seager,2024-01-01,24,15.930832925896988,Known-trail future months,History + statewide summary + edge PCA,HistGradientBoosting,
Alder Lake,2024-02-01,55,36.298072807773615,Known-trail future months,History + statewide summary + edge PCA,HistGradientBoosting,
Beaverkill Road to BLM FT,2024-02-01,81,71.48224735550313,Known-trail future months,History + statewide summary + edge PCA,HistGradientBoosting,
Cathedral Glen,2024-02-01,11,9.47318170840978,Known-trail future months,History + statewide summary + edge PCA,HistGradientBoosting,
Denning,2024-02-01,111,86.33141881253562,Known-trail future months,History + statewide summary + edge PCA,HistGradientBoosting,
Dry Brook Ridge to Lean-to,2024-02-01,22,14.102379597071295,Known-trail future months,History + statewide summary + edge PCA,HistGradientBoosting,
Flynn,2024-02-01,13,14.486618014000095,Known-trail future months,History + statewide summary + edge PCA,HistGradientBoosting,
Fox Hollow,2024-02-01,67,32.59587318396279,Known-trail future months,History + statewide summary + edge PCA,HistGradientBoosting,
Frick Pond,2024-02-01,35,60.540480315596305,Known-trail future months,History + statewide summary + edge PCA,HistGradientBoosting,
Hardenburgh- MH Trail,2024-02-01,17,3.1888982710217326,Known-trail future months,History + statewide summary + edge PCA,HistGradientBoosting,
Kelly Hollow,2024-02-01,70,84.05157079244258,Known-trail future months,History + statewide summary + edge PCA,HistGradientBoosting,
Lane Street,2024-02-01,27,24.681871808347775,Known-trail future months,History + statewide summary + edge PCA,HistGradientBoosting,
McKenley Hollow,2024-02-01,3,52.754562258202704,Known-trail future months,History + statewide summary + edge PCA,HistGradientBoosting,
Mt Tremper,2024-02-01,103,150.4247447914585,Known-trail future months,History + statewide summary + edge PCA,HistGradientBoosting,
Neversink Hardenburgh Trail,2024-02-01,1,3.810675360945152,Known-trail future months,History + statewide summary + edge PCA,HistGradientBoosting,
Red Hill Dinch Road,2024-02-01,100,81.8938013649585,Known-trail future months,History + statewide summary + edge PCA,HistGradientBoosting,
Rider Hollow,2024-02-01,189,138.19734551978826,Known-trail future months,History + statewide summary + edge PCA,HistGradientBoosting,
Rochester Hollow,2024-02-01,89,77.42565000083687,Known-trail future months,History + statewide summary + edge PCA,HistGradientBoosting,
Seager,2024-02-01,31,24.872206270943334,Known-trail future months,History + statewide summary + edge PCA,HistGradientBoosting,
Alder Lake,2024-03-01,63,65.07178148575902,Known-trail future months,History + statewide summary + edge PCA,HistGradientBoosting,
Beaverkill Road to BLM FT,2024-03-01,82,79.7040445973095,Known-trail future months,History + statewide summary + edge PCA,HistGradientBoosting,
Cathedral Glen,2024-03-01,10,5.419601947065748,Known-trail future months,History + statewide summary + edge PCA,HistGradientBoosting,
Denning,2024-03-01,204,105.29122446507903,Known-trail future months,History + statewide summary + edge PCA,HistGradientBoosting,
Dry Brook Ridge to Lean-to,2024-03-01,10,22.73245590885044,Known-trail future months,History + statewide summary + edge PCA,HistGradientBoosting,
Flynn,2024-03-01,12,18.93969698115153,Known-trail future months,History + statewide summary + edge PCA,HistGradientBoosting,
Fox Hollow,2024-03-01,40,65.31581979232868,Known-trail future months,History + statewide summary + edge PCA,HistGradientBoosting,
Frick Pond,2024-03-01,45,61.029465772214145,Known-trail future months,History + statewide summary + edge PCA,HistGradientBoosting,
Hardenburgh- MH Trail,2024-03-01,4,4.9883802256913885,Known-trail future months,History + statewide summary + edge PCA,HistGradientBoosting,
Kelly Hollow,2024-03-01,96,99.64261073201574,Known-trail future months,History + statewide summary + edge PCA,HistGradientBoosting,
Lane Street,2024-03-01,28,30.127217449421643,Known-trail future months,History + statewide summary + edge PCA,HistGradientBoosting,
McKenley Hollow,2024-03-01,7,44.39752817481892,Known-trail future months,History + statewide summary + edge PCA,HistGradientBoosting,
Mt Tremper,2024-03-01,123,132.97295416376107,Known-trail future months,History + statewide summary + edge PCA,HistGradientBoosting,
Neversink Hardenburgh Trail,2024-03-01,4,3.8634114870767657,Known-trail future months,History + statewide summary + edge PCA,HistGradientBoosting,
Red Hill Dinch Road,2024-03-01,21,109.82328345989794,Known-trail future months,History + statewide summary + edge PCA,HistGradientBoosting,
Rider Hollow,2024-03-01,166,154.01582501440572,Known-trail future months,History + statewide summary + edge PCA,HistGradientBoosting,
Rochester Hollow,2024-03-01,117,103.94173355704797,Known-trail future months,History + statewide summary + edge PCA,HistGradientBoosting,
Seager,2024-03-01,15,29.451968892209234,Known-trail future months,History + statewide summary + edge PCA,HistGradientBoosting,
Woodchuck Hollow,2024-03-01,1,2.940851158052327,Known-trail future months,History + statewide summary + edge PCA,HistGradientBoosting,
Alder Lake,2024-04-01,127,118.36806717109798,Known-trail future months,History + statewide summary + edge PCA,HistGradientBoosting,
Beaverkill Road to BLM FT,2024-04-01,110,121.73416575974059,Known-trail future months,History + statewide summary + edge PCA,HistGradientBoosting,
Cathedral Glen,2024-04-01,21,6.831053007760051,Known-trail future months,History + statewide summary + edge PCA,HistGradientBoosting,
Denning,2024-04-01,233,156.7524602454505,Known-trail future months,History + statewide summary + edge PCA,HistGradientBoosting,
Dry Brook Ridge to Lean-to,2024-04-01,13,19.902708109726426,Known-trail future months,History + statewide summary + edge PCA,HistGradientBoosting,
Flynn,2024-04-01,18,19.935304651352194,Known-trail future months,History + statewide summary + edge PCA,HistGradientBoosting,
Fox Hollow,2024-04-01,48,61.44634839147178,Known-trail future months,History + statewide summary + edge PCA,HistGradientBoosting,
Frick Pond,2024-04-01,70,62.54767616734307,Known-trail future months,History + statewide summary + edge PCA,HistGradientBoosting,
Hardenburgh- MH Trail,2024-04-01,1,5.973025616118277,Known-trail future months,History + statewide summary + edge PCA,HistGradientBoosting,
Kelly Hollow,2024-04-01,127,137.16679734299024,Known-trail future months,History + statewide summary + edge PCA,HistGradientBoosting,
Lane Street,2024-04-01,36,32.738845267745766,Known-trail future months,History + statewide summary + edge PCA,HistGradientBoosting,
Mt Tremper,2024-04-01,64,177.43223021492483,Known-trail future months,History + statewide summary + edge PCA,HistGradientBoosting,
Neversink Hardenburgh Trail,2024-04-01,4,6.031255602656092,Known-trail future months,History + statewide summary + edge PCA,HistGradientBoosting,
Rider Hollow,2024-04-01,103,108.19766655282122,Known-trail future months,History + statewide summary + edge PCA,HistGradientBoosting,
Rochester Hollow,2024-04-01,99,138.4842493643324,Known-trail future months,History + statewide summary + edge PCA,HistGradientBoosting,
Seager,2024-04-01,40,35.539666427998014,Known-trail future months,History + statewide summary + edge PCA,HistGradientBoosting,
Alder Lake,2024-05-01,147,180.36200581115614,Known-trail future months,History + statewide summary + edge PCA,HistGradientBoosting,
Beaverkill Road to BLM FT,2024-05-01,189,171.02555709036966,Known-trail future months,History + statewide summary + edge PCA,HistGradientBoosting,
Cathedral Glen,2024-05-01,19,20.484393239034393,Known-trail future months,History + statewide summary + edge PCA,HistGradientBoosting,
Denning,2024-05-01,260,292.30040123568807,Known-trail future months,History + statewide summary + edge PCA,HistGradientBoosting,
Dry Brook Ridge to Lean-to,2024-05-01,17,30.661336956715203,Known-trail future months,History + statewide summary + edge PCA,HistGradientBoosting,
Flynn,2024-05-01,24,56.62674124685219,Known-trail future months,History + statewide summary + edge PCA,HistGradientBoosting,
Fox Hollow,2024-05-01,71,70.49953435426906,Known-trail future months,History + statewide summary + edge PCA,HistGradientBoosting,
Frick Pond,2024-05-01,125,128.6932444465943,Known-trail future months,History + statewide summary + edge PCA,HistGradientBoosting,
Hardenburgh- MH Trail,2024-05-01,23,8.995666736338968,Known-trail future months,History + statewide summary + edge PCA,HistGradientBoosting,
Kelly Hollow,2024-05-01,182,184.24853333147104,Known-trail future months,History + statewide summary + edge PCA,HistGradientBoosting,
Lane Street,2024-05-01,54,47.73257305670745,Known-trail future months,History + statewide summary + edge PCA,HistGradientBoosting,
Mt Tremper,2024-05-01,19,221.50413184729584,Known-trail future months,History + statewide summary + edge PCA,HistGradientBoosting,
Neversink Hardenburgh Trail,2024-05-01,34,12.204905595520525,Known-trail future months,History + statewide summary + edge PCA,HistGradientBoosting,
Rider Hollow,2024-05-01,98,170.27976869178252,Known-trail future months,History + statewide summary + edge PCA,HistGradientBoosting,
Rochester Hollow,2024-05-01,182,156.7227190655159,Known-trail future months,History + statewide summary + edge PCA,HistGradientBoosting,
Seager,2024-05-01,53,56.749479214971835,Known-trail future months,History + statewide summary + edge PCA,HistGradientBoosting,
Woodchuck Hollow,2024-05-01,1,3.6924121145789144,Known-trail future months,History + statewide summary + edge PCA,HistGradientBoosting,
Woodland Valley,2024-05-01,99,105.96385361922013,Known-trail future months,History + statewide summary + edge PCA,HistGradientBoosting,
Alder Lake,2024-06-01,168,178.555948299842,Known-trail future months,History + statewide summary + edge PCA,HistGradientBoosting,
Beaverkill Road to BLM FT,2024-06-01,190,184.9687126335358,Known-trail future months,History + statewide summary + edge PCA,HistGradientBoosting,
Cathedral Glen,2024-06-01,30,20.173141239933308,Known-trail future months,History + statewide summary + edge PCA,HistGradientBoosting,
Denning,2024-06-01,281,306.5207594022729,Known-trail future months,History + statewide summary + edge PCA,HistGradientBoosting,
Dry Brook Ridge to Lean-to,2024-06-01,20,22.4446852517746,Known-trail future months,History + statewide summary + edge PCA,HistGradientBoosting,
Flynn,2024-06-01,30,49.697905855864015,Known-trail future months,History + statewide summary + edge PCA,HistGradientBoosting,
Fox Hollow,2024-06-01,64,84.04649354155076,Known-trail future months,History + statewide summary + edge PCA,HistGradientBoosting,
Frick Pond,2024-06-01,131,151.73026135223492,Known-trail future months,History + statewide summary + edge PCA,HistGradientBoosting,
Hardenburgh- MH Trail,2024-06-01,17,9.089797994697696,Known-trail future months,History + statewide summary + edge PCA,HistGradientBoosting,
Kelly Hollow,2024-06-01,156,182.68051123546772,Known-trail future months,History + statewide summary + edge PCA,HistGradientBoosting,
Lane Street,2024-06-01,71,52.69220766384773,Known-trail future months,History + statewide summary + edge PCA,HistGradientBoosting,
Mt Tremper,2024-06-01,22,121.86162706953374,Known-trail future months,History + statewide summary + edge PCA,HistGradientBoosting,
Neversink Hardenburgh Trail,2024-06-01,13,21.114633582581106,Known-trail future months,History + statewide summary + edge PCA,HistGradientBoosting,
Rider Hollow,2024-06-01,93,116.26545676550272,Known-trail future months,History + statewide summary + edge PCA,HistGradientBoosting,
Rochester Hollow,2024-06-01,113,164.59065562436757,Known-trail future months,History + statewide summary + edge PCA,HistGradientBoosting,
Seager,2024-06-01,73,65.31246287831343,Known-trail future months,History + statewide summary + edge PCA,HistGradientBoosting,
Slide Mt,2024-06-01,593,720.3531316407948,Known-trail future months,History + statewide summary + edge PCA,HistGradientBoosting,
Woodland Valley,2024-06-01,70,112.00927578221767,Known-trail future months,History + statewide summary + edge PCA,HistGradientBoosting,
Alder Lake,2024-07-01,299,228.03402908737706,Known-trail future months,History + statewide summary + edge PCA,HistGradientBoosting,
Beaverkill Road to BLM FT,2024-07-01,193,204.481705198094,Known-trail future months,History + statewide summary + edge PCA,HistGradientBoosting,
Cathedral Glen,2024-07-01,6,17.11746943328624,Known-trail future months,History + statewide summary + edge PCA,HistGradientBoosting,
Denning,2024-07-01,293,328.87530615802564,Known-trail future months,History + statewide summary + edge PCA,HistGradientBoosting,
Dry Brook Ridge to Lean-to,2024-07-01,46,26.86276477440096,Known-trail future months,History + statewide summary + edge PCA,HistGradientBoosting,
Flynn,2024-07-01,64,48.73913859321555,Known-trail future months,History + statewide summary + edge PCA,HistGradientBoosting,
Fox Hollow,2024-07-01,98,87.66870259038399,Known-trail future months,History + statewide summary + edge PCA,HistGradientBoosting,
Frick Pond,2024-07-01,209,171.63572286621167,Known-trail future months,History + statewide summary + edge PCA,HistGradientBoosting,
Giant Ledge,2024-07-01,150,539.5047761273436,Known-trail future months,History + statewide summary + edge PCA,HistGradientBoosting,
Hardenburgh- MH Trail,2024-07-01,16,11.101065135755055,Known-trail future months,History + statewide summary + edge PCA,HistGradientBoosting,
Kelly Hollow,2024-07-01,215,237.2138175850214,Known-trail future months,History + statewide summary + edge PCA,HistGradientBoosting,
Lane Street,2024-07-01,81,53.689487376146,Known-trail future months,History + statewide summary + edge PCA,HistGradientBoosting,
Mt Tremper,2024-07-01,35,113.57441022257642,Known-trail future months,History + statewide summary + edge PCA,HistGradientBoosting,
Neversink Hardenburgh Trail,2024-07-01,21,18.452839999316453,Known-trail future months,History + statewide summary + edge PCA,HistGradientBoosting,
Rider Hollow,2024-07-01,128,154.94781959904077,Known-trail future months,History + statewide summary + edge PCA,HistGradientBoosting,
Rochester Hollow,2024-07-01,229,176.7446973559651,Known-trail future months,History + statewide summary + edge PCA,HistGradientBoosting,
Seager,2024-07-01,78,73.71190374833627,Known-trail future months,History + statewide summary + edge PCA,HistGradientBoosting,
Slide Mt,2024-07-01,868,777.378059053985,Known-trail future months,History + statewide summary + edge PCA,HistGradientBoosting,
Woodchuck Hollow,2024-07-01,5,3.458956678640284,Known-trail future months,History + statewide summary + edge PCA,HistGradientBoosting,
Woodland Valley,2024-07-01,12,139.94284678775685,Known-trail future months,History + statewide summary + edge PCA,HistGradientBoosting,
Alder Lake,2024-08-01,303,261.5761580508454,Known-trail future months,History + statewide summary + edge PCA,HistGradientBoosting,
Beaverkill Road to BLM FT,2024-08-01,196,218.6796025664257,Known-trail future months,History + statewide summary + edge PCA,HistGradientBoosting,
Cathedral Glen,2024-08-01,32,14.232025882474977,Known-trail future months,History + statewide summary + edge PCA,HistGradientBoosting,
Denning,2024-08-01,270,284.8346392469677,Known-trail future months,History + statewide summary + edge PCA,HistGradientBoosting,
Dry Brook Ridge to Lean-to,2024-08-01,33,26.695314077034766,Known-trail future months,History + statewide summary + edge PCA,HistGradientBoosting,
Flynn,2024-08-01,25,77.34942943859828,Known-trail future months,History + statewide summary + edge PCA,HistGradientBoosting,
Fox Hollow,2024-08-01,114,103.71024872979721,Known-trail future months,History + statewide summary + edge PCA,HistGradientBoosting,
Frick Pond,2024-08-01,192,166.74544440972477,Known-trail future months,History + statewide summary + edge PCA,HistGradientBoosting,
Hardenburgh- MH Trail,2024-08-01,9,14.981354252597844,Known-trail future months,History + statewide summary + edge PCA,HistGradientBoosting,
Kelly Hollow,2024-08-01,248,245.6658474356763,Known-trail future months,History + statewide summary + edge PCA,HistGradientBoosting,
Lane Street,2024-08-01,56,73.15900277842643,Known-trail future months,History + statewide summary + edge PCA,HistGradientBoosting,
Millbrook to BLM FT,2024-08-01,392,305.91130006642805,Known-trail future months,History + statewide summary + edge PCA,HistGradientBoosting,
Mt Tremper,2024-08-01,587,104.87936423308535,Known-trail future months,History + statewide summary + edge PCA,HistGradientBoosting,
Neversink Hardenburgh Trail,2024-08-01,11,28.992011205538756,Known-trail future months,History + statewide summary + edge PCA,HistGradientBoosting,
Rider Hollow,2024-08-01,150,170.2300413260401,Known-trail future months,History + statewide summary + edge PCA,HistGradientBoosting,
Rochester Hollow,2024-08-01,261,204.89159817742052,Known-trail future months,History + statewide summary + edge PCA,HistGradientBoosting,
Seager,2024-08-01,63,91.80741420585107,Known-trail future months,History + statewide summary + edge PCA,HistGradientBoosting,
Slide Mt,2024-08-01,1077,737.9535157481594,Known-trail future months,History + statewide summary + edge PCA,HistGradientBoosting,
Woodchuck Hollow,2024-08-01,2,2.466625096177857,Known-trail future months,History + statewide summary + edge PCA,HistGradientBoosting,
Woodland Valley,2024-08-01,9,54.707168564467814,Known-trail future months,History + statewide summary + edge PCA,HistGradientBoosting,
Alder Lake,2024-09-01,229,197.75716634339148,Known-trail future months,History + statewide summary + edge PCA,HistGradientBoosting,
Ashokan HP,2024-09-01,127,147.72505443438195,Known-trail future months,History + statewide summary + edge PCA,HistGradientBoosting,
Beaverkill Road to BLM FT,2024-09-01,203,160.08664681986824,Known-trail future months,History + statewide summary + edge PCA,HistGradientBoosting,
Cathedral Glen,2024-09-01,6,19.40214906072387,Known-trail future months,History + statewide summary + edge PCA,HistGradientBoosting,
Denning,2024-09-01,243,234.08348509155016,Known-trail future months,History + statewide summary + edge PCA,HistGradientBoosting,
Dry Brook Ridge to Lean-to,2024-09-01,14,23.979194854619948,Known-trail future months,History + statewide summary + edge PCA,HistGradientBoosting,
Flynn,2024-09-01,71,27.653710323446422,Known-trail future months,History + statewide summary + edge PCA,HistGradientBoosting,
Fox Hollow,2024-09-01,36,94.68253097998553,Known-trail future months,History + statewide summary + edge PCA,HistGradientBoosting,
Frick Pond,2024-09-01,200,119.25675283796222,Known-trail future months,History + statewide summary + edge PCA,HistGradientBoosting,
Giant Ledge,2024-09-01,116,291.2771238403558,Known-trail future months,History + statewide summary + edge PCA,HistGradientBoosting,
Hardenburgh- MH Trail,2024-09-01,13,9.6292515950593,Known-trail future months,History + statewide summary + edge PCA,HistGradientBoosting,
Kelly Hollow,2024-09-01,125,204.8039575622434,Known-trail future months,History + statewide summary + edge PCA,HistGradientBoosting,
Lane Street,2024-09-01,39,54.94623476215014,Known-trail future months,History + statewide summary + edge PCA,HistGradientBoosting,
Millbrook to BLM FT,2024-09-01,347,315.5830298094918,Known-trail future months,History + statewide summary + edge PCA,HistGradientBoosting,
Neversink Hardenburgh Trail,2024-09-01,17,14.006379955951953,Known-trail future months,History + statewide summary + edge PCA,HistGradientBoosting,
Overlook,2024-09-01,717,875.0153299796772,Known-trail future months,History + statewide summary + edge PCA,HistGradientBoosting,
Rider Hollow,2024-09-01,91,150.92497598666384,Known-trail future months,History + statewide summary + edge PCA,HistGradientBoosting,
Rochester Hollow,2024-09-01,131,191.85797076017667,Known-trail future months,History + statewide summary + edge PCA,HistGradientBoosting,
Slide Mt,2024-09-01,783,724.6346056428181,Known-trail future months,History + statewide summary + edge PCA,HistGradientBoosting,
Wittenberg,2024-09-01,414,427.9499473583756,Known-trail future months,History + statewide summary + edge PCA,HistGradientBoosting,
Woodchuck Hollow,2024-09-01,4,1.2955893558096443,Known-trail future months,History + statewide summary + edge PCA,HistGradientBoosting,
Woodland Valley,2024-09-01,35,34.62971081349602,Known-trail future months,History + statewide summary + edge PCA,HistGradientBoosting,
Alder Lake,2024-10-01,17,188.3566419351776,Known-trail future months,History + statewide summary + edge PCA,HistGradientBoosting,
Ashokan HP,2024-10-01,260,144.71948625812811,Known-trail future months,History + statewide summary + edge PCA,HistGradientBoosting,
Beaverkill Road to BLM FT,2024-10-01,12,199.78827136179586,Known-trail future months,History + statewide summary + edge PCA,HistGradientBoosting,
Denning,2024-10-01,306,258.61119832783584,Known-trail future months,History + statewide summary + edge PCA,HistGradientBoosting,
Flynn,2024-10-01,1,38.29151160690867,Known-trail future months,History + statewide summary + edge PCA,HistGradientBoosting,
Frick Pond,2024-10-01,6,158.452456354684,Known-trail future months,History + statewide summary + edge PCA,HistGradientBoosting,
Giant Ledge,2024-10-01,1383,325.3087364532182,Known-trail future months,History + statewide summary + edge PCA,HistGradientBoosting,
Millbrook to BLM FT,2024-10-01,462,312.6793686146387,Known-trail future months,History + statewide summary + edge PCA,HistGradientBoosting,
Neversink Hardenburgh Trail,2024-10-01,31,18.13119112038054,Known-trail future months,History + statewide summary + edge PCA,HistGradientBoosting,
Overlook,2024-10-01,1143,924.8521033268211,Known-trail future months,History + statewide summary + edge PCA,HistGradientBoosting,
Slide Mt,2024-10-01,757,783.0943494227033,Known-trail future months,History + statewide summary + edge PCA,HistGradientBoosting,
Wittenberg,2024-10-01,638,464.12559264707596,Known-trail future months,History + statewide summary + edge PCA,HistGradientBoosting,
Woodchuck Hollow,2024-10-01,4,2.6320689426718475,Known-trail future months,History + statewide summary + edge PCA,HistGradientBoosting,
Woodland Valley,2024-10-01,182,34.723238529542016,Known-trail future months,History + statewide summary + edge PCA,HistGradientBoosting,
Ashokan HP,2024-11-01,63,154.9253316352903,Known-trail future months,History + statewide summary + edge PCA,HistGradientBoosting,
Denning,2024-11-01,76,190.61953479970654,Known-trail future months,History + statewide summary + edge PCA,HistGradientBoosting,
Giant Ledge,2024-11-01,404,365.7336508658767,Known-trail future months,History + statewide summary + edge PCA,HistGradientBoosting,
Millbrook to BLM FT,2024-11-01,251,236.490812599488,Known-trail future months,History + statewide summary + edge PCA,HistGradientBoosting,
Overlook,2024-11-01,843,452.47406668651604,Known-trail future months,History + statewide summary + edge PCA,HistGradientBoosting,
Wittenberg,2024-11-01,289,263.6266927136128,Known-trail future months,History + statewide summary + edge PCA,HistGradientBoosting,
Woodchuck Hollow,2024-11-01,4,3.062795343496733,Known-trail future months,History + statewide summary + edge PCA,HistGradientBoosting,
Woodland Valley,2024-11-01,88,53.8049845617056,Known-trail future months,History + statewide summary + edge PCA,HistGradientBoosting,
Ashokan HP,2024-12-01,53,66.753360095345,Known-trail future months,History + statewide summary + edge PCA,HistGradientBoosting,
Giant Ledge,2024-12-01,235,239.1974495024099,Known-trail future months,History + statewide summary + edge PCA,HistGradientBoosting,
Millbrook to BLM FT,2024-12-01,133,177.54102406433373,Known-trail future months,History + statewide summary + edge PCA,HistGradientBoosting,
Overlook,2024-12-01,291,357.19722714913985,Known-trail future months,History + statewide summary + edge PCA,HistGradientBoosting,
Wittenberg,2024-12-01,115,140.78815926902257,Known-trail future months,History + statewide summary + edge PCA,HistGradientBoosting,
Woodland Valley,2024-12-01,25,40.68135263293468,Known-trail future months,History + statewide summary + edge PCA,HistGradientBoosting,
Ashokan HP,2025-01-01,35,61.19559910144296,Known-trail future months,History + statewide summary + edge PCA,HistGradientBoosting,
Giant Ledge,2025-01-01,268,233.0230884968009,Known-trail future months,History + statewide summary + edge PCA,HistGradientBoosting,
Millbrook to BLM FT,2025-01-01,143,163.79124408484864,Known-trail future months,History + statewide summary + edge PCA,HistGradientBoosting,
Overlook,2025-01-01,358,272.03817599805313,Known-trail future months,History + statewide summary + edge PCA,HistGradientBoosting,
Wittenberg,2025-01-01,103,103.79051870303901,Known-trail future months,History + statewide summary + edge PCA,HistGradientBoosting,
Woodland Valley,2025-01-01,15,25.40737629722658,Known-trail future months,History + statewide summary + edge PCA,HistGradientBoosting,
Ashokan HP,2025-02-01,27,48.512073908616834,Known-trail future months,History + statewide summary + edge PCA,HistGradientBoosting,
Giant Ledge,2025-02-01,184,222.79041836020917,Known-trail future months,History + statewide summary + edge PCA,HistGradientBoosting,
Millbrook to BLM FT,2025-02-01,139,154.97386710641473,Known-trail future months,History + statewide summary + edge PCA,HistGradientBoosting,
Overlook,2025-02-01,182,323.33966812614926,Known-trail future months,History + statewide summary + edge PCA,HistGradientBoosting,
Wittenberg,2025-02-01,55,111.73663142064875,Known-trail future months,History + statewide summary + edge PCA,HistGradientBoosting,
Woodland Valley,2025-02-01,30,26.872921619874973,Known-trail future months,History + statewide summary + edge PCA,HistGradientBoosting,
Ashokan HP,2025-03-01,83,57.46261856912083,Known-trail future months,History + statewide summary + edge PCA,HistGradientBoosting,
Giant Ledge,2025-03-01,371,198.17822879941792,Known-trail future months,History + statewide summary + edge PCA,HistGradientBoosting,
Millbrook to BLM FT,2025-03-01,131,159.13717213836065,Known-trail future months,History + statewide summary + edge PCA,HistGradientBoosting,
Overlook,2025-03-01,426,225.24702458455573,Known-trail future months,History + statewide summary + edge PCA,HistGradientBoosting,
Wittenberg,2025-03-01,126,116.26781953001915,Known-trail future months,History + statewide summary + edge PCA,HistGradientBoosting,
Woodland Valley,2025-03-01,41,27.93947418828544,Known-trail future months,History + statewide summary + edge PCA,HistGradientBoosting,
Ashokan HP,2025-04-01,89,99.32644649808786,Known-trail future months,History + statewide summary + edge PCA,HistGradientBoosting,
Giant Ledge,2025-04-01,341,348.9272551187032,Known-trail future months,History + statewide summary + edge PCA,HistGradientBoosting,
Millbrook to BLM FT,2025-04-01,173,157.82314049816037,Known-trail future months,History + statewide summary + edge PCA,HistGradientBoosting,
Overlook,2025-04-01,576,430.57430303993254,Known-trail future months,History + statewide summary + edge PCA,HistGradientBoosting,
Wittenberg,2025-04-01,47,164.2899718223497,Known-trail future months,History + statewide summary + edge PCA,HistGradientBoosting,
Woodland Valley,2025-04-01,47,50.6840475352122,Known-trail future months,History + statewide summary + edge PCA,HistGradientBoosting,
Ashokan HP,2025-05-01,72,148.23845369801663,Known-trail future months,History + statewide summary + edge PCA,HistGradientBoosting,
Giant Ledge,2025-05-01,403,524.868717851072,Known-trail future months,History + statewide summary + edge PCA,HistGradientBoosting,
Millbrook to BLM FT,2025-05-01,277,252.4131708990597,Known-trail future months,History + statewide summary + edge PCA,HistGradientBoosting,
Overlook,2025-05-01,828,955.3202087294026,Known-trail future months,History + statewide summary + edge PCA,HistGradientBoosting,
Wittenberg,2025-05-01,477,169.98486619287553,Known-trail future months,History + statewide summary + edge PCA,HistGradientBoosting,
Woodland Valley,2025-05-01,13,59.83537987230022,Known-trail future months,History + statewide summary + edge PCA,HistGradientBoosting,
Ashokan HP,2025-06-01,160,122.88101762664999,Known-trail future months,History + statewide summary + edge PCA,HistGradientBoosting,
Giant Ledge,2025-06-01,629,435.7247848511772,Known-trail future months,History + statewide summary + edge PCA,HistGradientBoosting,
Millbrook to BLM FT,2025-06-01,231,291.7583558024632,Known-trail future months,History + statewide summary + edge PCA,HistGradientBoosting,
Overlook,2025-06-01,854,541.8897931744598,Known-trail future months,History + statewide summary + edge PCA,HistGradientBoosting,
Wittenberg,2025-06-01,532,349.9480643566206,Known-trail future months,History + statewide summary + edge PCA,HistGradientBoosting,
Ashokan HP,2025-07-01,260,170.16935164584538,Known-trail future months,History + statewide summary + edge PCA,HistGradientBoosting,
Giant Ledge,2025-07-01,400,664.5848802643253,Known-trail future months,History + statewide summary + edge PCA,HistGradientBoosting,
Millbrook to BLM FT,2025-07-01,340,328.41969866588704,Known-trail future months,History + statewide summary + edge PCA,HistGradientBoosting,
Overlook,2025-07-01,1038,991.0840036110706,Known-trail future months,History + statewide summary + edge PCA,HistGradientBoosting,
Wittenberg,2025-07-01,587,550.148791624556,Known-trail future months,History + statewide summary + edge PCA,HistGradientBoosting,
Ashokan HP,2025-08-01,173,223.511259343475,Known-trail future months,History + statewide summary + edge PCA,HistGradientBoosting,
Millbrook to BLM FT,2025-08-01,354,290.833472840671,Known-trail future months,History + statewide summary + edge PCA,HistGradientBoosting,
Overlook,2025-08-01,698,959.815230792301,Known-trail future months,History + statewide summary + edge PCA,HistGradientBoosting,
Wittenberg,2025-08-01,751,523.6245704050762,Known-trail future months,History + statewide summary + edge PCA,HistGradientBoosting,
Ashokan HP,2025-09-01,101,152.83321770928225,Known-trail future months,History + statewide summary + edge PCA,HistGradientBoosting,
Millbrook to BLM FT,2025-09-01,14,258.6632234372936,Known-trail future months,History + statewide summary + edge PCA,HistGradientBoosting,
Overlook,2025-09-01,27,883.7530032319565,Known-trail future months,History + statewide summary + edge PCA,HistGradientBoosting,
Wittenberg,2025-09-01,506,475.93596387769304,Known-trail future months,History + statewide summary + edge PCA,HistGradientBoosting,
Ashokan HP,2025-10-01,117,161.72917319146745,Known-trail future months,History + statewide summary + edge PCA,HistGradientBoosting,
Overlook,2025-10-01,4,239.62305536625306,Known-trail future months,History + statewide summary + edge PCA,HistGradientBoosting,
Wittenberg,2025-10-01,589,520.4757187338101,Known-trail future months,History + statewide summary + edge PCA,HistGradientBoosting,
