location,start_date,observed,predicted,evaluation,feature_set,model,fold
Peekamoose,2022-12-01,58,56.07403393462257,Known-trail future months with weather,History + calendar + weather,Ridge,
Biscuit Brook,2023-01-01,47,52.13036901450394,Known-trail future months with weather,History + calendar + weather,Ridge,
Peekamoose,2023-01-01,139,49.50444242198851,Known-trail future months with weather,History + calendar + weather,Ridge,
Bangle Hill,2023-02-01,18,7.415560698400221,Known-trail future months with weather,History + calendar + weather,Ridge,
Biscuit Brook,2023-02-01,68,39.81982193012351,Known-trail future months with weather,History + calendar + weather,Ridge,
Peekamoose,2023-02-01,90,54.31004682146678,Known-trail future months with weather,History + calendar + weather,Ridge,
Bangle Hill,2023-03-01,5,9.366179016928392,Known-trail future months with weather,History + calendar + weather,Ridge,
Biscuit Brook,2023-03-01,59,55.181849794046904,Known-trail future months with weather,History + calendar + weather,Ridge,
Peekamoose,2023-03-01,63,66.29767236357257,Known-trail future months with weather,History + calendar + weather,Ridge,
Bangle Hill,2023-04-01,11,12.735008945898073,Known-trail future months with weather,History + calendar + weather,Ridge,
Biscuit Brook,2023-04-01,74,111.10359673834982,Known-trail future months with weather,History + calendar + weather,Ridge,
Peekamoose,2023-04-01,92,87.67899926172039,Known-trail future months with weather,History + calendar + weather,Ridge,
Bangle Hill,2023-05-01,5,17.577328102975134,Known-trail future months with weather,History + calendar + weather,Ridge,
Biscuit Brook,2023-05-01,157,166.94460046278,Known-trail future months with weather,History + calendar + weather,Ridge,
Peekamoose,2023-05-01,234,120.73280618060026,Known-trail future months with weather,History + calendar + weather,Ridge,
Slide Mt,2023-05-01,691,561.0620908703297,Known-trail future months with weather,History + calendar + weather,Ridge,
Upper Cherrytown Road,2023-05-01,136,224.4739306752852,Known-trail future months with weather,History + calendar + weather,Ridge,
Biscuit Brook,2023-06-01,121,149.32327211421307,Known-trail future months with weather,History + calendar + weather,Ridge,
Peekamoose,2023-06-01,49,159.50719586389064,Known-trail future months with weather,History + calendar + weather,Ridge,
Slide Mt,2023-06-01,587,869.2192189725893,Known-trail future months with weather,History + calendar + weather,Ridge,
Upper Cherrytown Road,2023-06-01,143,164.2378585658005,Known-trail future months with weather,History + calendar + weather,Ridge,
Biscuit Brook,2023-07-01,144,120.31028258970153,Known-trail future months with weather,History + calendar + weather,Ridge,
McKenley Hollow,2023-07-01,103,119.85555844612423,Known-trail future months with weather,History + calendar + weather,Ridge,
Red Hill Dinch Road,2023-07-01,291,232.42708684456113,Known-trail future months with weather,History + calendar + weather,Ridge,
Slide Mt,2023-07-01,794,990.0139071635759,Known-trail future months with weather,History + calendar + weather,Ridge,
Upper Cherrytown Road,2023-07-01,329,146.05369148882082,Known-trail future months with weather,History + calendar + weather,Ridge,
Biscuit Brook,2023-08-01,98,130.53221038778395,Known-trail future months with weather,History + calendar + weather,Ridge,
McKenley Hollow,2023-08-01,116,111.06073351303382,Known-trail future months with weather,History + calendar + weather,Ridge,
Onteora Lake,2023-08-01,284,316.5949318408868,Known-trail future months with weather,History + calendar + weather,Ridge,
Red Hill Dinch Road,2023-08-01,238,228.68090682945797,Known-trail future months with weather,History + calendar + weather,Ridge,
Slide Mt,2023-08-01,606,975.8653830384336,Known-trail future months with weather,History + calendar + weather,Ridge,
Upper Cherrytown Road,2023-08-01,197,178.68246443407332,Known-trail future months with weather,History + calendar + weather,Ridge,
McKenley Hollow,2023-09-01,119,91.4776466321246,Known-trail future months with weather,History + calendar + weather,Ridge,
Onteora Lake,2023-09-01,311,243.6491842958906,Known-trail future months with weather,History + calendar + weather,Ridge,
Red Hill Dinch Road,2023-09-01,172,176.75744599755993,Known-trail future months with weather,History + calendar + weather,Ridge,
Upper Cherrytown Road,2023-09-01,2,153.32436179306984,Known-trail future months with weather,History + calendar + weather,Ridge,
McKenley Hollow,2023-10-01,119,69.69906919021425,Known-trail future months with weather,History + calendar + weather,Ridge,
Onteora Lake,2023-10-01,418,198.08620036201592,Known-trail future months with weather,History + calendar + weather,Ridge,
Red Hill Dinch Road,2023-10-01,158,132.12741879493746,Known-trail future months with weather,History + calendar + weather,Ridge,
Seager,2023-10-01,41,44.07440192711358,Known-trail future months with weather,History + calendar + weather,Ridge,
Upper Cherrytown Road,2023-10-01,16,118.682551590925,Known-trail future months with weather,History + calendar + weather,Ridge,
Dry Brook Ridge to Lean-to,2023-11-01,25,16.06508900409761,Known-trail future months with weather,History + calendar + weather,Ridge,
Fox Hollow,2023-11-01,75,45.66814762665734,Known-trail future months with weather,History + calendar + weather,Ridge,
Hardenburgh- MH Trail,2023-11-01,4,5.904573635074529,Known-trail future months with weather,History + calendar + weather,Ridge,
Kelly Hollow,2023-11-01,154,94.2390705066512,Known-trail future months with weather,History + calendar + weather,Ridge,
Lane Street,2023-11-01,57,27.74828018193988,Known-trail future months with weather,History + calendar + weather,Ridge,
McKenley Hollow,2023-11-01,102,51.091172554600725,Known-trail future months with weather,History + calendar + weather,Ridge,
Onteora Lake,2023-11-01,246,158.1298391902643,Known-trail future months with weather,History + calendar + weather,Ridge,
Red Hill Dinch Road,2023-11-01,123,86.83152418867047,Known-trail future months with weather,History + calendar + weather,Ridge,
Rochester Hollow,2023-11-01,150,76.35405672944962,Known-trail future months with weather,History + calendar + weather,Ridge,
Seager,2023-11-01,38,31.627138442114617,Known-trail future months with weather,History + calendar + weather,Ridge,
Upper Cherrytown Road,2023-11-01,1,87.40060454322963,Known-trail future months with weather,History + calendar + weather,Ridge,
Alder Lake,2023-12-01,45,56.49680972345132,Known-trail future months with weather,History + calendar + weather,Ridge,
Beaverkill Road to BLM FT,2023-12-01,84,63.90382565136792,Known-trail future months with weather,History + calendar + weather,Ridge,
Dry Brook Ridge to Lean-to,2023-12-01,12,12.528013518983789,Known-trail future months with weather,History + calendar + weather,Ridge,
Flynn,2023-12-01,8,18.342573783537112,Known-trail future months with weather,History + calendar + weather,Ridge,
Fox Hollow,2023-12-01,59,34.9418157512061,Known-trail future months with weather,History + calendar + weather,Ridge,
Frick Pond,2023-12-01,59,45.805203906539305,Known-trail future months with weather,History + calendar + weather,Ridge,
Hardenburgh- MH Trail,2023-12-01,0,4.505484601408829,Known-trail future months with weather,History + calendar + weather,Ridge,
Kelly Hollow,2023-12-01,112,73.21738607055687,Known-trail future months with weather,History + calendar + weather,Ridge,
Lane Street,2023-12-01,24,21.8931482391553,Known-trail future months with weather,History + calendar + weather,Ridge,
McKenley Hollow,2023-12-01,97,40.22859311601337,Known-trail future months with weather,History + calendar + weather,Ridge,
Mt Tremper,2023-12-01,176,98.05401043541674,Known-trail future months with weather,History + calendar + weather,Ridge,
Neversink Hardenburgh Trail,2023-12-01,10,6.551310489574233,Known-trail future months with weather,History + calendar + weather,Ridge,
Onteora Lake,2023-12-01,216,117.63144257488091,Known-trail future months with weather,History + calendar + weather,Ridge,
Red Hill Dinch Road,2023-12-01,97,66.47544179550304,Known-trail future months with weather,History + calendar + weather,Ridge,
Rider Hollow,2023-12-01,128,64.8690087346035,Known-trail future months with weather,History + calendar + weather,Ridge,
Rochester Hollow,2023-12-01,125,57.76253883604133,Known-trail future months with weather,History + calendar + weather,Ridge,
Seager,2023-12-01,22,25.10756459618581,Known-trail future months with weather,History + calendar + weather,Ridge,
Upper Cherrytown Road,2023-12-01,7,58.023086357316785,Known-trail future months with weather,History + calendar + weather,Ridge,
Alder Lake,2024-01-01,33,50.43604089114735,Known-trail future months with weather,History + calendar + weather,Ridge,
Beaverkill Road to BLM FT,2024-01-01,33,57.19443917237667,Known-trail future months with weather,History + calendar + weather,Ridge,
Cathedral Glen,2024-01-01,6,5.106784190481732,Known-trail future months with weather,History + calendar + weather,Ridge,
Denning,2024-01-01,59,75.63349751954242,Known-trail future months with weather,History + calendar + weather,Ridge,
Dry Brook Ridge to Lean-to,2024-01-01,11,11.39103799787024,Known-trail future months with weather,History + calendar + weather,Ridge,
Flynn,2024-01-01,12,16.852589781376714,Known-trail future months with weather,History + calendar + weather,Ridge,
Fox Hollow,2024-01-01,20,32.35328855570358,Known-trail future months with weather,History + calendar + weather,Ridge,
Frick Pond,2024-01-01,53,41.49248058508721,Known-trail future months with weather,History + calendar + weather,Ridge,
Hardenburgh- MH Trail,2024-01-01,2,4.042026601656773,Known-trail future months with weather,History + calendar + weather,Ridge,
Kelly Hollow,2024-01-01,44,64.76871813745872,Known-trail future months with weather,History + calendar + weather,Ridge,
Lane Street,2024-01-01,13,20.059799399258655,Known-trail future months with weather,History + calendar + weather,Ridge,
McKenley Hollow,2024-01-01,20,38.4151368081372,Known-trail future months with weather,History + calendar + weather,Ridge,
Mt Tremper,2024-01-01,107,84.16244402530866,Known-trail future months with weather,History + calendar + weather,Ridge,
Neversink Hardenburgh Trail,2024-01-01,0,5.9364436223663795,Known-trail future months with weather,History + calendar + weather,Ridge,
Red Hill Dinch Road,2024-01-01,79,60.92529758169729,Known-trail future months with weather,History + calendar + weather,Ridge,
Rider Hollow,2024-01-01,118,61.261358306263894,Known-trail future months with weather,History + calendar + weather,Ridge,
Rochester Hollow,2024-01-01,51,52.20026192192034,Known-trail future months with weather,History + calendar + weather,Ridge,
Seager,2024-01-01,24,22.532288102471327,Known-trail future months with weather,History + calendar + weather,Ridge,
Alder Lake,2024-02-01,55,52.062092492930105,Known-trail future months with weather,History + calendar + weather,Ridge,
Beaverkill Road to BLM FT,2024-02-01,81,58.58213233232404,Known-trail future months with weather,History + calendar + weather,Ridge,
Cathedral Glen,2024-02-01,11,5.515661190253281,Known-trail future months with weather,History + calendar + weather,Ridge,
Denning,2024-02-01,111,78.44637875983868,Known-trail future months with weather,History + calendar + weather,Ridge,
Dry Brook Ridge to Lean-to,2024-02-01,22,12.15277299739927,Known-trail future months with weather,History + calendar + weather,Ridge,
Flynn,2024-02-01,13,17.879892543133522,Known-trail future months with weather,History + calendar + weather,Ridge,
Fox Hollow,2024-02-01,67,33.045699268429686,Known-trail future months with weather,History + calendar + weather,Ridge,
Frick Pond,2024-02-01,35,44.497800735536494,Known-trail future months with weather,History + calendar + weather,Ridge,
Hardenburgh- MH Trail,2024-02-01,17,4.35502319183615,Known-trail future months with weather,History + calendar + weather,Ridge,
Kelly Hollow,2024-02-01,70,66.13040757558285,Known-trail future months with weather,History + calendar + weather,Ridge,
Lane Street,2024-02-01,27,20.90604716286761,Known-trail future months with weather,History + calendar + weather,Ridge,
McKenley Hollow,2024-02-01,3,38.667314560888194,Known-trail future months with weather,History + calendar + weather,Ridge,
Mt Tremper,2024-02-01,103,88.80067479972003,Known-trail future months with weather,History + calendar + weather,Ridge,
Neversink Hardenburgh Trail,2024-02-01,1,6.337559476296615,Known-trail future months with weather,History + calendar + weather,Ridge,
Red Hill Dinch Road,2024-02-01,100,61.4040074360841,Known-trail future months with weather,History + calendar + weather,Ridge,
Rider Hollow,2024-02-01,189,61.619674269339185,Known-trail future months with weather,History + calendar + weather,Ridge,
Rochester Hollow,2024-02-01,89,53.67305424773512,Known-trail future months with weather,History + calendar + weather,Ridge,
Seager,2024-02-01,31,24.164053350402277,Known-trail future months with weather,History + calendar + weather,Ridge,
Alder Lake,2024-03-01,63,64.61511577644812,Known-trail future months with weather,History + calendar + weather,Ridge,
Beaverkill Road to BLM FT,2024-03-01,82,73.07855239409173,Known-trail future months with weather,History + calendar + weather,Ridge,
Cathedral Glen,2024-03-01,10,6.929670595670072,Known-trail future months with weather,History + calendar + weather,Ridge,
Denning,2024-03-01,204,98.815198436028,Known-trail future months with weather,History + calendar + weather,Ridge,
Dry Brook Ridge to Lean-to,2024-03-01,10,15.167459230882955,Known-trail future months with weather,History + calendar + weather,Ridge,
Flynn,2024-03-01,12,22.098689438484993,Known-trail future months with weather,History + calendar + weather,Ridge,
Fox Hollow,2024-03-01,40,42.207463059903205,Known-trail future months with weather,History + calendar + weather,Ridge,
Frick Pond,2024-03-01,45,53.92248218789253,Known-trail future months with weather,History + calendar + weather,Ridge,
Hardenburgh- MH Trail,2024-03-01,4,5.597423778319363,Known-trail future months with weather,History + calendar + weather,Ridge,
Kelly Hollow,2024-03-01,96,82.95881946813466,Known-trail future months with weather,History + calendar + weather,Ridge,
Lane Street,2024-03-01,28,26.089972176140996,Known-trail future months with weather,History + calendar + weather,Ridge,
McKenley Hollow,2024-03-01,7,46.77672893741467,Known-trail future months with weather,History + calendar + weather,Ridge,
Mt Tremper,2024-03-01,123,104.09314041201775,Known-trail future months with weather,History + calendar + weather,Ridge,
Neversink Hardenburgh Trail,2024-03-01,4,7.990242721131671,Known-trail future months with weather,History + calendar + weather,Ridge,
Red Hill Dinch Road,2024-03-01,21,76.97794020975643,Known-trail future months with weather,History + calendar + weather,Ridge,
Rider Hollow,2024-03-01,166,76.49873393225123,Known-trail future months with weather,History + calendar + weather,Ridge,
Rochester Hollow,2024-03-01,117,66.39601014207292,Known-trail future months with weather,History + calendar + weather,Ridge,
Seager,2024-03-01,15,29.80872637637597,Known-trail future months with weather,History + calendar + weather,Ridge,
Woodchuck Hollow,2024-03-01,1,2.2924153945256243,Known-trail future months with weather,History + calendar + weather,Ridge,
Alder Lake,2024-04-01,127,89.41220110643918,Known-trail future months with weather,History + calendar + weather,Ridge,
Beaverkill Road to BLM FT,2024-04-01,110,101.4452868646411,Known-trail future months with weather,History + calendar + weather,Ridge,
Cathedral Glen,2024-04-01,21,9.604816266853382,Known-trail future months with weather,History + calendar + weather,Ridge,
Denning,2024-04-01,233,141.0520548420447,Known-trail future months with weather,History + calendar + weather,Ridge,
Dry Brook Ridge to Lean-to,2024-04-01,13,20.58916158730607,Known-trail future months with weather,History + calendar + weather,Ridge,
Flynn,2024-04-01,18,29.727898928623762,Known-trail future months with weather,History + calendar + weather,Ridge,
Fox Hollow,2024-04-01,48,57.0372454745205,Known-trail future months with weather,History + calendar + weather,Ridge,
Frick Pond,2024-04-01,70,71.43529568291113,Known-trail future months with weather,History + calendar + weather,Ridge,
Hardenburgh- MH Trail,2024-04-01,1,7.786920968028994,Known-trail future months with weather,History + calendar + weather,Ridge,
Kelly Hollow,2024-04-01,127,116.33989734842916,Known-trail future months with weather,History + calendar + weather,Ridge,
Lane Street,2024-04-01,36,35.32441366672913,Known-trail future months with weather,History + calendar + weather,Ridge,
Mt Tremper,2024-04-01,64,152.25862999162518,Known-trail future months with weather,History + calendar + weather,Ridge,
Neversink Hardenburgh Trail,2024-04-01,4,10.996394140543483,Known-trail future months with weather,History + calendar + weather,Ridge,
Rider Hollow,2024-04-01,103,99.42389734325658,Known-trail future months with weather,History + calendar + weather,Ridge,
Rochester Hollow,2024-04-01,99,92.93185445602103,Known-trail future months with weather,History + calendar + weather,Ridge,
Seager,2024-04-01,40,39.966169393200154,Known-trail future months with weather,History + calendar + weather,Ridge,
Alder Lake,2024-05-01,147,126.89588827031166,Known-trail future months with weather,History + calendar + weather,Ridge,
Beaverkill Road to BLM FT,2024-05-01,189,141.1428264826215,Known-trail future months with weather,History + calendar + weather,Ridge,
Cathedral Glen,2024-05-01,19,13.390468108783622,Known-trail future months with weather,History + calendar + weather,Ridge,
Denning,2024-05-01,260,206.9505055416253,Known-trail future months with weather,History + calendar + weather,Ridge,
Dry Brook Ridge to Lean-to,2024-05-01,17,27.990414128282108,Known-trail future months with weather,History + calendar + weather,Ridge,
Flynn,2024-05-01,24,40.7090956940984,Known-trail future months with weather,History + calendar + weather,Ridge,
Fox Hollow,2024-05-01,71,76.9324034891859,Known-trail future months with weather,History + calendar + weather,Ridge,
Frick Pond,2024-05-01,125,100.22205187910014,Known-trail future months with weather,History + calendar + weather,Ridge,
Hardenburgh- MH Trail,2024-05-01,23,10.724559029907065,Known-trail future months with weather,History + calendar + weather,Ridge,
Kelly Hollow,2024-05-01,182,158.6819006045874,Known-trail future months with weather,History + calendar + weather,Ridge,
Lane Street,2024-05-01,54,48.28801204122391,Known-trail future months with weather,History + calendar + weather,Ridge,
Mt Tremper,2024-05-01,19,197.71859300746323,Known-trail future months with weather,History + calendar + weather,Ridge,
Neversink Hardenburgh Trail,2024-05-01,34,15.173584444249759,Known-trail future months with weather,History + calendar + weather,Ridge,
Rider Hollow,2024-05-01,98,136.10730038853396,Known-trail future months with weather,History + calendar + weather,Ridge,
Rochester Hollow,2024-05-01,182,122.69347113763858,Known-trail future months with weather,History + calendar + weather,Ridge,
Seager,2024-05-01,53,54.76186144258576,Known-trail future months with weather,History + calendar + weather,Ridge,
Woodchuck Hollow,2024-05-01,1,4.687718099146371,Known-trail future months with weather,History + calendar + weather,Ridge,
Woodland Valley,2024-05-01,99,79.66466033462277,Known-trail future months with weather,History + calendar + weather,Ridge,
Alder Lake,2024-06-01,168,162.08827952666476,Known-trail future months with weather,History + calendar + weather,Ridge,
Beaverkill Road to BLM FT,2024-06-01,190,182.04821141685827,Known-trail future months with weather,History + calendar + weather,Ridge,
Cathedral Glen,2024-06-01,30,16.98867706640772,Known-trail future months with weather,History + calendar + weather,Ridge,
Denning,2024-06-01,281,272.0887266805191,Known-trail future months with weather,History + calendar + weather,Ridge,
Dry Brook Ridge to Lean-to,2024-06-01,20,35.202432614071434,Known-trail future months with weather,History + calendar + weather,Ridge,
Flynn,2024-06-01,30,51.87171562416348,Known-trail future months with weather,History + calendar + weather,Ridge,
Fox Hollow,2024-06-01,64,96.21734046646417,Known-trail future months with weather,History + calendar + weather,Ridge,
Frick Pond,2024-06-01,131,128.29344521087867,Known-trail future months with weather,History + calendar + weather,Ridge,
Hardenburgh- MH Trail,2024-06-01,17,13.85010690514185,Known-trail future months with weather,History + calendar + weather,Ridge,
Kelly Hollow,2024-06-01,156,202.81793900235976,Known-trail future months with weather,History + calendar + weather,Ridge,
Lane Street,2024-06-01,71,60.60630954302394,Known-trail future months with weather,History + calendar + weather,Ridge,
Mt Tremper,2024-06-01,22,226.59113638282776,Known-trail future months with weather,History + calendar + weather,Ridge,
Neversink Hardenburgh Trail,2024-06-01,13,19.47069218139843,Known-trail future months with weather,History + calendar + weather,Ridge,
Rider Hollow,2024-06-01,93,162.9312252492019,Known-trail future months with weather,History + calendar + weather,Ridge,
Rochester Hollow,2024-06-01,113,162.457852073243,Known-trail future months with weather,History + calendar + weather,Ridge,
Seager,2024-06-01,73,69.39344204788455,Known-trail future months with weather,History + calendar + weather,Ridge,
Slide Mt,2024-06-01,593,626.0399092442537,Known-trail future months with weather,History + calendar + weather,Ridge,
Woodland Valley,2024-06-01,70,103.59096728897579,Known-trail future months with weather,History + calendar + weather,Ridge,
Alder Lake,2024-07-01,299,189.42063381778263,Known-trail future months with weather,History + calendar + weather,Ridge,
Beaverkill Road to BLM FT,2024-07-01,193,208.03447066192476,Known-trail future months with weather,History + calendar + weather,Ridge,
Cathedral Glen,2024-07-01,6,18.759034863309186,Known-trail future months with weather,History + calendar + weather,Ridge,
Denning,2024-07-01,293,291.71099212393545,Known-trail future months with weather,History + calendar + weather,Ridge,
Dry Brook Ridge to Lean-to,2024-07-01,46,39.004346178003736,Known-trail future months with weather,History + calendar + weather,Ridge,
Flynn,2024-07-01,64,56.375975310827684,Known-trail future months with weather,History + calendar + weather,Ridge,
Fox Hollow,2024-07-01,98,105.72874863301728,Known-trail future months with weather,History + calendar + weather,Ridge,
Frick Pond,2024-07-01,209,147.9948941748548,Known-trail future months with weather,History + calendar + weather,Ridge,
Giant Ledge,2024-07-01,150,682.5632855849483,Known-trail future months with weather,History + calendar + weather,Ridge,
Hardenburgh- MH Trail,2024-07-01,16,15.322169201012867,Known-trail future months with weather,History + calendar + weather,Ridge,
Kelly Hollow,2024-07-01,215,227.99217499296662,Known-trail future months with weather,History + calendar + weather,Ridge,
Lane Street,2024-07-01,81,67.89092575192976,Known-trail future months with weather,History + calendar + weather,Ridge,
Mt Tremper,2024-07-01,35,253.6252712949653,Known-trail future months with weather,History + calendar + weather,Ridge,
Neversink Hardenburgh Trail,2024-07-01,21,21.50738175831675,Known-trail future months with weather,History + calendar + weather,Ridge,
Rider Hollow,2024-07-01,128,183.09718201852462,Known-trail future months with weather,History + calendar + weather,Ridge,
Rochester Hollow,2024-07-01,229,180.1150085249118,Known-trail future months with weather,History + calendar + weather,Ridge,
Seager,2024-07-01,78,78.80455782848638,Known-trail future months with weather,History + calendar + weather,Ridge,
Slide Mt,2024-07-01,868,720.1618515846606,Known-trail future months with weather,History + calendar + weather,Ridge,
Woodchuck Hollow,2024-07-01,5,6.548197244510368,Known-trail future months with weather,History + calendar + weather,Ridge,
Woodland Valley,2024-07-01,12,114.90354403661728,Known-trail future months with weather,History + calendar + weather,Ridge,
Alder Lake,2024-08-01,303,182.51855742407534,Known-trail future months with weather,History + calendar + weather,Ridge,
Beaverkill Road to BLM FT,2024-08-01,196,187.00177908200587,Known-trail future months with weather,History + calendar + weather,Ridge,
Cathedral Glen,2024-08-01,32,17.370674715980318,Known-trail future months with weather,History + calendar + weather,Ridge,
Denning,2024-08-01,270,275.9797834471443,Known-trail future months with weather,History + calendar + weather,Ridge,
Dry Brook Ridge to Lean-to,2024-08-01,33,36.710692890295114,Known-trail future months with weather,History + calendar + weather,Ridge,
Flynn,2024-08-01,25,53.97888934832188,Known-trail future months with weather,History + calendar + weather,Ridge,
Fox Hollow,2024-08-01,114,99.45240015466085,Known-trail future months with weather,History + calendar + weather,Ridge,
Frick Pond,2024-08-01,192,143.00006951896688,Known-trail future months with weather,History + calendar + weather,Ridge,
Hardenburgh- MH Trail,2024-08-01,9,14.2811775334619,Known-trail future months with weather,History + calendar + weather,Ridge,
Kelly Hollow,2024-08-01,248,216.1822927853868,Known-trail future months with weather,History + calendar + weather,Ridge,
Lane Street,2024-08-01,56,63.19378548829893,Known-trail future months with weather,History + calendar + weather,Ridge,
Millbrook to BLM FT,2024-08-01,392,381.72648172380536,Known-trail future months with weather,History + calendar + weather,Ridge,
Mt Tremper,2024-08-01,587,218.74912619500148,Known-trail future months with weather,History + calendar + weather,Ridge,
Neversink Hardenburgh Trail,2024-08-01,11,20.138689146409124,Known-trail future months with weather,History + calendar + weather,Ridge,
Rider Hollow,2024-08-01,150,170.4783646438115,Known-trail future months with weather,History + calendar + weather,Ridge,
Rochester Hollow,2024-08-01,261,171.98954213132086,Known-trail future months with weather,History + calendar + weather,Ridge,
Seager,2024-08-01,63,74.11275632104135,Known-trail future months with weather,History + calendar + weather,Ridge,
Slide Mt,2024-08-01,1077,741.2254778653117,Known-trail future months with weather,History + calendar + weather,Ridge,
Woodchuck Hollow,2024-08-01,2,6.080768546499445,Known-trail future months with weather,History + calendar + weather,Ridge,
Woodland Valley,2024-08-01,9,99.9920939604807,Known-trail future months with weather,History + calendar + weather,Ridge,
Alder Lake,2024-09-01,229,143.59632416288557,Known-trail future months with weather,History + calendar + weather,Ridge,
Ashokan HP,2024-09-01,127,175.65415410444595,Known-trail future months with weather,History + calendar + weather,Ridge,
Beaverkill Road to BLM FT,2024-09-01,203,153.81712513323498,Known-trail future months with weather,History + calendar + weather,Ridge,
Cathedral Glen,2024-09-01,6,14.194404983047496,Known-trail future months with weather,History + calendar + weather,Ridge,
Denning,2024-09-01,243,222.1721478579863,Known-trail future months with weather,History + calendar + weather,Ridge,
Dry Brook Ridge to Lean-to,2024-09-01,14,29.640382015830372,Known-trail future months with weather,History + calendar + weather,Ridge,
Flynn,2024-09-01,71,41.611372807574796,Known-trail future months with weather,History + calendar + weather,Ridge,
Fox Hollow,2024-09-01,36,81.4386977955303,Known-trail future months with weather,History + calendar + weather,Ridge,
Frick Pond,2024-09-01,200,108.65127682705507,Known-trail future months with weather,History + calendar + weather,Ridge,
Giant Ledge,2024-09-01,116,393.1240460721403,Known-trail future months with weather,History + calendar + weather,Ridge,
Hardenburgh- MH Trail,2024-09-01,13,11.430165932769924,Known-trail future months with weather,History + calendar + weather,Ridge,
Kelly Hollow,2024-09-01,125,168.54820593126593,Known-trail future months with weather,History + calendar + weather,Ridge,
Lane Street,2024-09-01,39,51.17943252893765,Known-trail future months with weather,History + calendar + weather,Ridge,
Millbrook to BLM FT,2024-09-01,347,311.2401938373783,Known-trail future months with weather,History + calendar + weather,Ridge,
Neversink Hardenburgh Trail,2024-09-01,17,15.964064404740656,Known-trail future months with weather,History + calendar + weather,Ridge,
Overlook,2024-09-01,717,1225.2085663278456,Known-trail future months with weather,History + calendar + weather,Ridge,
Rider Hollow,2024-09-01,91,138.30800543562833,Known-trail future months with weather,History + calendar + weather,Ridge,
Rochester Hollow,2024-09-01,131,140.24131945687668,Known-trail future months with weather,History + calendar + weather,Ridge,
Slide Mt,2024-09-01,783,693.7206012017151,Known-trail future months with weather,History + calendar + weather,Ridge,
Wittenberg,2024-09-01,414,358.11044300501436,Known-trail future months with weather,History + calendar + weather,Ridge,
Woodchuck Hollow,2024-09-01,4,4.768183116052559,Known-trail future months with weather,History + calendar + weather,Ridge,
Woodland Valley,2024-09-01,35,79.24747071165204,Known-trail future months with weather,History + calendar + weather,Ridge,
Alder Lake,2024-10-01,17,104.14217427024884,Known-trail future months with weather,History + calendar + weather,Ridge,
Ashokan HP,2024-10-01,260,156.81182115199852,Known-trail future months with weather,History + calendar + weather,Ridge,
Beaverkill Road to BLM FT,2024-10-01,12,121.02481479745184,Known-trail future months with weather,History + calendar + weather,Ridge,
Denning,2024-10-01,306,166.3573055780777,Known-trail future months with weather,History + calendar + weather,Ridge,
Flynn,2024-10-01,1,31.85862443001822,Known-trail future months with weather,History + calendar + weather,Ridge,
Frick Pond,2024-10-01,6,85.0572544364435,Known-trail future months with weather,History + calendar + weather,Ridge,
Giant Ledge,2024-10-01,1383,406.0648036629264,Known-trail future months with weather,History + calendar + weather,Ridge,
Millbrook to BLM FT,2024-10-01,462,245.16968856344425,Known-trail future months with weather,History + calendar + weather,Ridge,
Neversink Hardenburgh Trail,2024-10-01,31,11.772436114359158,Known-trail future months with weather,History + calendar + weather,Ridge,
Overlook,2024-10-01,1143,846.2247840330783,Known-trail future months with weather,History + calendar + weather,Ridge,
Slide Mt,2024-10-01,757,538.0110635243769,Known-trail future months with weather,History + calendar + weather,Ridge,
Wittenberg,2024-10-01,638,291.438303703891,Known-trail future months with weather,History + calendar + weather,Ridge,
Woodchuck Hollow,2024-10-01,4,3.326071529121812,Known-trail future months with weather,History + calendar + weather,Ridge,
Woodland Valley,2024-10-01,182,59.28183361789387,Known-trail future months with weather,History + calendar + weather,Ridge,
Ashokan HP,2024-11-01,63,104.26751136832804,Known-trail future months with weather,History + calendar + weather,Ridge,
Denning,2024-11-01,76,121.55810446055173,Known-trail future months with weather,History + calendar + weather,Ridge,
Giant Ledge,2024-11-01,404,321.7597995172519,Known-trail future months with weather,History + calendar + weather,Ridge,
Millbrook to BLM FT,2024-11-01,251,174.71638070907093,Known-trail future months with weather,History + calendar + weather,Ridge,
Overlook,2024-11-01,843,662.51892109737,Known-trail future months with weather,History + calendar + weather,Ridge,
Wittenberg,2024-11-01,289,203.06453138988783,Known-trail future months with weather,History + calendar + weather,Ridge,
Woodchuck Hollow,2024-11-01,4,2.220360741297392,Known-trail future months with weather,History + calendar + weather,Ridge,
Woodland Valley,2024-11-01,88,44.041019026492535,Known-trail future months with weather,History + calendar + weather,Ridge,
Ashokan HP,2024-12-01,53,57.9192904547486,Known-trail future months with weather,History + calendar + weather,Ridge,
Giant Ledge,2024-12-01,235,168.9922073885591,Known-trail future months with weather,History + calendar + weather,Ridge,
Millbrook to BLM FT,2024-12-01,133,126.1986606647111,Known-trail future months with weather,History + calendar + weather,Ridge,
Overlook,2024-12-01,291,452.04421594326027,Known-trail future months with weather,History + calendar + weather,Ridge,
Wittenberg,2024-12-01,115,135.6091118670608,Known-trail future months with weather,History + calendar + weather,Ridge,
Woodland Valley,2024-12-01,25,33.91945179805938,Known-trail future months with weather,History + calendar + weather,Ridge,
Ashokan HP,2025-01-01,35,62.14355326313228,Known-trail future months with weather,History + calendar + weather,Ridge,
Giant Ledge,2025-01-01,268,140.1467642586943,Known-trail future months with weather,History + calendar + weather,Ridge,
Millbrook to BLM FT,2025-01-01,143,111.88309776565411,Known-trail future months with weather,History + calendar + weather,Ridge,
Overlook,2025-01-01,358,335.63123038569415,Known-trail future months with weather,History + calendar + weather,Ridge,
Wittenberg,2025-01-01,103,112.62752675149652,Known-trail future months with weather,History + calendar + weather,Ridge,
Woodland Valley,2025-01-01,15,29.731118780524326,Known-trail future months with weather,History + calendar + weather,Ridge,
Ashokan HP,2025-02-01,27,54.184092429490406,Known-trail future months with weather,History + calendar + weather,Ridge,
Giant Ledge,2025-02-01,184,140.3108452108621,Known-trail future months with weather,History + calendar + weather,Ridge,
Millbrook to BLM FT,2025-02-01,139,119.00942247488359,Known-trail future months with weather,History + calendar + weather,Ridge,
Overlook,2025-02-01,182,368.88440868456564,Known-trail future months with weather,History + calendar + weather,Ridge,
Wittenberg,2025-02-01,55,111.43846087813132,Known-trail future months with weather,History + calendar + weather,Ridge,
Woodland Valley,2025-02-01,30,31.599568677441948,Known-trail future months with weather,History + calendar + weather,Ridge,
Ashokan HP,2025-03-01,83,93.55773686259091,Known-trail future months with weather,History + calendar + weather,Ridge,
Giant Ledge,2025-03-01,371,167.04441956724108,Known-trail future months with weather,History + calendar + weather,Ridge,
Millbrook to BLM FT,2025-03-01,131,142.63891766309516,Known-trail future months with weather,History + calendar + weather,Ridge,
Overlook,2025-03-01,426,425.05160787907886,Known-trail future months with weather,History + calendar + weather,Ridge,
Wittenberg,2025-03-01,126,134.32289828896916,Known-trail future months with weather,History + calendar + weather,Ridge,
Woodland Valley,2025-03-01,41,38.92542495732338,Known-trail future months with weather,History + calendar + weather,Ridge,
Ashokan HP,2025-04-01,89,111.12650509880903,Known-trail future months with weather,History + calendar + weather,Ridge,
Giant Ledge,2025-04-01,341,227.59177309577197,Known-trail future months with weather,History + calendar + weather,Ridge,
Millbrook to BLM FT,2025-04-01,173,188.4149420329464,Known-trail future months with weather,History + calendar + weather,Ridge,
Overlook,2025-04-01,576,725.2190178853485,Known-trail future months with weather,History + calendar + weather,Ridge,
Wittenberg,2025-04-01,47,185.11026976171576,Known-trail future months with weather,History + calendar + weather,Ridge,
Woodland Valley,2025-04-01,47,53.36314761172398,Known-trail future months with weather,History + calendar + weather,Ridge,
Ashokan HP,2025-05-01,72,105.72429162815412,Known-trail future months with weather,History + calendar + weather,Ridge,
Giant Ledge,2025-05-01,403,340.176870833201,Known-trail future months with weather,History + calendar + weather,Ridge,
Millbrook to BLM FT,2025-05-01,277,265.72534651720963,Known-trail future months with weather,History + calendar + weather,Ridge,
Overlook,2025-05-01,828,1121.107431388024,Known-trail future months with weather,History + calendar + weather,Ridge,
Wittenberg,2025-05-01,477,275.26261896584657,Known-trail future months with weather,History + calendar + weather,Ridge,
Woodland Valley,2025-05-01,13,74.26363919583675,Known-trail future months with weather,History + calendar + weather,Ridge,
Ashokan HP,2025-06-01,160,155.60141520139453,Known-trail future months with weather,History + calendar + weather,Ridge,
Giant Ledge,2025-06-01,629,411.6345099316507,Known-trail future months with weather,History + calendar + weather,Ridge,
Millbrook to BLM FT,2025-06-01,231,352.28890152218037,Known-trail future months with weather,History + calendar + weather,Ridge,
Overlook,2025-06-01,854,1519.568946040579,Known-trail future months with weather,History + calendar + weather,Ridge,
Wittenberg,2025-06-01,532,400.24151012977194,Known-trail future months with weather,History + calendar + weather,Ridge,
Ashokan HP,2025-07-01,260,180.29621765784097,Known-trail future months with weather,History + calendar + weather,Ridge,
Giant Ledge,2025-07-01,400,565.7305941412568,Known-trail future months with weather,History + calendar + weather,Ridge,
Millbrook to BLM FT,2025-07-01,340,391.96907654421256,Known-trail future months with weather,History + calendar + weather,Ridge,
Overlook,2025-07-01,1038,1777.6428929754513,Known-trail future months with weather,History + calendar + weather,Ridge,
Wittenberg,2025-07-01,587,466.9976999928768,Known-trail future months with weather,History + calendar + weather,Ridge,
Ashokan HP,2025-08-01,173,208.85303885421806,Known-trail future months with weather,History + calendar + weather,Ridge,
Millbrook to BLM FT,2025-08-01,354,380.8613422227379,Known-trail future months with weather,History + calendar + weather,Ridge,
Overlook,2025-08-01,698,1708.011243362201,Known-trail future months with weather,History + calendar + weather,Ridge,
Wittenberg,2025-08-01,751,434.7913202974163,Known-trail future months with weather,History + calendar + weather,Ridge,
Ashokan HP,2025-09-01,101,156.1963913177515,Known-trail future months with weather,History + calendar + weather,Ridge,
Millbrook to BLM FT,2025-09-01,14,306.64169170223335,Known-trail future months with weather,History + calendar + weather,Ridge,
Overlook,2025-09-01,27,1079.711109108087,Known-trail future months with weather,History + calendar + weather,Ridge,
Wittenberg,2025-09-01,506,406.934390026485,Known-trail future months with weather,History + calendar + weather,Ridge,
Ashokan HP,2025-10-01,117,140.24002136089908,Known-trail future months with weather,History + calendar + weather,Ridge,
Overlook,2025-10-01,4,608.5312431776524,Known-trail future months with weather,History + calendar + weather,Ridge,
Wittenberg,2025-10-01,589,306.6494351242401,Known-trail future months with weather,History + calendar + weather,Ridge,
Peekamoose,2022-12-01,58,80.67129266523597,Known-trail future months with weather,History + calendar + weather,Random Forest,
Biscuit Brook,2023-01-01,47,72.8654142197572,Known-trail future months with weather,History + calendar + weather,Random Forest,
Peekamoose,2023-01-01,139,57.93081346480859,Known-trail future months with weather,History + calendar + weather,Random Forest,
Bangle Hill,2023-02-01,18,2.343629890419232,Known-trail future months with weather,History + calendar + weather,Random Forest,
Biscuit Brook,2023-02-01,68,59.815604074611755,Known-trail future months with weather,History + calendar + weather,Random Forest,
Peekamoose,2023-02-01,90,100.14810384745098,Known-trail future months with weather,History + calendar + weather,Random Forest,
Bangle Hill,2023-03-01,5,2.5861368683843398,Known-trail future months with weather,History + calendar + weather,Random Forest,
Biscuit Brook,2023-03-01,59,78.44468537266097,Known-trail future months with weather,History + calendar + weather,Random Forest,
Peekamoose,2023-03-01,63,81.23233987048525,Known-trail future months with weather,History + calendar + weather,Random Forest,
Bangle Hill,2023-04-01,11,6.917384755035805,Known-trail future months with weather,History + calendar + weather,Random Forest,
Biscuit Brook,2023-04-01,74,117.40701216379227,Known-trail future months with weather,History + calendar + weather,Random Forest,
Peekamoose,2023-04-01,92,133.5765221248713,Known-trail future months with weather,History + calendar + weather,Random Forest,
Bangle Hill,2023-05-01,5,12.79632918231998,Known-trail future months with weather,History + calendar + weather,Random Forest,
Biscuit Brook,2023-05-01,157,121.44614815099875,Known-trail future months with weather,History + calendar + weather,Random Forest,
Peekamoose,2023-05-01,234,127.545118987903,Known-trail future months with weather,History + calendar + weather,Random Forest,
Slide Mt,2023-05-01,691,487.7320239565403,Known-trail future months with weather,History + calendar + weather,Random Forest,
Upper Cherrytown Road,2023-05-01,136,203.0471609628758,Known-trail future months with weather,History + calendar + weather,Random Forest,
Biscuit Brook,2023-06-01,121,144.05257847775172,Known-trail future months with weather,History + calendar + weather,Random Forest,
Peekamoose,2023-06-01,49,187.16788691124196,Known-trail future months with weather,History + calendar + weather,Random Forest,
Slide Mt,2023-06-01,587,647.5981824198121,Known-trail future months with weather,History + calendar + weather,Random Forest,
Upper Cherrytown Road,2023-06-01,143,186.3288791301568,Known-trail future months with weather,History + calendar + weather,Random Forest,
Biscuit Brook,2023-07-01,144,142.0410487559926,Known-trail future months with weather,History + calendar + weather,Random Forest,
McKenley Hollow,2023-07-01,103,98.32947459993937,Known-trail future months with weather,History + calendar + weather,Random Forest,
Red Hill Dinch Road,2023-07-01,291,247.98891820702158,Known-trail future months with weather,History + calendar + weather,Random Forest,
Slide Mt,2023-07-01,794,699.2301266037626,Known-trail future months with weather,History + calendar + weather,Random Forest,
Upper Cherrytown Road,2023-07-01,329,282.5451883691024,Known-trail future months with weather,History + calendar + weather,Random Forest,
Biscuit Brook,2023-08-01,98,119.71946363690827,Known-trail future months with weather,History + calendar + weather,Random Forest,
McKenley Hollow,2023-08-01,116,95.18673252041673,Known-trail future months with weather,History + calendar + weather,Random Forest,
Onteora Lake,2023-08-01,284,421.9876277376147,Known-trail future months with weather,History + calendar + weather,Random Forest,
Red Hill Dinch Road,2023-08-01,238,279.4206904344863,Known-trail future months with weather,History + calendar + weather,Random Forest,
Slide Mt,2023-08-01,606,720.1085804226507,Known-trail future months with weather,History + calendar + weather,Random Forest,
Upper Cherrytown Road,2023-08-01,197,238.13608879964627,Known-trail future months with weather,History + calendar + weather,Random Forest,
McKenley Hollow,2023-09-01,119,88.28497344353384,Known-trail future months with weather,History + calendar + weather,Random Forest,
Onteora Lake,2023-09-01,311,225.37823482806772,Known-trail future months with weather,History + calendar + weather,Random Forest,
Red Hill Dinch Road,2023-09-01,172,210.02980513650496,Known-trail future months with weather,History + calendar + weather,Random Forest,
Upper Cherrytown Road,2023-09-01,2,160.19424683048163,Known-trail future months with weather,History + calendar + weather,Random Forest,
McKenley Hollow,2023-10-01,119,110.18324331585866,Known-trail future months with weather,History + calendar + weather,Random Forest,
Onteora Lake,2023-10-01,418,281.6490332202486,Known-trail future months with weather,History + calendar + weather,Random Forest,
Red Hill Dinch Road,2023-10-01,158,239.5753715552582,Known-trail future months with weather,History + calendar + weather,Random Forest,
Seager,2023-10-01,41,49.52985217025946,Known-trail future months with weather,History + calendar + weather,Random Forest,
Upper Cherrytown Road,2023-10-01,16,84.80622432236531,Known-trail future months with weather,History + calendar + weather,Random Forest,
Dry Brook Ridge to Lean-to,2023-11-01,25,13.872597012875712,Known-trail future months with weather,History + calendar + weather,Random Forest,
Fox Hollow,2023-11-01,75,73.35690523264172,Known-trail future months with weather,History + calendar + weather,Random Forest,
Hardenburgh- MH Trail,2023-11-01,4,4.907342091020108,Known-trail future months with weather,History + calendar + weather,Random Forest,
Kelly Hollow,2023-11-01,154,119.74962189492982,Known-trail future months with weather,History + calendar + weather,Random Forest,
Lane Street,2023-11-01,57,30.4022448190223,Known-trail future months with weather,History + calendar + weather,Random Forest,
McKenley Hollow,2023-11-01,102,74.80530792803074,Known-trail future months with weather,History + calendar + weather,Random Forest,
Onteora Lake,2023-11-01,246,204.47644803568193,Known-trail future months with weather,History + calendar + weather,Random Forest,
Red Hill Dinch Road,2023-11-01,123,84.47486154133257,Known-trail future months with weather,History + calendar + weather,Random Forest,
Rochester Hollow,2023-11-01,150,133.37289250607802,Known-trail future months with weather,History + calendar + weather,Random Forest,
Seager,2023-11-01,38,23.689917336780105,Known-trail future months with weather,History + calendar + weather,Random Forest,
Upper Cherrytown Road,2023-11-01,1,48.56709390965288,Known-trail future months with weather,History + calendar + weather,Random Forest,
Alder Lake,2023-12-01,45,58.264938784168535,Known-trail future months with weather,History + calendar + weather,Random Forest,
Beaverkill Road to BLM FT,2023-12-01,84,77.06980523691895,Known-trail future months with weather,History + calendar + weather,Random Forest,
Dry Brook Ridge to Lean-to,2023-12-01,12,9.298929995677769,Known-trail future months with weather,History + calendar + weather,Random Forest,
Flynn,2023-12-01,8,12.688673347104032,Known-trail future months with weather,History + calendar + weather,Random Forest,
Fox Hollow,2023-12-01,59,43.4087171639406,Known-trail future months with weather,History + calendar + weather,Random Forest,
Frick Pond,2023-12-01,59,56.37926901786588,Known-trail future months with weather,History + calendar + weather,Random Forest,
Hardenburgh- MH Trail,2023-12-01,0,4.6876650919764735,Known-trail future months with weather,History + calendar + weather,Random Forest,
Kelly Hollow,2023-12-01,112,88.17073925321466,Known-trail future months with weather,History + calendar + weather,Random Forest,
Lane Street,2023-12-01,24,26.15305355858163,Known-trail future months with weather,History + calendar + weather,Random Forest,
McKenley Hollow,2023-12-01,97,60.41553430806595,Known-trail future months with weather,History + calendar + weather,Random Forest,
Mt Tremper,2023-12-01,176,147.06544975650766,Known-trail future months with weather,History + calendar + weather,Random Forest,
Neversink Hardenburgh Trail,2023-12-01,10,6.13901766886422,Known-trail future months with weather,History + calendar + weather,Random Forest,
Onteora Lake,2023-12-01,216,142.80084060638103,Known-trail future months with weather,History + calendar + weather,Random Forest,
Red Hill Dinch Road,2023-12-01,97,80.89221365348187,Known-trail future months with weather,History + calendar + weather,Random Forest,
Rider Hollow,2023-12-01,128,112.7267043368373,Known-trail future months with weather,History + calendar + weather,Random Forest,
Rochester Hollow,2023-12-01,125,85.00784324899348,Known-trail future months with weather,History + calendar + weather,Random Forest,
Seager,2023-12-01,22,15.762596641505672,Known-trail future months with weather,History + calendar + weather,Random Forest,
Upper Cherrytown Road,2023-12-01,7,21.134748461388277,Known-trail future months with weather,History + calendar + weather,Random Forest,
Alder Lake,2024-01-01,33,44.27458022077893,Known-trail future months with weather,History + calendar + weather,Random Forest,
Beaverkill Road to BLM FT,2024-01-01,33,71.94759881798706,Known-trail future months with weather,History + calendar + weather,Random Forest,
Cathedral Glen,2024-01-01,6,5.762336076080135,Known-trail future months with weather,History + calendar + weather,Random Forest,
Denning,2024-01-01,59,86.62645892658078,Known-trail future months with weather,History + calendar + weather,Random Forest,
Dry Brook Ridge to Lean-to,2024-01-01,11,12.424084258421349,Known-trail future months with weather,History + calendar + weather,Random Forest,
Flynn,2024-01-01,12,16.825055814623596,Known-trail future months with weather,History + calendar + weather,Random Forest,
Fox Hollow,2024-01-01,20,47.101544654680175,Known-trail future months with weather,History + calendar + weather,Random Forest,
Frick Pond,2024-01-01,53,55.78614844974499,Known-trail future months with weather,History + calendar + weather,Random Forest,
Hardenburgh- MH Trail,2024-01-01,2,3.018430373404652,Known-trail future months with weather,History + calendar + weather,Random Forest,
Kelly Hollow,2024-01-01,44,81.84490373290572,Known-trail future months with weather,History + calendar + weather,Random Forest,
Lane Street,2024-01-01,13,19.852370657700494,Known-trail future months with weather,History + calendar + weather,Random Forest,
McKenley Hollow,2024-01-01,20,77.29760501378851,Known-trail future months with weather,History + calendar + weather,Random Forest,
Mt Tremper,2024-01-01,107,108.68184209764293,Known-trail future months with weather,History + calendar + weather,Random Forest,
Neversink Hardenburgh Trail,2024-01-01,0,2.563217707755896,Known-trail future months with weather,History + calendar + weather,Random Forest,
Red Hill Dinch Road,2024-01-01,79,79.25143111166079,Known-trail future months with weather,History + calendar + weather,Random Forest,
Rider Hollow,2024-01-01,118,145.60220983997226,Known-trail future months with weather,History + calendar + weather,Random Forest,
Rochester Hollow,2024-01-01,51,87.29677076695118,Known-trail future months with weather,History + calendar + weather,Random Forest,
Seager,2024-01-01,24,16.664391254214625,Known-trail future months with weather,History + calendar + weather,Random Forest,
Alder Lake,2024-02-01,55,31.57820362924017,Known-trail future months with weather,History + calendar + weather,Random Forest,
Beaverkill Road to BLM FT,2024-02-01,81,59.28383534155081,Known-trail future months with weather,History + calendar + weather,Random Forest,
Cathedral Glen,2024-02-01,11,6.571569597347067,Known-trail future months with weather,History + calendar + weather,Random Forest,
Denning,2024-02-01,111,83.59396598015155,Known-trail future months with weather,History + calendar + weather,Random Forest,
Dry Brook Ridge to Lean-to,2024-02-01,22,12.956434655420475,Known-trail future months with weather,History + calendar + weather,Random Forest,
Flynn,2024-02-01,13,11.818202706723975,Known-trail future months with weather,History + calendar + weather,Random Forest,
Fox Hollow,2024-02-01,67,27.13235524346457,Known-trail future months with weather,History + calendar + weather,Random Forest,
Frick Pond,2024-02-01,35,58.842200770650365,Known-trail future months with weather,History + calendar + weather,Random Forest,
Hardenburgh- MH Trail,2024-02-01,17,2.525580879800832,Known-trail future months with weather,History + calendar + weather,Random Forest,
Kelly Hollow,2024-02-01,70,75.52756990243782,Known-trail future months with weather,History + calendar + weather,Random Forest,
Lane Street,2024-02-01,27,19.555644705832535,Known-trail future months with weather,History + calendar + weather,Random Forest,
McKenley Hollow,2024-02-01,3,51.526174936620414,Known-trail future months with weather,History + calendar + weather,Random Forest,
Mt Tremper,2024-02-01,103,164.29320864049598,Known-trail future months with weather,History + calendar + weather,Random Forest,
Neversink Hardenburgh Trail,2024-02-01,1,1.5188627733388287,Known-trail future months with weather,History + calendar + weather,Random Forest,
Red Hill Dinch Road,2024-02-01,100,79.22252779390726,Known-trail future months with weather,History + calendar + weather,Random Forest,
Rider Hollow,2024-02-01,189,136.20981920619823,Known-trail future months with weather,History + calendar + weather,Random Forest,
Rochester Hollow,2024-02-01,89,78.14714623923525,Known-trail future months with weather,History + calendar + weather,Random Forest,
Seager,2024-02-01,31,21.434857814882726,Known-trail future months with weather,History + calendar + weather,Random Forest,
Alder Lake,2024-03-01,63,53.4091386598889,Known-trail future months with weather,History + calendar + weather,Random Forest,
Beaverkill Road to BLM FT,2024-03-01,82,58.48284238211322,Known-trail future months with weather,History + calendar + weather,Random Forest,
Cathedral Glen,2024-03-01,10,2.9295241194465844,Known-trail future months with weather,History + calendar + weather,Random Forest,
Denning,2024-03-01,204,87.55428419872248,Known-trail future months with weather,History + calendar + weather,Random Forest,
Dry Brook Ridge to Lean-to,2024-03-01,10,12.492624196711967,Known-trail future months with weather,History + calendar + weather,Random Forest,
Flynn,2024-03-01,12,13.355976850576257,Known-trail future months with weather,History + calendar + weather,Random Forest,
Fox Hollow,2024-03-01,40,54.12708202170276,Known-trail future months with weather,History + calendar + weather,Random Forest,
Frick Pond,2024-03-01,45,46.549022702425326,Known-trail future months with weather,History + calendar + weather,Random Forest,
Hardenburgh- MH Trail,2024-03-01,4,3.249358403476183,Known-trail future months with weather,History + calendar + weather,Random Forest,
Kelly Hollow,2024-03-01,96,84.29770730648299,Known-trail future months with weather,History + calendar + weather,Random Forest,
Lane Street,2024-03-01,28,18.86863555004358,Known-trail future months with weather,History + calendar + weather,Random Forest,
McKenley Hollow,2024-03-01,7,38.09766942356464,Known-trail future months with weather,History + calendar + weather,Random Forest,
Mt Tremper,2024-03-01,123,110.57101477289538,Known-trail future months with weather,History + calendar + weather,Random Forest,
Neversink Hardenburgh Trail,2024-03-01,4,1.2862397452010415,Known-trail future months with weather,History + calendar + weather,Random Forest,
Red Hill Dinch Road,2024-03-01,21,86.83716197285052,Known-trail future months with weather,History + calendar + weather,Random Forest,
Rider Hollow,2024-03-01,166,136.06863610962884,Known-trail future months with weather,History + calendar + weather,Random Forest,
Rochester Hollow,2024-03-01,117,87.823830058503,Known-trail future months with weather,History + calendar + weather,Random Forest,
Seager,2024-03-01,15,21.23805084593312,Known-trail future months with weather,History + calendar + weather,Random Forest,
Woodchuck Hollow,2024-03-01,1,2.617138690812209,Known-trail future months with weather,History + calendar + weather,Random Forest,
Alder Lake,2024-04-01,127,120.80701461863012,Known-trail future months with weather,History + calendar + weather,Random Forest,
Beaverkill Road to BLM FT,2024-04-01,110,117.72465164550087,Known-trail future months with weather,History + calendar + weather,Random Forest,
Cathedral Glen,2024-04-01,21,7.954236565234454,Known-trail future months with weather,History + calendar + weather,Random Forest,
Denning,2024-04-01,233,156.5821782722266,Known-trail future months with weather,History + calendar + weather,Random Forest,
Dry Brook Ridge to Lean-to,2024-04-01,13,18.777089303077325,Known-trail future months with weather,History + calendar + weather,Random Forest,
Flynn,2024-04-01,18,23.072667693466798,Known-trail future months with weather,History + calendar + weather,Random Forest,
Fox Hollow,2024-04-01,48,59.079289975323896,Known-trail future months with weather,History + calendar + weather,Random Forest,
Frick Pond,2024-04-01,70,62.15733094895438,Known-trail future months with weather,History + calendar + weather,Random Forest,
Hardenburgh- MH Trail,2024-04-01,1,4.980322748398662,Known-trail future months with weather,History + calendar + weather,Random Forest,
Kelly Hollow,2024-04-01,127,142.7020850037383,Known-trail future months with weather,History + calendar + weather,Random Forest,
Lane Street,2024-04-01,36,35.58092302144737,Known-trail future months with weather,History + calendar + weather,Random Forest,
Mt Tremper,2024-04-01,64,200.53676356915003,Known-trail future months with weather,History + calendar + weather,Random Forest,
Neversink Hardenburgh Trail,2024-04-01,4,8.11756199173965,Known-trail future months with weather,History + calendar + weather,Random Forest,
Rider Hollow,2024-04-01,103,112.35308523028323,Known-trail future months with weather,History + calendar + weather,Random Forest,
Rochester Hollow,2024-04-01,99,143.82937544149428,Known-trail future months with weather,History + calendar + weather,Random Forest,
Seager,2024-04-01,40,35.618895728127676,Known-trail future months with weather,History + calendar + weather,Random Forest,
Alder Lake,2024-05-01,147,167.6204389495885,Known-trail future months with weather,History + calendar + weather,Random Forest,
Beaverkill Road to BLM FT,2024-05-01,189,157.98734281402278,Known-trail future months with weather,History + calendar + weather,Random Forest,
Cathedral Glen,2024-05-01,19,12.232379036280813,Known-trail future months with weather,History + calendar + weather,Random Forest,
Denning,2024-05-01,260,289.51152277857886,Known-trail future months with weather,History + calendar + weather,Random Forest,
Dry Brook Ridge to Lean-to,2024-05-01,17,23.5589738517288,Known-trail future months with weather,History + calendar + weather,Random Forest,
Flynn,2024-05-01,24,45.773285963220125,Known-trail future months with weather,History + calendar + weather,Random Forest,
Fox Hollow,2024-05-01,71,72.07672015904929,Known-trail future months with weather,History + calendar + weather,Random Forest,
Frick Pond,2024-05-01,125,110.02137322883611,Known-trail future months with weather,History + calendar + weather,Random Forest,
Hardenburgh- MH Trail,2024-05-01,23,6.712741603097884,Known-trail future months with weather,History + calendar + weather,Random Forest,
Kelly Hollow,2024-05-01,182,163.371096755077,Known-trail future months with weather,History + calendar + weather,Random Forest,
Lane Street,2024-05-01,54,56.445352776698144,Known-trail future months with weather,History + calendar + weather,Random Forest,
Mt Tremper,2024-05-01,19,202.75161378329935,Known-trail future months with weather,History + calendar + weather,Random Forest,
Neversink Hardenburgh Trail,2024-05-01,34,11.526152897041973,Known-trail future months with weather,History + calendar + weather,Random Forest,
Rider Hollow,2024-05-01,98,165.43180152118543,Known-trail future months with weather,History + calendar + weather,Random Forest,
Rochester Hollow,2024-05-01,182,133.49524634809717,Known-trail future months with weather,History + calendar + weather,Random Forest,
Seager,2024-05-01,53,59.06050339422304,Known-trail future months with weather,History + calendar + weather,Random Forest,
Woodchuck Hollow,2024-05-01,1,3.626303955031589,Known-trail future months with weather,History + calendar + weather,Random Forest,
Woodland Valley,2024-05-01,99,83.11608111107192,Known-trail future months with weather,History + calendar + weather,Random Forest,
Alder Lake,2024-06-01,168,189.85314780013147,Known-trail future months with weather,History + calendar + weather,Random Forest,
Beaverkill Road to BLM FT,2024-06-01,190,188.9581638933805,Known-trail future months with weather,History + calendar + weather,Random Forest,
Cathedral Glen,2024-06-01,30,11.358085676886535,Known-trail future months with weather,History + calendar + weather,Random Forest,
Denning,2024-06-01,281,307.1617819415533,Known-trail future months with weather,History + calendar + weather,Random Forest,
Dry Brook Ridge to Lean-to,2024-06-01,20,22.998838249969275,Known-trail future months with weather,History + calendar + weather,Random Forest,
Flynn,2024-06-01,30,45.640474576519715,Known-trail future months with weather,History + calendar + weather,Random Forest,
Fox Hollow,2024-06-01,64,82.52867226039902,Known-trail future months with weather,History + calendar + weather,Random Forest,
Frick Pond,2024-06-01,131,155.67730348930525,Known-trail future months with weather,History + calendar + weather,Random Forest,
Hardenburgh- MH Trail,2024-06-01,17,6.209336545711954,Known-trail future months with weather,History + calendar + weather,Random Forest,
Kelly Hollow,2024-06-01,156,170.94874630652353,Known-trail future months with weather,History + calendar + weather,Random Forest,
Lane Street,2024-06-01,71,53.41848632378102,Known-trail future months with weather,History + calendar + weather,Random Forest,
Mt Tremper,2024-06-01,22,123.3993803356063,Known-trail future months with weather,History + calendar + weather,Random Forest,
Neversink Hardenburgh Trail,2024-06-01,13,15.900622275834749,Known-trail future months with weather,History + calendar + weather,Random Forest,
Rider Hollow,2024-06-01,93,125.14156625211889,Known-trail future months with weather,History + calendar + weather,Random Forest,
Rochester Hollow,2024-06-01,113,156.99450590149172,Known-trail future months with weather,History + calendar + weather,Random Forest,
Seager,2024-06-01,73,59.7958739338821,Known-trail future months with weather,History + calendar + weather,Random Forest,
Slide Mt,2024-06-01,593,689.9592050946898,Known-trail future months with weather,History + calendar + weather,Random Forest,
Woodland Valley,2024-06-01,70,115.68147193132238,Known-trail future months with weather,History + calendar + weather,Random Forest,
Alder Lake,2024-07-01,299,263.85219117142157,Known-trail future months with weather,History + calendar + weather,Random Forest,
Beaverkill Road to BLM FT,2024-07-01,193,195.91242773010356,Known-trail future months with weather,History + calendar + weather,Random Forest,
Cathedral Glen,2024-07-01,6,14.721679255951294,Known-trail future months with weather,History + calendar + weather,Random Forest,
Denning,2024-07-01,293,325.75223907896776,Known-trail future months with weather,History + calendar + weather,Random Forest,
Dry Brook Ridge to Lean-to,2024-07-01,46,24.829594240961104,Known-trail future months with weather,History + calendar + weather,Random Forest,
Flynn,2024-07-01,64,53.09543401158221,Known-trail future months with weather,History + calendar + weather,Random Forest,
Fox Hollow,2024-07-01,98,83.93703508819725,Known-trail future months with weather,History + calendar + weather,Random Forest,
Frick Pond,2024-07-01,209,174.20478730290864,Known-trail future months with weather,History + calendar + weather,Random Forest,
Giant Ledge,2024-07-01,150,508.4139404766173,Known-trail future months with weather,History + calendar + weather,Random Forest,
Hardenburgh- MH Trail,2024-07-01,16,9.427586863383869,Known-trail future months with weather,History + calendar + weather,Random Forest,
Kelly Hollow,2024-07-01,215,259.46439820119616,Known-trail future months with weather,History + calendar + weather,Random Forest,
Lane Street,2024-07-01,81,60.576755807691306,Known-trail future months with weather,History + calendar + weather,Random Forest,
Mt Tremper,2024-07-01,35,94.38273017899867,Known-trail future months with weather,History + calendar + weather,Random Forest,
Neversink Hardenburgh Trail,2024-07-01,21,19.663567862447948,Known-trail future months with weather,History + calendar + weather,Random Forest,
Rider Hollow,2024-07-01,128,147.6435902754438,Known-trail future months with weather,History + calendar + weather,Random Forest,
Rochester Hollow,2024-07-01,229,190.6090560977379,Known-trail future months with weather,History + calendar + weather,Random Forest,
Seager,2024-07-01,78,85.75807315014622,Known-trail future months with weather,History + calendar + weather,Random Forest,
Slide Mt,2024-07-01,868,703.309592970633,Known-trail future months with weather,History + calendar + weather,Random Forest,
Woodchuck Hollow,2024-07-01,5,3.5644279151063865,Known-trail future months with weather,History + calendar + weather,Random Forest,
Woodland Valley,2024-07-01,12,123.25887178239171,Known-trail future months with weather,History + calendar + weather,Random Forest,
Alder Lake,2024-08-01,303,250.6330602211686,Known-trail future months with weather,History + calendar + weather,Random Forest,
Beaverkill Road to BLM FT,2024-08-01,196,213.75210533858177,Known-trail future months with weather,History + calendar + weather,Random Forest,
Cathedral Glen,2024-08-01,32,12.848491207779059,Known-trail future months with weather,History + calendar + weather,Random Forest,
Denning,2024-08-01,270,304.0159204888021,Known-trail future months with weather,History + calendar + weather,Random Forest,
Dry Brook Ridge to Lean-to,2024-08-01,33,27.89405235784675,Known-trail future months with weather,History + calendar + weather,Random Forest,
Flynn,2024-08-01,25,68.40776705653428,Known-trail future months with weather,History + calendar + weather,Random Forest,
Fox Hollow,2024-08-01,114,98.8693176229202,Known-trail future months with weather,History + calendar + weather,Random Forest,
Frick Pond,2024-08-01,192,179.82975985582516,Known-trail future months with weather,History + calendar + weather,Random Forest,
Hardenburgh- MH Trail,2024-08-01,9,10.568332804090423,Known-trail future months with weather,History + calendar + weather,Random Forest,
Kelly Hollow,2024-08-01,248,249.73676915075148,Known-trail future months with weather,History + calendar + weather,Random Forest,
Lane Street,2024-08-01,56,65.11840751510795,Known-trail future months with weather,History + calendar + weather,Random Forest,
Millbrook to BLM FT,2024-08-01,392,357.3288055393831,Known-trail future months with weather,History + calendar + weather,Random Forest,
Mt Tremper,2024-08-01,587,94.97622082627059,Known-trail future months with weather,History + calendar + weather,Random Forest,
Neversink Hardenburgh Trail,2024-08-01,11,23.28772093616618,Known-trail future months with weather,History + calendar + weather,Random Forest,
Rider Hollow,2024-08-01,150,144.50498567695215,Known-trail future months with weather,History + calendar + weather,Random Forest,
Rochester Hollow,2024-08-01,261,200.9295175567401,Known-trail future months with weather,History + calendar + weather,Random Forest,
Seager,2024-08-01,63,91.8039472221529,Known-trail future months with weather,History + calendar + weather,Random Forest,
Slide Mt,2024-08-01,1077,697.1090043346056,Known-trail future months with weather,History + calendar + weather,Random Forest,
Woodchuck Hollow,2024-08-01,2,3.017638294631817,Known-trail future months with weather,History + calendar + weather,Random Forest,
Woodland Valley,2024-08-01,9,70.23327841951088,Known-trail future months with weather,History + calendar + weather,Random Forest,
Alder Lake,2024-09-01,229,191.36180931803526,Known-trail future months with weather,History + calendar + weather,Random Forest,
Ashokan HP,2024-09-01,127,141.53262269253412,Known-trail future months with weather,History + calendar + weather,Random Forest,
Beaverkill Road to BLM FT,2024-09-01,203,164.18992950067275,Known-trail future months with weather,History + calendar + weather,Random Forest,
Cathedral Glen,2024-09-01,6,12.13927411469351,Known-trail future months with weather,History + calendar + weather,Random Forest,
Denning,2024-09-01,243,229.58569986128035,Known-trail future months with weather,History + calendar + weather,Random Forest,
Dry Brook Ridge to Lean-to,2024-09-01,14,18.369838063537326,Known-trail future months with weather,History + calendar + weather,Random Forest,
Flynn,2024-09-01,71,24.48438729674762,Known-trail future months with weather,History + calendar + weather,Random Forest,
Fox Hollow,2024-09-01,36,93.78044756506962,Known-trail future months with weather,History + calendar + weather,Random Forest,
Frick Pond,2024-09-01,200,124.19357612610399,Known-trail future months with weather,History + calendar + weather,Random Forest,
Giant Ledge,2024-09-01,116,318.21212369579894,Known-trail future months with weather,History + calendar + weather,Random Forest,
Hardenburgh- MH Trail,2024-09-01,13,8.68688867768806,Known-trail future months with weather,History + calendar + weather,Random Forest,
Kelly Hollow,2024-09-01,125,170.33518739345953,Known-trail future months with weather,History + calendar + weather,Random Forest,
Lane Street,2024-09-01,39,50.609936732805416,Known-trail future months with weather,History + calendar + weather,Random Forest,
Millbrook to BLM FT,2024-09-01,347,306.27676747080324,Known-trail future months with weather,History + calendar + weather,Random Forest,
Neversink Hardenburgh Trail,2024-09-01,17,12.684227209275123,Known-trail future months with weather,History + calendar + weather,Random Forest,
Overlook,2024-09-01,717,790.8315737284163,Known-trail future months with weather,History + calendar + weather,Random Forest,
Rider Hollow,2024-09-01,91,126.87802375203857,Known-trail future months with weather,History + calendar + weather,Random Forest,
Rochester Hollow,2024-09-01,131,163.8579735270189,Known-trail future months with weather,History + calendar + weather,Random Forest,
Slide Mt,2024-09-01,783,712.9912533815284,Known-trail future months with weather,History + calendar + weather,Random Forest,
Wittenberg,2024-09-01,414,388.0708499400039,Known-trail future months with weather,History + calendar + weather,Random Forest,
Woodchuck Hollow,2024-09-01,4,2.4445503319543684,Known-trail future months with weather,History + calendar + weather,Random Forest,
Woodland Valley,2024-09-01,35,42.53176511648889,Known-trail future months with weather,History + calendar + weather,Random Forest,
Alder Lake,2024-10-01,17,254.54530779493365,Known-trail future months with weather,History + calendar + weather,Random Forest,
Ashokan HP,2024-10-01,260,142.33316802004973,Known-trail future months with weather,History + calendar + weather,Random Forest,
Beaverkill Road to BLM FT,2024-10-01,12,217.53220668731933,Known-trail future months with weather,History + calendar + weather,Random Forest,
Denning,2024-10-01,306,277.35681272026653,Known-trail future months with weather,History + calendar + weather,Random Forest,
Flynn,2024-10-01,1,40.33450659222797,Known-trail future months with weather,History + calendar + weather,Random Forest,
Frick Pond,2024-10-01,6,160.69606192483116,Known-trail future months with weather,History + calendar + weather,Random Forest,
Giant Ledge,2024-10-01,1383,284.99385936473726,Known-trail future months with weather,History + calendar + weather,Random Forest,
Millbrook to BLM FT,2024-10-01,462,339.0115314871501,Known-trail future months with weather,History + calendar + weather,Random Forest,
Neversink Hardenburgh Trail,2024-10-01,31,13.240134885797426,Known-trail future months with weather,History + calendar + weather,Random Forest,
Overlook,2024-10-01,1143,868.4962189702177,Known-trail future months with weather,History + calendar + weather,Random Forest,
Slide Mt,2024-10-01,757,833.9901690082421,Known-trail future months with weather,History + calendar + weather,Random Forest,
Wittenberg,2024-10-01,638,413.6239610864018,Known-trail future months with weather,History + calendar + weather,Random Forest,
Woodchuck Hollow,2024-10-01,4,2.878816302690851,Known-trail future months with weather,History + calendar + weather,Random Forest,
Woodland Valley,2024-10-01,182,41.778325933708835,Known-trail future months with weather,History + calendar + weather,Random Forest,
Ashokan HP,2024-11-01,63,116.86727309315324,Known-trail future months with weather,History + calendar + weather,Random Forest,
Denning,2024-11-01,76,173.61654069657686,Known-trail future months with weather,History + calendar + weather,Random Forest,
Giant Ledge,2024-11-01,404,328.5799546269576,Known-trail future months with weather,History + calendar + weather,Random Forest,
Millbrook to BLM FT,2024-11-01,251,236.48359706368763,Known-trail future months with weather,History + calendar + weather,Random Forest,
Overlook,2024-11-01,843,390.5736356743967,Known-trail future months with weather,History + calendar + weather,Random Forest,
Wittenberg,2024-11-01,289,275.18218705038356,Known-trail future months with weather,History + calendar + weather,Random Forest,
Woodchuck Hollow,2024-11-01,4,3.033271002814689,Known-trail future months with weather,History + calendar + weather,Random Forest,
Woodland Valley,2024-11-01,88,50.89839510974973,Known-trail future months with weather,History + calendar + weather,Random Forest,
Ashokan HP,2024-12-01,53,61.12907172778912,Known-trail future months with weather,History + calendar + weather,Random Forest,
Giant Ledge,2024-12-01,235,275.41253265311383,Known-trail future months with weather,History + calendar + weather,Random Forest,
Millbrook to BLM FT,2024-12-01,133,173.69979753268214,Known-trail future months with weather,History + calendar + weather,Random Forest,
Overlook,2024-12-01,291,382.38440359194266,Known-trail future months with weather,History + calendar + weather,Random Forest,
Wittenberg,2024-12-01,115,154.60902310467458,Known-trail future months with weather,History + calendar + weather,Random Forest,
Woodland Valley,2024-12-01,25,39.05030904431342,Known-trail future months with weather,History + calendar + weather,Random Forest,
Ashokan HP,2025-01-01,35,57.585001344635465,Known-trail future months with weather,History + calendar + weather,Random Forest,
Giant Ledge,2025-01-01,268,277.0146208383376,Known-trail future months with weather,History + calendar + weather,Random Forest,
Millbrook to BLM FT,2025-01-01,143,143.32626851384924,Known-trail future months with weather,History + calendar + weather,Random Forest,
Overlook,2025-01-01,358,262.0853562128249,Known-trail future months with weather,History + calendar + weather,Random Forest,
Wittenberg,2025-01-01,103,112.35884645772536,Known-trail future months with weather,History + calendar + weather,Random Forest,
Woodland Valley,2025-01-01,15,21.666909867294805,Known-trail future months with weather,History + calendar + weather,Random Forest,
Ashokan HP,2025-02-01,27,47.87537011580713,Known-trail future months with weather,History + calendar + weather,Random Forest,
Giant Ledge,2025-02-01,184,347.2468739468856,Known-trail future months with weather,History + calendar + weather,Random Forest,
Millbrook to BLM FT,2025-02-01,139,157.45971675093566,Known-trail future months with weather,History + calendar + weather,Random Forest,
Overlook,2025-02-01,182,367.17572978927814,Known-trail future months with weather,History + calendar + weather,Random Forest,
Wittenberg,2025-02-01,55,129.89708427297344,Known-trail future months with weather,History + calendar + weather,Random Forest,
Woodland Valley,2025-02-01,30,24.899674142164777,Known-trail future months with weather,History + calendar + weather,Random Forest,
Ashokan HP,2025-03-01,83,46.356817081274855,Known-trail future months with weather,History + calendar + weather,Random Forest,
Giant Ledge,2025-03-01,371,262.5686899737996,Known-trail future months with weather,History + calendar + weather,Random Forest,
Millbrook to BLM FT,2025-03-01,131,147.15523789249764,Known-trail future months with weather,History + calendar + weather,Random Forest,
Overlook,2025-03-01,426,309.53393403132367,Known-trail future months with weather,History + calendar + weather,Random Forest,
Wittenberg,2025-03-01,126,114.3635291500898,Known-trail future months with weather,History + calendar + weather,Random Forest,
Woodland Valley,2025-03-01,41,24.998800755649906,Known-trail future months with weather,History + calendar + weather,Random Forest,
Ashokan HP,2025-04-01,89,98.97422985208159,Known-trail future months with weather,History + calendar + weather,Random Forest,
Giant Ledge,2025-04-01,341,381.46733819221987,Known-trail future months with weather,History + calendar + weather,Random Forest,
Millbrook to BLM FT,2025-04-01,173,161.6218872218731,Known-trail future months with weather,History + calendar + weather,Random Forest,
Overlook,2025-04-01,576,489.0608083021825,Known-trail future months with weather,History + calendar + weather,Random Forest,
Wittenberg,2025-04-01,47,157.6422972975035,Known-trail future months with weather,History + calendar + weather,Random Forest,
Woodland Valley,2025-04-01,47,53.60505908766165,Known-trail future months with weather,History + calendar + weather,Random Forest,
Ashokan HP,2025-05-01,72,133.24328270002812,Known-trail future months with weather,History + calendar + weather,Random Forest,
Giant Ledge,2025-05-01,403,496.14310569960793,Known-trail future months with weather,History + calendar + weather,Random Forest,
Millbrook to BLM FT,2025-05-01,277,234.90586748153186,Known-trail future months with weather,History + calendar + weather,Random Forest,
Overlook,2025-05-01,828,721.5390413050444,Known-trail future months with weather,History + calendar + weather,Random Forest,
Wittenberg,2025-05-01,477,167.220625710758,Known-trail future months with weather,History + calendar + weather,Random Forest,
Woodland Valley,2025-05-01,13,72.96178084117965,Known-trail future months with weather,History + calendar + weather,Random Forest,
Ashokan HP,2025-06-01,160,131.1632332283915,Known-trail future months with weather,History + calendar + weather,Random Forest,
Giant Ledge,2025-06-01,629,498.5176702981393,Known-trail future months with weather,History + calendar + weather,Random Forest,
Millbrook to BLM FT,2025-06-01,231,296.90040167969886,Known-trail future months with weather,History + calendar + weather,Random Forest,
Overlook,2025-06-01,854,893.4055972872021,Known-trail future months with weather,History + calendar + weather,Random Forest,
Wittenberg,2025-06-01,532,429.79798317095384,Known-trail future months with weather,History + calendar + weather,Random Forest,
Ashokan HP,2025-07-01,260,158.26160657095852,Known-trail future months with weather,History + calendar + weather,Random Forest,
Giant Ledge,2025-07-01,400,577.9771154744636,Known-trail future months with weather,History + calendar + weather,Random Forest,
Millbrook to BLM FT,2025-07-01,340,332.9267905307589,Known-trail future months with weather,History + calendar + weather,Random Forest,
Overlook,2025-07-01,1038,978.1197454682199,Known-trail future months with weather,History + calendar + weather,Random Forest,
Wittenberg,2025-07-01,587,492.78185588501725,Known-trail future months with weather,History + calendar + weather,Random Forest,
Ashokan HP,2025-08-01,173,198.20766535574333,Known-trail future months with weather,History + calendar + weather,Random Forest,
Millbrook to BLM FT,2025-08-01,354,334.4690783046523,Known-trail future months with weather,History + calendar + weather,Random Forest,
Overlook,2025-08-01,698,958.8936498587461,Known-trail future months with weather,History + calendar + weather,Random Forest,
Wittenberg,2025-08-01,751,480.8928718856805,Known-trail future months with weather,History + calendar + weather,Random Forest,
Ashokan HP,2025-09-01,101,154.78164960487294,Known-trail future months with weather,History + calendar + weather,Random Forest,
Millbrook to BLM FT,2025-09-01,14,275.4647895877842,Known-trail future months with weather,History + calendar + weather,Random Forest,
Overlook,2025-09-01,27,777.3170059575342,Known-trail future months with weather,History + calendar + weather,Random Forest,
Wittenberg,2025-09-01,506,522.4948434248523,Known-trail future months with weather,History + calendar + weather,Random Forest,
Ashokan HP,2025-10-01,117,164.6756814064978,Known-trail future months with weather,History + calendar + weather,Random Forest,
Overlook,2025-10-01,4,142.6491799205515,Known-trail future months with weather,History + calendar + weather,Random Forest,
Wittenberg,2025-10-01,589,502.7331310607612,Known-trail future months with weather,History + calendar + weather,Random Forest,
Peekamoose,2022-12-01,58,71.04253225250267,Known-trail future months with weather,History + calendar + weather,HistGradientBoosting,
Biscuit Brook,2023-01-01,47,77.75628768577455,Known-trail future months with weather,History + calendar + weather,HistGradientBoosting,
Peekamoose,2023-01-01,139,58.79488533949798,Known-trail future months with weather,History + calendar + weather,HistGradientBoosting,
Bangle Hill,2023-02-01,18,3.480500477496483,Known-trail future months with weather,History + calendar + weather,HistGradientBoosting,
Biscuit Brook,2023-02-01,68,66.75280679949094,Known-trail future months with weather,History + calendar + weather,HistGradientBoosting,
Peekamoose,2023-02-01,90,88.72123219249411,Known-trail future months with weather,History + calendar + weather,HistGradientBoosting,
Bangle Hill,2023-03-01,5,1.309933309507472,Known-trail future months with weather,History + calendar + weather,HistGradientBoosting,
Biscuit Brook,2023-03-01,59,68.53969740793637,Known-trail future months with weather,History + calendar + weather,HistGradientBoosting,
Peekamoose,2023-03-01,63,82.29399813631171,Known-trail future months with weather,History + calendar + weather,HistGradientBoosting,
Bangle Hill,2023-04-01,11,6.980710121592926,Known-trail future months with weather,History + calendar + weather,HistGradientBoosting,
Biscuit Brook,2023-04-01,74,114.41122726417682,Known-trail future months with weather,History + calendar + weather,HistGradientBoosting,
Peekamoose,2023-04-01,92,129.1921584615115,Known-trail future months with weather,History + calendar + weather,HistGradientBoosting,
Bangle Hill,2023-05-01,5,11.642050633083546,Known-trail future months with weather,History + calendar + weather,HistGradientBoosting,
Biscuit Brook,2023-05-01,157,146.58319187227846,Known-trail future months with weather,History + calendar + weather,HistGradientBoosting,
Peekamoose,2023-05-01,234,148.97434671708325,Known-trail future months with weather,History + calendar + weather,HistGradientBoosting,
Slide Mt,2023-05-01,691,545.3432853426116,Known-trail future months with weather,History + calendar + weather,HistGradientBoosting,
Upper Cherrytown Road,2023-05-01,136,236.47045914964482,Known-trail future months with weather,History + calendar + weather,HistGradientBoosting,
Biscuit Brook,2023-06-01,121,121.38110194584677,Known-trail future months with weather,History + calendar + weather,HistGradientBoosting,
Peekamoose,2023-06-01,49,157.55635413235285,Known-trail future months with weather,History + calendar + weather,HistGradientBoosting,
Slide Mt,2023-06-01,587,626.6323849845716,Known-trail future months with weather,History + calendar + weather,HistGradientBoosting,
Upper Cherrytown Road,2023-06-01,143,200.6998356646925,Known-trail future months with weather,History + calendar + weather,HistGradientBoosting,
Biscuit Brook,2023-07-01,144,143.54269024803654,Known-trail future months with weather,History + calendar + weather,HistGradientBoosting,
McKenley Hollow,2023-07-01,103,103.81135850087617,Known-trail future months with weather,History + calendar + weather,HistGradientBoosting,
Red Hill Dinch Road,2023-07-01,291,243.1374289263345,Known-trail future months with weather,History + calendar + weather,HistGradientBoosting,
Slide Mt,2023-07-01,794,733.1356942266781,Known-trail future months with weather,History + calendar + weather,HistGradientBoosting,
Upper Cherrytown Road,2023-07-01,329,230.1129572641323,Known-trail future months with weather,History + calendar + weather,HistGradientBoosting,
Biscuit Brook,2023-08-01,98,103.48239066667502,Known-trail future months with weather,History + calendar + weather,HistGradientBoosting,
McKenley Hollow,2023-08-01,116,90.59420983025262,Known-trail future months with weather,History + calendar + weather,HistGradientBoosting,
Onteora Lake,2023-08-01,284,436.54961817888307,Known-trail future months with weather,History + calendar + weather,HistGradientBoosting,
Red Hill Dinch Road,2023-08-01,238,281.83193651629927,Known-trail future months with weather,History + calendar + weather,HistGradientBoosting,
Slide Mt,2023-08-01,606,765.472775481312,Known-trail future months with weather,History + calendar + weather,HistGradientBoosting,
Upper Cherrytown Road,2023-08-01,197,232.2518552184405,Known-trail future months with weather,History + calendar + weather,HistGradientBoosting,
McKenley Hollow,2023-09-01,119,80.78549644864191,Known-trail future months with weather,History + calendar + weather,HistGradientBoosting,
Onteora Lake,2023-09-01,311,233.1050980397866,Known-trail future months with weather,History + calendar + weather,HistGradientBoosting,
Red Hill Dinch Road,2023-09-01,172,202.4997584922634,Known-trail future months with weather,History + calendar + weather,HistGradientBoosting,
Upper Cherrytown Road,2023-09-01,2,150.14645783291573,Known-trail future months with weather,History + calendar + weather,HistGradientBoosting,
McKenley Hollow,2023-10-01,119,89.1715435242102,Known-trail future months with weather,History + calendar + weather,HistGradientBoosting,
Onteora Lake,2023-10-01,418,299.4069185252867,Known-trail future months with weather,History + calendar + weather,HistGradientBoosting,
Red Hill Dinch Road,2023-10-01,158,223.5063053277869,Known-trail future months with weather,History + calendar + weather,HistGradientBoosting,
Seager,2023-10-01,41,41.313969317030896,Known-trail future months with weather,History + calendar + weather,HistGradientBoosting,
Upper Cherrytown Road,2023-10-01,16,85.04004573173033,Known-trail future months with weather,History + calendar + weather,HistGradientBoosting,
Dry Brook Ridge to Lean-to,2023-11-01,25,16.412231310813755,Known-trail future months with weather,History + calendar + weather,HistGradientBoosting,
Fox Hollow,2023-11-01,75,77.29118620886729,Known-trail future months with weather,History + calendar + weather,HistGradientBoosting,
Hardenburgh- MH Trail,2023-11-01,4,4.900630635396722,Known-trail future months with weather,History + calendar + weather,HistGradientBoosting,
Kelly Hollow,2023-11-01,154,129.68091939366303,Known-trail future months with weather,History + calendar + weather,HistGradientBoosting,
Lane Street,2023-11-01,57,33.47280422296822,Known-trail future months with weather,History + calendar + weather,HistGradientBoosting,
McKenley Hollow,2023-11-01,102,77.71326071039744,Known-trail future months with weather,History + calendar + weather,HistGradientBoosting,
Onteora Lake,2023-11-01,246,206.0776564719058,Known-trail future months with weather,History + calendar + weather,HistGradientBoosting,
Red Hill Dinch Road,2023-11-01,123,104.01911247701193,Known-trail future months with weather,History + calendar + weather,HistGradientBoosting,
Rochester Hollow,2023-11-01,150,149.86079032158287,Known-trail future months with weather,History + calendar + weather,HistGradientBoosting,
Seager,2023-11-01,38,26.642209900280392,Known-trail future months with weather,History + calendar + weather,HistGradientBoosting,
Upper Cherrytown Road,2023-11-01,1,63.892383706858745,Known-trail future months with weather,History + calendar + weather,HistGradientBoosting,
Alder Lake,2023-12-01,45,54.03242744679234,Known-trail future months with weather,History + calendar + weather,HistGradientBoosting,
Beaverkill Road to BLM FT,2023-12-01,84,78.01639007261616,Known-trail future months with weather,History + calendar + weather,HistGradientBoosting,
Dry Brook Ridge to Lean-to,2023-12-01,12,4.183747813941442,Known-trail future months with weather,History + calendar + weather,HistGradientBoosting,
Flynn,2023-12-01,8,15.019860794824183,Known-trail future months with weather,History + calendar + weather,HistGradientBoosting,
Fox Hollow,2023-12-01,59,44.59145074469831,Known-trail future months with weather,History + calendar + weather,HistGradientBoosting,
Frick Pond,2023-12-01,59,55.32454081238466,Known-trail future months with weather,History + calendar + weather,HistGradientBoosting,
Hardenburgh- MH Trail,2023-12-01,0,3.3032783967148243,Known-trail future months with weather,History + calendar + weather,HistGradientBoosting,
Kelly Hollow,2023-12-01,112,83.26459189879229,Known-trail future months with weather,History + calendar + weather,HistGradientBoosting,
Lane Street,2023-12-01,24,13.783974489119428,Known-trail future months with weather,History + calendar + weather,HistGradientBoosting,
McKenley Hollow,2023-12-01,97,49.8950944885585,Known-trail future months with weather,History + calendar + weather,HistGradientBoosting,
Mt Tremper,2023-12-01,176,165.9202375660822,Known-trail future months with weather,History + calendar + weather,HistGradientBoosting,
Neversink Hardenburgh Trail,2023-12-01,10,3.434630126996083,Known-trail future months with weather,History + calendar + weather,HistGradientBoosting,
Onteora Lake,2023-12-01,216,117.41066016938085,Known-trail future months with weather,History + calendar + weather,HistGradientBoosting,
Red Hill Dinch Road,2023-12-01,97,85.55664422749965,Known-trail future months with weather,History + calendar + weather,HistGradientBoosting,
Rider Hollow,2023-12-01,128,106.1663178560866,Known-trail future months with weather,History + calendar + weather,HistGradientBoosting,
Rochester Hollow,2023-12-01,125,77.04941644198308,Known-trail future months with weather,History + calendar + weather,HistGradientBoosting,
Seager,2023-12-01,22,11.80669400506604,Known-trail future months with weather,History + calendar + weather,HistGradientBoosting,
Upper Cherrytown Road,2023-12-01,7,31.259031743413026,Known-trail future months with weather,History + calendar + weather,HistGradientBoosting,
Alder Lake,2024-01-01,33,46.70634163049053,Known-trail future months with weather,History + calendar + weather,HistGradientBoosting,
Beaverkill Road to BLM FT,2024-01-01,33,65.68796972380672,Known-trail future months with weather,History + calendar + weather,HistGradientBoosting,
Cathedral Glen,2024-01-01,6,7.488762252000265,Known-trail future months with weather,History + calendar + weather,HistGradientBoosting,
Denning,2024-01-01,59,77.26930729035128,Known-trail future months with weather,History + calendar + weather,HistGradientBoosting,
Dry Brook Ridge to Lean-to,2024-01-01,11,7.442510815753684,Known-trail future months with weather,History + calendar + weather,HistGradientBoosting,
Flynn,2024-01-01,12,13.471801704669351,Known-trail future months with weather,History + calendar + weather,HistGradientBoosting,
Fox Hollow,2024-01-01,20,38.67038910300291,Known-trail future months with weather,History + calendar + weather,HistGradientBoosting,
Frick Pond,2024-01-01,53,55.14201663534243,Known-trail future months with weather,History + calendar + weather,HistGradientBoosting,
Hardenburgh- MH Trail,2024-01-01,2,2.8402460698803935,Known-trail future months with weather,History + calendar + weather,HistGradientBoosting,
Kelly Hollow,2024-01-01,44,76.3333016842908,Known-trail future months with weather,History + calendar + weather,HistGradientBoosting,
Lane Street,2024-01-01,13,10.828671985543991,Known-trail future months with weather,History + calendar + weather,HistGradientBoosting,
McKenley Hollow,2024-01-01,20,57.71915669681514,Known-trail future months with weather,History + calendar + weather,HistGradientBoosting,
Mt Tremper,2024-01-01,107,112.22560057543042,Known-trail future months with weather,History + calendar + weather,HistGradientBoosting,
Neversink Hardenburgh Trail,2024-01-01,0,1.3181965133951923,Known-trail future months with weather,History + calendar + weather,HistGradientBoosting,
Red Hill Dinch Road,2024-01-01,79,81.59376671322694,Known-trail future months with weather,History + calendar + weather,HistGradientBoosting,
Rider Hollow,2024-01-01,118,129.8187566719007,Known-trail future months with weather,History + calendar + weather,HistGradientBoosting,
Rochester Hollow,2024-01-01,51,78.8343754445204,Known-trail future months with weather,History + calendar + weather,HistGradientBoosting,
Seager,2024-01-01,24,12.03746761702955,Known-trail future months with weather,History + calendar + weather,HistGradientBoosting,
Alder Lake,2024-02-01,55,28.63146593217717,Known-trail future months with weather,History + calendar + weather,HistGradientBoosting,
Beaverkill Road to BLM FT,2024-02-01,81,67.84840129780305,Known-trail future months with weather,History + calendar + weather,HistGradientBoosting,
Cathedral Glen,2024-02-01,11,8.241646791864405,Known-trail future months with weather,History + calendar + weather,HistGradientBoosting,
Denning,2024-02-01,111,85.63037854599922,Known-trail future months with weather,History + calendar + weather,HistGradientBoosting,
Dry Brook Ridge to Lean-to,2024-02-01,22,8.906547918647473,Known-trail future months with weather,History + calendar + weather,HistGradientBoosting,
Flynn,2024-02-01,13,13.920379406645077,Known-trail future months with weather,History + calendar + weather,HistGradientBoosting,
Fox Hollow,2024-02-01,67,29.258888766035664,Known-trail future months with weather,History + calendar + weather,HistGradientBoosting,
Frick Pond,2024-02-01,35,61.01457359894393,Known-trail future months with weather,History + calendar + weather,HistGradientBoosting,
Hardenburgh- MH Trail,2024-02-01,17,1.9967137172324392,Known-trail future months with weather,History + calendar + weather,HistGradientBoosting,
Kelly Hollow,2024-02-01,70,84.07882527155006,Known-trail future months with weather,History + calendar + weather,HistGradientBoosting,
Lane Street,2024-02-01,27,26.166074689660032,Known-trail future months with weather,History + calendar + weather,HistGradientBoosting,
McKenley Hollow,2024-02-01,3,53.84740216717956,Known-trail future months with weather,History + calendar + weather,HistGradientBoosting,
Mt Tremper,2024-02-01,103,162.70705713898292,Known-trail future months with weather,History + calendar + weather,HistGradientBoosting,
Neversink Hardenburgh Trail,2024-02-01,1,2.1775365825232726,Known-trail future months with weather,History + calendar + weather,HistGradientBoosting,
Red Hill Dinch Road,2024-02-01,100,88.74223367131376,Known-trail future months with weather,History + calendar + weather,HistGradientBoosting,
Rider Hollow,2024-02-01,189,146.5932496388948,Known-trail future months with weather,History + calendar + weather,HistGradientBoosting,
Rochester Hollow,2024-02-01,89,75.18381496538171,Known-trail future months with weather,History + calendar + weather,HistGradientBoosting,
Seager,2024-02-01,31,20.901679529988733,Known-trail future months with weather,History + calendar + weather,HistGradientBoosting,
Alder Lake,2024-03-01,63,45.230994423427006,Known-trail future months with weather,History + calendar + weather,HistGradientBoosting,
Beaverkill Road to BLM FT,2024-03-01,82,70.53623255661725,Known-trail future months with weather,History + calendar + weather,HistGradientBoosting,
Cathedral Glen,2024-03-01,10,2.243241681601832,Known-trail future months with weather,History + calendar + weather,HistGradientBoosting,
Denning,2024-03-01,204,86.28584979784468,Known-trail future months with weather,History + calendar + weather,HistGradientBoosting,
Dry Brook Ridge to Lean-to,2024-03-01,10,10.112462742200764,Known-trail future months with weather,History + calendar + weather,HistGradientBoosting,
Flynn,2024-03-01,12,13.299877157825975,Known-trail future months with weather,History + calendar + weather,HistGradientBoosting,
Fox Hollow,2024-03-01,40,52.99266626345629,Known-trail future months with weather,History + calendar + weather,HistGradientBoosting,
Frick Pond,2024-03-01,45,45.43953615971937,Known-trail future months with weather,History + calendar + weather,HistGradientBoosting,
Hardenburgh- MH Trail,2024-03-01,4,1.7649873015739361,Known-trail future months with weather,History + calendar + weather,HistGradientBoosting,
Kelly Hollow,2024-03-01,96,83.32658106191086,Known-trail future months with weather,History + calendar + weather,HistGradientBoosting,
Lane Street,2024-03-01,28,22.750159752818444,Known-trail future months with weather,History + calendar + weather,HistGradientBoosting,
McKenley Hollow,2024-03-01,7,34.879138898656905,Known-trail future months with weather,History + calendar + weather,HistGradientBoosting,
Mt Tremper,2024-03-01,123,118.27535147531664,Known-trail future months with weather,History + calendar + weather,HistGradientBoosting,
Neversink Hardenburgh Trail,2024-03-01,4,1.563540273843117,Known-trail future months with weather,History + calendar + weather,HistGradientBoosting,
Red Hill Dinch Road,2024-03-01,21,85.32735625762082,Known-trail future months with weather,History + calendar + weather,HistGradientBoosting,
Rider Hollow,2024-03-01,166,131.22601300340685,Known-trail future months with weather,History + calendar + weather,HistGradientBoosting,
Rochester Hollow,2024-03-01,117,82.70499832308356,Known-trail future months with weather,History + calendar + weather,HistGradientBoosting,
Seager,2024-03-01,15,20.19785894669003,Known-trail future months with weather,History + calendar + weather,HistGradientBoosting,
Woodchuck Hollow,2024-03-01,1,1.3715269834051336,Known-trail future months with weather,History + calendar + weather,HistGradientBoosting,
Alder Lake,2024-04-01,127,120.67582349824107,Known-trail future months with weather,History + calendar + weather,HistGradientBoosting,
Beaverkill Road to BLM FT,2024-04-01,110,138.2166584904415,Known-trail future months with weather,History + calendar + weather,HistGradientBoosting,
Cathedral Glen,2024-04-01,21,6.175377177697337,Known-trail future months with weather,History + calendar + weather,HistGradientBoosting,
Denning,2024-04-01,233,163.38614930765462,Known-trail future months with weather,History + calendar + weather,HistGradientBoosting,
Dry Brook Ridge to Lean-to,2024-04-01,13,18.286291201388238,Known-trail future months with weather,History + calendar + weather,HistGradientBoosting,
Flynn,2024-04-01,18,21.13599615403341,Known-trail future months with weather,History + calendar + weather,HistGradientBoosting,
Fox Hollow,2024-04-01,48,61.11129229908435,Known-trail future months with weather,History + calendar + weather,HistGradientBoosting,
Frick Pond,2024-04-01,70,62.285193007828546,Known-trail future months with weather,History + calendar + weather,HistGradientBoosting,
Hardenburgh- MH Trail,2024-04-01,1,5.073205170838184,Known-trail future months with weather,History + calendar + weather,HistGradientBoosting,
Kelly Hollow,2024-04-01,127,141.86937201881238,Known-trail future months with weather,History + calendar + weather,HistGradientBoosting,
Lane Street,2024-04-01,36,31.880672033611237,Known-trail future months with weather,History + calendar + weather,HistGradientBoosting,
Mt Tremper,2024-04-01,64,186.34939649658213,Known-trail future months with weather,History + calendar + weather,HistGradientBoosting,
Neversink Hardenburgh Trail,2024-04-01,4,6.267255853061204,Known-trail future months with weather,History + calendar + weather,HistGradientBoosting,
Rider Hollow,2024-04-01,103,110.07182207475009,Known-trail future months with weather,History + calendar + weather,HistGradientBoosting,
Rochester Hollow,2024-04-01,99,138.50638831336252,Known-trail future months with weather,History + calendar + weather,HistGradientBoosting,
Seager,2024-04-01,40,38.51319914549615,Known-trail future months with weather,History + calendar + weather,HistGradientBoosting,
Alder Lake,2024-05-01,147,183.7219879000568,Known-trail future months with weather,History + calendar + weather,HistGradientBoosting,
Beaverkill Road to BLM FT,2024-05-01,189,162.5601450038332,Known-trail future months with weather,History + calendar + weather,HistGradientBoosting,
Cathedral Glen,2024-05-01,19,18.79679624812476,Known-trail future months with weather,History + calendar + weather,HistGradientBoosting,
Denning,2024-05-01,260,308.3789220292746,Known-trail future months with weather,History + calendar + weather,HistGradientBoosting,
Dry Brook Ridge to Lean-to,2024-05-01,17,24.671130663769624,Known-trail future months with weather,History + calendar + weather,HistGradientBoosting,
Flynn,2024-05-01,24,53.75181762789435,Known-trail future months with weather,History + calendar + weather,HistGradientBoosting,
Fox Hollow,2024-05-01,71,67.43144022713466,Known-trail future months with weather,History + calendar + weather,HistGradientBoosting,
Frick Pond,2024-05-01,125,116.85459600309656,Known-trail future months with weather,History + calendar + weather,HistGradientBoosting,
Hardenburgh- MH Trail,2024-05-01,23,10.133536715066793,Known-trail future months with weather,History + calendar + weather,HistGradientBoosting,
Kelly Hollow,2024-05-01,182,180.42281965117783,Known-trail future months with weather,History + calendar + weather,HistGradientBoosting,
Lane Street,2024-05-01,54,47.45756363469212,Known-trail future months with weather,History + calendar + weather,HistGradientBoosting,
Mt Tremper,2024-05-01,19,225.95853383908576,Known-trail future months with weather,History + calendar + weather,HistGradientBoosting,
Neversink Hardenburgh Trail,2024-05-01,34,11.703450217653034,Known-trail future months with weather,History + calendar + weather,HistGradientBoosting,
Rider Hollow,2024-05-01,98,171.75498270123836,Known-trail future months with weather,History + calendar + weather,HistGradientBoosting,
Rochester Hollow,2024-05-01,182,161.17328826777896,Known-trail future months with weather,History + calendar + weather,HistGradientBoosting,
Seager,2024-05-01,53,58.107699537758755,Known-trail future months with weather,History + calendar + weather,HistGradientBoosting,
Woodchuck Hollow,2024-05-01,1,3.8006218336463973,Known-trail future months with weather,History + calendar + weather,HistGradientBoosting,
Woodland Valley,2024-05-01,99,105.60353636368426,Known-trail future months with weather,History + calendar + weather,HistGradientBoosting,
Alder Lake,2024-06-01,168,186.45510243814,Known-trail future months with weather,History + calendar + weather,HistGradientBoosting,
Beaverkill Road to BLM FT,2024-06-01,190,183.20324321636946,Known-trail future months with weather,History + calendar + weather,HistGradientBoosting,
Cathedral Glen,2024-06-01,30,19.01329096873829,Known-trail future months with weather,History + calendar + weather,HistGradientBoosting,
Denning,2024-06-01,281,285.69529971194834,Known-trail future months with weather,History + calendar + weather,HistGradientBoosting,
Dry Brook Ridge to Lean-to,2024-06-01,20,20.400828061826456,Known-trail future months with weather,History + calendar + weather,HistGradientBoosting,
Flynn,2024-06-01,30,49.05344438118604,Known-trail future months with weather,History + calendar + weather,HistGradientBoosting,
Fox Hollow,2024-06-01,64,64.06134518763537,Known-trail future months with weather,History + calendar + weather,HistGradientBoosting,
Frick Pond,2024-06-01,131,149.43549674372156,Known-trail future months with weather,History + calendar + weather,HistGradientBoosting,
Hardenburgh- MH Trail,2024-06-01,17,6.56283767538742,Known-trail future months with weather,History + calendar + weather,HistGradientBoosting,
Kelly Hollow,2024-06-01,156,177.59096990093983,Known-trail future months with weather,History + calendar + weather,HistGradientBoosting,
Lane Street,2024-06-01,71,50.463539686993975,Known-trail future months with weather,History + calendar + weather,HistGradientBoosting,
Mt Tremper,2024-06-01,22,136.97704231341996,Known-trail future months with weather,History + calendar + weather,HistGradientBoosting,
Neversink Hardenburgh Trail,2024-06-01,13,19.287507544544265,Known-trail future months with weather,History + calendar + weather,HistGradientBoosting,
Rider Hollow,2024-06-01,93,125.21384872495177,Known-trail future months with weather,History + calendar + weather,HistGradientBoosting,
Rochester Hollow,2024-06-01,113,163.3817330544212,Known-trail future months with weather,History + calendar + weather,HistGradientBoosting,
Seager,2024-06-01,73,56.54769831675993,Known-trail future months with weather,History + calendar + weather,HistGradientBoosting,
Slide Mt,2024-06-01,593,706.0200082561744,Known-trail future months with weather,History + calendar + weather,HistGradientBoosting,
Woodland Valley,2024-06-01,70,119.81751240396298,Known-trail future months with weather,History + calendar + weather,HistGradientBoosting,
Alder Lake,2024-07-01,299,228.6064374086638,Known-trail future months with weather,History + calendar + weather,HistGradientBoosting,
Beaverkill Road to BLM FT,2024-07-01,193,210.47908888651745,Known-trail future months with weather,History + calendar + weather,HistGradientBoosting,
Cathedral Glen,2024-07-01,6,14.806736186476966,Known-trail future months with weather,History + calendar + weather,HistGradientBoosting,
Denning,2024-07-01,293,333.78912685547795,Known-trail future months with weather,History + calendar + weather,HistGradientBoosting,
Dry Brook Ridge to Lean-to,2024-07-01,46,31.15174950597742,Known-trail future months with weather,History + calendar + weather,HistGradientBoosting,
Flynn,2024-07-01,64,55.5305349607473,Known-trail future months with weather,History + calendar + weather,HistGradientBoosting,
Fox Hollow,2024-07-01,98,82.65925549853156,Known-trail future months with weather,History + calendar + weather,HistGradientBoosting,
Frick Pond,2024-07-01,209,178.1642101504801,Known-trail future months with weather,History + calendar + weather,HistGradientBoosting,
Giant Ledge,2024-07-01,150,516.7107663356987,Known-trail future months with weather,History + calendar + weather,HistGradientBoosting,
Hardenburgh- MH Trail,2024-07-01,16,12.326254768665153,Known-trail future months with weather,History + calendar + weather,HistGradientBoosting,
Kelly Hollow,2024-07-01,215,232.7906115956073,Known-trail future months with weather,History + calendar + weather,HistGradientBoosting,
Lane Street,2024-07-01,81,57.750577733689155,Known-trail future months with weather,History + calendar + weather,HistGradientBoosting,
Mt Tremper,2024-07-01,35,116.54401125527303,Known-trail future months with weather,History + calendar + weather,HistGradientBoosting,
Neversink Hardenburgh Trail,2024-07-01,21,22.856072968681467,Known-trail future months with weather,History + calendar + weather,HistGradientBoosting,
Rider Hollow,2024-07-01,128,154.655843224565,Known-trail future months with weather,History + calendar + weather,HistGradientBoosting,
Rochester Hollow,2024-07-01,229,188.2209322462588,Known-trail future months with weather,History + calendar + weather,HistGradientBoosting,
Seager,2024-07-01,78,83.10409213297334,Known-trail future months with weather,History + calendar + weather,HistGradientBoosting,
Slide Mt,2024-07-01,868,795.4468300827986,Known-trail future months with weather,History + calendar + weather,HistGradientBoosting,
Woodchuck Hollow,2024-07-01,5,3.084291874466423,Known-trail future months with weather,History + calendar + weather,HistGradientBoosting,
Woodland Valley,2024-07-01,12,144.52329832345708,Known-trail future months with weather,History + calendar + weather,HistGradientBoosting,
Alder Lake,2024-08-01,303,253.63208561177686,Known-trail future months with weather,History + calendar + weather,HistGradientBoosting,
Beaverkill Road to BLM FT,2024-08-01,196,234.9440384560625,Known-trail future months with weather,History + calendar + weather,HistGradientBoosting,
Cathedral Glen,2024-08-01,32,14.018983613401238,Known-trail future months with weather,History + calendar + weather,HistGradientBoosting,
Denning,2024-08-01,270,291.7079594281596,Known-trail future months with weather,History + calendar + weather,HistGradientBoosting,
Dry Brook Ridge to Lean-to,2024-08-01,33,30.880672504793324,Known-trail future months with weather,History + calendar + weather,HistGradientBoosting,
Flynn,2024-08-01,25,84.35444325659512,Known-trail future months with weather,History + calendar + weather,HistGradientBoosting,
Fox Hollow,2024-08-01,114,103.18058275452694,Known-trail future months with weather,History + calendar + weather,HistGradientBoosting,
Frick Pond,2024-08-01,192,159.65908242485037,Known-trail future months with weather,History + calendar + weather,HistGradientBoosting,
Hardenburgh- MH Trail,2024-08-01,9,11.976717687836377,Known-trail future months with weather,History + calendar + weather,HistGradientBoosting,
Kelly Hollow,2024-08-01,248,238.93080598710867,Known-trail future months with weather,History + calendar + weather,HistGradientBoosting,
Lane Street,2024-08-01,56,70.8930096271393,Known-trail future months with weather,History + calendar + weather,HistGradientBoosting,
Millbrook to BLM FT,2024-08-01,392,317.3886840177864,Known-trail future months with weather,History + calendar + weather,HistGradientBoosting,
Mt Tremper,2024-08-01,587,124.17012821666034,Known-trail future months with weather,History + calendar + weather,HistGradientBoosting,
Neversink Hardenburgh Trail,2024-08-01,11,29.384395219977822,Known-trail future months with weather,History + calendar + weather,HistGradientBoosting,
Rider Hollow,2024-08-01,150,167.7885674139371,Known-trail future months with weather,History + calendar + weather,HistGradientBoosting,
Rochester Hollow,2024-08-01,261,198.875215209261,Known-trail future months with weather,History + calendar + weather,HistGradientBoosting,
Seager,2024-08-01,63,92.83643594986715,Known-trail future months with weather,History + calendar + weather,HistGradientBoosting,
Slide Mt,2024-08-01,1077,670.9382289028176,Known-trail future months with weather,History + calendar + weather,HistGradientBoosting,
Woodchuck Hollow,2024-08-01,2,2.371261925707811,Known-trail future months with weather,History + calendar + weather,HistGradientBoosting,
Woodland Valley,2024-08-01,9,59.07723344775475,Known-trail future months with weather,History + calendar + weather,HistGradientBoosting,
Alder Lake,2024-09-01,229,199.12362610856192,Known-trail future months with weather,History + calendar + weather,HistGradientBoosting,
Ashokan HP,2024-09-01,127,137.47722840030147,Known-trail future months with weather,History + calendar + weather,HistGradientBoosting,
Beaverkill Road to BLM FT,2024-09-01,203,158.7191754077676,Known-trail future months with weather,History + calendar + weather,HistGradientBoosting,
Cathedral Glen,2024-09-01,6,12.900185740613349,Known-trail future months with weather,History + calendar + weather,HistGradientBoosting,
Denning,2024-09-01,243,227.4335142195042,Known-trail future months with weather,History + calendar + weather,HistGradientBoosting,
Dry Brook Ridge to Lean-to,2024-09-01,14,19.26026375859376,Known-trail future months with weather,History + calendar + weather,HistGradientBoosting,
Flynn,2024-09-01,71,27.16791725339264,Known-trail future months with weather,History + calendar + weather,HistGradientBoosting,
Fox Hollow,2024-09-01,36,81.5420846157429,Known-trail future months with weather,History + calendar + weather,HistGradientBoosting,
Frick Pond,2024-09-01,200,117.2929421813729,Known-trail future months with weather,History + calendar + weather,HistGradientBoosting,
Giant Ledge,2024-09-01,116,262.56517900392265,Known-trail future months with weather,History + calendar + weather,HistGradientBoosting,
Hardenburgh- MH Trail,2024-09-01,13,8.363141235704568,Known-trail future months with weather,History + calendar + weather,HistGradientBoosting,
Kelly Hollow,2024-09-01,125,209.12730065536053,Known-trail future months with weather,History + calendar + weather,HistGradientBoosting,
Lane Street,2024-09-01,39,49.19149237661653,Known-trail future months with weather,History + calendar + weather,HistGradientBoosting,
Millbrook to BLM FT,2024-09-01,347,320.75203532051745,Known-trail future months with weather,History + calendar + weather,HistGradientBoosting,
Neversink Hardenburgh Trail,2024-09-01,17,12.628415095032299,Known-trail future months with weather,History + calendar + weather,HistGradientBoosting,
Overlook,2024-09-01,717,834.6379690247226,Known-trail future months with weather,History + calendar + weather,HistGradientBoosting,
Rider Hollow,2024-09-01,91,136.74973436677104,Known-trail future months with weather,History + calendar + weather,HistGradientBoosting,
Rochester Hollow,2024-09-01,131,186.58426666594943,Known-trail future months with weather,History + calendar + weather,HistGradientBoosting,
Slide Mt,2024-09-01,783,713.5343374396662,Known-trail future months with weather,History + calendar + weather,HistGradientBoosting,
Wittenberg,2024-09-01,414,383.3166478548656,Known-trail future months with weather,History + calendar + weather,HistGradientBoosting,
Woodchuck Hollow,2024-09-01,4,1.1503674025774082,Known-trail future months with weather,History + calendar + weather,HistGradientBoosting,
Woodland Valley,2024-09-01,35,32.62982142892048,Known-trail future months with weather,History + calendar + weather,HistGradientBoosting,
Alder Lake,2024-10-01,17,205.234085777015,Known-trail future months with weather,History + calendar + weather,HistGradientBoosting,
Ashokan HP,2024-10-01,260,159.4343081761018,Known-trail future months with weather,History + calendar + weather,HistGradientBoosting,
Beaverkill Road to BLM FT,2024-10-01,12,190.53067652709427,Known-trail future months with weather,History + calendar + weather,HistGradientBoosting,
Denning,2024-10-01,306,249.22337275208224,Known-trail future months with weather,History + calendar + weather,HistGradientBoosting,
Flynn,2024-10-01,1,45.95162401668504,Known-trail future months with weather,History + calendar + weather,HistGradientBoosting,
Frick Pond,2024-10-01,6,166.87826085497824,Known-trail future months with weather,History + calendar + weather,HistGradientBoosting,
Giant Ledge,2024-10-01,1383,285.445289733165,Known-trail future months with weather,History + calendar + weather,HistGradientBoosting,
Millbrook to BLM FT,2024-10-01,462,348.9199432571425,Known-trail future months with weather,History + calendar + weather,HistGradientBoosting,
Neversink Hardenburgh Trail,2024-10-01,31,13.240712570997097,Known-trail future months with weather,History + calendar + weather,HistGradientBoosting,
Overlook,2024-10-01,1143,901.2726965897664,Known-trail future months with weather,History + calendar + weather,HistGradientBoosting,
Slide Mt,2024-10-01,757,779.4227637324476,Known-trail future months with weather,History + calendar + weather,HistGradientBoosting,
Wittenberg,2024-10-01,638,454.6398093712074,Known-trail future months with weather,History + calendar + weather,HistGradientBoosting,
Woodchuck Hollow,2024-10-01,4,1.9753712340885377,Known-trail future months with weather,History + calendar + weather,HistGradientBoosting,
Woodland Valley,2024-10-01,182,41.01297431590805,Known-trail future months with weather,History + calendar + weather,HistGradientBoosting,
Ashokan HP,2024-11-01,63,122.8520369637655,Known-trail future months with weather,History + calendar + weather,HistGradientBoosting,
Denning,2024-11-01,76,170.24838771691472,Known-trail future months with weather,History + calendar + weather,HistGradientBoosting,
Giant Ledge,2024-11-01,404,295.40736655167143,Known-trail future months with weather,History + calendar + weather,HistGradientBoosting,
Millbrook to BLM FT,2024-11-01,251,187.55809859901962,Known-trail future months with weather,History + calendar + weather,HistGradientBoosting,
Overlook,2024-11-01,843,391.390745979767,Known-trail future months with weather,History + calendar + weather,HistGradientBoosting,
Wittenberg,2024-11-01,289,220.1021937710253,Known-trail future months with weather,History + calendar + weather,HistGradientBoosting,
Woodchuck Hollow,2024-11-01,4,2.2812867424251624,Known-trail future months with weather,History + calendar + weather,HistGradientBoosting,
Woodland Valley,2024-11-01,88,47.2101343032992,Known-trail future months with weather,History + calendar + weather,HistGradientBoosting,
Ashokan HP,2024-12-01,53,58.17225416947349,Known-trail future months with weather,History + calendar + weather,HistGradientBoosting,
Giant Ledge,2024-12-01,235,215.922817827091,Known-trail future months with weather,History + calendar + weather,HistGradientBoosting,
Millbrook to BLM FT,2024-12-01,133,149.94821386091752,Known-trail future months with weather,History + calendar + weather,HistGradientBoosting,
Overlook,2024-12-01,291,269.8651067561039,Known-trail future months with weather,History + calendar + weather,HistGradientBoosting,
Wittenberg,2024-12-01,115,121.19193412385405,Known-trail future months with weather,History + calendar + weather,HistGradientBoosting,
Woodland Valley,2024-12-01,25,25.138706551660125,Known-trail future months with weather,History + calendar + weather,HistGradientBoosting,
Ashokan HP,2025-01-01,35,54.70234585510609,Known-trail future months with weather,History + calendar + weather,HistGradientBoosting,
Giant Ledge,2025-01-01,268,224.93924807066202,Known-trail future months with weather,History + calendar + weather,HistGradientBoosting,
Millbrook to BLM FT,2025-01-01,143,171.47728151141942,Known-trail future months with weather,History + calendar + weather,HistGradientBoosting,
Overlook,2025-01-01,358,204.35298699452832,Known-trail future months with weather,History + calendar + weather,HistGradientBoosting,
Wittenberg,2025-01-01,103,127.62642347581647,Known-trail future months with weather,History + calendar + weather,HistGradientBoosting,
Woodland Valley,2025-01-01,15,15.68205869727658,Known-trail future months with weather,History + calendar + weather,HistGradientBoosting,
Ashokan HP,2025-02-01,27,41.838071027854745,Known-trail future months with weather,History + calendar + weather,HistGradientBoosting,
Giant Ledge,2025-02-01,184,269.3810492823974,Known-trail future months with weather,History + calendar + weather,HistGradientBoosting,
Millbrook to BLM FT,2025-02-01,139,168.51595180772827,Known-trail future months with weather,History + calendar + weather,HistGradientBoosting,
Overlook,2025-02-01,182,321.3203201984689,Known-trail future months with weather,History + calendar + weather,HistGradientBoosting,
Wittenberg,2025-02-01,55,143.65767750675684,Known-trail future months with weather,History + calendar + weather,HistGradientBoosting,
Woodland Valley,2025-02-01,30,24.396749339571173,Known-trail future months with weather,History + calendar + weather,HistGradientBoosting,
Ashokan HP,2025-03-01,83,46.66479861742628,Known-trail future months with weather,History + calendar + weather,HistGradientBoosting,
Giant Ledge,2025-03-01,371,177.56148764377554,Known-trail future months with weather,History + calendar + weather,HistGradientBoosting,
Millbrook to BLM FT,2025-03-01,131,147.85813971773828,Known-trail future months with weather,History + calendar + weather,HistGradientBoosting,
Overlook,2025-03-01,426,251.64945572793405,Known-trail future months with weather,History + calendar + weather,HistGradientBoosting,
Wittenberg,2025-03-01,126,113.1595358498126,Known-trail future months with weather,History + calendar + weather,HistGradientBoosting,
Woodland Valley,2025-03-01,41,23.49989465193049,Known-trail future months with weather,History + calendar + weather,HistGradientBoosting,
Ashokan HP,2025-04-01,89,107.30631047304392,Known-trail future months with weather,History + calendar + weather,HistGradientBoosting,
Giant Ledge,2025-04-01,341,385.2011499410418,Known-trail future months with weather,History + calendar + weather,HistGradientBoosting,
Millbrook to BLM FT,2025-04-01,173,181.38646584681348,Known-trail future months with weather,History + calendar + weather,HistGradientBoosting,
Overlook,2025-04-01,576,531.7159758952139,Known-trail future months with weather,History + calendar + weather,HistGradientBoosting,
Wittenberg,2025-04-01,47,188.19805928687572,Known-trail future months with weather,History + calendar + weather,HistGradientBoosting,
Woodland Valley,2025-04-01,47,56.81647710276766,Known-trail future months with weather,History + calendar + weather,HistGradientBoosting,
Ashokan HP,2025-05-01,72,162.17852732483212,Known-trail future months with weather,History + calendar + weather,HistGradientBoosting,
Giant Ledge,2025-05-01,403,514.7628791401534,Known-trail future months with weather,History + calendar + weather,HistGradientBoosting,
Millbrook to BLM FT,2025-05-01,277,253.47879357130608,Known-trail future months with weather,History + calendar + weather,HistGradientBoosting,
Overlook,2025-05-01,828,862.6971796463945,Known-trail future months with weather,History + calendar + weather,HistGradientBoosting,
Wittenberg,2025-05-01,477,194.60911930982036,Known-trail future months with weather,History + calendar + weather,HistGradientBoosting,
Woodland Valley,2025-05-01,13,59.71353918991672,Known-trail future months with weather,History + calendar + weather,HistGradientBoosting,
Ashokan HP,2025-06-01,160,119.25389727035554,Known-trail future months with weather,History + calendar + weather,HistGradientBoosting,
Giant Ledge,2025-06-01,629,553.8367839569522,Known-trail future months with weather,History + calendar + weather,HistGradientBoosting,
Millbrook to BLM FT,2025-06-01,231,306.86300819294337,Known-trail future months with weather,History + calendar + weather,HistGradientBoosting,
Overlook,2025-06-01,854,771.6512206559892,Known-trail future months with weather,History + calendar + weather,HistGradientBoosting,
Wittenberg,2025-06-01,532,474.5197137726998,Known-trail future months with weather,History + calendar + weather,HistGradientBoosting,
Ashokan HP,2025-07-01,260,174.78807309007803,Known-trail future months with weather,History + calendar + weather,HistGradientBoosting,
Giant Ledge,2025-07-01,400,615.8777850657546,Known-trail future months with weather,History + calendar + weather,HistGradientBoosting,
Millbrook to BLM FT,2025-07-01,340,330.8936502717435,Known-trail future months with weather,History + calendar + weather,HistGradientBoosting,
Overlook,2025-07-01,1038,929.801796602563,Known-trail future months with weather,History + calendar + weather,HistGradientBoosting,
Wittenberg,2025-07-01,587,539.4095124768712,Known-trail future months with weather,History + calendar + weather,HistGradientBoosting,
Ashokan HP,2025-08-01,173,212.37762674328866,Known-trail future months with weather,History + calendar + weather,HistGradientBoosting,
Millbrook to BLM FT,2025-08-01,354,296.91617194274374,Known-trail future months with weather,History + calendar + weather,HistGradientBoosting,
Overlook,2025-08-01,698,880.8970936579195,Known-trail future months with weather,History + calendar + weather,HistGradientBoosting,
Wittenberg,2025-08-01,751,536.5337133043735,Known-trail future months with weather,History + calendar + weather,HistGradientBoosting,
Ashokan HP,2025-09-01,101,148.20884005195458,Known-trail future months with weather,History + calendar + weather,HistGradientBoosting,
Millbrook to BLM FT,2025-09-01,14,272.28468125700755,Known-trail future months with weather,History + calendar + weather,HistGradientBoosting,
Overlook,2025-09-01,27,866.5956520821128,Known-trail future months with weather,History + calendar + weather,HistGradientBoosting,
Wittenberg,2025-09-01,506,484.02902312722046,Known-trail future months with weather,History + calendar + weather,HistGradientBoosting,
Ashokan HP,2025-10-01,117,154.75918182690214,Known-trail future months with weather,History + calendar + weather,HistGradientBoosting,
Overlook,2025-10-01,4,264.06989253155285,Known-trail future months with weather,History + calendar + weather,HistGradientBoosting,
Wittenberg,2025-10-01,589,503.32088941595356,Known-trail future months with weather,History + calendar + weather,HistGradientBoosting,
Peekamoose,2022-12-01,58,46.038744486042006,Known-trail future months with weather,Statewide Strava + calendar + weather,Ridge,
Biscuit Brook,2023-01-01,47,69.23577257546809,Known-trail future months with weather,Statewide Strava + calendar + weather,Ridge,
Peekamoose,2023-01-01,139,66.79514125392849,Known-trail future months with weather,Statewide Strava + calendar + weather,Ridge,
Bangle Hill,2023-02-01,18,14.693155685112648,Known-trail future months with weather,Statewide Strava + calendar + weather,Ridge,
Biscuit Brook,2023-02-01,68,49.1549787062529,Known-trail future months with weather,Statewide Strava + calendar + weather,Ridge,
Peekamoose,2023-02-01,90,53.36015942399891,Known-trail future months with weather,Statewide Strava + calendar + weather,Ridge,
Bangle Hill,2023-03-01,5,15.998138407871242,Known-trail future months with weather,Statewide Strava + calendar + weather,Ridge,
Biscuit Brook,2023-03-01,59,59.07323348175375,Known-trail future months with weather,Statewide Strava + calendar + weather,Ridge,
Peekamoose,2023-03-01,63,57.88054208495844,Known-trail future months with weather,Statewide Strava + calendar + weather,Ridge,
Bangle Hill,2023-04-01,11,27.85540692278304,Known-trail future months with weather,Statewide Strava + calendar + weather,Ridge,
Biscuit Brook,2023-04-01,74,116.47822112265379,Known-trail future months with weather,Statewide Strava + calendar + weather,Ridge,
Peekamoose,2023-04-01,92,98.95341612871975,Known-trail future months with weather,Statewide Strava + calendar + weather,Ridge,
Bangle Hill,2023-05-01,5,39.46877357730584,Known-trail future months with weather,Statewide Strava + calendar + weather,Ridge,
Biscuit Brook,2023-05-01,157,198.79427632311703,Known-trail future months with weather,Statewide Strava + calendar + weather,Ridge,
Peekamoose,2023-05-01,234,139.18142861113594,Known-trail future months with weather,Statewide Strava + calendar + weather,Ridge,
Slide Mt,2023-05-01,691,392.5968266615691,Known-trail future months with weather,Statewide Strava + calendar + weather,Ridge,
Upper Cherrytown Road,2023-05-01,136,222.82866766049088,Known-trail future months with weather,Statewide Strava + calendar + weather,Ridge,
Biscuit Brook,2023-06-01,121,127.01950125924652,Known-trail future months with weather,Statewide Strava + calendar + weather,Ridge,
Peekamoose,2023-06-01,49,135.70479395455723,Known-trail future months with weather,Statewide Strava + calendar + weather,Ridge,
Slide Mt,2023-06-01,587,382.835245674355,Known-trail future months with weather,Statewide Strava + calendar + weather,Ridge,
Upper Cherrytown Road,2023-06-01,143,126.31982178814131,Known-trail future months with weather,Statewide Strava + calendar + weather,Ridge,
Biscuit Brook,2023-07-01,144,120.22260331406724,Known-trail future months with weather,Statewide Strava + calendar + weather,Ridge,
McKenley Hollow,2023-07-01,103,135.9859488442366,Known-trail future months with weather,Statewide Strava + calendar + weather,Ridge,
Red Hill Dinch Road,2023-07-01,291,212.82762549286528,Known-trail future months with weather,Statewide Strava + calendar + weather,Ridge,
Slide Mt,2023-07-01,794,490.06037938458473,Known-trail future months with weather,Statewide Strava + calendar + weather,Ridge,
Upper Cherrytown Road,2023-07-01,329,119.39642042063747,Known-trail future months with weather,Statewide Strava + calendar + weather,Ridge,
Biscuit Brook,2023-08-01,98,133.022791088517,Known-trail future months with weather,Statewide Strava + calendar + weather,Ridge,
McKenley Hollow,2023-08-01,116,130.61727602354435,Known-trail future months with weather,Statewide Strava + calendar + weather,Ridge,
Onteora Lake,2023-08-01,284,255.8094661793854,Known-trail future months with weather,Statewide Strava + calendar + weather,Ridge,
Red Hill Dinch Road,2023-08-01,238,204.44741882946482,Known-trail future months with weather,Statewide Strava + calendar + weather,Ridge,
Slide Mt,2023-08-01,606,470.81502951940575,Known-trail future months with weather,Statewide Strava + calendar + weather,Ridge,
Upper Cherrytown Road,2023-08-01,197,146.47031743971843,Known-trail future months with weather,Statewide Strava + calendar + weather,Ridge,
McKenley Hollow,2023-09-01,119,119.5485354636038,Known-trail future months with weather,Statewide Strava + calendar + weather,Ridge,
Onteora Lake,2023-09-01,311,234.21232148564508,Known-trail future months with weather,Statewide Strava + calendar + weather,Ridge,
Red Hill Dinch Road,2023-09-01,172,187.16971603514475,Known-trail future months with weather,Statewide Strava + calendar + weather,Ridge,
Upper Cherrytown Road,2023-09-01,2,157.08649299732505,Known-trail future months with weather,Statewide Strava + calendar + weather,Ridge,
McKenley Hollow,2023-10-01,119,110.64916201321122,Known-trail future months with weather,Statewide Strava + calendar + weather,Ridge,
Onteora Lake,2023-10-01,418,216.84801024798165,Known-trail future months with weather,Statewide Strava + calendar + weather,Ridge,
Red Hill Dinch Road,2023-10-01,158,173.27827746551839,Known-trail future months with weather,Statewide Strava + calendar + weather,Ridge,
Seager,2023-10-01,41,72.4596489164625,Known-trail future months with weather,Statewide Strava + calendar + weather,Ridge,
Upper Cherrytown Road,2023-10-01,16,164.5179353976235,Known-trail future months with weather,Statewide Strava + calendar + weather,Ridge,
Dry Brook Ridge to Lean-to,2023-11-01,25,21.444767986586367,Known-trail future months with weather,Statewide Strava + calendar + weather,Ridge,
Fox Hollow,2023-11-01,75,56.57731230102641,Known-trail future months with weather,Statewide Strava + calendar + weather,Ridge,
Hardenburgh- MH Trail,2023-11-01,4,8.292846379913508,Known-trail future months with weather,Statewide Strava + calendar + weather,Ridge,
Kelly Hollow,2023-11-01,154,106.9877903083089,Known-trail future months with weather,Statewide Strava + calendar + weather,Ridge,
Lane Street,2023-11-01,57,36.602034009081905,Known-trail future months with weather,Statewide Strava + calendar + weather,Ridge,
McKenley Hollow,2023-11-01,102,63.401134230246534,Known-trail future months with weather,Statewide Strava + calendar + weather,Ridge,
Onteora Lake,2023-11-01,246,124.65843483995225,Known-trail future months with weather,Statewide Strava + calendar + weather,Ridge,
Red Hill Dinch Road,2023-11-01,123,99.52667246302232,Known-trail future months with weather,Statewide Strava + calendar + weather,Ridge,
Rochester Hollow,2023-11-01,150,99.8130732694772,Known-trail future months with weather,Statewide Strava + calendar + weather,Ridge,
Seager,2023-11-01,38,41.37277400985855,Known-trail future months with weather,Statewide Strava + calendar + weather,Ridge,
Upper Cherrytown Road,2023-11-01,1,102.57798817111481,Known-trail future months with weather,Statewide Strava + calendar + weather,Ridge,
Alder Lake,2023-12-01,45,74.76281753283305,Known-trail future months with weather,Statewide Strava + calendar + weather,Ridge,
Beaverkill Road to BLM FT,2023-12-01,84,79.4671768398093,Known-trail future months with weather,Statewide Strava + calendar + weather,Ridge,
Dry Brook Ridge to Lean-to,2023-12-01,12,18.628121081618378,Known-trail future months with weather,Statewide Strava + calendar + weather,Ridge,
Flynn,2023-12-01,8,26.990131880527027,Known-trail future months with weather,Statewide Strava + calendar + weather,Ridge,
Fox Hollow,2023-12-01,59,49.35179949617224,Known-trail future months with weather,Statewide Strava + calendar + weather,Ridge,
Frick Pond,2023-12-01,59,62.646106745317816,Known-trail future months with weather,Statewide Strava + calendar + weather,Ridge,
Hardenburgh- MH Trail,2023-12-01,0,7.126665156299657,Known-trail future months with weather,Statewide Strava + calendar + weather,Ridge,
Kelly Hollow,2023-12-01,112,93.43614764806821,Known-trail future months with weather,Statewide Strava + calendar + weather,Ridge,
Lane Street,2023-12-01,24,31.883266019344735,Known-trail future months with weather,Statewide Strava + calendar + weather,Ridge,
McKenley Hollow,2023-12-01,97,55.319283907068424,Known-trail future months with weather,Statewide Strava + calendar + weather,Ridge,
Mt Tremper,2023-12-01,176,115.1245696367817,Known-trail future months with weather,Statewide Strava + calendar + weather,Ridge,
Neversink Hardenburgh Trail,2023-12-01,10,9.955684644296209,Known-trail future months with weather,Statewide Strava + calendar + weather,Ridge,
Onteora Lake,2023-12-01,216,108.88926129418012,Known-trail future months with weather,Statewide Strava + calendar + weather,Ridge,
Red Hill Dinch Road,2023-12-01,97,86.9113430896504,Known-trail future months with weather,Statewide Strava + calendar + weather,Ridge,
Rider Hollow,2023-12-01,128,89.78483764162932,Known-trail future months with weather,Statewide Strava + calendar + weather,Ridge,
Rochester Hollow,2023-12-01,125,87.16180278298862,Known-trail future months with weather,Statewide Strava + calendar + weather,Ridge,
Seager,2023-12-01,22,36.05531459833324,Known-trail future months with weather,Statewide Strava + calendar + weather,Ridge,
Upper Cherrytown Road,2023-12-01,7,66.97085205971382,Known-trail future months with weather,Statewide Strava + calendar + weather,Ridge,
Alder Lake,2024-01-01,33,59.21782744789775,Known-trail future months with weather,Statewide Strava + calendar + weather,Ridge,
Beaverkill Road to BLM FT,2024-01-01,33,62.95694785320264,Known-trail future months with weather,Statewide Strava + calendar + weather,Ridge,
Cathedral Glen,2024-01-01,6,8.068035234089397,Known-trail future months with weather,Statewide Strava + calendar + weather,Ridge,
Denning,2024-01-01,59,82.07691057564122,Known-trail future months with weather,Statewide Strava + calendar + weather,Ridge,
Dry Brook Ridge to Lean-to,2024-01-01,11,14.600829627371194,Known-trail future months with weather,Statewide Strava + calendar + weather,Ridge,
Flynn,2024-01-01,12,21.247125789573975,Known-trail future months with weather,Statewide Strava + calendar + weather,Ridge,
Fox Hollow,2024-01-01,20,39.02063376850582,Known-trail future months with weather,Statewide Strava + calendar + weather,Ridge,
Frick Pond,2024-01-01,53,49.58721941088177,Known-trail future months with weather,Statewide Strava + calendar + weather,Ridge,
Hardenburgh- MH Trail,2024-01-01,2,5.459238661455786,Known-trail future months with weather,Statewide Strava + calendar + weather,Ridge,
Kelly Hollow,2024-01-01,44,74.05976980662209,Known-trail future months with weather,Statewide Strava + calendar + weather,Ridge,
Lane Street,2024-01-01,13,25.13628826855714,Known-trail future months with weather,Statewide Strava + calendar + weather,Ridge,
McKenley Hollow,2024-01-01,20,43.763711682650644,Known-trail future months with weather,Statewide Strava + calendar + weather,Ridge,
Mt Tremper,2024-01-01,107,91.29816847583143,Known-trail future months with weather,Statewide Strava + calendar + weather,Ridge,
Neversink Hardenburgh Trail,2024-01-01,0,7.707800857563252,Known-trail future months with weather,Statewide Strava + calendar + weather,Ridge,
Red Hill Dinch Road,2024-01-01,79,68.87372251027139,Known-trail future months with weather,Statewide Strava + calendar + weather,Ridge,
Rider Hollow,2024-01-01,118,71.1576343913014,Known-trail future months with weather,Statewide Strava + calendar + weather,Ridge,
Rochester Hollow,2024-01-01,51,69.07279296576974,Known-trail future months with weather,Statewide Strava + calendar + weather,Ridge,
Seager,2024-01-01,24,28.452317286682057,Known-trail future months with weather,Statewide Strava + calendar + weather,Ridge,
Alder Lake,2024-02-01,55,65.19869253724671,Known-trail future months with weather,Statewide Strava + calendar + weather,Ridge,
Beaverkill Road to BLM FT,2024-02-01,81,69.30918427301532,Known-trail future months with weather,Statewide Strava + calendar + weather,Ridge,
Cathedral Glen,2024-02-01,11,8.96867708151369,Known-trail future months with weather,Statewide Strava + calendar + weather,Ridge,
Denning,2024-02-01,111,90.32815136679616,Known-trail future months with weather,Statewide Strava + calendar + weather,Ridge,
Dry Brook Ridge to Lean-to,2024-02-01,22,16.15031191920507,Known-trail future months with weather,Statewide Strava + calendar + weather,Ridge,
Flynn,2024-02-01,13,23.45672157893293,Known-trail future months with weather,Statewide Strava + calendar + weather,Ridge,
Fox Hollow,2024-02-01,67,42.99550336284279,Known-trail future months with weather,Statewide Strava + calendar + weather,Ridge,
Frick Pond,2024-02-01,35,54.61156763738599,Known-trail future months with weather,Statewide Strava + calendar + weather,Ridge,
Hardenburgh- MH Trail,2024-02-01,17,6.100773513364879,Known-trail future months with weather,Statewide Strava + calendar + weather,Ridge,
Kelly Hollow,2024-02-01,70,81.51474412032381,Known-trail future months with weather,Statewide Strava + calendar + weather,Ridge,
Lane Street,2024-02-01,27,27.73215764305136,Known-trail future months with weather,Statewide Strava + calendar + weather,Ridge,
McKenley Hollow,2024-02-01,3,48.20966617518185,Known-trail future months with weather,Statewide Strava + calendar + weather,Ridge,
Mt Tremper,2024-02-01,103,100.46526926713084,Known-trail future months with weather,Statewide Strava + calendar + weather,Ridge,
Neversink Hardenburgh Trail,2024-02-01,1,8.5726640444503,Known-trail future months with weather,Statewide Strava + calendar + weather,Ridge,
Red Hill Dinch Road,2024-02-01,100,75.81361598261772,Known-trail future months with weather,Statewide Strava + calendar + weather,Ridge,
Rider Hollow,2024-02-01,189,78.32436714721732,Known-trail future months with weather,Statewide Strava + calendar + weather,Ridge,
Rochester Hollow,2024-02-01,89,76.03245821647583,Known-trail future months with weather,Statewide Strava + calendar + weather,Ridge,
Seager,2024-02-01,31,31.37753634100208,Known-trail future months with weather,Statewide Strava + calendar + weather,Ridge,
Alder Lake,2024-03-01,63,95.46487182617619,Known-trail future months with weather,Statewide Strava + calendar + weather,Ridge,
Beaverkill Road to BLM FT,2024-03-01,82,101.45468889409447,Known-trail future months with weather,Statewide Strava + calendar + weather,Ridge,
Cathedral Glen,2024-03-01,10,13.526376882801689,Known-trail future months with weather,Statewide Strava + calendar + weather,Ridge,
Denning,2024-03-01,204,132.0835712618142,Known-trail future months with weather,Statewide Strava + calendar + weather,Ridge,
Dry Brook Ridge to Lean-to,2024-03-01,10,23.99147003748161,Known-trail future months with weather,Statewide Strava + calendar + weather,Ridge,
Flynn,2024-03-01,12,34.63838532117274,Known-trail future months with weather,Statewide Strava + calendar + weather,Ridge,
Fox Hollow,2024-03-01,40,63.11033859070298,Known-trail future months with weather,Statewide Strava + calendar + weather,Ridge,
Frick Pond,2024-03-01,45,80.03729150201553,Known-trail future months with weather,Statewide Strava + calendar + weather,Ridge,
Hardenburgh- MH Trail,2024-03-01,4,9.347261865452221,Known-trail future months with weather,Statewide Strava + calendar + weather,Ridge,
Kelly Hollow,2024-03-01,96,119.24065597456,Known-trail future months with weather,Statewide Strava + calendar + weather,Ridge,
Lane Street,2024-03-01,28,40.86855960587092,Known-trail future months with weather,Statewide Strava + calendar + weather,Ridge,
McKenley Hollow,2024-03-01,7,70.70842743649246,Known-trail future months with weather,Statewide Strava + calendar + weather,Ridge,
Mt Tremper,2024-03-01,123,146.85540045454968,Known-trail future months with weather,Statewide Strava + calendar + weather,Ridge,
Neversink Hardenburgh Trail,2024-03-01,4,12.949305865268826,Known-trail future months with weather,Statewide Strava + calendar + weather,Ridge,
Red Hill Dinch Road,2024-03-01,21,110.93296024840969,Known-trail future months with weather,Statewide Strava + calendar + weather,Ridge,
Rider Hollow,2024-03-01,166,114.59163204384211,Known-trail future months with weather,Statewide Strava + calendar + weather,Ridge,
Rochester Hollow,2024-03-01,117,111.25185760468912,Known-trail future months with weather,Statewide Strava + calendar + weather,Ridge,
Seager,2024-03-01,15,46.180612992088996,Known-trail future months with weather,Statewide Strava + calendar + weather,Ridge,
Woodchuck Hollow,2024-03-01,1,7.548279832225415,Known-trail future months with weather,Statewide Strava + calendar + weather,Ridge,
Alder Lake,2024-04-01,127,105.05261935990166,Known-trail future months with weather,Statewide Strava + calendar + weather,Ridge,
Beaverkill Road to BLM FT,2024-04-01,110,111.63777079911195,Known-trail future months with weather,Statewide Strava + calendar + weather,Ridge,
Cathedral Glen,2024-04-01,21,14.970169130647255,Known-trail future months with weather,Statewide Strava + calendar + weather,Ridge,
Denning,2024-04-01,233,145.31089078227197,Known-trail future months with weather,Statewide Strava + calendar + weather,Ridge,
Dry Brook Ridge to Lean-to,2024-04-01,13,26.47539916815836,Known-trail future months with weather,Statewide Strava + calendar + weather,Ridge,
Flynn,2024-04-01,18,38.18052283196257,Known-trail future months with weather,Statewide Strava + calendar + weather,Ridge,
Fox Hollow,2024-04-01,48,69.48233421017493,Known-trail future months with weather,Statewide Strava + calendar + weather,Ridge,
Frick Pond,2024-04-01,70,88.09167520698001,Known-trail future months with weather,Statewide Strava + calendar + weather,Ridge,
Hardenburgh- MH Trail,2024-04-01,1,10.375687369505817,Known-trail future months with weather,Statewide Strava + calendar + weather,Ridge,
Kelly Hollow,2024-04-01,127,131.1915043087698,Known-trail future months with weather,Statewide Strava + calendar + weather,Ridge,
Lane Street,2024-04-01,36,45.02992085066862,Known-trail future months with weather,Statewide Strava + calendar + weather,Ridge,
Mt Tremper,2024-04-01,64,161.55090799236643,Known-trail future months with weather,Statewide Strava + calendar + weather,Ridge,
Neversink Hardenburgh Trail,2024-04-01,4,14.335742402995317,Known-trail future months with weather,Statewide Strava + calendar + weather,Ridge,
Rider Hollow,2024-04-01,103,126.080408881121,Known-trail future months with weather,Statewide Strava + calendar + weather,Ridge,
Rochester Hollow,2024-04-01,99,122.40869066247603,Known-trail future months with weather,Statewide Strava + calendar + weather,Ridge,
Seager,2024-04-01,40,50.869944945690456,Known-trail future months with weather,Statewide Strava + calendar + weather,Ridge,
Alder Lake,2024-05-01,147,160.59371135640265,Known-trail future months with weather,Statewide Strava + calendar + weather,Ridge,
Beaverkill Road to BLM FT,2024-05-01,189,170.62758951357233,Known-trail future months with weather,Statewide Strava + calendar + weather,Ridge,
Cathedral Glen,2024-05-01,19,23.333947774103695,Known-trail future months with weather,Statewide Strava + calendar + weather,Ridge,
Denning,2024-05-01,260,221.9357463876839,Known-trail future months with weather,Statewide Strava + calendar + weather,Ridge,
Dry Brook Ridge to Lean-to,2024-05-01,17,40.8646116369289,Known-trail future months with weather,Statewide Strava + calendar + weather,Ridge,
Flynn,2024-05-01,24,58.699855934864104,Known-trail future months with weather,Statewide Strava + calendar + weather,Ridge,
Fox Hollow,2024-05-01,71,106.39482003205359,Known-trail future months with weather,Statewide Strava + calendar + weather,Ridge,
Frick Pond,2024-05-01,125,134.75010720667282,Known-trail future months with weather,Statewide Strava + calendar + weather,Ridge,
Hardenburgh- MH Trail,2024-05-01,23,16.3332780686003,Known-trail future months with weather,Statewide Strava + calendar + weather,Ridge,
Kelly Hollow,2024-05-01,182,200.42185945024104,Known-trail future months with weather,Statewide Strava + calendar + weather,Ridge,
Lane Street,2024-05-01,54,69.13636993216366,Known-trail future months with weather,Statewide Strava + calendar + weather,Ridge,
Mt Tremper,2024-05-01,19,246.6808650779185,Known-trail future months with weather,Statewide Strava + calendar + weather,Ridge,
Neversink Hardenburgh Trail,2024-05-01,34,22.36726378153712,Known-trail future months with weather,Statewide Strava + calendar + weather,Ridge,
Rider Hollow,2024-05-01,98,192.63401899674244,Known-trail future months with weather,Statewide Strava + calendar + weather,Ridge,
Rochester Hollow,2024-05-01,182,187.0393757188406,Known-trail future months with weather,Statewide Strava + calendar + weather,Ridge,
Seager,2024-05-01,53,78.0348881735925,Known-trail future months with weather,Statewide Strava + calendar + weather,Ridge,
Woodchuck Hollow,2024-05-01,1,13.31970247461166,Known-trail future months with weather,Statewide Strava + calendar + weather,Ridge,
Woodland Valley,2024-05-01,99,103.82460881259368,Known-trail future months with weather,Statewide Strava + calendar + weather,Ridge,
Alder Lake,2024-06-01,168,218.37428690471197,Known-trail future months with weather,Statewide Strava + calendar + weather,Ridge,
Beaverkill Road to BLM FT,2024-06-01,190,231.99594858412618,Known-trail future months with weather,Statewide Strava + calendar + weather,Ridge,
Cathedral Glen,2024-06-01,30,32.03496402002147,Known-trail future months with weather,Statewide Strava + calendar + weather,Ridge,
Denning,2024-06-01,281,301.6502082219186,Known-trail future months with weather,Statewide Strava + calendar + weather,Ridge,
Dry Brook Ridge to Lean-to,2024-06-01,20,55.83401443845904,Known-trail future months with weather,Statewide Strava + calendar + weather,Ridge,
Flynn,2024-06-01,30,80.04655319871719,Known-trail future months with weather,Statewide Strava + calendar + weather,Ridge,
Fox Hollow,2024-06-01,64,144.7956616259011,Known-trail future months with weather,Statewide Strava + calendar + weather,Ridge,
Frick Pond,2024-06-01,131,183.28986323620373,Known-trail future months with weather,Statewide Strava + calendar + weather,Ridge,
Hardenburgh- MH Trail,2024-06-01,17,22.531085981642757,Known-trail future months with weather,Statewide Strava + calendar + weather,Ridge,
Kelly Hollow,2024-06-01,156,272.44366567868263,Known-trail future months with weather,Statewide Strava + calendar + weather,Ridge,
Lane Street,2024-06-01,71,94.2148200001339,Known-trail future months with weather,Statewide Strava + calendar + weather,Ridge,
Mt Tremper,2024-06-01,22,335.243364301303,Known-trail future months with weather,Statewide Strava + calendar + weather,Ridge,
Neversink Hardenburgh Trail,2024-06-01,13,30.722625750472282,Known-trail future months with weather,Statewide Strava + calendar + weather,Ridge,
Rider Hollow,2024-06-01,93,261.87115062427034,Known-trail future months with weather,Statewide Strava + calendar + weather,Ridge,
Rochester Hollow,2024-06-01,113,254.27604763867802,Known-trail future months with weather,Statewide Strava + calendar + weather,Ridge,
Seager,2024-06-01,73,106.29515454617673,Known-trail future months with weather,Statewide Strava + calendar + weather,Ridge,
Slide Mt,2024-06-01,593,583.5822194852491,Known-trail future months with weather,Statewide Strava + calendar + weather,Ridge,
Woodland Valley,2024-06-01,70,141.30642773968918,Known-trail future months with weather,Statewide Strava + calendar + weather,Ridge,
Alder Lake,2024-07-01,299,209.80220259925974,Known-trail future months with weather,Statewide Strava + calendar + weather,Ridge,
Beaverkill Road to BLM FT,2024-07-01,193,222.89159573460836,Known-trail future months with weather,Statewide Strava + calendar + weather,Ridge,
Cathedral Glen,2024-07-01,6,30.744117674249868,Known-trail future months with weather,Statewide Strava + calendar + weather,Ridge,
Denning,2024-07-01,293,289.8241043674236,Known-trail future months with weather,Statewide Strava + calendar + weather,Ridge,
Dry Brook Ridge to Lean-to,2024-07-01,46,53.613216504217306,Known-trail future months with weather,Statewide Strava + calendar + weather,Ridge,
Flynn,2024-07-01,64,76.87964655487941,Known-trail future months with weather,Statewide Strava + calendar + weather,Ridge,
Fox Hollow,2024-07-01,98,139.0986735218703,Known-trail future months with weather,Statewide Strava + calendar + weather,Ridge,
Frick Pond,2024-07-01,209,176.08870823034314,Known-trail future months with weather,Statewide Strava + calendar + weather,Ridge,
Giant Ledge,2024-07-01,150,635.0684441525411,Known-trail future months with weather,Statewide Strava + calendar + weather,Ridge,
Hardenburgh- MH Trail,2024-07-01,16,21.61160514512568,Known-trail future months with weather,Statewide Strava + calendar + weather,Ridge,
Kelly Hollow,2024-07-01,215,261.75881200662195,Known-trail future months with weather,Statewide Strava + calendar + weather,Ridge,
Lane Street,2024-07-01,81,90.49428613226044,Known-trail future months with weather,Statewide Strava + calendar + weather,Ridge,
Mt Tremper,2024-07-01,35,322.1046026596911,Known-trail future months with weather,Statewide Strava + calendar + weather,Ridge,
Neversink Hardenburgh Trail,2024-07-01,21,29.48305922624482,Known-trail future months with weather,Statewide Strava + calendar + weather,Ridge,
Rider Hollow,2024-07-01,128,251.5994196187075,Known-trail future months with weather,Statewide Strava + calendar + weather,Ridge,
Rochester Hollow,2024-07-01,229,244.3010964609594,Known-trail future months with weather,Statewide Strava + calendar + weather,Ridge,
Seager,2024-07-01,78,102.10257973117193,Known-trail future months with weather,Statewide Strava + calendar + weather,Ridge,
Slide Mt,2024-07-01,868,560.7395785376686,Known-trail future months with weather,Statewide Strava + calendar + weather,Ridge,
Woodchuck Hollow,2024-07-01,5,17.680335991271882,Known-trail future months with weather,Statewide Strava + calendar + weather,Ridge,
Woodland Valley,2024-07-01,12,135.7457819912556,Known-trail future months with weather,Statewide Strava + calendar + weather,Ridge,
Alder Lake,2024-08-01,303,195.83574691304767,Known-trail future months with weather,Statewide Strava + calendar + weather,Ridge,
Beaverkill Road to BLM FT,2024-08-01,196,208.05791747230288,Known-trail future months with weather,Statewide Strava + calendar + weather,Ridge,
Cathedral Glen,2024-08-01,32,28.640947938219465,Known-trail future months with weather,Statewide Strava + calendar + weather,Ridge,
Denning,2024-08-01,270,270.55589029732926,Known-trail future months with weather,Statewide Strava + calendar + weather,Ridge,
Dry Brook Ridge to Lean-to,2024-08-01,33,49.994881122600475,Known-trail future months with weather,Statewide Strava + calendar + weather,Ridge,
Flynn,2024-08-01,25,71.71982080801884,Known-trail future months with weather,Statewide Strava + calendar + weather,Ridge,
Fox Hollow,2024-08-01,114,129.81659823369128,Known-trail future months with weather,Statewide Strava + calendar + weather,Ridge,
Frick Pond,2024-08-01,192,164.35590105123867,Known-trail future months with weather,Statewide Strava + calendar + weather,Ridge,
Hardenburgh- MH Trail,2024-08-01,9,20.113499445282145,Known-trail future months with weather,Statewide Strava + calendar + weather,Ridge,
Kelly Hollow,2024-08-01,248,244.3500313639044,Known-trail future months with weather,Statewide Strava + calendar + weather,Ridge,
Lane Street,2024-08-01,56,84.43243821486914,Known-trail future months with weather,Statewide Strava + calendar + weather,Ridge,
Millbrook to BLM FT,2024-08-01,392,322.3161595051112,Known-trail future months with weather,Statewide Strava + calendar + weather,Ridge,
Mt Tremper,2024-08-01,587,300.6976815771996,Known-trail future months with weather,Statewide Strava + calendar + weather,Ridge,
Neversink Hardenburgh Trail,2024-08-01,11,27.46343945655546,Known-trail future months with weather,Statewide Strava + calendar + weather,Ridge,
Rider Hollow,2024-08-01,150,234.8637377474216,Known-trail future months with weather,Statewide Strava + calendar + weather,Ridge,
Rochester Hollow,2024-08-01,261,228.04895653425234,Known-trail future months with weather,Statewide Strava + calendar + weather,Ridge,
Seager,2024-08-01,63,95.27163777139083,Known-trail future months with weather,Statewide Strava + calendar + weather,Ridge,
Slide Mt,2024-08-01,1077,523.5221736239624,Known-trail future months with weather,Statewide Strava + calendar + weather,Ridge,
Woodchuck Hollow,2024-08-01,2,16.44269197423272,Known-trail future months with weather,Statewide Strava + calendar + weather,Ridge,
Woodland Valley,2024-08-01,9,126.68584864659331,Known-trail future months with weather,Statewide Strava + calendar + weather,Ridge,
Alder Lake,2024-09-01,229,186.87770258627148,Known-trail future months with weather,Statewide Strava + calendar + weather,Ridge,
Ashokan HP,2024-09-01,127,226.90155951792406,Known-trail future months with weather,Statewide Strava + calendar + weather,Ridge,
Beaverkill Road to BLM FT,2024-09-01,203,198.54363909070537,Known-trail future months with weather,Statewide Strava + calendar + weather,Ridge,
Cathedral Glen,2024-09-01,6,27.291980945778132,Known-trail future months with weather,Statewide Strava + calendar + weather,Ridge,
Denning,2024-09-01,243,258.19731346039276,Known-trail future months with weather,Statewide Strava + calendar + weather,Ridge,
Dry Brook Ridge to Lean-to,2024-09-01,14,47.674091262531306,Known-trail future months with weather,Statewide Strava + calendar + weather,Ridge,
Flynn,2024-09-01,71,68.41032348118807,Known-trail future months with weather,Statewide Strava + calendar + weather,Ridge,
Fox Hollow,2024-09-01,36,123.86310196061255,Known-trail future months with weather,Statewide Strava + calendar + weather,Ridge,
Frick Pond,2024-09-01,200,156.83051242370757,Known-trail future months with weather,Statewide Strava + calendar + weather,Ridge,
Giant Ledge,2024-09-01,116,565.8967235706825,Known-trail future months with weather,Statewide Strava + calendar + weather,Ridge,
Hardenburgh- MH Trail,2024-09-01,13,19.152618777566058,Known-trail future months with weather,Statewide Strava + calendar + weather,Ridge,
Kelly Hollow,2024-09-01,125,233.18408975521515,Known-trail future months with weather,Statewide Strava + calendar + weather,Ridge,
Lane Street,2024-09-01,39,80.54438647388402,Known-trail future months with weather,Statewide Strava + calendar + weather,Ridge,
Millbrook to BLM FT,2024-09-01,347,307.6019598039296,Known-trail future months with weather,Statewide Strava + calendar + weather,Ridge,
Neversink Hardenburgh Trail,2024-09-01,17,26.16806117114181,Known-trail future months with weather,Statewide Strava + calendar + weather,Ridge,
Overlook,2024-09-01,717,653.4797773827697,Known-trail future months with weather,Statewide Strava + calendar + weather,Ridge,
Rider Hollow,2024-09-01,91,224.12951974608507,Known-trail future months with weather,Statewide Strava + calendar + weather,Ridge,
Rochester Hollow,2024-09-01,131,217.62488093917224,Known-trail future months with weather,Statewide Strava + calendar + weather,Ridge,
Slide Mt,2024-09-01,783,499.65103763677763,Known-trail future months with weather,Statewide Strava + calendar + weather,Ridge,
Wittenberg,2024-09-01,414,347.3467556568932,Known-trail future months with weather,Statewide Strava + calendar + weather,Ridge,
Woodchuck Hollow,2024-09-01,4,15.648870677369887,Known-trail future months with weather,Statewide Strava + calendar + weather,Ridge,
Woodland Valley,2024-09-01,35,120.87483357429794,Known-trail future months with weather,Statewide Strava + calendar + weather,Ridge,
Alder Lake,2024-10-01,17,143.4530767186543,Known-trail future months with weather,Statewide Strava + calendar + weather,Ridge,
Ashokan HP,2024-10-01,260,202.38682677149282,Known-trail future months with weather,Statewide Strava + calendar + weather,Ridge,
Beaverkill Road to BLM FT,2024-10-01,12,152.42263722355827,Known-trail future months with weather,Statewide Strava + calendar + weather,Ridge,
Denning,2024-10-01,306,198.2884141712894,Known-trail future months with weather,Statewide Strava + calendar + weather,Ridge,
Flynn,2024-10-01,1,52.36734825299768,Known-trail future months with weather,Statewide Strava + calendar + weather,Ridge,
Frick Pond,2024-10-01,6,120.35076598148864,Known-trail future months with weather,Statewide Strava + calendar + weather,Ridge,
Giant Ledge,2024-10-01,1383,434.86851858541576,Known-trail future months with weather,Statewide Strava + calendar + weather,Ridge,
Millbrook to BLM FT,2024-10-01,462,236.2740456234509,Known-trail future months with weather,Statewide Strava + calendar + weather,Ridge,
Neversink Hardenburgh Trail,2024-10-01,31,19.888641763383003,Known-trail future months with weather,Statewide Strava + calendar + weather,Ridge,
Overlook,2024-10-01,1143,502.2082902422574,Known-trail future months with weather,Statewide Strava + calendar + weather,Ridge,
Slide Mt,2024-10-01,757,383.9343575819509,Known-trail future months with weather,Statewide Strava + calendar + weather,Ridge,
Wittenberg,2024-10-01,638,266.8325310928965,Known-trail future months with weather,Statewide Strava + calendar + weather,Ridge,
Woodchuck Hollow,2024-10-01,4,11.800777101969947,Known-trail future months with weather,Statewide Strava + calendar + weather,Ridge,
Woodland Valley,2024-10-01,182,92.70560977717493,Known-trail future months with weather,Statewide Strava + calendar + weather,Ridge,
Ashokan HP,2024-11-01,63,230.1911846372067,Known-trail future months with weather,Statewide Strava + calendar + weather,Ridge,
Denning,2024-11-01,76,226.7860225058411,Known-trail future months with weather,Statewide Strava + calendar + weather,Ridge,
Giant Ledge,2024-11-01,404,497.196328155582,Known-trail future months with weather,Statewide Strava + calendar + weather,Ridge,
Millbrook to BLM FT,2024-11-01,251,270.2034782412442,Known-trail future months with weather,Statewide Strava + calendar + weather,Ridge,
Overlook,2024-11-01,843,574.1654726286748,Known-trail future months with weather,Statewide Strava + calendar + weather,Ridge,
Wittenberg,2024-11-01,289,305.13172977976427,Known-trail future months with weather,Statewide Strava + calendar + weather,Ridge,
Woodchuck Hollow,2024-11-01,4,13.631247446905805,Known-trail future months with weather,Statewide Strava + calendar + weather,Ridge,
Woodland Valley,2024-11-01,88,106.10521344849052,Known-trail future months with weather,Statewide Strava + calendar + weather,Ridge,
Ashokan HP,2024-12-01,53,52.890460740424366,Known-trail future months with weather,Statewide Strava + calendar + weather,Ridge,
Giant Ledge,2024-12-01,235,176.26990058294913,Known-trail future months with weather,Statewide Strava + calendar + weather,Ridge,
Millbrook to BLM FT,2024-12-01,133,95.50053785735977,Known-trail future months with weather,Statewide Strava + calendar + weather,Ridge,
Overlook,2024-12-01,291,203.6573216007107,Known-trail future months with weather,Statewide Strava + calendar + weather,Ridge,
Wittenberg,2024-12-01,115,107.92882632085094,Known-trail future months with weather,Statewide Strava + calendar + weather,Ridge,
Woodland Valley,2024-12-01,25,37.110538891808424,Known-trail future months with weather,Statewide Strava + calendar + weather,Ridge,
Ashokan HP,2025-01-01,35,75.25590188257404,Known-trail future months with weather,Statewide Strava + calendar + weather,Ridge,
Giant Ledge,2025-01-01,268,215.47260368029973,Known-trail future months with weather,Statewide Strava + calendar + weather,Ridge,
Millbrook to BLM FT,2025-01-01,143,116.84134033942884,Known-trail future months with weather,Statewide Strava + calendar + weather,Ridge,
Overlook,2025-01-01,358,248.91667013663113,Known-trail future months with weather,Statewide Strava + calendar + weather,Ridge,
Wittenberg,2025-01-01,103,132.01810725888038,Known-trail future months with weather,Statewide Strava + calendar + weather,Ridge,
Woodland Valley,2025-01-01,15,45.53856946068951,Known-trail future months with weather,Statewide Strava + calendar + weather,Ridge,
Ashokan HP,2025-02-01,27,56.895006371995834,Known-trail future months with weather,Statewide Strava + calendar + weather,Ridge,
Giant Ledge,2025-02-01,184,174.7168483556014,Known-trail future months with weather,Statewide Strava + calendar + weather,Ridge,
Millbrook to BLM FT,2025-02-01,139,94.65510174684826,Known-trail future months with weather,Statewide Strava + calendar + weather,Ridge,
Overlook,2025-02-01,182,201.86432962570657,Known-trail future months with weather,Statewide Strava + calendar + weather,Ridge,
Wittenberg,2025-02-01,55,106.97450663215233,Known-trail future months with weather,Statewide Strava + calendar + weather,Ridge,
Woodland Valley,2025-02-01,30,36.77665447535249,Known-trail future months with weather,Statewide Strava + calendar + weather,Ridge,
Ashokan HP,2025-03-01,83,139.11394737737842,Known-trail future months with weather,Statewide Strava + calendar + weather,Ridge,
Giant Ledge,2025-03-01,371,332.6846128962114,Known-trail future months with weather,Statewide Strava + calendar + weather,Ridge,
Millbrook to BLM FT,2025-03-01,131,180.64812251441262,Known-trail future months with weather,Statewide Strava + calendar + weather,Ridge,
Overlook,2025-03-01,426,384.23741994627835,Known-trail future months with weather,Statewide Strava + calendar + weather,Ridge,
Wittenberg,2025-03-01,126,204.0425544583847,Known-trail future months with weather,Statewide Strava + calendar + weather,Ridge,
Woodland Valley,2025-03-01,41,70.73750521413842,Known-trail future months with weather,Statewide Strava + calendar + weather,Ridge,
Ashokan HP,2025-04-01,89,111.8904356574451,Known-trail future months with weather,Statewide Strava + calendar + weather,Ridge,
Giant Ledge,2025-04-01,341,287.2129658058017,Known-trail future months with weather,Statewide Strava + calendar + weather,Ridge,
Millbrook to BLM FT,2025-04-01,173,155.89469067373017,Known-trail future months with weather,Statewide Strava + calendar + weather,Ridge,
Overlook,2025-04-01,576,331.74060310544365,Known-trail future months with weather,Statewide Strava + calendar + weather,Ridge,
Wittenberg,2025-04-01,47,176.10113218564783,Known-trail future months with weather,Statewide Strava + calendar + weather,Ridge,
Woodland Valley,2025-04-01,47,60.961739733281924,Known-trail future months with weather,Statewide Strava + calendar + weather,Ridge,
Ashokan HP,2025-05-01,72,133.04453815763108,Known-trail future months with weather,Statewide Strava + calendar + weather,Ridge,
Giant Ledge,2025-05-01,403,592.5815510846124,Known-trail future months with weather,Statewide Strava + calendar + weather,Ridge,
Millbrook to BLM FT,2025-05-01,277,322.12839773420956,Known-trail future months with weather,Statewide Strava + calendar + weather,Ridge,
Overlook,2025-05-01,828,684.287293539876,Known-trail future months with weather,Statewide Strava + calendar + weather,Ridge,
Wittenberg,2025-05-01,477,363.74405114872764,Known-trail future months with weather,Statewide Strava + calendar + weather,Ridge,
Woodland Valley,2025-05-01,13,126.61169670473647,Known-trail future months with weather,Statewide Strava + calendar + weather,Ridge,
Ashokan HP,2025-06-01,160,203.88019602291237,Known-trail future months with weather,Statewide Strava + calendar + weather,Ridge,
Giant Ledge,2025-06-01,629,607.8223474902065,Known-trail future months with weather,Statewide Strava + calendar + weather,Ridge,
Millbrook to BLM FT,2025-06-01,231,330.42504056910616,Known-trail future months with weather,Statewide Strava + calendar + weather,Ridge,
Overlook,2025-06-01,854,701.8827260480091,Known-trail future months with weather,Statewide Strava + calendar + weather,Ridge,
Wittenberg,2025-06-01,532,373.1092172553086,Known-trail future months with weather,Statewide Strava + calendar + weather,Ridge,
Ashokan HP,2025-07-01,260,272.7189350789611,Known-trail future months with weather,Statewide Strava + calendar + weather,Ridge,
Giant Ledge,2025-07-01,400,855.2739737551302,Known-trail future months with weather,Statewide Strava + calendar + weather,Ridge,
Millbrook to BLM FT,2025-07-01,340,465.1304527666485,Known-trail future months with weather,Statewide Strava + calendar + weather,Ridge,
Overlook,2025-07-01,1038,987.5645416894766,Known-trail future months with weather,Statewide Strava + calendar + weather,Ridge,
Wittenberg,2025-07-01,587,525.1633174245093,Known-trail future months with weather,Statewide Strava + calendar + weather,Ridge,
Ashokan HP,2025-08-01,173,394.9957149653128,Known-trail future months with weather,Statewide Strava + calendar + weather,Ridge,
Millbrook to BLM FT,2025-08-01,354,556.3005849955293,Known-trail future months with weather,Statewide Strava + calendar + weather,Ridge,
Overlook,2025-08-01,698,1180.917195324684,Known-trail future months with weather,Statewide Strava + calendar + weather,Ridge,
Wittenberg,2025-08-01,751,628.0752360491299,Known-trail future months with weather,Statewide Strava + calendar + weather,Ridge,
Ashokan HP,2025-09-01,101,218.5978389948852,Known-trail future months with weather,Statewide Strava + calendar + weather,Ridge,
Millbrook to BLM FT,2025-09-01,14,328.4080488952488,Known-trail future months with weather,Statewide Strava + calendar + weather,Ridge,
Overlook,2025-09-01,27,697.6051114063918,Known-trail future months with weather,Statewide Strava + calendar + weather,Ridge,
Wittenberg,2025-09-01,506,370.8324575541661,Known-trail future months with weather,Statewide Strava + calendar + weather,Ridge,
Ashokan HP,2025-10-01,117,228.62503802485398,Known-trail future months with weather,Statewide Strava + calendar + weather,Ridge,
Overlook,2025-10-01,4,655.7627807425331,Known-trail future months with weather,Statewide Strava + calendar + weather,Ridge,
Wittenberg,2025-10-01,589,348.5618838258756,Known-trail future months with weather,Statewide Strava + calendar + weather,Ridge,
Peekamoose,2022-12-01,58,66.88168521602208,Known-trail future months with weather,Statewide Strava + calendar + weather,Random Forest,
Biscuit Brook,2023-01-01,47,74.959068721952,Known-trail future months with weather,Statewide Strava + calendar + weather,Random Forest,
Peekamoose,2023-01-01,139,74.6761053644831,Known-trail future months with weather,Statewide Strava + calendar + weather,Random Forest,
Bangle Hill,2023-02-01,18,72.54483863194575,Known-trail future months with weather,Statewide Strava + calendar + weather,Random Forest,
Biscuit Brook,2023-02-01,68,74.75666042901594,Known-trail future months with weather,Statewide Strava + calendar + weather,Random Forest,
Peekamoose,2023-02-01,90,74.44608279837034,Known-trail future months with weather,Statewide Strava + calendar + weather,Random Forest,
Bangle Hill,2023-03-01,5,69.48463102921873,Known-trail future months with weather,Statewide Strava + calendar + weather,Random Forest,
Biscuit Brook,2023-03-01,59,78.26563782287528,Known-trail future months with weather,Statewide Strava + calendar + weather,Random Forest,
Peekamoose,2023-03-01,63,78.1504946911544,Known-trail future months with weather,Statewide Strava + calendar + weather,Random Forest,
Bangle Hill,2023-04-01,11,77.97503605451011,Known-trail future months with weather,Statewide Strava + calendar + weather,Random Forest,
Biscuit Brook,2023-04-01,74,163.88615424504013,Known-trail future months with weather,Statewide Strava + calendar + weather,Random Forest,
Peekamoose,2023-04-01,92,163.61059874239314,Known-trail future months with weather,Statewide Strava + calendar + weather,Random Forest,
Bangle Hill,2023-05-01,5,82.02249849617732,Known-trail future months with weather,Statewide Strava + calendar + weather,Random Forest,
Biscuit Brook,2023-05-01,157,174.63533713960067,Known-trail future months with weather,Statewide Strava + calendar + weather,Random Forest,
Peekamoose,2023-05-01,234,174.63533713960067,Known-trail future months with weather,Statewide Strava + calendar + weather,Random Forest,
Slide Mt,2023-05-01,691,347.424037040088,Known-trail future months with weather,Statewide Strava + calendar + weather,Random Forest,
Upper Cherrytown Road,2023-05-01,136,174.63533713960067,Known-trail future months with weather,Statewide Strava + calendar + weather,Random Forest,
Biscuit Brook,2023-06-01,121,174.73875922734445,Known-trail future months with weather,Statewide Strava + calendar + weather,Random Forest,
Peekamoose,2023-06-01,49,174.73875922734445,Known-trail future months with weather,Statewide Strava + calendar + weather,Random Forest,
Slide Mt,2023-06-01,587,349.8809838889098,Known-trail future months with weather,Statewide Strava + calendar + weather,Random Forest,
Upper Cherrytown Road,2023-06-01,143,174.73875922734445,Known-trail future months with weather,Statewide Strava + calendar + weather,Random Forest,
Biscuit Brook,2023-07-01,144,175.22702777407991,Known-trail future months with weather,Statewide Strava + calendar + weather,Random Forest,
McKenley Hollow,2023-07-01,103,174.14170211433319,Known-trail future months with weather,Statewide Strava + calendar + weather,Random Forest,
Red Hill Dinch Road,2023-07-01,291,175.22702777407991,Known-trail future months with weather,Statewide Strava + calendar + weather,Random Forest,
Slide Mt,2023-07-01,794,364.3071846970852,Known-trail future months with weather,Statewide Strava + calendar + weather,Random Forest,
Upper Cherrytown Road,2023-07-01,329,175.22702777407991,Known-trail future months with weather,Statewide Strava + calendar + weather,Random Forest,
Biscuit Brook,2023-08-01,98,175.22702777407991,Known-trail future months with weather,Statewide Strava + calendar + weather,Random Forest,
McKenley Hollow,2023-08-01,116,174.14170211433319,Known-trail future months with weather,Statewide Strava + calendar + weather,Random Forest,
Onteora Lake,2023-08-01,284,175.22702777407991,Known-trail future months with weather,Statewide Strava + calendar + weather,Random Forest,
Red Hill Dinch Road,2023-08-01,238,175.22702777407991,Known-trail future months with weather,Statewide Strava + calendar + weather,Random Forest,
Slide Mt,2023-08-01,606,365.6477479517676,Known-trail future months with weather,Statewide Strava + calendar + weather,Random Forest,
Upper Cherrytown Road,2023-08-01,197,175.22702777407991,Known-trail future months with weather,Statewide Strava + calendar + weather,Random Forest,
McKenley Hollow,2023-09-01,119,172.8108469151358,Known-trail future months with weather,Statewide Strava + calendar + weather,Random Forest,
Onteora Lake,2023-09-01,311,173.88792547393726,Known-trail future months with weather,Statewide Strava + calendar + weather,Random Forest,
Red Hill Dinch Road,2023-09-01,172,173.88792547393726,Known-trail future months with weather,Statewide Strava + calendar + weather,Random Forest,
Upper Cherrytown Road,2023-09-01,2,173.88792547393726,Known-trail future months with weather,Statewide Strava + calendar + weather,Random Forest,
McKenley Hollow,2023-10-01,119,172.3333614052747,Known-trail future months with weather,Statewide Strava + calendar + weather,Random Forest,
Onteora Lake,2023-10-01,418,173.40748106125739,Known-trail future months with weather,Statewide Strava + calendar + weather,Random Forest,
Red Hill Dinch Road,2023-10-01,158,173.40748106125739,Known-trail future months with weather,Statewide Strava + calendar + weather,Random Forest,
Seager,2023-10-01,41,163.6551119598392,Known-trail future months with weather,Statewide Strava + calendar + weather,Random Forest,
Upper Cherrytown Road,2023-10-01,16,173.40748106125739,Known-trail future months with weather,Statewide Strava + calendar + weather,Random Forest,
Dry Brook Ridge to Lean-to,2023-11-01,25,22.15227055544909,Known-trail future months with weather,Statewide Strava + calendar + weather,Random Forest,
Fox Hollow,2023-11-01,75,135.3089810738018,Known-trail future months with weather,Statewide Strava + calendar + weather,Random Forest,
Hardenburgh- MH Trail,2023-11-01,4,5.36660725479216,Known-trail future months with weather,Statewide Strava + calendar + weather,Random Forest,
Kelly Hollow,2023-11-01,154,135.94472064627172,Known-trail future months with weather,Statewide Strava + calendar + weather,Random Forest,
Lane Street,2023-11-01,57,90.45062477740055,Known-trail future months with weather,Statewide Strava + calendar + weather,Random Forest,
McKenley Hollow,2023-11-01,102,135.32822089419136,Known-trail future months with weather,Statewide Strava + calendar + weather,Random Forest,
Onteora Lake,2023-11-01,246,135.94472064627172,Known-trail future months with weather,Statewide Strava + calendar + weather,Random Forest,
Red Hill Dinch Road,2023-11-01,123,135.94472064627172,Known-trail future months with weather,Statewide Strava + calendar + weather,Random Forest,
Rochester Hollow,2023-11-01,150,135.94472064627172,Known-trail future months with weather,Statewide Strava + calendar + weather,Random Forest,
Seager,2023-11-01,38,115.59649444481471,Known-trail future months with weather,Statewide Strava + calendar + weather,Random Forest,
Upper Cherrytown Road,2023-11-01,1,136.05339108064624,Known-trail future months with weather,Statewide Strava + calendar + weather,Random Forest,
Alder Lake,2023-12-01,45,101.99402265101851,Known-trail future months with weather,Statewide Strava + calendar + weather,Random Forest,
Beaverkill Road to BLM FT,2023-12-01,84,101.99402265101851,Known-trail future months with weather,Statewide Strava + calendar + weather,Random Forest,
Dry Brook Ridge to Lean-to,2023-12-01,12,23.709379442667373,Known-trail future months with weather,Statewide Strava + calendar + weather,Random Forest,
Flynn,2023-12-01,8,33.20509717144203,Known-trail future months with weather,Statewide Strava + calendar + weather,Random Forest,
Fox Hollow,2023-12-01,59,101.11075088153117,Known-trail future months with weather,Statewide Strava + calendar + weather,Random Forest,
Frick Pond,2023-12-01,59,101.99402265101851,Known-trail future months with weather,Statewide Strava + calendar + weather,Random Forest,
Hardenburgh- MH Trail,2023-12-01,0,6.089604127286349,Known-trail future months with weather,Statewide Strava + calendar + weather,Random Forest,
Kelly Hollow,2023-12-01,112,101.99402265101851,Known-trail future months with weather,Statewide Strava + calendar + weather,Random Forest,
Lane Street,2023-12-01,24,78.48307909689932,Known-trail future months with weather,Statewide Strava + calendar + weather,Random Forest,
McKenley Hollow,2023-12-01,97,101.7155631469148,Known-trail future months with weather,Statewide Strava + calendar + weather,Random Forest,
Mt Tremper,2023-12-01,176,104.6833714223309,Known-trail future months with weather,Statewide Strava + calendar + weather,Random Forest,
Neversink Hardenburgh Trail,2023-12-01,10,6.073916354340557,Known-trail future months with weather,Statewide Strava + calendar + weather,Random Forest,
Onteora Lake,2023-12-01,216,102.460417922582,Known-trail future months with weather,Statewide Strava + calendar + weather,Random Forest,
Red Hill Dinch Road,2023-12-01,97,101.99402265101851,Known-trail future months with weather,Statewide Strava + calendar + weather,Random Forest,
Rider Hollow,2023-12-01,128,105.13571114335501,Known-trail future months with weather,Statewide Strava + calendar + weather,Random Forest,
Rochester Hollow,2023-12-01,125,102.05951405900291,Known-trail future months with weather,Statewide Strava + calendar + weather,Random Forest,
Seager,2023-12-01,22,75.43952605201194,Known-trail future months with weather,Statewide Strava + calendar + weather,Random Forest,
Upper Cherrytown Road,2023-12-01,7,102.04001220502505,Known-trail future months with weather,Statewide Strava + calendar + weather,Random Forest,
Alder Lake,2024-01-01,33,83.36850477702053,Known-trail future months with weather,Statewide Strava + calendar + weather,Random Forest,
Beaverkill Road to BLM FT,2024-01-01,33,83.36850477702053,Known-trail future months with weather,Statewide Strava + calendar + weather,Random Forest,
Cathedral Glen,2024-01-01,6,6.653059076013031,Known-trail future months with weather,Statewide Strava + calendar + weather,Random Forest,
Denning,2024-01-01,59,83.67361522679842,Known-trail future months with weather,Statewide Strava + calendar + weather,Random Forest,
Dry Brook Ridge to Lean-to,2024-01-01,11,20.835697013045696,Known-trail future months with weather,Statewide Strava + calendar + weather,Random Forest,
Flynn,2024-01-01,12,27.124551400743986,Known-trail future months with weather,Statewide Strava + calendar + weather,Random Forest,
Fox Hollow,2024-01-01,20,82.2066621067355,Known-trail future months with weather,Statewide Strava + calendar + weather,Random Forest,
Frick Pond,2024-01-01,53,83.36850477702053,Known-trail future months with weather,Statewide Strava + calendar + weather,Random Forest,
Hardenburgh- MH Trail,2024-01-01,2,3.6208660142960603,Known-trail future months with weather,Statewide Strava + calendar + weather,Random Forest,
Kelly Hollow,2024-01-01,44,83.36850477702053,Known-trail future months with weather,Statewide Strava + calendar + weather,Random Forest,
Lane Street,2024-01-01,13,64.65015433730072,Known-trail future months with weather,Statewide Strava + calendar + weather,Random Forest,
McKenley Hollow,2024-01-01,20,83.36850477702053,Known-trail future months with weather,Statewide Strava + calendar + weather,Random Forest,
Mt Tremper,2024-01-01,107,85.71444990564305,Known-trail future months with weather,Statewide Strava + calendar + weather,Random Forest,
Neversink Hardenburgh Trail,2024-01-01,0,3.632421051302969,Known-trail future months with weather,Statewide Strava + calendar + weather,Random Forest,
Red Hill Dinch Road,2024-01-01,79,83.36850477702053,Known-trail future months with weather,Statewide Strava + calendar + weather,Random Forest,
Rider Hollow,2024-01-01,118,88.28704960591988,Known-trail future months with weather,Statewide Strava + calendar + weather,Random Forest,
Rochester Hollow,2024-01-01,51,83.36850477702053,Known-trail future months with weather,Statewide Strava + calendar + weather,Random Forest,
Seager,2024-01-01,24,61.696348400574735,Known-trail future months with weather,Statewide Strava + calendar + weather,Random Forest,
Alder Lake,2024-02-01,55,160.41947273215683,Known-trail future months with weather,Statewide Strava + calendar + weather,Random Forest,
Beaverkill Road to BLM FT,2024-02-01,81,160.41947273215683,Known-trail future months with weather,Statewide Strava + calendar + weather,Random Forest,
Cathedral Glen,2024-02-01,11,11.367333551908956,Known-trail future months with weather,Statewide Strava + calendar + weather,Random Forest,
Denning,2024-02-01,111,160.41947273215683,Known-trail future months with weather,Statewide Strava + calendar + weather,Random Forest,
Dry Brook Ridge to Lean-to,2024-02-01,22,22.48871108423588,Known-trail future months with weather,Statewide Strava + calendar + weather,Random Forest,
Flynn,2024-02-01,13,89.91176590031428,Known-trail future months with weather,Statewide Strava + calendar + weather,Random Forest,
Fox Hollow,2024-02-01,67,160.41947273215683,Known-trail future months with weather,Statewide Strava + calendar + weather,Random Forest,
Frick Pond,2024-02-01,35,160.41947273215683,Known-trail future months with weather,Statewide Strava + calendar + weather,Random Forest,
Hardenburgh- MH Trail,2024-02-01,17,4.118905245213612,Known-trail future months with weather,Statewide Strava + calendar + weather,Random Forest,
Kelly Hollow,2024-02-01,70,160.41947273215683,Known-trail future months with weather,Statewide Strava + calendar + weather,Random Forest,
Lane Street,2024-02-01,27,95.62401562624846,Known-trail future months with weather,Statewide Strava + calendar + weather,Random Forest,
McKenley Hollow,2024-02-01,3,159.42534204771016,Known-trail future months with weather,Statewide Strava + calendar + weather,Random Forest,
Mt Tremper,2024-02-01,103,161.04005436779138,Known-trail future months with weather,Statewide Strava + calendar + weather,Random Forest,
Neversink Hardenburgh Trail,2024-02-01,1,8.927250718680341,Known-trail future months with weather,Statewide Strava + calendar + weather,Random Forest,
Red Hill Dinch Road,2024-02-01,100,160.41947273215683,Known-trail future months with weather,Statewide Strava + calendar + weather,Random Forest,
Rider Hollow,2024-02-01,189,160.80718611518586,Known-trail future months with weather,Statewide Strava + calendar + weather,Random Forest,
Rochester Hollow,2024-02-01,89,160.41947273215683,Known-trail future months with weather,Statewide Strava + calendar + weather,Random Forest,
Seager,2024-02-01,31,149.5870680300989,Known-trail future months with weather,Statewide Strava + calendar + weather,Random Forest,
Alder Lake,2024-03-01,63,161.26646861596905,Known-trail future months with weather,Statewide Strava + calendar + weather,Random Forest,
Beaverkill Road to BLM FT,2024-03-01,82,161.26646861596905,Known-trail future months with weather,Statewide Strava + calendar + weather,Random Forest,
Cathedral Glen,2024-03-01,10,11.54330330018575,Known-trail future months with weather,Statewide Strava + calendar + weather,Random Forest,
Denning,2024-03-01,204,161.26646861596905,Known-trail future months with weather,Statewide Strava + calendar + weather,Random Forest,
Dry Brook Ridge to Lean-to,2024-03-01,10,21.428201779068154,Known-trail future months with weather,Statewide Strava + calendar + weather,Random Forest,
Flynn,2024-03-01,12,91.89877578235297,Known-trail future months with weather,Statewide Strava + calendar + weather,Random Forest,
Fox Hollow,2024-03-01,40,161.26646861596905,Known-trail future months with weather,Statewide Strava + calendar + weather,Random Forest,
Frick Pond,2024-03-01,45,161.26646861596905,Known-trail future months with weather,Statewide Strava + calendar + weather,Random Forest,
Hardenburgh- MH Trail,2024-03-01,4,4.3850807653708035,Known-trail future months with weather,Statewide Strava + calendar + weather,Random Forest,
Kelly Hollow,2024-03-01,96,161.26646861596905,Known-trail future months with weather,Statewide Strava + calendar + weather,Random Forest,
Lane Street,2024-03-01,28,94.6698095369523,Known-trail future months with weather,Statewide Strava + calendar + weather,Random Forest,
McKenley Hollow,2024-03-01,7,160.26712155592995,Known-trail future months with weather,Statewide Strava + calendar + weather,Random Forest,
Mt Tremper,2024-03-01,123,161.72573307363206,Known-trail future months with weather,Statewide Strava + calendar + weather,Random Forest,
Neversink Hardenburgh Trail,2024-03-01,4,10.447180550409197,Known-trail future months with weather,Statewide Strava + calendar + weather,Random Forest,
Red Hill Dinch Road,2024-03-01,21,161.26646861596905,Known-trail future months with weather,Statewide Strava + calendar + weather,Random Forest,
Rider Hollow,2024-03-01,166,161.65621639815663,Known-trail future months with weather,Statewide Strava + calendar + weather,Random Forest,
Rochester Hollow,2024-03-01,117,161.26646861596905,Known-trail future months with weather,Statewide Strava + calendar + weather,Random Forest,
Seager,2024-03-01,15,150.81416770830918,Known-trail future months with weather,Statewide Strava + calendar + weather,Random Forest,
Woodchuck Hollow,2024-03-01,1,2.6012246143510565,Known-trail future months with weather,Statewide Strava + calendar + weather,Random Forest,
Alder Lake,2024-04-01,127,164.96832247451326,Known-trail future months with weather,Statewide Strava + calendar + weather,Random Forest,
Beaverkill Road to BLM FT,2024-04-01,110,164.96832247451326,Known-trail future months with weather,Statewide Strava + calendar + weather,Random Forest,
Cathedral Glen,2024-04-01,21,10.724916483899413,Known-trail future months with weather,Statewide Strava + calendar + weather,Random Forest,
Denning,2024-04-01,233,164.96832247451326,Known-trail future months with weather,Statewide Strava + calendar + weather,Random Forest,
Dry Brook Ridge to Lean-to,2024-04-01,13,21.17687636020444,Known-trail future months with weather,Statewide Strava + calendar + weather,Random Forest,
Flynn,2024-04-01,18,94.7909704938867,Known-trail future months with weather,Statewide Strava + calendar + weather,Random Forest,
Fox Hollow,2024-04-01,48,164.96832247451326,Known-trail future months with weather,Statewide Strava + calendar + weather,Random Forest,
Frick Pond,2024-04-01,70,164.96832247451326,Known-trail future months with weather,Statewide Strava + calendar + weather,Random Forest,
Hardenburgh- MH Trail,2024-04-01,1,4.7742600758170335,Known-trail future months with weather,Statewide Strava + calendar + weather,Random Forest,
Kelly Hollow,2024-04-01,127,164.96832247451326,Known-trail future months with weather,Statewide Strava + calendar + weather,Random Forest,
Lane Street,2024-04-01,36,95.26592273997653,Known-trail future months with weather,Statewide Strava + calendar + weather,Random Forest,
Mt Tremper,2024-04-01,64,165.66425606757343,Known-trail future months with weather,Statewide Strava + calendar + weather,Random Forest,
Neversink Hardenburgh Trail,2024-04-01,4,16.675561708392564,Known-trail future months with weather,Statewide Strava + calendar + weather,Random Forest,
Rider Hollow,2024-04-01,103,164.96832247451326,Known-trail future months with weather,Statewide Strava + calendar + weather,Random Forest,
Rochester Hollow,2024-04-01,99,164.96832247451326,Known-trail future months with weather,Statewide Strava + calendar + weather,Random Forest,
Seager,2024-04-01,40,155.4265987555583,Known-trail future months with weather,Statewide Strava + calendar + weather,Random Forest,
Alder Lake,2024-05-01,147,174.6973151588352,Known-trail future months with weather,Statewide Strava + calendar + weather,Random Forest,
Beaverkill Road to BLM FT,2024-05-01,189,174.6973151588352,Known-trail future months with weather,Statewide Strava + calendar + weather,Random Forest,
Cathedral Glen,2024-05-01,19,10.802510201367472,Known-trail future months with weather,Statewide Strava + calendar + weather,Random Forest,
Denning,2024-05-01,260,174.6973151588352,Known-trail future months with weather,Statewide Strava + calendar + weather,Random Forest,
Dry Brook Ridge to Lean-to,2024-05-01,17,21.13856957274484,Known-trail future months with weather,Statewide Strava + calendar + weather,Random Forest,
Flynn,2024-05-01,24,99.27820705994411,Known-trail future months with weather,Statewide Strava + calendar + weather,Random Forest,
Fox Hollow,2024-05-01,71,174.6973151588352,Known-trail future months with weather,Statewide Strava + calendar + weather,Random Forest,
Frick Pond,2024-05-01,125,174.6973151588352,Known-trail future months with weather,Statewide Strava + calendar + weather,Random Forest,
Hardenburgh- MH Trail,2024-05-01,23,5.340240844246946,Known-trail future months with weather,Statewide Strava + calendar + weather,Random Forest,
Kelly Hollow,2024-05-01,182,174.6973151588352,Known-trail future months with weather,Statewide Strava + calendar + weather,Random Forest,
Lane Street,2024-05-01,54,99.48243841491716,Known-trail future months with weather,Statewide Strava + calendar + weather,Random Forest,
Mt Tremper,2024-05-01,19,175.43404408400897,Known-trail future months with weather,Statewide Strava + calendar + weather,Random Forest,
Neversink Hardenburgh Trail,2024-05-01,34,20.60567763971803,Known-trail future months with weather,Statewide Strava + calendar + weather,Random Forest,
Rider Hollow,2024-05-01,98,174.6973151588352,Known-trail future months with weather,Statewide Strava + calendar + weather,Random Forest,
Rochester Hollow,2024-05-01,182,174.6973151588352,Known-trail future months with weather,Statewide Strava + calendar + weather,Random Forest,
Seager,2024-05-01,53,164.2585495081764,Known-trail future months with weather,Statewide Strava + calendar + weather,Random Forest,
Woodchuck Hollow,2024-05-01,1,2.8446124124310272,Known-trail future months with weather,Statewide Strava + calendar + weather,Random Forest,
Woodland Valley,2024-05-01,99,174.11000683191207,Known-trail future months with weather,Statewide Strava + calendar + weather,Random Forest,
Alder Lake,2024-06-01,168,175.14109643375818,Known-trail future months with weather,Statewide Strava + calendar + weather,Random Forest,
Beaverkill Road to BLM FT,2024-06-01,190,175.14109643375818,Known-trail future months with weather,Statewide Strava + calendar + weather,Random Forest,
Cathedral Glen,2024-06-01,30,10.741806066990856,Known-trail future months with weather,Statewide Strava + calendar + weather,Random Forest,
Denning,2024-06-01,281,175.14109643375818,Known-trail future months with weather,Statewide Strava + calendar + weather,Random Forest,
Dry Brook Ridge to Lean-to,2024-06-01,20,21.164695028393833,Known-trail future months with weather,Statewide Strava + calendar + weather,Random Forest,
Flynn,2024-06-01,30,99.26842395119392,Known-trail future months with weather,Statewide Strava + calendar + weather,Random Forest,
Fox Hollow,2024-06-01,64,175.14109643375818,Known-trail future months with weather,Statewide Strava + calendar + weather,Random Forest,
Frick Pond,2024-06-01,131,175.14109643375818,Known-trail future months with weather,Statewide Strava + calendar + weather,Random Forest,
Hardenburgh- MH Trail,2024-06-01,17,6.111931610706493,Known-trail future months with weather,Statewide Strava + calendar + weather,Random Forest,
Kelly Hollow,2024-06-01,156,175.14109643375818,Known-trail future months with weather,Statewide Strava + calendar + weather,Random Forest,
Lane Street,2024-06-01,71,99.47627273654894,Known-trail future months with weather,Statewide Strava + calendar + weather,Random Forest,
Mt Tremper,2024-06-01,22,175.8796862098013,Known-trail future months with weather,Statewide Strava + calendar + weather,Random Forest,
Neversink Hardenburgh Trail,2024-06-01,13,20.84942000304534,Known-trail future months with weather,Statewide Strava + calendar + weather,Random Forest,
Rider Hollow,2024-06-01,93,175.14109643375818,Known-trail future months with weather,Statewide Strava + calendar + weather,Random Forest,
Rochester Hollow,2024-06-01,113,175.14109643375818,Known-trail future months with weather,Statewide Strava + calendar + weather,Random Forest,
Seager,2024-06-01,73,164.6759642519719,Known-trail future months with weather,Statewide Strava + calendar + weather,Random Forest,
Slide Mt,2024-06-01,593,351.95298350651956,Known-trail future months with weather,Statewide Strava + calendar + weather,Random Forest,
Woodland Valley,2024-06-01,70,175.00355686736617,Known-trail future months with weather,Statewide Strava + calendar + weather,Random Forest,
Alder Lake,2024-07-01,299,175.98777118352106,Known-trail future months with weather,Statewide Strava + calendar + weather,Random Forest,
Beaverkill Road to BLM FT,2024-07-01,193,175.98777118352106,Known-trail future months with weather,Statewide Strava + calendar + weather,Random Forest,
Cathedral Glen,2024-07-01,6,10.748262571865519,Known-trail future months with weather,Statewide Strava + calendar + weather,Random Forest,
Denning,2024-07-01,293,175.98777118352106,Known-trail future months with weather,Statewide Strava + calendar + weather,Random Forest,
Dry Brook Ridge to Lean-to,2024-07-01,46,21.037132537793358,Known-trail future months with weather,Statewide Strava + calendar + weather,Random Forest,
Flynn,2024-07-01,64,99.82312716762235,Known-trail future months with weather,Statewide Strava + calendar + weather,Random Forest,
Fox Hollow,2024-07-01,98,175.98777118352106,Known-trail future months with weather,Statewide Strava + calendar + weather,Random Forest,
Frick Pond,2024-07-01,209,175.98777118352106,Known-trail future months with weather,Statewide Strava + calendar + weather,Random Forest,
Giant Ledge,2024-07-01,150,500.89570870780176,Known-trail future months with weather,Statewide Strava + calendar + weather,Random Forest,
Hardenburgh- MH Trail,2024-07-01,16,6.1474208308172065,Known-trail future months with weather,Statewide Strava + calendar + weather,Random Forest,
Kelly Hollow,2024-07-01,215,175.98777118352106,Known-trail future months with weather,Statewide Strava + calendar + weather,Random Forest,
Lane Street,2024-07-01,81,99.28337226811067,Known-trail future months with weather,Statewide Strava + calendar + weather,Random Forest,
Mt Tremper,2024-07-01,35,176.72991121175642,Known-trail future months with weather,Statewide Strava + calendar + weather,Random Forest,
Neversink Hardenburgh Trail,2024-07-01,21,21.190726388685047,Known-trail future months with weather,Statewide Strava + calendar + weather,Random Forest,
Rider Hollow,2024-07-01,128,175.98777118352106,Known-trail future months with weather,Statewide Strava + calendar + weather,Random Forest,
Rochester Hollow,2024-07-01,229,175.98777118352106,Known-trail future months with weather,Statewide Strava + calendar + weather,Random Forest,
Seager,2024-07-01,78,166.20299443716198,Known-trail future months with weather,Statewide Strava + calendar + weather,Random Forest,
Slide Mt,2024-07-01,868,365.88415638349426,Known-trail future months with weather,Statewide Strava + calendar + weather,Random Forest,
Woodchuck Hollow,2024-07-01,5,2.7649518414038545,Known-trail future months with weather,Statewide Strava + calendar + weather,Random Forest,
Woodland Valley,2024-07-01,12,175.84957049215387,Known-trail future months with weather,Statewide Strava + calendar + weather,Random Forest,
Alder Lake,2024-08-01,303,175.18992821267776,Known-trail future months with weather,Statewide Strava + calendar + weather,Random Forest,
Beaverkill Road to BLM FT,2024-08-01,196,175.18992821267776,Known-trail future months with weather,Statewide Strava + calendar + weather,Random Forest,
Cathedral Glen,2024-08-01,32,10.645726714295517,Known-trail future months with weather,Statewide Strava + calendar + weather,Random Forest,
Denning,2024-08-01,270,175.18992821267776,Known-trail future months with weather,Statewide Strava + calendar + weather,Random Forest,
Dry Brook Ridge to Lean-to,2024-08-01,33,20.990704317076364,Known-trail future months with weather,Statewide Strava + calendar + weather,Random Forest,
Flynn,2024-08-01,25,99.67527958964753,Known-trail future months with weather,Statewide Strava + calendar + weather,Random Forest,
Fox Hollow,2024-08-01,114,175.18992821267776,Known-trail future months with weather,Statewide Strava + calendar + weather,Random Forest,
Frick Pond,2024-08-01,192,175.18992821267776,Known-trail future months with weather,Statewide Strava + calendar + weather,Random Forest,
Hardenburgh- MH Trail,2024-08-01,9,6.0777919526819915,Known-trail future months with weather,Statewide Strava + calendar + weather,Random Forest,
Kelly Hollow,2024-08-01,248,175.18992821267776,Known-trail future months with weather,Statewide Strava + calendar + weather,Random Forest,
Lane Street,2024-08-01,56,98.98083687001525,Known-trail future months with weather,Statewide Strava + calendar + weather,Random Forest,
Millbrook to BLM FT,2024-08-01,392,175.42791871247783,Known-trail future months with weather,Statewide Strava + calendar + weather,Random Forest,
Mt Tremper,2024-08-01,587,175.92872274873096,Known-trail future months with weather,Statewide Strava + calendar + weather,Random Forest,
Neversink Hardenburgh Trail,2024-08-01,11,21.066315683685943,Known-trail future months with weather,Statewide Strava + calendar + weather,Random Forest,
Rider Hollow,2024-08-01,150,175.18992821267776,Known-trail future months with weather,Statewide Strava + calendar + weather,Random Forest,
Rochester Hollow,2024-08-01,261,175.18992821267776,Known-trail future months with weather,Statewide Strava + calendar + weather,Random Forest,
Seager,2024-08-01,63,165.66000659423892,Known-trail future months with weather,Statewide Strava + calendar + weather,Random Forest,
Slide Mt,2024-08-01,1077,365.5705607529031,Known-trail future months with weather,Statewide Strava + calendar + weather,Random Forest,
Woodchuck Hollow,2024-08-01,2,2.3557461696812925,Known-trail future months with weather,Statewide Strava + calendar + weather,Random Forest,
Woodland Valley,2024-08-01,9,175.05235051604922,Known-trail future months with weather,Statewide Strava + calendar + weather,Random Forest,
Alder Lake,2024-09-01,229,175.11917986588287,Known-trail future months with weather,Statewide Strava + calendar + weather,Random Forest,
Ashokan HP,2024-09-01,127,175.11917986588287,Known-trail future months with weather,Statewide Strava + calendar + weather,Random Forest,
Beaverkill Road to BLM FT,2024-09-01,203,175.11917986588287,Known-trail future months with weather,Statewide Strava + calendar + weather,Random Forest,
Cathedral Glen,2024-09-01,6,10.54426965423286,Known-trail future months with weather,Statewide Strava + calendar + weather,Random Forest,
Denning,2024-09-01,243,175.11917986588287,Known-trail future months with weather,Statewide Strava + calendar + weather,Random Forest,
Dry Brook Ridge to Lean-to,2024-09-01,14,20.91092103269386,Known-trail future months with weather,Statewide Strava + calendar + weather,Random Forest,
Flynn,2024-09-01,71,98.63609743783957,Known-trail future months with weather,Statewide Strava + calendar + weather,Random Forest,
Fox Hollow,2024-09-01,36,175.11917986588287,Known-trail future months with weather,Statewide Strava + calendar + weather,Random Forest,
Frick Pond,2024-09-01,200,175.11917986588287,Known-trail future months with weather,Statewide Strava + calendar + weather,Random Forest,
Giant Ledge,2024-09-01,116,501.1904322304885,Known-trail future months with weather,Statewide Strava + calendar + weather,Random Forest,
Hardenburgh- MH Trail,2024-09-01,13,6.116711828258181,Known-trail future months with weather,Statewide Strava + calendar + weather,Random Forest,
Kelly Hollow,2024-09-01,125,175.11917986588287,Known-trail future months with weather,Statewide Strava + calendar + weather,Random Forest,
Lane Street,2024-09-01,39,98.73780170398082,Known-trail future months with weather,Statewide Strava + calendar + weather,Random Forest,
Millbrook to BLM FT,2024-09-01,347,175.630544074858,Known-trail future months with weather,Statewide Strava + calendar + weather,Random Forest,
Neversink Hardenburgh Trail,2024-09-01,17,20.014023235780314,Known-trail future months with weather,Statewide Strava + calendar + weather,Random Forest,
Overlook,2024-09-01,717,739.0242330847012,Known-trail future months with weather,Statewide Strava + calendar + weather,Random Forest,
Rider Hollow,2024-09-01,91,175.11917986588287,Known-trail future months with weather,Statewide Strava + calendar + weather,Random Forest,
Rochester Hollow,2024-09-01,131,175.11917986588287,Known-trail future months with weather,Statewide Strava + calendar + weather,Random Forest,
Slide Mt,2024-09-01,783,364.42992963958625,Known-trail future months with weather,Statewide Strava + calendar + weather,Random Forest,
Wittenberg,2024-09-01,414,223.95068785261944,Known-trail future months with weather,Statewide Strava + calendar + weather,Random Forest,
Woodchuck Hollow,2024-09-01,4,2.111538689747419,Known-trail future months with weather,Statewide Strava + calendar + weather,Random Forest,
Woodland Valley,2024-09-01,35,174.98165741301693,Known-trail future months with weather,Statewide Strava + calendar + weather,Random Forest,
Alder Lake,2024-10-01,17,175.11917986588287,Known-trail future months with weather,Statewide Strava + calendar + weather,Random Forest,
Ashokan HP,2024-10-01,260,175.11917986588287,Known-trail future months with weather,Statewide Strava + calendar + weather,Random Forest,
Beaverkill Road to BLM FT,2024-10-01,12,175.11917986588287,Known-trail future months with weather,Statewide Strava + calendar + weather,Random Forest,
Denning,2024-10-01,306,175.11917986588287,Known-trail future months with weather,Statewide Strava + calendar + weather,Random Forest,
Flynn,2024-10-01,1,98.63609743783957,Known-trail future months with weather,Statewide Strava + calendar + weather,Random Forest,
Frick Pond,2024-10-01,6,175.11917986588287,Known-trail future months with weather,Statewide Strava + calendar + weather,Random Forest,
Giant Ledge,2024-10-01,1383,501.1904322304885,Known-trail future months with weather,Statewide Strava + calendar + weather,Random Forest,
Millbrook to BLM FT,2024-10-01,462,175.630544074858,Known-trail future months with weather,Statewide Strava + calendar + weather,Random Forest,
Neversink Hardenburgh Trail,2024-10-01,31,20.014023235780314,Known-trail future months with weather,Statewide Strava + calendar + weather,Random Forest,
Overlook,2024-10-01,1143,724.8206851344054,Known-trail future months with weather,Statewide Strava + calendar + weather,Random Forest,
Slide Mt,2024-10-01,757,364.42992963958625,Known-trail future months with weather,Statewide Strava + calendar + weather,Random Forest,
Wittenberg,2024-10-01,638,223.95068785261944,Known-trail future months with weather,Statewide Strava + calendar + weather,Random Forest,
Woodchuck Hollow,2024-10-01,4,2.106349029845047,Known-trail future months with weather,Statewide Strava + calendar + weather,Random Forest,
Woodland Valley,2024-10-01,182,174.75526537814045,Known-trail future months with weather,Statewide Strava + calendar + weather,Random Forest,
Ashokan HP,2024-11-01,63,173.25943757077735,Known-trail future months with weather,Statewide Strava + calendar + weather,Random Forest,
Denning,2024-11-01,76,173.25943757077735,Known-trail future months with weather,Statewide Strava + calendar + weather,Random Forest,
Giant Ledge,2024-11-01,404,487.59368267377897,Known-trail future months with weather,Statewide Strava + calendar + weather,Random Forest,
Millbrook to BLM FT,2024-11-01,251,173.76540199508207,Known-trail future months with weather,Statewide Strava + calendar + weather,Random Forest,
Overlook,2024-11-01,843,666.2233852974838,Known-trail future months with weather,Statewide Strava + calendar + weather,Random Forest,
Wittenberg,2024-11-01,289,221.3728201317199,Known-trail future months with weather,Statewide Strava + calendar + weather,Random Forest,
Woodchuck Hollow,2024-11-01,4,2.2696897882953015,Known-trail future months with weather,Statewide Strava + calendar + weather,Random Forest,
Woodland Valley,2024-11-01,88,172.59432034052966,Known-trail future months with weather,Statewide Strava + calendar + weather,Random Forest,
Ashokan HP,2024-12-01,53,159.990973884783,Known-trail future months with weather,Statewide Strava + calendar + weather,Random Forest,
Giant Ledge,2024-12-01,235,462.4637604205465,Known-trail future months with weather,Statewide Strava + calendar + weather,Random Forest,
Millbrook to BLM FT,2024-12-01,133,161.9722350351913,Known-trail future months with weather,Statewide Strava + calendar + weather,Random Forest,
Overlook,2024-12-01,291,537.815238000921,Known-trail future months with weather,Statewide Strava + calendar + weather,Random Forest,
Wittenberg,2024-12-01,115,198.91974920577175,Known-trail future months with weather,Statewide Strava + calendar + weather,Random Forest,
Woodland Valley,2024-12-01,25,156.3366607018672,Known-trail future months with weather,Statewide Strava + calendar + weather,Random Forest,
Ashokan HP,2025-01-01,35,161.8189820881152,Known-trail future months with weather,Statewide Strava + calendar + weather,Random Forest,
Giant Ledge,2025-01-01,268,419.37555179850983,Known-trail future months with weather,Statewide Strava + calendar + weather,Random Forest,
Millbrook to BLM FT,2025-01-01,143,163.37225310027225,Known-trail future months with weather,Statewide Strava + calendar + weather,Random Forest,
Overlook,2025-01-01,358,603.7373862953478,Known-trail future months with weather,Statewide Strava + calendar + weather,Random Forest,
Wittenberg,2025-01-01,103,199.69378028178033,Known-trail future months with weather,Statewide Strava + calendar + weather,Random Forest,
Woodland Valley,2025-01-01,15,156.7653879822078,Known-trail future months with weather,Statewide Strava + calendar + weather,Random Forest,
Ashokan HP,2025-02-01,27,133.41280485134754,Known-trail future months with weather,Statewide Strava + calendar + weather,Random Forest,
Giant Ledge,2025-02-01,184,350.7812897367106,Known-trail future months with weather,Statewide Strava + calendar + weather,Random Forest,
Millbrook to BLM FT,2025-02-01,139,137.29096899698644,Known-trail future months with weather,Statewide Strava + calendar + weather,Random Forest,
Overlook,2025-02-01,182,485.03712952207417,Known-trail future months with weather,Statewide Strava + calendar + weather,Random Forest,
Wittenberg,2025-02-01,55,152.74314956802453,Known-trail future months with weather,Statewide Strava + calendar + weather,Random Forest,
Woodland Valley,2025-02-01,30,119.5194801195683,Known-trail future months with weather,Statewide Strava + calendar + weather,Random Forest,
Ashokan HP,2025-03-01,83,162.61658264096283,Known-trail future months with weather,Statewide Strava + calendar + weather,Random Forest,
Giant Ledge,2025-03-01,371,440.1543658406595,Known-trail future months with weather,Statewide Strava + calendar + weather,Random Forest,
Millbrook to BLM FT,2025-03-01,131,164.17746265424574,Known-trail future months with weather,Statewide Strava + calendar + weather,Random Forest,
Overlook,2025-03-01,426,678.4475233266663,Known-trail future months with weather,Statewide Strava + calendar + weather,Random Forest,
Wittenberg,2025-03-01,126,198.04559105771935,Known-trail future months with weather,Statewide Strava + calendar + weather,Random Forest,
Woodland Valley,2025-03-01,41,157.3309350690667,Known-trail future months with weather,Statewide Strava + calendar + weather,Random Forest,
Ashokan HP,2025-04-01,89,166.36032165838887,Known-trail future months with weather,Statewide Strava + calendar + weather,Random Forest,
Giant Ledge,2025-04-01,341,448.36461901837856,Known-trail future months with weather,Statewide Strava + calendar + weather,Random Forest,
Millbrook to BLM FT,2025-04-01,173,166.84775911895275,Known-trail future months with weather,Statewide Strava + calendar + weather,Random Forest,
Overlook,2025-04-01,576,736.6670285866469,Known-trail future months with weather,Statewide Strava + calendar + weather,Random Forest,
Wittenberg,2025-04-01,47,202.07158921186297,Known-trail future months with weather,Statewide Strava + calendar + weather,Random Forest,
Woodland Valley,2025-04-01,47,162.85036309654555,Known-trail future months with weather,Statewide Strava + calendar + weather,Random Forest,
Ashokan HP,2025-05-01,72,174.6973151588352,Known-trail future months with weather,Statewide Strava + calendar + weather,Random Forest,
Giant Ledge,2025-05-01,403,473.9117030453595,Known-trail future months with weather,Statewide Strava + calendar + weather,Random Forest,
Millbrook to BLM FT,2025-05-01,277,175.1706414324478,Known-trail future months with weather,Statewide Strava + calendar + weather,Random Forest,
Overlook,2025-05-01,828,786.3730814024468,Known-trail future months with weather,Statewide Strava + calendar + weather,Random Forest,
Wittenberg,2025-05-01,477,219.90885764248813,Known-trail future months with weather,Statewide Strava + calendar + weather,Random Forest,
Woodland Valley,2025-05-01,13,174.11000683191207,Known-trail future months with weather,Statewide Strava + calendar + weather,Random Forest,
Ashokan HP,2025-06-01,160,175.11085664090743,Known-trail future months with weather,Statewide Strava + calendar + weather,Random Forest,
Giant Ledge,2025-06-01,629,482.18431318959284,Known-trail future months with weather,Statewide Strava + calendar + weather,Random Forest,
Millbrook to BLM FT,2025-06-01,231,175.34874033390506,Known-trail future months with weather,Statewide Strava + calendar + weather,Random Forest,
Overlook,2025-06-01,854,800.201675502541,Known-trail future months with weather,Statewide Strava + calendar + weather,Random Forest,
Wittenberg,2025-06-01,532,223.70756088258494,Known-trail future months with weather,Statewide Strava + calendar + weather,Random Forest,
Ashokan HP,2025-07-01,260,175.18992821267776,Known-trail future months with weather,Statewide Strava + calendar + weather,Random Forest,
Giant Ledge,2025-07-01,400,497.90487321829954,Known-trail future months with weather,Statewide Strava + calendar + weather,Random Forest,
Millbrook to BLM FT,2025-07-01,340,175.42791871247783,Known-trail future months with weather,Statewide Strava + calendar + weather,Random Forest,
Overlook,2025-07-01,1038,806.4894020903704,Known-trail future months with weather,Statewide Strava + calendar + weather,Random Forest,
Wittenberg,2025-07-01,587,224.1392356152665,Known-trail future months with weather,Statewide Strava + calendar + weather,Random Forest,
Ashokan HP,2025-08-01,173,175.18992821267776,Known-trail future months with weather,Statewide Strava + calendar + weather,Random Forest,
Millbrook to BLM FT,2025-08-01,354,175.42791871247783,Known-trail future months with weather,Statewide Strava + calendar + weather,Random Forest,
Overlook,2025-08-01,698,785.9794027845373,Known-trail future months with weather,Statewide Strava + calendar + weather,Random Forest,
Wittenberg,2025-08-01,751,224.08310101718993,Known-trail future months with weather,Statewide Strava + calendar + weather,Random Forest,
Ashokan HP,2025-09-01,101,175.11917986588287,Known-trail future months with weather,Statewide Strava + calendar + weather,Random Forest,
Millbrook to BLM FT,2025-09-01,14,175.630544074858,Known-trail future months with weather,Statewide Strava + calendar + weather,Random Forest,
Overlook,2025-09-01,27,739.0242330847012,Known-trail future months with weather,Statewide Strava + calendar + weather,Random Forest,
Wittenberg,2025-09-01,506,223.95068785261944,Known-trail future months with weather,Statewide Strava + calendar + weather,Random Forest,
Ashokan HP,2025-10-01,117,175.11917986588287,Known-trail future months with weather,Statewide Strava + calendar + weather,Random Forest,
Overlook,2025-10-01,4,724.8206851344054,Known-trail future months with weather,Statewide Strava + calendar + weather,Random Forest,
Wittenberg,2025-10-01,589,223.95068785261944,Known-trail future months with weather,Statewide Strava + calendar + weather,Random Forest,
Peekamoose,2022-12-01,58,42.59638156535401,Known-trail future months with weather,Statewide Strava + calendar + weather,HistGradientBoosting,
Biscuit Brook,2023-01-01,47,83.35562221853084,Known-trail future months with weather,Statewide Strava + calendar + weather,HistGradientBoosting,
Peekamoose,2023-01-01,139,66.29353153836664,Known-trail future months with weather,Statewide Strava + calendar + weather,HistGradientBoosting,
Bangle Hill,2023-02-01,18,57.06896403125661,Known-trail future months with weather,Statewide Strava + calendar + weather,HistGradientBoosting,
Biscuit Brook,2023-02-01,68,73.34281686677089,Known-trail future months with weather,Statewide Strava + calendar + weather,HistGradientBoosting,
Peekamoose,2023-02-01,90,68.48192416875585,Known-trail future months with weather,Statewide Strava + calendar + weather,HistGradientBoosting,
Bangle Hill,2023-03-01,5,48.76928394389539,Known-trail future months with weather,Statewide Strava + calendar + weather,HistGradientBoosting,
Biscuit Brook,2023-03-01,59,53.53248940744722,Known-trail future months with weather,Statewide Strava + calendar + weather,HistGradientBoosting,
Peekamoose,2023-03-01,63,58.28639845327304,Known-trail future months with weather,Statewide Strava + calendar + weather,HistGradientBoosting,
Bangle Hill,2023-04-01,11,82.46583281949037,Known-trail future months with weather,Statewide Strava + calendar + weather,HistGradientBoosting,
Biscuit Brook,2023-04-01,74,113.52832809586118,Known-trail future months with weather,Statewide Strava + calendar + weather,HistGradientBoosting,
Peekamoose,2023-04-01,92,98.85389338429542,Known-trail future months with weather,Statewide Strava + calendar + weather,HistGradientBoosting,
Bangle Hill,2023-05-01,5,169.35231875514262,Known-trail future months with weather,Statewide Strava + calendar + weather,HistGradientBoosting,
Biscuit Brook,2023-05-01,157,180.19915748980642,Known-trail future months with weather,Statewide Strava + calendar + weather,HistGradientBoosting,
Peekamoose,2023-05-01,234,184.88082495963425,Known-trail future months with weather,Statewide Strava + calendar + weather,HistGradientBoosting,
Slide Mt,2023-05-01,691,577.5754224804581,Known-trail future months with weather,Statewide Strava + calendar + weather,HistGradientBoosting,
Upper Cherrytown Road,2023-05-01,136,199.0840477022641,Known-trail future months with weather,Statewide Strava + calendar + weather,HistGradientBoosting,
Biscuit Brook,2023-06-01,121,116.44193474365899,Known-trail future months with weather,Statewide Strava + calendar + weather,HistGradientBoosting,
Peekamoose,2023-06-01,49,147.33828319165087,Known-trail future months with weather,Statewide Strava + calendar + weather,HistGradientBoosting,
Slide Mt,2023-06-01,587,494.0784974219149,Known-trail future months with weather,Statewide Strava + calendar + weather,HistGradientBoosting,
Upper Cherrytown Road,2023-06-01,143,181.40472272768298,Known-trail future months with weather,Statewide Strava + calendar + weather,HistGradientBoosting,
Biscuit Brook,2023-07-01,144,142.32626313211935,Known-trail future months with weather,Statewide Strava + calendar + weather,HistGradientBoosting,
McKenley Hollow,2023-07-01,103,111.73163469496646,Known-trail future months with weather,Statewide Strava + calendar + weather,HistGradientBoosting,
Red Hill Dinch Road,2023-07-01,291,246.74055418663707,Known-trail future months with weather,Statewide Strava + calendar + weather,HistGradientBoosting,
Slide Mt,2023-07-01,794,610.5466611061294,Known-trail future months with weather,Statewide Strava + calendar + weather,HistGradientBoosting,
Upper Cherrytown Road,2023-07-01,329,181.03148408787933,Known-trail future months with weather,Statewide Strava + calendar + weather,HistGradientBoosting,
Biscuit Brook,2023-08-01,98,134.2845327458751,Known-trail future months with weather,Statewide Strava + calendar + weather,HistGradientBoosting,
McKenley Hollow,2023-08-01,116,115.55113568416594,Known-trail future months with weather,Statewide Strava + calendar + weather,HistGradientBoosting,
Onteora Lake,2023-08-01,284,382.33612522830265,Known-trail future months with weather,Statewide Strava + calendar + weather,HistGradientBoosting,
Red Hill Dinch Road,2023-08-01,238,260.412022788824,Known-trail future months with weather,Statewide Strava + calendar + weather,HistGradientBoosting,
Slide Mt,2023-08-01,606,594.9129398095806,Known-trail future months with weather,Statewide Strava + calendar + weather,HistGradientBoosting,
Upper Cherrytown Road,2023-08-01,197,160.4750408157869,Known-trail future months with weather,Statewide Strava + calendar + weather,HistGradientBoosting,
McKenley Hollow,2023-09-01,119,84.42640857961008,Known-trail future months with weather,Statewide Strava + calendar + weather,HistGradientBoosting,
Onteora Lake,2023-09-01,311,271.1268515671169,Known-trail future months with weather,Statewide Strava + calendar + weather,HistGradientBoosting,
Red Hill Dinch Road,2023-09-01,172,185.3660236534433,Known-trail future months with weather,Statewide Strava + calendar + weather,HistGradientBoosting,
Upper Cherrytown Road,2023-09-01,2,143.37427489929365,Known-trail future months with weather,Statewide Strava + calendar + weather,HistGradientBoosting,
McKenley Hollow,2023-10-01,119,89.59771365187217,Known-trail future months with weather,Statewide Strava + calendar + weather,HistGradientBoosting,
Onteora Lake,2023-10-01,418,286.2701258453559,Known-trail future months with weather,Statewide Strava + calendar + weather,HistGradientBoosting,
Red Hill Dinch Road,2023-10-01,158,196.1251831733953,Known-trail future months with weather,Statewide Strava + calendar + weather,HistGradientBoosting,
Seager,2023-10-01,41,58.8539230099847,Known-trail future months with weather,Statewide Strava + calendar + weather,HistGradientBoosting,
Upper Cherrytown Road,2023-10-01,16,139.05434499844554,Known-trail future months with weather,Statewide Strava + calendar + weather,HistGradientBoosting,
Dry Brook Ridge to Lean-to,2023-11-01,25,19.8358097884742,Known-trail future months with weather,Statewide Strava + calendar + weather,HistGradientBoosting,
Fox Hollow,2023-11-01,75,87.05213184973883,Known-trail future months with weather,Statewide Strava + calendar + weather,HistGradientBoosting,
Hardenburgh- MH Trail,2023-11-01,4,5.643911458082865,Known-trail future months with weather,Statewide Strava + calendar + weather,HistGradientBoosting,
Kelly Hollow,2023-11-01,154,178.0412281017848,Known-trail future months with weather,Statewide Strava + calendar + weather,HistGradientBoosting,
Lane Street,2023-11-01,57,41.86030509037849,Known-trail future months with weather,Statewide Strava + calendar + weather,HistGradientBoosting,
McKenley Hollow,2023-11-01,102,95.53268724866574,Known-trail future months with weather,Statewide Strava + calendar + weather,HistGradientBoosting,
Onteora Lake,2023-11-01,246,236.2026243203272,Known-trail future months with weather,Statewide Strava + calendar + weather,HistGradientBoosting,
Red Hill Dinch Road,2023-11-01,123,156.6569088382926,Known-trail future months with weather,Statewide Strava + calendar + weather,HistGradientBoosting,
Rochester Hollow,2023-11-01,150,156.61405097264816,Known-trail future months with weather,Statewide Strava + calendar + weather,HistGradientBoosting,
Seager,2023-11-01,38,40.25139981647172,Known-trail future months with weather,Statewide Strava + calendar + weather,HistGradientBoosting,
Upper Cherrytown Road,2023-11-01,1,111.60632899047366,Known-trail future months with weather,Statewide Strava + calendar + weather,HistGradientBoosting,
Alder Lake,2023-12-01,45,46.58898415254625,Known-trail future months with weather,Statewide Strava + calendar + weather,HistGradientBoosting,
Beaverkill Road to BLM FT,2023-12-01,84,56.1133058124468,Known-trail future months with weather,Statewide Strava + calendar + weather,HistGradientBoosting,
Dry Brook Ridge to Lean-to,2023-12-01,12,10.237486335482732,Known-trail future months with weather,Statewide Strava + calendar + weather,HistGradientBoosting,
Flynn,2023-12-01,8,11.862337036161609,Known-trail future months with weather,Statewide Strava + calendar + weather,HistGradientBoosting,
Fox Hollow,2023-12-01,59,39.414525499406295,Known-trail future months with weather,Statewide Strava + calendar + weather,HistGradientBoosting,
Frick Pond,2023-12-01,59,43.45800040158502,Known-trail future months with weather,Statewide Strava + calendar + weather,HistGradientBoosting,
Hardenburgh- MH Trail,2023-12-01,0,2.628809988763383,Known-trail future months with weather,Statewide Strava + calendar + weather,HistGradientBoosting,
Kelly Hollow,2023-12-01,112,86.51578940025506,Known-trail future months with weather,Statewide Strava + calendar + weather,HistGradientBoosting,
Lane Street,2023-12-01,24,22.052703555991805,Known-trail future months with weather,Statewide Strava + calendar + weather,HistGradientBoosting,
McKenley Hollow,2023-12-01,97,53.08591085687362,Known-trail future months with weather,Statewide Strava + calendar + weather,HistGradientBoosting,
Mt Tremper,2023-12-01,176,136.78056274919152,Known-trail future months with weather,Statewide Strava + calendar + weather,HistGradientBoosting,
Neversink Hardenburgh Trail,2023-12-01,10,2.5829113275238678,Known-trail future months with weather,Statewide Strava + calendar + weather,HistGradientBoosting,
Onteora Lake,2023-12-01,216,126.71857677215328,Known-trail future months with weather,Statewide Strava + calendar + weather,HistGradientBoosting,
Red Hill Dinch Road,2023-12-01,97,80.98448131464586,Known-trail future months with weather,Statewide Strava + calendar + weather,HistGradientBoosting,
Rider Hollow,2023-12-01,128,110.1701159607988,Known-trail future months with weather,Statewide Strava + calendar + weather,HistGradientBoosting,
Rochester Hollow,2023-12-01,125,80.65394619875676,Known-trail future months with weather,Statewide Strava + calendar + weather,HistGradientBoosting,
Seager,2023-12-01,22,18.840735097967116,Known-trail future months with weather,Statewide Strava + calendar + weather,HistGradientBoosting,
Upper Cherrytown Road,2023-12-01,7,69.83371623135334,Known-trail future months with weather,Statewide Strava + calendar + weather,HistGradientBoosting,
Alder Lake,2024-01-01,33,36.17782556244318,Known-trail future months with weather,Statewide Strava + calendar + weather,HistGradientBoosting,
Beaverkill Road to BLM FT,2024-01-01,33,38.421867104762434,Known-trail future months with weather,Statewide Strava + calendar + weather,HistGradientBoosting,
Cathedral Glen,2024-01-01,6,4.464559380608547,Known-trail future months with weather,Statewide Strava + calendar + weather,HistGradientBoosting,
Denning,2024-01-01,59,52.024186606172336,Known-trail future months with weather,Statewide Strava + calendar + weather,HistGradientBoosting,
Dry Brook Ridge to Lean-to,2024-01-01,11,11.786745712290996,Known-trail future months with weather,Statewide Strava + calendar + weather,HistGradientBoosting,
Flynn,2024-01-01,12,10.577753288621054,Known-trail future months with weather,Statewide Strava + calendar + weather,HistGradientBoosting,
Fox Hollow,2024-01-01,20,27.77175305040182,Known-trail future months with weather,Statewide Strava + calendar + weather,HistGradientBoosting,
Frick Pond,2024-01-01,53,32.578156171866944,Known-trail future months with weather,Statewide Strava + calendar + weather,HistGradientBoosting,
Hardenburgh- MH Trail,2024-01-01,2,1.6262760453634335,Known-trail future months with weather,Statewide Strava + calendar + weather,HistGradientBoosting,
Kelly Hollow,2024-01-01,44,56.331147438177986,Known-trail future months with weather,Statewide Strava + calendar + weather,HistGradientBoosting,
Lane Street,2024-01-01,13,20.35388792316773,Known-trail future months with weather,Statewide Strava + calendar + weather,HistGradientBoosting,
McKenley Hollow,2024-01-01,20,43.79104092502869,Known-trail future months with weather,Statewide Strava + calendar + weather,HistGradientBoosting,
Mt Tremper,2024-01-01,107,84.69194662858267,Known-trail future months with weather,Statewide Strava + calendar + weather,HistGradientBoosting,
Neversink Hardenburgh Trail,2024-01-01,0,3.4156840791449152,Known-trail future months with weather,Statewide Strava + calendar + weather,HistGradientBoosting,
Red Hill Dinch Road,2024-01-01,79,55.32083800480575,Known-trail future months with weather,Statewide Strava + calendar + weather,HistGradientBoosting,
Rider Hollow,2024-01-01,118,71.76847133702294,Known-trail future months with weather,Statewide Strava + calendar + weather,HistGradientBoosting,
Rochester Hollow,2024-01-01,51,57.278723416061496,Known-trail future months with weather,Statewide Strava + calendar + weather,HistGradientBoosting,
Seager,2024-01-01,24,14.408952878507193,Known-trail future months with weather,Statewide Strava + calendar + weather,HistGradientBoosting,
Alder Lake,2024-02-01,55,69.65872336982459,Known-trail future months with weather,Statewide Strava + calendar + weather,HistGradientBoosting,
Beaverkill Road to BLM FT,2024-02-01,81,72.4950284360556,Known-trail future months with weather,Statewide Strava + calendar + weather,HistGradientBoosting,
Cathedral Glen,2024-02-01,11,5.215051673233909,Known-trail future months with weather,Statewide Strava + calendar + weather,HistGradientBoosting,
Denning,2024-02-01,111,87.02428981583903,Known-trail future months with weather,Statewide Strava + calendar + weather,HistGradientBoosting,
Dry Brook Ridge to Lean-to,2024-02-01,22,9.287411195683008,Known-trail future months with weather,Statewide Strava + calendar + weather,HistGradientBoosting,
Flynn,2024-02-01,13,19.353344311611917,Known-trail future months with weather,Statewide Strava + calendar + weather,HistGradientBoosting,
Fox Hollow,2024-02-01,67,42.91048591151388,Known-trail future months with weather,Statewide Strava + calendar + weather,HistGradientBoosting,
Frick Pond,2024-02-01,35,51.392814848067665,Known-trail future months with weather,Statewide Strava + calendar + weather,HistGradientBoosting,
Hardenburgh- MH Trail,2024-02-01,17,1.6616993508903404,Known-trail future months with weather,Statewide Strava + calendar + weather,HistGradientBoosting,
Kelly Hollow,2024-02-01,70,92.14311908895236,Known-trail future months with weather,Statewide Strava + calendar + weather,HistGradientBoosting,
Lane Street,2024-02-01,27,22.092758941397094,Known-trail future months with weather,Statewide Strava + calendar + weather,HistGradientBoosting,
McKenley Hollow,2024-02-01,3,56.17542396118125,Known-trail future months with weather,Statewide Strava + calendar + weather,HistGradientBoosting,
Mt Tremper,2024-02-01,103,155.33179365158668,Known-trail future months with weather,Statewide Strava + calendar + weather,HistGradientBoosting,
Neversink Hardenburgh Trail,2024-02-01,1,3.6462837958502896,Known-trail future months with weather,Statewide Strava + calendar + weather,HistGradientBoosting,
Red Hill Dinch Road,2024-02-01,100,92.8540484010003,Known-trail future months with weather,Statewide Strava + calendar + weather,HistGradientBoosting,
Rider Hollow,2024-02-01,189,116.50306029216767,Known-trail future months with weather,Statewide Strava + calendar + weather,HistGradientBoosting,
Rochester Hollow,2024-02-01,89,95.03798138313994,Known-trail future months with weather,Statewide Strava + calendar + weather,HistGradientBoosting,
Seager,2024-02-01,31,27.57323366512823,Known-trail future months with weather,Statewide Strava + calendar + weather,HistGradientBoosting,
Alder Lake,2024-03-01,63,93.27316684335791,Known-trail future months with weather,Statewide Strava + calendar + weather,HistGradientBoosting,
Beaverkill Road to BLM FT,2024-03-01,82,88.59153318711677,Known-trail future months with weather,Statewide Strava + calendar + weather,HistGradientBoosting,
Cathedral Glen,2024-03-01,10,6.528797814003449,Known-trail future months with weather,Statewide Strava + calendar + weather,HistGradientBoosting,
Denning,2024-03-01,204,113.11451661137042,Known-trail future months with weather,Statewide Strava + calendar + weather,HistGradientBoosting,
Dry Brook Ridge to Lean-to,2024-03-01,10,13.833465619476693,Known-trail future months with weather,Statewide Strava + calendar + weather,HistGradientBoosting,
Flynn,2024-03-01,12,28.28758885536054,Known-trail future months with weather,Statewide Strava + calendar + weather,HistGradientBoosting,
Fox Hollow,2024-03-01,40,59.35202396509371,Known-trail future months with weather,Statewide Strava + calendar + weather,HistGradientBoosting,
Frick Pond,2024-03-01,45,70.9769370534773,Known-trail future months with weather,Statewide Strava + calendar + weather,HistGradientBoosting,
Hardenburgh- MH Trail,2024-03-01,4,3.0207548261534454,Known-trail future months with weather,Statewide Strava + calendar + weather,HistGradientBoosting,
Kelly Hollow,2024-03-01,96,116.72192496503617,Known-trail future months with weather,Statewide Strava + calendar + weather,HistGradientBoosting,
Lane Street,2024-03-01,28,29.97004965080236,Known-trail future months with weather,Statewide Strava + calendar + weather,HistGradientBoosting,
McKenley Hollow,2024-03-01,7,72.60369795552892,Known-trail future months with weather,Statewide Strava + calendar + weather,HistGradientBoosting,
Mt Tremper,2024-03-01,123,148.08807419271676,Known-trail future months with weather,Statewide Strava + calendar + weather,HistGradientBoosting,
Neversink Hardenburgh Trail,2024-03-01,4,6.515136596954907,Known-trail future months with weather,Statewide Strava + calendar + weather,HistGradientBoosting,
Red Hill Dinch Road,2024-03-01,21,121.09028751063899,Known-trail future months with weather,Statewide Strava + calendar + weather,HistGradientBoosting,
Rider Hollow,2024-03-01,166,138.45070623842065,Known-trail future months with weather,Statewide Strava + calendar + weather,HistGradientBoosting,
Rochester Hollow,2024-03-01,117,118.78937037126971,Known-trail future months with weather,Statewide Strava + calendar + weather,HistGradientBoosting,
Seager,2024-03-01,15,37.76227062270621,Known-trail future months with weather,Statewide Strava + calendar + weather,HistGradientBoosting,
Woodchuck Hollow,2024-03-01,1,1.7873775269052716,Known-trail future months with weather,Statewide Strava + calendar + weather,HistGradientBoosting,
Alder Lake,2024-04-01,127,103.44713732852165,Known-trail future months with weather,Statewide Strava + calendar + weather,HistGradientBoosting,
Beaverkill Road to BLM FT,2024-04-01,110,109.58956520504451,Known-trail future months with weather,Statewide Strava + calendar + weather,HistGradientBoosting,
Cathedral Glen,2024-04-01,21,8.054092225482972,Known-trail future months with weather,Statewide Strava + calendar + weather,HistGradientBoosting,
Denning,2024-04-01,233,141.2221590718895,Known-trail future months with weather,Statewide Strava + calendar + weather,HistGradientBoosting,
Dry Brook Ridge to Lean-to,2024-04-01,13,15.744874258590995,Known-trail future months with weather,Statewide Strava + calendar + weather,HistGradientBoosting,
Flynn,2024-04-01,18,31.019952303138332,Known-trail future months with weather,Statewide Strava + calendar + weather,HistGradientBoosting,
Fox Hollow,2024-04-01,48,65.09295120206875,Known-trail future months with weather,Statewide Strava + calendar + weather,HistGradientBoosting,
Frick Pond,2024-04-01,70,76.64587920077437,Known-trail future months with weather,Statewide Strava + calendar + weather,HistGradientBoosting,
Hardenburgh- MH Trail,2024-04-01,1,3.6379583089595173,Known-trail future months with weather,Statewide Strava + calendar + weather,HistGradientBoosting,
Kelly Hollow,2024-04-01,127,144.03820596874124,Known-trail future months with weather,Statewide Strava + calendar + weather,HistGradientBoosting,
Lane Street,2024-04-01,36,32.54217399715186,Known-trail future months with weather,Statewide Strava + calendar + weather,HistGradientBoosting,
Mt Tremper,2024-04-01,64,178.31341753412855,Known-trail future months with weather,Statewide Strava + calendar + weather,HistGradientBoosting,
Neversink Hardenburgh Trail,2024-04-01,4,7.9554061763176795,Known-trail future months with weather,Statewide Strava + calendar + weather,HistGradientBoosting,
Rider Hollow,2024-04-01,103,96.62817092364656,Known-trail future months with weather,Statewide Strava + calendar + weather,HistGradientBoosting,
Rochester Hollow,2024-04-01,99,117.29471827890585,Known-trail future months with weather,Statewide Strava + calendar + weather,HistGradientBoosting,
Seager,2024-04-01,40,41.2765616149554,Known-trail future months with weather,Statewide Strava + calendar + weather,HistGradientBoosting,
Alder Lake,2024-05-01,147,205.57032956540542,Known-trail future months with weather,Statewide Strava + calendar + weather,HistGradientBoosting,
Beaverkill Road to BLM FT,2024-05-01,189,216.03679518406304,Known-trail future months with weather,Statewide Strava + calendar + weather,HistGradientBoosting,
Cathedral Glen,2024-05-01,19,13.70111557818429,Known-trail future months with weather,Statewide Strava + calendar + weather,HistGradientBoosting,
Denning,2024-05-01,260,255.7564829300749,Known-trail future months with weather,Statewide Strava + calendar + weather,HistGradientBoosting,
Dry Brook Ridge to Lean-to,2024-05-01,17,27.809226834759926,Known-trail future months with weather,Statewide Strava + calendar + weather,HistGradientBoosting,
Flynn,2024-05-01,24,60.22829547202192,Known-trail future months with weather,Statewide Strava + calendar + weather,HistGradientBoosting,
Fox Hollow,2024-05-01,71,124.14708961286821,Known-trail future months with weather,Statewide Strava + calendar + weather,HistGradientBoosting,
Frick Pond,2024-05-01,125,153.71577746400192,Known-trail future months with weather,Statewide Strava + calendar + weather,HistGradientBoosting,
Hardenburgh- MH Trail,2024-05-01,23,6.8421771693612,Known-trail future months with weather,Statewide Strava + calendar + weather,HistGradientBoosting,
Kelly Hollow,2024-05-01,182,255.3491398725282,Known-trail future months with weather,Statewide Strava + calendar + weather,HistGradientBoosting,
Lane Street,2024-05-01,54,60.93284029455313,Known-trail future months with weather,Statewide Strava + calendar + weather,HistGradientBoosting,
Mt Tremper,2024-05-01,19,291.0331729737019,Known-trail future months with weather,Statewide Strava + calendar + weather,HistGradientBoosting,
Neversink Hardenburgh Trail,2024-05-01,34,16.578336032225366,Known-trail future months with weather,Statewide Strava + calendar + weather,HistGradientBoosting,
Rider Hollow,2024-05-01,98,160.07929499950438,Known-trail future months with weather,Statewide Strava + calendar + weather,HistGradientBoosting,
Rochester Hollow,2024-05-01,182,177.10497743644567,Known-trail future months with weather,Statewide Strava + calendar + weather,HistGradientBoosting,
Seager,2024-05-01,53,76.96570468316285,Known-trail future months with weather,Statewide Strava + calendar + weather,HistGradientBoosting,
Woodchuck Hollow,2024-05-01,1,2.693344692190509,Known-trail future months with weather,Statewide Strava + calendar + weather,HistGradientBoosting,
Woodland Valley,2024-05-01,99,112.84626718842405,Known-trail future months with weather,Statewide Strava + calendar + weather,HistGradientBoosting,
Alder Lake,2024-06-01,168,220.45687734607776,Known-trail future months with weather,Statewide Strava + calendar + weather,HistGradientBoosting,
Beaverkill Road to BLM FT,2024-06-01,190,223.56165308370856,Known-trail future months with weather,Statewide Strava + calendar + weather,HistGradientBoosting,
Cathedral Glen,2024-06-01,30,13.966375408241673,Known-trail future months with weather,Statewide Strava + calendar + weather,HistGradientBoosting,
Denning,2024-06-01,281,275.6424725662132,Known-trail future months with weather,Statewide Strava + calendar + weather,HistGradientBoosting,
Dry Brook Ridge to Lean-to,2024-06-01,20,28.919491736560477,Known-trail future months with weather,Statewide Strava + calendar + weather,HistGradientBoosting,
Flynn,2024-06-01,30,63.189216399999324,Known-trail future months with weather,Statewide Strava + calendar + weather,HistGradientBoosting,
Fox Hollow,2024-06-01,64,130.33062038809078,Known-trail future months with weather,Statewide Strava + calendar + weather,HistGradientBoosting,
Frick Pond,2024-06-01,131,161.93317834300186,Known-trail future months with weather,Statewide Strava + calendar + weather,HistGradientBoosting,
Hardenburgh- MH Trail,2024-06-01,17,7.195869102244392,Known-trail future months with weather,Statewide Strava + calendar + weather,HistGradientBoosting,
Kelly Hollow,2024-06-01,156,256.4962949630393,Known-trail future months with weather,Statewide Strava + calendar + weather,HistGradientBoosting,
Lane Street,2024-06-01,71,64.08996353872172,Known-trail future months with weather,Statewide Strava + calendar + weather,HistGradientBoosting,
Mt Tremper,2024-06-01,22,296.2941837554432,Known-trail future months with weather,Statewide Strava + calendar + weather,HistGradientBoosting,
Neversink Hardenburgh Trail,2024-06-01,13,17.21861635978843,Known-trail future months with weather,Statewide Strava + calendar + weather,HistGradientBoosting,
Rider Hollow,2024-06-01,93,160.43016654605648,Known-trail future months with weather,Statewide Strava + calendar + weather,HistGradientBoosting,
Rochester Hollow,2024-06-01,113,180.93432239869412,Known-trail future months with weather,Statewide Strava + calendar + weather,HistGradientBoosting,
Seager,2024-06-01,73,78.87659234758735,Known-trail future months with weather,Statewide Strava + calendar + weather,HistGradientBoosting,
Slide Mt,2024-06-01,593,592.4594546242524,Known-trail future months with weather,Statewide Strava + calendar + weather,HistGradientBoosting,
Woodland Valley,2024-06-01,70,119.36776523541003,Known-trail future months with weather,Statewide Strava + calendar + weather,HistGradientBoosting,
Alder Lake,2024-07-01,299,243.2093727261928,Known-trail future months with weather,Statewide Strava + calendar + weather,HistGradientBoosting,
Beaverkill Road to BLM FT,2024-07-01,193,242.17710041545376,Known-trail future months with weather,Statewide Strava + calendar + weather,HistGradientBoosting,
Cathedral Glen,2024-07-01,6,15.965392808433963,Known-trail future months with weather,Statewide Strava + calendar + weather,HistGradientBoosting,
Denning,2024-07-01,293,283.86713867662684,Known-trail future months with weather,Statewide Strava + calendar + weather,HistGradientBoosting,
Dry Brook Ridge to Lean-to,2024-07-01,46,40.06065853985445,Known-trail future months with weather,Statewide Strava + calendar + weather,HistGradientBoosting,
Flynn,2024-07-01,64,82.17388582288297,Known-trail future months with weather,Statewide Strava + calendar + weather,HistGradientBoosting,
Fox Hollow,2024-07-01,98,153.4378363553902,Known-trail future months with weather,Statewide Strava + calendar + weather,HistGradientBoosting,
Frick Pond,2024-07-01,209,184.6355637526319,Known-trail future months with weather,Statewide Strava + calendar + weather,HistGradientBoosting,
Giant Ledge,2024-07-01,150,654.7527146397873,Known-trail future months with weather,Statewide Strava + calendar + weather,HistGradientBoosting,
Hardenburgh- MH Trail,2024-07-01,16,11.43358619561098,Known-trail future months with weather,Statewide Strava + calendar + weather,HistGradientBoosting,
Kelly Hollow,2024-07-01,215,267.57989384095475,Known-trail future months with weather,Statewide Strava + calendar + weather,HistGradientBoosting,
Lane Street,2024-07-01,81,79.0586886794699,Known-trail future months with weather,Statewide Strava + calendar + weather,HistGradientBoosting,
Mt Tremper,2024-07-01,35,305.3995364114077,Known-trail future months with weather,Statewide Strava + calendar + weather,HistGradientBoosting,
Neversink Hardenburgh Trail,2024-07-01,21,30.320571302663062,Known-trail future months with weather,Statewide Strava + calendar + weather,HistGradientBoosting,
Rider Hollow,2024-07-01,128,156.5377520181129,Known-trail future months with weather,Statewide Strava + calendar + weather,HistGradientBoosting,
Rochester Hollow,2024-07-01,229,205.1241620506917,Known-trail future months with weather,Statewide Strava + calendar + weather,HistGradientBoosting,
Seager,2024-07-01,78,98.45075301587968,Known-trail future months with weather,Statewide Strava + calendar + weather,HistGradientBoosting,
Slide Mt,2024-07-01,868,621.3138269656947,Known-trail future months with weather,Statewide Strava + calendar + weather,HistGradientBoosting,
Woodchuck Hollow,2024-07-01,5,2.853211283917305,Known-trail future months with weather,Statewide Strava + calendar + weather,HistGradientBoosting,
Woodland Valley,2024-07-01,12,156.63375870381276,Known-trail future months with weather,Statewide Strava + calendar + weather,HistGradientBoosting,
Alder Lake,2024-08-01,303,212.08404577099574,Known-trail future months with weather,Statewide Strava + calendar + weather,HistGradientBoosting,
Beaverkill Road to BLM FT,2024-08-01,196,232.72978991011075,Known-trail future months with weather,Statewide Strava + calendar + weather,HistGradientBoosting,
Cathedral Glen,2024-08-01,32,12.571403783097583,Known-trail future months with weather,Statewide Strava + calendar + weather,HistGradientBoosting,
Denning,2024-08-01,270,266.1534728522358,Known-trail future months with weather,Statewide Strava + calendar + weather,HistGradientBoosting,
Dry Brook Ridge to Lean-to,2024-08-01,33,36.70522465823582,Known-trail future months with weather,Statewide Strava + calendar + weather,HistGradientBoosting,
Flynn,2024-08-01,25,75.25671462454564,Known-trail future months with weather,Statewide Strava + calendar + weather,HistGradientBoosting,
Fox Hollow,2024-08-01,114,146.00200707905105,Known-trail future months with weather,Statewide Strava + calendar + weather,HistGradientBoosting,
Frick Pond,2024-08-01,192,171.46572642548645,Known-trail future months with weather,Statewide Strava + calendar + weather,HistGradientBoosting,
Hardenburgh- MH Trail,2024-08-01,9,10.777537507282721,Known-trail future months with weather,Statewide Strava + calendar + weather,HistGradientBoosting,
Kelly Hollow,2024-08-01,248,276.990556619438,Known-trail future months with weather,Statewide Strava + calendar + weather,HistGradientBoosting,
Lane Street,2024-08-01,56,71.84664320145912,Known-trail future months with weather,Statewide Strava + calendar + weather,HistGradientBoosting,
Millbrook to BLM FT,2024-08-01,392,329.8731978377494,Known-trail future months with weather,Statewide Strava + calendar + weather,HistGradientBoosting,
Mt Tremper,2024-08-01,587,292.06377244932764,Known-trail future months with weather,Statewide Strava + calendar + weather,HistGradientBoosting,
Neversink Hardenburgh Trail,2024-08-01,11,31.985987835707565,Known-trail future months with weather,Statewide Strava + calendar + weather,HistGradientBoosting,
Rider Hollow,2024-08-01,150,162.0693503186403,Known-trail future months with weather,Statewide Strava + calendar + weather,HistGradientBoosting,
Rochester Hollow,2024-08-01,261,203.08677864889583,Known-trail future months with weather,Statewide Strava + calendar + weather,HistGradientBoosting,
Seager,2024-08-01,63,91.1311764227176,Known-trail future months with weather,Statewide Strava + calendar + weather,HistGradientBoosting,
Slide Mt,2024-08-01,1077,586.9716516486819,Known-trail future months with weather,Statewide Strava + calendar + weather,HistGradientBoosting,
Woodchuck Hollow,2024-08-01,2,2.5827137202029125,Known-trail future months with weather,Statewide Strava + calendar + weather,HistGradientBoosting,
Woodland Valley,2024-08-01,9,145.07808979945858,Known-trail future months with weather,Statewide Strava + calendar + weather,HistGradientBoosting,
Alder Lake,2024-09-01,229,175.8861217072078,Known-trail future months with weather,Statewide Strava + calendar + weather,HistGradientBoosting,
Ashokan HP,2024-09-01,127,152.06932180855318,Known-trail future months with weather,Statewide Strava + calendar + weather,HistGradientBoosting,
Beaverkill Road to BLM FT,2024-09-01,203,201.63497472406138,Known-trail future months with weather,Statewide Strava + calendar + weather,HistGradientBoosting,
Cathedral Glen,2024-09-01,6,9.357919351182039,Known-trail future months with weather,Statewide Strava + calendar + weather,HistGradientBoosting,
Denning,2024-09-01,243,250.5578420237063,Known-trail future months with weather,Statewide Strava + calendar + weather,HistGradientBoosting,
Dry Brook Ridge to Lean-to,2024-09-01,14,26.300875374797464,Known-trail future months with weather,Statewide Strava + calendar + weather,HistGradientBoosting,
Flynn,2024-09-01,71,54.50069807223648,Known-trail future months with weather,Statewide Strava + calendar + weather,HistGradientBoosting,
Fox Hollow,2024-09-01,36,119.28593084239401,Known-trail future months with weather,Statewide Strava + calendar + weather,HistGradientBoosting,
Frick Pond,2024-09-01,200,147.2087663158157,Known-trail future months with weather,Statewide Strava + calendar + weather,HistGradientBoosting,
Giant Ledge,2024-09-01,116,686.3373380390057,Known-trail future months with weather,Statewide Strava + calendar + weather,HistGradientBoosting,
Hardenburgh- MH Trail,2024-09-01,13,7.3340982402385375,Known-trail future months with weather,Statewide Strava + calendar + weather,HistGradientBoosting,
Kelly Hollow,2024-09-01,125,239.722916077506,Known-trail future months with weather,Statewide Strava + calendar + weather,HistGradientBoosting,
Lane Street,2024-09-01,39,56.880313873605495,Known-trail future months with weather,Statewide Strava + calendar + weather,HistGradientBoosting,
Millbrook to BLM FT,2024-09-01,347,372.2040969211597,Known-trail future months with weather,Statewide Strava + calendar + weather,HistGradientBoosting,
Neversink Hardenburgh Trail,2024-09-01,17,19.30238918294451,Known-trail future months with weather,Statewide Strava + calendar + weather,HistGradientBoosting,
Overlook,2024-09-01,717,778.9750504049063,Known-trail future months with weather,Statewide Strava + calendar + weather,HistGradientBoosting,
Rider Hollow,2024-09-01,91,212.19813961955964,Known-trail future months with weather,Statewide Strava + calendar + weather,HistGradientBoosting,
Rochester Hollow,2024-09-01,131,208.292177777967,Known-trail future months with weather,Statewide Strava + calendar + weather,HistGradientBoosting,
Slide Mt,2024-09-01,783,646.9767004139329,Known-trail future months with weather,Statewide Strava + calendar + weather,HistGradientBoosting,
Wittenberg,2024-09-01,414,444.0160087911746,Known-trail future months with weather,Statewide Strava + calendar + weather,HistGradientBoosting,
Woodchuck Hollow,2024-09-01,4,2.257020183866682,Known-trail future months with weather,Statewide Strava + calendar + weather,HistGradientBoosting,
Woodland Valley,2024-09-01,35,110.81634670801404,Known-trail future months with weather,Statewide Strava + calendar + weather,HistGradientBoosting,
Alder Lake,2024-10-01,17,180.09650415903295,Known-trail future months with weather,Statewide Strava + calendar + weather,HistGradientBoosting,
Ashokan HP,2024-10-01,260,165.4520362091679,Known-trail future months with weather,Statewide Strava + calendar + weather,HistGradientBoosting,
Beaverkill Road to BLM FT,2024-10-01,12,210.31910935715223,Known-trail future months with weather,Statewide Strava + calendar + weather,HistGradientBoosting,
Denning,2024-10-01,306,261.0058349248024,Known-trail future months with weather,Statewide Strava + calendar + weather,HistGradientBoosting,
Flynn,2024-10-01,1,56.60666329571839,Known-trail future months with weather,Statewide Strava + calendar + weather,HistGradientBoosting,
Frick Pond,2024-10-01,6,152.0833009949381,Known-trail future months with weather,Statewide Strava + calendar + weather,HistGradientBoosting,
Giant Ledge,2024-10-01,1383,816.8472462251257,Known-trail future months with weather,Statewide Strava + calendar + weather,HistGradientBoosting,
Millbrook to BLM FT,2024-10-01,462,384.4501594287189,Known-trail future months with weather,Statewide Strava + calendar + weather,HistGradientBoosting,
Neversink Hardenburgh Trail,2024-10-01,31,19.173489292780193,Known-trail future months with weather,Statewide Strava + calendar + weather,HistGradientBoosting,
Overlook,2024-10-01,1143,798.4590958184574,Known-trail future months with weather,Statewide Strava + calendar + weather,HistGradientBoosting,
Slide Mt,2024-10-01,757,674.2344805808622,Known-trail future months with weather,Statewide Strava + calendar + weather,HistGradientBoosting,
Wittenberg,2024-10-01,638,457.907725053038,Known-trail future months with weather,Statewide Strava + calendar + weather,HistGradientBoosting,
Woodchuck Hollow,2024-10-01,4,2.308604960325396,Known-trail future months with weather,Statewide Strava + calendar + weather,HistGradientBoosting,
Woodland Valley,2024-10-01,182,114.98374865348059,Known-trail future months with weather,Statewide Strava + calendar + weather,HistGradientBoosting,
Ashokan HP,2024-11-01,63,127.60972663331796,Known-trail future months with weather,Statewide Strava + calendar + weather,HistGradientBoosting,
Denning,2024-11-01,76,196.14551020765714,Known-trail future months with weather,Statewide Strava + calendar + weather,HistGradientBoosting,
Giant Ledge,2024-11-01,404,614.8047130829362,Known-trail future months with weather,Statewide Strava + calendar + weather,HistGradientBoosting,
Millbrook to BLM FT,2024-11-01,251,286.71730974006016,Known-trail future months with weather,Statewide Strava + calendar + weather,HistGradientBoosting,
Overlook,2024-11-01,843,594.0512773705279,Known-trail future months with weather,Statewide Strava + calendar + weather,HistGradientBoosting,
Wittenberg,2024-11-01,289,344.23465973443814,Known-trail future months with weather,Statewide Strava + calendar + weather,HistGradientBoosting,
Woodchuck Hollow,2024-11-01,4,1.9295697521629709,Known-trail future months with weather,Statewide Strava + calendar + weather,HistGradientBoosting,
Woodland Valley,2024-11-01,88,84.07015613172506,Known-trail future months with weather,Statewide Strava + calendar + weather,HistGradientBoosting,
Ashokan HP,2024-12-01,53,79.00497660106068,Known-trail future months with weather,Statewide Strava + calendar + weather,HistGradientBoosting,
Giant Ledge,2024-12-01,235,513.7801282748,Known-trail future months with weather,Statewide Strava + calendar + weather,HistGradientBoosting,
Millbrook to BLM FT,2024-12-01,133,227.63452614108687,Known-trail future months with weather,Statewide Strava + calendar + weather,HistGradientBoosting,
Overlook,2024-12-01,291,524.5755774940496,Known-trail future months with weather,Statewide Strava + calendar + weather,HistGradientBoosting,
Wittenberg,2024-12-01,115,234.28428174716277,Known-trail future months with weather,Statewide Strava + calendar + weather,HistGradientBoosting,
Woodland Valley,2024-12-01,25,43.01665845449286,Known-trail future months with weather,Statewide Strava + calendar + weather,HistGradientBoosting,
Ashokan HP,2025-01-01,35,82.25277145305795,Known-trail future months with weather,Statewide Strava + calendar + weather,HistGradientBoosting,
Giant Ledge,2025-01-01,268,381.12320264849484,Known-trail future months with weather,Statewide Strava + calendar + weather,HistGradientBoosting,
Millbrook to BLM FT,2025-01-01,143,153.32875164603374,Known-trail future months with weather,Statewide Strava + calendar + weather,HistGradientBoosting,
Overlook,2025-01-01,358,463.9216302900931,Known-trail future months with weather,Statewide Strava + calendar + weather,HistGradientBoosting,
Wittenberg,2025-01-01,103,161.76660192099988,Known-trail future months with weather,Statewide Strava + calendar + weather,HistGradientBoosting,
Woodland Valley,2025-01-01,15,32.2161899203914,Known-trail future months with weather,Statewide Strava + calendar + weather,HistGradientBoosting,
Ashokan HP,2025-02-01,27,83.17367760945012,Known-trail future months with weather,Statewide Strava + calendar + weather,HistGradientBoosting,
Giant Ledge,2025-02-01,184,319.3464440838564,Known-trail future months with weather,Statewide Strava + calendar + weather,HistGradientBoosting,
Millbrook to BLM FT,2025-02-01,139,152.31849353725792,Known-trail future months with weather,Statewide Strava + calendar + weather,HistGradientBoosting,
Overlook,2025-02-01,182,355.89024355361306,Known-trail future months with weather,Statewide Strava + calendar + weather,HistGradientBoosting,
Wittenberg,2025-02-01,55,125.81734281805397,Known-trail future months with weather,Statewide Strava + calendar + weather,HistGradientBoosting,
Woodland Valley,2025-02-01,30,31.42290426889345,Known-trail future months with weather,Statewide Strava + calendar + weather,HistGradientBoosting,
Ashokan HP,2025-03-01,83,96.77146445947199,Known-trail future months with weather,Statewide Strava + calendar + weather,HistGradientBoosting,
Giant Ledge,2025-03-01,371,534.7454438059589,Known-trail future months with weather,Statewide Strava + calendar + weather,HistGradientBoosting,
Millbrook to BLM FT,2025-03-01,131,203.50280488750408,Known-trail future months with weather,Statewide Strava + calendar + weather,HistGradientBoosting,
Overlook,2025-03-01,426,581.624579184851,Known-trail future months with weather,Statewide Strava + calendar + weather,HistGradientBoosting,
Wittenberg,2025-03-01,126,223.77364213024583,Known-trail future months with weather,Statewide Strava + calendar + weather,HistGradientBoosting,
Woodland Valley,2025-03-01,41,51.74176608936853,Known-trail future months with weather,Statewide Strava + calendar + weather,HistGradientBoosting,
Ashokan HP,2025-04-01,89,127.10075656327982,Known-trail future months with weather,Statewide Strava + calendar + weather,HistGradientBoosting,
Giant Ledge,2025-04-01,341,604.6760863308052,Known-trail future months with weather,Statewide Strava + calendar + weather,HistGradientBoosting,
Millbrook to BLM FT,2025-04-01,173,246.51555549795756,Known-trail future months with weather,Statewide Strava + calendar + weather,HistGradientBoosting,
Overlook,2025-04-01,576,765.5790634025711,Known-trail future months with weather,Statewide Strava + calendar + weather,HistGradientBoosting,
Wittenberg,2025-04-01,47,324.61897363269514,Known-trail future months with weather,Statewide Strava + calendar + weather,HistGradientBoosting,
Woodland Valley,2025-04-01,47,68.38710979528038,Known-trail future months with weather,Statewide Strava + calendar + weather,HistGradientBoosting,
Ashokan HP,2025-05-01,72,169.98151077752374,Known-trail future months with weather,Statewide Strava + calendar + weather,HistGradientBoosting,
Giant Ledge,2025-05-01,403,623.4848904726816,Known-trail future months with weather,Statewide Strava + calendar + weather,HistGradientBoosting,
Millbrook to BLM FT,2025-05-01,277,286.28669836537847,Known-trail future months with weather,Statewide Strava + calendar + weather,HistGradientBoosting,
Overlook,2025-05-01,828,864.0889956414397,Known-trail future months with weather,Statewide Strava + calendar + weather,HistGradientBoosting,
Wittenberg,2025-05-01,477,439.7131284842009,Known-trail future months with weather,Statewide Strava + calendar + weather,HistGradientBoosting,
Woodland Valley,2025-05-01,13,114.23484009309703,Known-trail future months with weather,Statewide Strava + calendar + weather,HistGradientBoosting,
Ashokan HP,2025-06-01,160,160.75723690612736,Known-trail future months with weather,Statewide Strava + calendar + weather,HistGradientBoosting,
Giant Ledge,2025-06-01,629,633.2456867442467,Known-trail future months with weather,Statewide Strava + calendar + weather,HistGradientBoosting,
Millbrook to BLM FT,2025-06-01,231,298.4799983399767,Known-trail future months with weather,Statewide Strava + calendar + weather,HistGradientBoosting,
Overlook,2025-06-01,854,878.1157196487562,Known-trail future months with weather,Statewide Strava + calendar + weather,HistGradientBoosting,
Wittenberg,2025-06-01,532,464.45959862302084,Known-trail future months with weather,Statewide Strava + calendar + weather,HistGradientBoosting,
Ashokan HP,2025-07-01,260,170.51142225467436,Known-trail future months with weather,Statewide Strava + calendar + weather,HistGradientBoosting,
Giant Ledge,2025-07-01,400,648.4948145567137,Known-trail future months with weather,Statewide Strava + calendar + weather,HistGradientBoosting,
Millbrook to BLM FT,2025-07-01,340,329.657558720606,Known-trail future months with weather,Statewide Strava + calendar + weather,HistGradientBoosting,
Overlook,2025-07-01,1038,892.5884256428238,Known-trail future months with weather,Statewide Strava + calendar + weather,HistGradientBoosting,
Wittenberg,2025-07-01,587,489.1024026711209,Known-trail future months with weather,Statewide Strava + calendar + weather,HistGradientBoosting,
Ashokan HP,2025-08-01,173,159.66866670838698,Known-trail future months with weather,Statewide Strava + calendar + weather,HistGradientBoosting,
Millbrook to BLM FT,2025-08-01,354,345.79154819564644,Known-trail future months with weather,Statewide Strava + calendar + weather,HistGradientBoosting,
Overlook,2025-08-01,698,885.7353122511344,Known-trail future months with weather,Statewide Strava + calendar + weather,HistGradientBoosting,
Wittenberg,2025-08-01,751,491.45500230087504,Known-trail future months with weather,Statewide Strava + calendar + weather,HistGradientBoosting,
Ashokan HP,2025-09-01,101,149.0966577580459,Known-trail future months with weather,Statewide Strava + calendar + weather,HistGradientBoosting,
Millbrook to BLM FT,2025-09-01,14,372.2040969211597,Known-trail future months with weather,Statewide Strava + calendar + weather,HistGradientBoosting,
Overlook,2025-09-01,27,778.9750504049063,Known-trail future months with weather,Statewide Strava + calendar + weather,HistGradientBoosting,
Wittenberg,2025-09-01,506,444.0160087911746,Known-trail future months with weather,Statewide Strava + calendar + weather,HistGradientBoosting,
Ashokan HP,2025-10-01,117,170.7025176200943,Known-trail future months with weather,Statewide Strava + calendar + weather,HistGradientBoosting,
Overlook,2025-10-01,4,809.8729004302551,Known-trail future months with weather,Statewide Strava + calendar + weather,HistGradientBoosting,
Wittenberg,2025-10-01,589,464.45950879781805,Known-trail future months with weather,Statewide Strava + calendar + weather,HistGradientBoosting,
Peekamoose,2022-12-01,58,40.864692823125594,Known-trail future months with weather,History + statewide summary + weather,Ridge,
Biscuit Brook,2023-01-01,47,66.37418662187025,Known-trail future months with weather,History + statewide summary + weather,Ridge,
Peekamoose,2023-01-01,139,59.21630446495253,Known-trail future months with weather,History + statewide summary + weather,Ridge,
Bangle Hill,2023-02-01,18,8.641240615971894,Known-trail future months with weather,History + statewide summary + weather,Ridge,
Biscuit Brook,2023-02-01,68,47.43859266665701,Known-trail future months with weather,History + statewide summary + weather,Ridge,
Peekamoose,2023-02-01,90,52.18319210925512,Known-trail future months with weather,History + statewide summary + weather,Ridge,
Bangle Hill,2023-03-01,5,8.966017613352651,Known-trail future months with weather,History + statewide summary + weather,Ridge,
Biscuit Brook,2023-03-01,59,57.42575149985471,Known-trail future months with weather,History + statewide summary + weather,Ridge,
Peekamoose,2023-03-01,63,53.41223614402472,Known-trail future months with weather,History + statewide summary + weather,Ridge,
Bangle Hill,2023-04-01,11,16.529850685728455,Known-trail future months with weather,History + statewide summary + weather,Ridge,
Biscuit Brook,2023-04-01,74,110.45817119112651,Known-trail future months with weather,History + statewide summary + weather,Ridge,
Peekamoose,2023-04-01,92,94.20995040033213,Known-trail future months with weather,History + statewide summary + weather,Ridge,
Bangle Hill,2023-05-01,5,21.38003972358809,Known-trail future months with weather,History + statewide summary + weather,Ridge,
Biscuit Brook,2023-05-01,157,170.4879963162764,Known-trail future months with weather,History + statewide summary + weather,Ridge,
Peekamoose,2023-05-01,234,121.40393065764478,Known-trail future months with weather,History + statewide summary + weather,Ridge,
Slide Mt,2023-05-01,691,600.3824945434473,Known-trail future months with weather,History + statewide summary + weather,Ridge,
Upper Cherrytown Road,2023-05-01,136,248.13206052746693,Known-trail future months with weather,History + statewide summary + weather,Ridge,
Biscuit Brook,2023-06-01,121,120.56821505946318,Known-trail future months with weather,History + statewide summary + weather,Ridge,
Peekamoose,2023-06-01,49,133.56389503913758,Known-trail future months with weather,History + statewide summary + weather,Ridge,
Slide Mt,2023-06-01,587,752.8872308019055,Known-trail future months with weather,History + statewide summary + weather,Ridge,
Upper Cherrytown Road,2023-06-01,143,144.88885720247495,Known-trail future months with weather,History + statewide summary + weather,Ridge,
Biscuit Brook,2023-07-01,144,106.61106586436146,Known-trail future months with weather,History + statewide summary + weather,Ridge,
McKenley Hollow,2023-07-01,103,106.66642684333154,Known-trail future months with weather,History + statewide summary + weather,Ridge,
Red Hill Dinch Road,2023-07-01,291,207.1298993831021,Known-trail future months with weather,History + statewide summary + weather,Ridge,
Slide Mt,2023-07-01,794,899.4442993800966,Known-trail future months with weather,History + statewide summary + weather,Ridge,
Upper Cherrytown Road,2023-07-01,329,141.1743746226386,Known-trail future months with weather,History + statewide summary + weather,Ridge,
Biscuit Brook,2023-08-01,98,112.84338290260644,Known-trail future months with weather,History + statewide summary + weather,Ridge,
McKenley Hollow,2023-08-01,116,98.50280839592368,Known-trail future months with weather,History + statewide summary + weather,Ridge,
Onteora Lake,2023-08-01,284,326.8435311171831,Known-trail future months with weather,History + statewide summary + weather,Ridge,
Red Hill Dinch Road,2023-08-01,238,202.2779679264429,Known-trail future months with weather,History + statewide summary + weather,Ridge,
Slide Mt,2023-08-01,606,863.1702688071289,Known-trail future months with weather,History + statewide summary + weather,Ridge,
Upper Cherrytown Road,2023-08-01,197,161.95191520113184,Known-trail future months with weather,History + statewide summary + weather,Ridge,
McKenley Hollow,2023-09-01,119,97.05215945456187,Known-trail future months with weather,History + statewide summary + weather,Ridge,
Onteora Lake,2023-09-01,311,302.3012851748441,Known-trail future months with weather,History + statewide summary + weather,Ridge,
Red Hill Dinch Road,2023-09-01,172,189.088707499769,Known-trail future months with weather,History + statewide summary + weather,Ridge,
Upper Cherrytown Road,2023-09-01,2,160.56099835792062,Known-trail future months with weather,History + statewide summary + weather,Ridge,
McKenley Hollow,2023-10-01,119,90.8172954618048,Known-trail future months with weather,History + statewide summary + weather,Ridge,
Onteora Lake,2023-10-01,418,291.1082648778219,Known-trail future months with weather,History + statewide summary + weather,Ridge,
Red Hill Dinch Road,2023-10-01,158,169.08956075343207,Known-trail future months with weather,History + statewide summary + weather,Ridge,
Seager,2023-10-01,41,57.60807826522815,Known-trail future months with weather,History + statewide summary + weather,Ridge,
Upper Cherrytown Road,2023-10-01,16,154.47037609387152,Known-trail future months with weather,History + statewide summary + weather,Ridge,
Dry Brook Ridge to Lean-to,2023-11-01,25,17.569212288685847,Known-trail future months with weather,History + statewide summary + weather,Ridge,
Fox Hollow,2023-11-01,75,49.73809809342016,Known-trail future months with weather,History + statewide summary + weather,Ridge,
Hardenburgh- MH Trail,2023-11-01,4,6.527649155843908,Known-trail future months with weather,History + statewide summary + weather,Ridge,
Kelly Hollow,2023-11-01,154,102.17450507987097,Known-trail future months with weather,History + statewide summary + weather,Ridge,
Lane Street,2023-11-01,57,30.242501542971336,Known-trail future months with weather,History + statewide summary + weather,Ridge,
McKenley Hollow,2023-11-01,102,55.66834071461254,Known-trail future months with weather,History + statewide summary + weather,Ridge,
Onteora Lake,2023-11-01,246,199.0509797406755,Known-trail future months with weather,History + statewide summary + weather,Ridge,
Red Hill Dinch Road,2023-11-01,123,94.36694342567061,Known-trail future months with weather,History + statewide summary + weather,Ridge,
Rochester Hollow,2023-11-01,150,84.33433312851984,Known-trail future months with weather,History + statewide summary + weather,Ridge,
Seager,2023-11-01,38,34.51362284697348,Known-trail future months with weather,History + statewide summary + weather,Ridge,
Upper Cherrytown Road,2023-11-01,1,95.26911410773147,Known-trail future months with weather,History + statewide summary + weather,Ridge,
Alder Lake,2023-12-01,45,66.23761019908603,Known-trail future months with weather,History + statewide summary + weather,Ridge,
Beaverkill Road to BLM FT,2023-12-01,84,75.67403611064465,Known-trail future months with weather,History + statewide summary + weather,Ridge,
Dry Brook Ridge to Lean-to,2023-12-01,12,14.955922719260556,Known-trail future months with weather,History + statewide summary + weather,Ridge,
Flynn,2023-12-01,8,21.872480981491293,Known-trail future months with weather,History + statewide summary + weather,Ridge,
Fox Hollow,2023-12-01,59,41.37624194439741,Known-trail future months with weather,History + statewide summary + weather,Ridge,
Frick Pond,2023-12-01,59,53.925007893379465,Known-trail future months with weather,History + statewide summary + weather,Ridge,
Hardenburgh- MH Trail,2023-12-01,0,5.512952398471703,Known-trail future months with weather,History + statewide summary + weather,Ridge,
Kelly Hollow,2023-12-01,112,86.06312566334113,Known-trail future months with weather,History + statewide summary + weather,Ridge,
Lane Street,2023-12-01,24,25.93560350096142,Known-trail future months with weather,History + statewide summary + weather,Ridge,
McKenley Hollow,2023-12-01,97,47.85636636537689,Known-trail future months with weather,History + statewide summary + weather,Ridge,
Mt Tremper,2023-12-01,176,123.43558583073725,Known-trail future months with weather,History + statewide summary + weather,Ridge,
Neversink Hardenburgh Trail,2023-12-01,10,7.914381022206139,Known-trail future months with weather,History + statewide summary + weather,Ridge,
Onteora Lake,2023-12-01,216,166.0535706945507,Known-trail future months with weather,History + statewide summary + weather,Ridge,
Red Hill Dinch Road,2023-12-01,97,79.39882428515762,Known-trail future months with weather,History + statewide summary + weather,Ridge,
Rider Hollow,2023-12-01,128,81.89680635227589,Known-trail future months with weather,History + statewide summary + weather,Ridge,
Rochester Hollow,2023-12-01,125,70.38422518042347,Known-trail future months with weather,History + statewide summary + weather,Ridge,
Seager,2023-12-01,22,29.929223891023028,Known-trail future months with weather,History + statewide summary + weather,Ridge,
Upper Cherrytown Road,2023-12-01,7,65.57164790682414,Known-trail future months with weather,History + statewide summary + weather,Ridge,
Alder Lake,2024-01-01,33,50.46346114565042,Known-trail future months with weather,History + statewide summary + weather,Ridge,
Beaverkill Road to BLM FT,2024-01-01,33,57.31428220206731,Known-trail future months with weather,History + statewide summary + weather,Ridge,
Cathedral Glen,2024-01-01,6,5.740666617470815,Known-trail future months with weather,History + statewide summary + weather,Ridge,
Denning,2024-01-01,59,76.20558304327639,Known-trail future months with weather,History + statewide summary + weather,Ridge,
Dry Brook Ridge to Lean-to,2024-01-01,11,11.551315166078233,Known-trail future months with weather,History + statewide summary + weather,Ridge,
Flynn,2024-01-01,12,16.98240716734479,Known-trail future months with weather,History + statewide summary + weather,Ridge,
Fox Hollow,2024-01-01,20,32.47883004444781,Known-trail future months with weather,History + statewide summary + weather,Ridge,
Frick Pond,2024-01-01,53,41.59944528337092,Known-trail future months with weather,History + statewide summary + weather,Ridge,
Hardenburgh- MH Trail,2024-01-01,2,4.095302225869204,Known-trail future months with weather,History + statewide summary + weather,Ridge,
Kelly Hollow,2024-01-01,44,65.27736679724808,Known-trail future months with weather,History + statewide summary + weather,Ridge,
Lane Street,2024-01-01,13,20.230267551301942,Known-trail future months with weather,History + statewide summary + weather,Ridge,
McKenley Hollow,2024-01-01,20,38.41669467670761,Known-trail future months with weather,History + statewide summary + weather,Ridge,
Mt Tremper,2024-01-01,107,89.24374521812904,Known-trail future months with weather,History + statewide summary + weather,Ridge,
Neversink Hardenburgh Trail,2024-01-01,0,5.989822801117055,Known-trail future months with weather,History + statewide summary + weather,Ridge,
Red Hill Dinch Road,2024-01-01,79,61.76920276327958,Known-trail future months with weather,History + statewide summary + weather,Ridge,
Rider Hollow,2024-01-01,118,65.16927440004119,Known-trail future months with weather,History + statewide summary + weather,Ridge,
Rochester Hollow,2024-01-01,51,53.66572041767244,Known-trail future months with weather,History + statewide summary + weather,Ridge,
Seager,2024-01-01,24,22.94969401537093,Known-trail future months with weather,History + statewide summary + weather,Ridge,
Alder Lake,2024-02-01,55,58.39419114135878,Known-trail future months with weather,History + statewide summary + weather,Ridge,
Beaverkill Road to BLM FT,2024-02-01,81,65.27776868616918,Known-trail future months with weather,History + statewide summary + weather,Ridge,
Cathedral Glen,2024-02-01,11,6.899810441798002,Known-trail future months with weather,History + statewide summary + weather,Ridge,
Denning,2024-02-01,111,87.50313924690079,Known-trail future months with weather,History + statewide summary + weather,Ridge,
Dry Brook Ridge to Lean-to,2024-02-01,22,13.640048613021756,Known-trail future months with weather,History + statewide summary + weather,Ridge,
Flynn,2024-02-01,13,19.954661216318144,Known-trail future months with weather,History + statewide summary + weather,Ridge,
Fox Hollow,2024-02-01,67,37.002880536097884,Known-trail future months with weather,History + statewide summary + weather,Ridge,
Frick Pond,2024-02-01,35,49.102506155611444,Known-trail future months with weather,History + statewide summary + weather,Ridge,
Hardenburgh- MH Trail,2024-02-01,17,4.957426787614713,Known-trail future months with weather,History + statewide summary + weather,Ridge,
Kelly Hollow,2024-02-01,70,74.20789639047024,Known-trail future months with weather,History + statewide summary + weather,Ridge,
Lane Street,2024-02-01,27,23.34230678646939,Known-trail future months with weather,History + statewide summary + weather,Ridge,
McKenley Hollow,2024-02-01,3,43.01476892923998,Known-trail future months with weather,History + statewide summary + weather,Ridge,
Mt Tremper,2024-02-01,103,104.3501904842755,Known-trail future months with weather,History + statewide summary + weather,Ridge,
Neversink Hardenburgh Trail,2024-02-01,1,7.147124992205014,Known-trail future months with weather,History + statewide summary + weather,Ridge,
Red Hill Dinch Road,2024-02-01,100,69.79156523320793,Known-trail future months with weather,History + statewide summary + weather,Ridge,
Rider Hollow,2024-02-01,189,72.91251083922529,Known-trail future months with weather,History + statewide summary + weather,Ridge,
Rochester Hollow,2024-02-01,89,61.26101550266666,Known-trail future months with weather,History + statewide summary + weather,Ridge,
Seager,2024-02-01,31,27.215531411110074,Known-trail future months with weather,History + statewide summary + weather,Ridge,
Alder Lake,2024-03-01,63,80.41982886559524,Known-trail future months with weather,History + statewide summary + weather,Ridge,
Beaverkill Road to BLM FT,2024-03-01,82,89.87072944899802,Known-trail future months with weather,History + statewide summary + weather,Ridge,
Cathedral Glen,2024-03-01,10,9.61266398617306,Known-trail future months with weather,History + statewide summary + weather,Ridge,
Denning,2024-03-01,204,121.18069667635336,Known-trail future months with weather,History + statewide summary + weather,Ridge,
Dry Brook Ridge to Lean-to,2024-03-01,10,18.826401876111063,Known-trail future months with weather,History + statewide summary + weather,Ridge,
Flynn,2024-03-01,12,27.35674902198485,Known-trail future months with weather,History + statewide summary + weather,Ridge,
Fox Hollow,2024-03-01,40,51.613914858685895,Known-trail future months with weather,History + statewide summary + weather,Ridge,
Frick Pond,2024-03-01,45,66.37156972423826,Known-trail future months with weather,History + statewide summary + weather,Ridge,
Hardenburgh- MH Trail,2024-03-01,4,7.080822649648866,Known-trail future months with weather,History + statewide summary + weather,Ridge,
Kelly Hollow,2024-03-01,96,101.73504523614216,Known-trail future months with weather,History + statewide summary + weather,Ridge,
Lane Street,2024-03-01,28,32.12218067722341,Known-trail future months with weather,History + statewide summary + weather,Ridge,
McKenley Hollow,2024-03-01,7,57.26716304074611,Known-trail future months with weather,History + statewide summary + weather,Ridge,
Mt Tremper,2024-03-01,123,134.71863054585424,Known-trail future months with weather,History + statewide summary + weather,Ridge,
Neversink Hardenburgh Trail,2024-03-01,4,9.99475343743302,Known-trail future months with weather,History + statewide summary + weather,Ridge,
Red Hill Dinch Road,2024-03-01,21,96.7178591154927,Known-trail future months with weather,History + statewide summary + weather,Ridge,
Rider Hollow,2024-03-01,166,99.56777567413235,Known-trail future months with weather,History + statewide summary + weather,Ridge,
Rochester Hollow,2024-03-01,117,83.2420274107175,Known-trail future months with weather,History + statewide summary + weather,Ridge,
Seager,2024-03-01,15,37.236406826657735,Known-trail future months with weather,History + statewide summary + weather,Ridge,
Woodchuck Hollow,2024-03-01,1,3.526523260698743,Known-trail future months with weather,History + statewide summary + weather,Ridge,
Alder Lake,2024-04-01,127,87.50047483240732,Known-trail future months with weather,History + statewide summary + weather,Ridge,
Beaverkill Road to BLM FT,2024-04-01,110,98.22254358593729,Known-trail future months with weather,History + statewide summary + weather,Ridge,
Cathedral Glen,2024-04-01,21,10.171896042432882,Known-trail future months with weather,History + statewide summary + weather,Ridge,
Denning,2024-04-01,233,136.54512339837024,Known-trail future months with weather,History + statewide summary + weather,Ridge,
Dry Brook Ridge to Lean-to,2024-04-01,13,19.811356033839303,Known-trail future months with weather,History + statewide summary + weather,Ridge,
Flynn,2024-04-01,18,28.733526067790468,Known-trail future months with weather,History + statewide summary + weather,Ridge,
Fox Hollow,2024-04-01,48,54.81105827585122,Known-trail future months with weather,History + statewide summary + weather,Ridge,
Frick Pond,2024-04-01,70,69.19094216963195,Known-trail future months with weather,History + statewide summary + weather,Ridge,
Hardenburgh- MH Trail,2024-04-01,1,7.471897442435862,Known-trail future months with weather,History + statewide summary + weather,Ridge,
Kelly Hollow,2024-04-01,127,111.73028558648932,Known-trail future months with weather,History + statewide summary + weather,Ridge,
Lane Street,2024-04-01,36,34.02649017786987,Known-trail future months with weather,History + statewide summary + weather,Ridge,
Mt Tremper,2024-04-01,64,151.36647233204042,Known-trail future months with weather,History + statewide summary + weather,Ridge,
Neversink Hardenburgh Trail,2024-04-01,4,10.56214189420579,Known-trail future months with weather,History + statewide summary + weather,Ridge,
Rider Hollow,2024-04-01,103,102.63036543753043,Known-trail future months with weather,History + statewide summary + weather,Ridge,
Rochester Hollow,2024-04-01,99,91.17183453214713,Known-trail future months with weather,History + statewide summary + weather,Ridge,
Seager,2024-04-01,40,39.03473404726236,Known-trail future months with weather,History + statewide summary + weather,Ridge,
Alder Lake,2024-05-01,147,124.7963900666573,Known-trail future months with weather,History + statewide summary + weather,Ridge,
Beaverkill Road to BLM FT,2024-05-01,189,139.24823797268203,Known-trail future months with weather,History + statewide summary + weather,Ridge,
Cathedral Glen,2024-05-01,19,14.327936393189574,Known-trail future months with weather,History + statewide summary + weather,Ridge,
Denning,2024-05-01,260,204.61701292050589,Known-trail future months with weather,History + statewide summary + weather,Ridge,
Dry Brook Ridge to Lean-to,2024-05-01,17,27.317058952474643,Known-trail future months with weather,History + statewide summary + weather,Ridge,
Flynn,2024-05-01,24,39.85041202018344,Known-trail future months with weather,History + statewide summary + weather,Ridge,
Fox Hollow,2024-05-01,71,75.16740564649945,Known-trail future months with weather,History + statewide summary + weather,Ridge,
Frick Pond,2024-05-01,125,98.2507814322483,Known-trail future months with weather,History + statewide summary + weather,Ridge,
Hardenburgh- MH Trail,2024-05-01,23,10.472574550855748,Known-trail future months with weather,History + statewide summary + weather,Ridge,
Kelly Hollow,2024-05-01,182,154.76763235013334,Known-trail future months with weather,History + statewide summary + weather,Ridge,
Lane Street,2024-05-01,54,47.114759116747955,Known-trail future months with weather,History + statewide summary + weather,Ridge,
Mt Tremper,2024-05-01,19,203.15903586615377,Known-trail future months with weather,History + statewide summary + weather,Ridge,
Neversink Hardenburgh Trail,2024-05-01,34,14.804591680971782,Known-trail future months with weather,History + statewide summary + weather,Ridge,
Rider Hollow,2024-05-01,98,141.4713793151781,Known-trail future months with weather,History + statewide summary + weather,Ridge,
Rochester Hollow,2024-05-01,182,122.88321436700298,Known-trail future months with weather,History + statewide summary + weather,Ridge,
Seager,2024-05-01,53,54.070746381829665,Known-trail future months with weather,History + statewide summary + weather,Ridge,
Woodchuck Hollow,2024-05-01,1,5.303910114859401,Known-trail future months with weather,History + statewide summary + weather,Ridge,
Woodland Valley,2024-05-01,99,77.5442923260131,Known-trail future months with weather,History + statewide summary + weather,Ridge,
Alder Lake,2024-06-01,168,174.089205075852,Known-trail future months with weather,History + statewide summary + weather,Ridge,
Beaverkill Road to BLM FT,2024-06-01,190,195.92027426013553,Known-trail future months with weather,History + statewide summary + weather,Ridge,
Cathedral Glen,2024-06-01,30,19.848468308901598,Known-trail future months with weather,History + statewide summary + weather,Ridge,
Denning,2024-06-01,281,284.7885272958487,Known-trail future months with weather,History + statewide summary + weather,Ridge,
Dry Brook Ridge to Lean-to,2024-06-01,20,37.59492542927556,Known-trail future months with weather,History + statewide summary + weather,Ridge,
Flynn,2024-06-01,30,54.85159415490559,Known-trail future months with weather,History + statewide summary + weather,Ridge,
Fox Hollow,2024-06-01,64,102.57267435229822,Known-trail future months with weather,History + statewide summary + weather,Ridge,
Frick Pond,2024-06-01,131,137.5684666249447,Known-trail future months with weather,History + statewide summary + weather,Ridge,
Hardenburgh- MH Trail,2024-06-01,17,14.765034445356335,Known-trail future months with weather,History + statewide summary + weather,Ridge,
Kelly Hollow,2024-06-01,156,215.71339155874844,Known-trail future months with weather,History + statewide summary + weather,Ridge,
Lane Street,2024-06-01,71,64.56447205103514,Known-trail future months with weather,History + statewide summary + weather,Ridge,
Mt Tremper,2024-06-01,22,256.3088169223918,Known-trail future months with weather,History + statewide summary + weather,Ridge,
Neversink Hardenburgh Trail,2024-06-01,13,20.704113287359743,Known-trail future months with weather,History + statewide summary + weather,Ridge,
Rider Hollow,2024-06-01,93,182.4866918203499,Known-trail future months with weather,History + statewide summary + weather,Ridge,
Rochester Hollow,2024-06-01,113,175.40453927648898,Known-trail future months with weather,History + statewide summary + weather,Ridge,
Seager,2024-06-01,73,74.57154805058146,Known-trail future months with weather,History + statewide summary + weather,Ridge,
Slide Mt,2024-06-01,593,726.2268387090385,Known-trail future months with weather,History + statewide summary + weather,Ridge,
Woodland Valley,2024-06-01,70,108.9242961796566,Known-trail future months with weather,History + statewide summary + weather,Ridge,
Alder Lake,2024-07-01,299,153.35435230330367,Known-trail future months with weather,History + statewide summary + weather,Ridge,
Beaverkill Road to BLM FT,2024-07-01,193,169.501897984671,Known-trail future months with weather,History + statewide summary + weather,Ridge,
Cathedral Glen,2024-07-01,6,16.657099678358403,Known-trail future months with weather,History + statewide summary + weather,Ridge,
Denning,2024-07-01,293,236.98832540622243,Known-trail future months with weather,History + statewide summary + weather,Ridge,
Dry Brook Ridge to Lean-to,2024-07-01,46,31.647290168692493,Known-trail future months with weather,History + statewide summary + weather,Ridge,
Flynn,2024-07-01,64,45.994719374529836,Known-trail future months with weather,History + statewide summary + weather,Ridge,
Fox Hollow,2024-07-01,98,86.51418531631597,Known-trail future months with weather,History + statewide summary + weather,Ridge,
Frick Pond,2024-07-01,209,120.37865057616408,Known-trail future months with weather,History + statewide summary + weather,Ridge,
Giant Ledge,2024-07-01,150,549.1054849387504,Known-trail future months with weather,History + statewide summary + weather,Ridge,
Hardenburgh- MH Trail,2024-07-01,16,12.364933415308718,Known-trail future months with weather,History + statewide summary + weather,Ridge,
Kelly Hollow,2024-07-01,215,186.65265634528475,Known-trail future months with weather,History + statewide summary + weather,Ridge,
Lane Street,2024-07-01,81,55.257111030845,Known-trail future months with weather,History + statewide summary + weather,Ridge,
Mt Tremper,2024-07-01,35,215.48303850431023,Known-trail future months with weather,History + statewide summary + weather,Ridge,
Neversink Hardenburgh Trail,2024-07-01,21,17.389350836874804,Known-trail future months with weather,History + statewide summary + weather,Ridge,
Rider Hollow,2024-07-01,128,157.7201367945871,Known-trail future months with weather,History + statewide summary + weather,Ridge,
Rochester Hollow,2024-07-01,229,150.19544757870136,Known-trail future months with weather,History + statewide summary + weather,Ridge,
Seager,2024-07-01,78,64.5496845553281,Known-trail future months with weather,History + statewide summary + weather,Ridge,
Slide Mt,2024-07-01,868,611.8580294813752,Known-trail future months with weather,History + statewide summary + weather,Ridge,
Woodchuck Hollow,2024-07-01,5,6.076408686960771,Known-trail future months with weather,History + statewide summary + weather,Ridge,
Woodland Valley,2024-07-01,12,92.84004751296426,Known-trail future months with weather,History + statewide summary + weather,Ridge,
Alder Lake,2024-08-01,303,160.7927102807758,Known-trail future months with weather,History + statewide summary + weather,Ridge,
Beaverkill Road to BLM FT,2024-08-01,196,168.58679630565143,Known-trail future months with weather,History + statewide summary + weather,Ridge,
Cathedral Glen,2024-08-01,32,16.98235749271639,Known-trail future months with weather,History + statewide summary + weather,Ridge,
Denning,2024-08-01,270,242.57938202170945,Known-trail future months with weather,History + statewide summary + weather,Ridge,
Dry Brook Ridge to Lean-to,2024-08-01,33,32.69377349821372,Known-trail future months with weather,History + statewide summary + weather,Ridge,
Flynn,2024-08-01,25,47.996869416066495,Known-trail future months with weather,History + statewide summary + weather,Ridge,
Fox Hollow,2024-08-01,114,89.14747966085439,Known-trail future months with weather,History + statewide summary + weather,Ridge,
Frick Pond,2024-08-01,192,126.28404708118568,Known-trail future months with weather,History + statewide summary + weather,Ridge,
Hardenburgh- MH Trail,2024-08-01,9,12.66842832839751,Known-trail future months with weather,History + statewide summary + weather,Ridge,
Kelly Hollow,2024-08-01,248,191.47598483026874,Known-trail future months with weather,History + statewide summary + weather,Ridge,
Lane Street,2024-08-01,56,56.632464771625216,Known-trail future months with weather,History + statewide summary + weather,Ridge,
Millbrook to BLM FT,2024-08-01,392,338.87857169707553,Known-trail future months with weather,History + statewide summary + weather,Ridge,
Mt Tremper,2024-08-01,587,208.60275048024258,Known-trail future months with weather,History + statewide summary + weather,Ridge,
Neversink Hardenburgh Trail,2024-08-01,11,17.86652893498863,Known-trail future months with weather,History + statewide summary + weather,Ridge,
Rider Hollow,2024-08-01,150,160.57627065406598,Known-trail future months with weather,History + statewide summary + weather,Ridge,
Rochester Hollow,2024-08-01,261,154.86035866511014,Known-trail future months with weather,History + statewide summary + weather,Ridge,
Seager,2024-08-01,63,66.48256319488115,Known-trail future months with weather,History + statewide summary + weather,Ridge,
Slide Mt,2024-08-01,1077,664.5345608810385,Known-trail future months with weather,History + statewide summary + weather,Ridge,
Woodchuck Hollow,2024-08-01,2,6.260759960720299,Known-trail future months with weather,History + statewide summary + weather,Ridge,
Woodland Valley,2024-08-01,9,88.52353724387173,Known-trail future months with weather,History + statewide summary + weather,Ridge,
Alder Lake,2024-09-01,229,151.27730981268252,Known-trail future months with weather,History + statewide summary + weather,Ridge,
Ashokan HP,2024-09-01,127,181.0229121439823,Known-trail future months with weather,History + statewide summary + weather,Ridge,
Beaverkill Road to BLM FT,2024-09-01,203,160.15060040301412,Known-trail future months with weather,History + statewide summary + weather,Ridge,
Cathedral Glen,2024-09-01,6,16.48271450733581,Known-trail future months with weather,History + statewide summary + weather,Ridge,
Denning,2024-09-01,243,228.86988582959967,Known-trail future months with weather,History + statewide summary + weather,Ridge,
Dry Brook Ridge to Lean-to,2024-09-01,14,31.43727631854568,Known-trail future months with weather,History + statewide summary + weather,Ridge,
Flynn,2024-09-01,71,44.25720714973085,Known-trail future months with weather,History + statewide summary + weather,Ridge,
Fox Hollow,2024-09-01,36,86.54015276308488,Known-trail future months with weather,History + statewide summary + weather,Ridge,
Frick Pond,2024-09-01,200,115.18277870421656,Known-trail future months with weather,History + statewide summary + weather,Ridge,
Giant Ledge,2024-09-01,116,438.208192847691,Known-trail future months with weather,History + statewide summary + weather,Ridge,
Hardenburgh- MH Trail,2024-09-01,13,12.15015251386291,Known-trail future months with weather,History + statewide summary + weather,Ridge,
Kelly Hollow,2024-09-01,125,177.6566240808707,Known-trail future months with weather,History + statewide summary + weather,Ridge,
Lane Street,2024-09-01,39,54.06826723277387,Known-trail future months with weather,History + statewide summary + weather,Ridge,
Millbrook to BLM FT,2024-09-01,347,326.25171709532606,Known-trail future months with weather,History + statewide summary + weather,Ridge,
Neversink Hardenburgh Trail,2024-09-01,17,16.925385851010486,Known-trail future months with weather,History + statewide summary + weather,Ridge,
Overlook,2024-09-01,717,1234.4630786427695,Known-trail future months with weather,History + statewide summary + weather,Ridge,
Rider Hollow,2024-09-01,91,154.43857115102145,Known-trail future months with weather,History + statewide summary + weather,Ridge,
Rochester Hollow,2024-09-01,131,149.61906432854752,Known-trail future months with weather,History + statewide summary + weather,Ridge,
Slide Mt,2024-09-01,783,766.8748579128663,Known-trail future months with weather,History + statewide summary + weather,Ridge,
Wittenberg,2024-09-01,414,367.17005396437116,Known-trail future months with weather,History + statewide summary + weather,Ridge,
Woodchuck Hollow,2024-09-01,4,5.990165217787567,Known-trail future months with weather,History + statewide summary + weather,Ridge,
Woodland Valley,2024-09-01,35,82.43070531691184,Known-trail future months with weather,History + statewide summary + weather,Ridge,
Alder Lake,2024-10-01,17,116.28363870164043,Known-trail future months with weather,History + statewide summary + weather,Ridge,
Ashokan HP,2024-10-01,260,171.03970862440326,Known-trail future months with weather,History + statewide summary + weather,Ridge,
Beaverkill Road to BLM FT,2024-10-01,12,134.20803874603533,Known-trail future months with weather,History + statewide summary + weather,Ridge,
Denning,2024-10-01,306,181.9751553936676,Known-trail future months with weather,History + statewide summary + weather,Ridge,
Flynn,2024-10-01,1,35.94315994352387,Known-trail future months with weather,History + statewide summary + weather,Ridge,
Frick Pond,2024-10-01,6,94.9045799922152,Known-trail future months with weather,History + statewide summary + weather,Ridge,
Giant Ledge,2024-10-01,1383,447.5831114031353,Known-trail future months with weather,History + statewide summary + weather,Ridge,
Millbrook to BLM FT,2024-10-01,462,269.0828471812713,Known-trail future months with weather,History + statewide summary + weather,Ridge,
Neversink Hardenburgh Trail,2024-10-01,31,13.423611294866191,Known-trail future months with weather,History + statewide summary + weather,Ridge,
Overlook,2024-10-01,1143,913.6440957659789,Known-trail future months with weather,History + statewide summary + weather,Ridge,
Slide Mt,2024-10-01,757,639.1966926262869,Known-trail future months with weather,History + statewide summary + weather,Ridge,
Wittenberg,2024-10-01,638,310.2691091352656,Known-trail future months with weather,History + statewide summary + weather,Ridge,
Woodchuck Hollow,2024-10-01,4,4.615737286886832,Known-trail future months with weather,History + statewide summary + weather,Ridge,
Woodland Valley,2024-10-01,182,65.77153673926641,Known-trail future months with weather,History + statewide summary + weather,Ridge,
Ashokan HP,2024-11-01,63,219.17218064447601,Known-trail future months with weather,History + statewide summary + weather,Ridge,
Denning,2024-11-01,76,241.00206699692635,Known-trail future months with weather,History + statewide summary + weather,Ridge,
Giant Ledge,2024-11-01,404,677.5558080551335,Known-trail future months with weather,History + statewide summary + weather,Ridge,
Millbrook to BLM FT,2024-11-01,251,347.5672363661902,Known-trail future months with weather,History + statewide summary + weather,Ridge,
Overlook,2024-11-01,843,1189.5337371349215,Known-trail future months with weather,History + statewide summary + weather,Ridge,
Wittenberg,2024-11-01,289,397.9816596388881,Known-trail future months with weather,History + statewide summary + weather,Ridge,
Woodchuck Hollow,2024-11-01,4,6.4587280431583745,Known-trail future months with weather,History + statewide summary + weather,Ridge,
Woodland Valley,2024-11-01,88,88.93498408603395,Known-trail future months with weather,History + statewide summary + weather,Ridge,
Ashokan HP,2024-12-01,53,55.76527006929884,Known-trail future months with weather,History + statewide summary + weather,Ridge,
Giant Ledge,2024-12-01,235,188.59721540636988,Known-trail future months with weather,History + statewide summary + weather,Ridge,
Millbrook to BLM FT,2024-12-01,133,115.3664928650398,Known-trail future months with weather,History + statewide summary + weather,Ridge,
Overlook,2024-12-01,291,412.37505114829924,Known-trail future months with weather,History + statewide summary + weather,Ridge,
Wittenberg,2024-12-01,115,124.7087058276605,Known-trail future months with weather,History + statewide summary + weather,Ridge,
Woodland Valley,2024-12-01,25,31.168586197464485,Known-trail future months with weather,History + statewide summary + weather,Ridge,
Ashokan HP,2025-01-01,35,76.24667467637242,Known-trail future months with weather,History + statewide summary + weather,Ridge,
Giant Ledge,2025-01-01,268,178.92576676424855,Known-trail future months with weather,History + statewide summary + weather,Ridge,
Millbrook to BLM FT,2025-01-01,143,132.97483888665073,Known-trail future months with weather,History + statewide summary + weather,Ridge,
Overlook,2025-01-01,358,409.1165986225294,Known-trail future months with weather,History + statewide summary + weather,Ridge,
Wittenberg,2025-01-01,103,133.59580148299986,Known-trail future months with weather,History + statewide summary + weather,Ridge,
Woodland Valley,2025-01-01,15,36.480601098806545,Known-trail future months with weather,History + statewide summary + weather,Ridge,
Ashokan HP,2025-02-01,27,53.70278765103693,Known-trail future months with weather,History + statewide summary + weather,Ridge,
Giant Ledge,2025-02-01,184,140.35134805100512,Known-trail future months with weather,History + statewide summary + weather,Ridge,
Millbrook to BLM FT,2025-02-01,139,110.16841648311247,Known-trail future months with weather,History + statewide summary + weather,Ridge,
Overlook,2025-02-01,182,346.11629282166615,Known-trail future months with weather,History + statewide summary + weather,Ridge,
Wittenberg,2025-02-01,55,104.39853266259256,Known-trail future months with weather,History + statewide summary + weather,Ridge,
Woodland Valley,2025-02-01,30,29.5649674992237,Known-trail future months with weather,History + statewide summary + weather,Ridge,
Ashokan HP,2025-03-01,83,116.07382816675599,Known-trail future months with weather,History + statewide summary + weather,Ridge,
Giant Ledge,2025-03-01,371,221.6549950927792,Known-trail future months with weather,History + statewide summary + weather,Ridge,
Millbrook to BLM FT,2025-03-01,131,183.34823496738758,Known-trail future months with weather,History + statewide summary + weather,Ridge,
Overlook,2025-03-01,426,568.383286068026,Known-trail future months with weather,History + statewide summary + weather,Ridge,
Wittenberg,2025-03-01,126,174.32959219760392,Known-trail future months with weather,History + statewide summary + weather,Ridge,
Woodland Valley,2025-03-01,41,49.815485020941686,Known-trail future months with weather,History + statewide summary + weather,Ridge,
Ashokan HP,2025-04-01,89,80.91987636047307,Known-trail future months with weather,History + statewide summary + weather,Ridge,
Giant Ledge,2025-04-01,341,164.92020414924434,Known-trail future months with weather,History + statewide summary + weather,Ridge,
Millbrook to BLM FT,2025-04-01,173,137.08215578206355,Known-trail future months with weather,History + statewide summary + weather,Ridge,
Overlook,2025-04-01,576,512.9941444083489,Known-trail future months with weather,History + statewide summary + weather,Ridge,
Wittenberg,2025-04-01,47,136.44122487674028,Known-trail future months with weather,History + statewide summary + weather,Ridge,
Woodland Valley,2025-04-01,47,38.134691521758675,Known-trail future months with weather,History + statewide summary + weather,Ridge,
Ashokan HP,2025-05-01,72,104.39966646932031,Known-trail future months with weather,History + statewide summary + weather,Ridge,
Giant Ledge,2025-05-01,403,382.30076846514726,Known-trail future months with weather,History + statewide summary + weather,Ridge,
Millbrook to BLM FT,2025-05-01,277,287.3540747107143,Known-trail future months with weather,History + statewide summary + weather,Ridge,
Overlook,2025-05-01,828,1216.4016059638939,Known-trail future months with weather,History + statewide summary + weather,Ridge,
Wittenberg,2025-05-01,477,297.4982066324081,Known-trail future months with weather,History + statewide summary + weather,Ridge,
Woodland Valley,2025-05-01,13,78.32496646919328,Known-trail future months with weather,History + statewide summary + weather,Ridge,
Ashokan HP,2025-06-01,160,126.02126107923863,Known-trail future months with weather,History + statewide summary + weather,Ridge,
Giant Ledge,2025-06-01,629,337.2718772018738,Known-trail future months with weather,History + statewide summary + weather,Ridge,
Millbrook to BLM FT,2025-06-01,231,280.02480615977987,Known-trail future months with weather,History + statewide summary + weather,Ridge,
Overlook,2025-06-01,854,1223.9889832559013,Known-trail future months with weather,History + statewide summary + weather,Ridge,
Wittenberg,2025-06-01,532,314.2268897431255,Known-trail future months with weather,History + statewide summary + weather,Ridge,
Ashokan HP,2025-07-01,260,152.68047204487434,Known-trail future months with weather,History + statewide summary + weather,Ridge,
Giant Ledge,2025-07-01,400,469.82659512521036,Known-trail future months with weather,History + statewide summary + weather,Ridge,
Millbrook to BLM FT,2025-07-01,340,335.52456429088335,Known-trail future months with weather,History + statewide summary + weather,Ridge,
Overlook,2025-07-01,1038,1533.9500293725164,Known-trail future months with weather,History + statewide summary + weather,Ridge,
Wittenberg,2025-07-01,587,404.84921098559835,Known-trail future months with weather,History + statewide summary + weather,Ridge,
Ashokan HP,2025-08-01,173,211.96902918755313,Known-trail future months with weather,History + statewide summary + weather,Ridge,
Millbrook to BLM FT,2025-08-01,354,376.2541116647383,Known-trail future months with weather,History + statewide summary + weather,Ridge,
Overlook,2025-08-01,698,1691.0286062959165,Known-trail future months with weather,History + statewide summary + weather,Ridge,
Wittenberg,2025-08-01,751,432.1836411162421,Known-trail future months with weather,History + statewide summary + weather,Ridge,
Ashokan HP,2025-09-01,101,128.55591050535358,Known-trail future months with weather,History + statewide summary + weather,Ridge,
Millbrook to BLM FT,2025-09-01,14,252.89370866526608,Known-trail future months with weather,History + statewide summary + weather,Ridge,
Overlook,2025-09-01,27,887.1255199942194,Known-trail future months with weather,History + statewide summary + weather,Ridge,
Wittenberg,2025-09-01,506,327.00301198724196,Known-trail future months with weather,History + statewide summary + weather,Ridge,
Ashokan HP,2025-10-01,117,156.38821395369084,Known-trail future months with weather,History + statewide summary + weather,Ridge,
Overlook,2025-10-01,4,733.8384088943341,Known-trail future months with weather,History + statewide summary + weather,Ridge,
Wittenberg,2025-10-01,589,367.184089986957,Known-trail future months with weather,History + statewide summary + weather,Ridge,
Peekamoose,2022-12-01,58,70.55293606482186,Known-trail future months with weather,History + statewide summary + weather,Random Forest,
Biscuit Brook,2023-01-01,47,79.06931790507376,Known-trail future months with weather,History + statewide summary + weather,Random Forest,
Peekamoose,2023-01-01,139,65.91747681442726,Known-trail future months with weather,History + statewide summary + weather,Random Forest,
Bangle Hill,2023-02-01,18,1.8344554172606493,Known-trail future months with weather,History + statewide summary + weather,Random Forest,
Biscuit Brook,2023-02-01,68,57.99479917018119,Known-trail future months with weather,History + statewide summary + weather,Random Forest,
Peekamoose,2023-02-01,90,96.49361069398965,Known-trail future months with weather,History + statewide summary + weather,Random Forest,
Bangle Hill,2023-03-01,5,2.1386737612334947,Known-trail future months with weather,History + statewide summary + weather,Random Forest,
Biscuit Brook,2023-03-01,59,75.00739458747435,Known-trail future months with weather,History + statewide summary + weather,Random Forest,
Peekamoose,2023-03-01,63,79.64380067555128,Known-trail future months with weather,History + statewide summary + weather,Random Forest,
Bangle Hill,2023-04-01,11,9.090512376504549,Known-trail future months with weather,History + statewide summary + weather,Random Forest,
Biscuit Brook,2023-04-01,74,116.4820398898057,Known-trail future months with weather,History + statewide summary + weather,Random Forest,
Peekamoose,2023-04-01,92,133.94334643297253,Known-trail future months with weather,History + statewide summary + weather,Random Forest,
Bangle Hill,2023-05-01,5,13.153818337687833,Known-trail future months with weather,History + statewide summary + weather,Random Forest,
Biscuit Brook,2023-05-01,157,121.59049942394996,Known-trail future months with weather,History + statewide summary + weather,Random Forest,
Peekamoose,2023-05-01,234,130.0392494744807,Known-trail future months with weather,History + statewide summary + weather,Random Forest,
Slide Mt,2023-05-01,691,475.36133094648505,Known-trail future months with weather,History + statewide summary + weather,Random Forest,
Upper Cherrytown Road,2023-05-01,136,199.54234620321114,Known-trail future months with weather,History + statewide summary + weather,Random Forest,
Biscuit Brook,2023-06-01,121,135.740033873887,Known-trail future months with weather,History + statewide summary + weather,Random Forest,
Peekamoose,2023-06-01,49,182.06551270703957,Known-trail future months with weather,History + statewide summary + weather,Random Forest,
Slide Mt,2023-06-01,587,635.0145417912577,Known-trail future months with weather,History + statewide summary + weather,Random Forest,
Upper Cherrytown Road,2023-06-01,143,184.8541659679549,Known-trail future months with weather,History + statewide summary + weather,Random Forest,
Biscuit Brook,2023-07-01,144,141.71587832870554,Known-trail future months with weather,History + statewide summary + weather,Random Forest,
McKenley Hollow,2023-07-01,103,98.42820252311554,Known-trail future months with weather,History + statewide summary + weather,Random Forest,
Red Hill Dinch Road,2023-07-01,291,248.25548386673233,Known-trail future months with weather,History + statewide summary + weather,Random Forest,
Slide Mt,2023-07-01,794,707.4671718711132,Known-trail future months with weather,History + statewide summary + weather,Random Forest,
Upper Cherrytown Road,2023-07-01,329,283.79152760497624,Known-trail future months with weather,History + statewide summary + weather,Random Forest,
Biscuit Brook,2023-08-01,98,122.97229732698818,Known-trail future months with weather,History + statewide summary + weather,Random Forest,
McKenley Hollow,2023-08-01,116,97.32024467105772,Known-trail future months with weather,History + statewide summary + weather,Random Forest,
Onteora Lake,2023-08-01,284,439.65768822837066,Known-trail future months with weather,History + statewide summary + weather,Random Forest,
Red Hill Dinch Road,2023-08-01,238,279.98709888966624,Known-trail future months with weather,History + statewide summary + weather,Random Forest,
Slide Mt,2023-08-01,606,722.2129483696681,Known-trail future months with weather,History + statewide summary + weather,Random Forest,
Upper Cherrytown Road,2023-08-01,197,230.52907921700154,Known-trail future months with weather,History + statewide summary + weather,Random Forest,
McKenley Hollow,2023-09-01,119,90.05506278184531,Known-trail future months with weather,History + statewide summary + weather,Random Forest,
Onteora Lake,2023-09-01,311,238.22258673723542,Known-trail future months with weather,History + statewide summary + weather,Random Forest,
Red Hill Dinch Road,2023-09-01,172,200.75082788401906,Known-trail future months with weather,History + statewide summary + weather,Random Forest,
Upper Cherrytown Road,2023-09-01,2,159.1490245890882,Known-trail future months with weather,History + statewide summary + weather,Random Forest,
McKenley Hollow,2023-10-01,119,110.7160199936388,Known-trail future months with weather,History + statewide summary + weather,Random Forest,
Onteora Lake,2023-10-01,418,273.25456833103465,Known-trail future months with weather,History + statewide summary + weather,Random Forest,
Red Hill Dinch Road,2023-10-01,158,240.50923086120685,Known-trail future months with weather,History + statewide summary + weather,Random Forest,
Seager,2023-10-01,41,52.40877958118435,Known-trail future months with weather,History + statewide summary + weather,Random Forest,
Upper Cherrytown Road,2023-10-01,16,86.63609672470199,Known-trail future months with weather,History + statewide summary + weather,Random Forest,
Dry Brook Ridge to Lean-to,2023-11-01,25,16.70893957148632,Known-trail future months with weather,History + statewide summary + weather,Random Forest,
Fox Hollow,2023-11-01,75,87.39355689260735,Known-trail future months with weather,History + statewide summary + weather,Random Forest,
Hardenburgh- MH Trail,2023-11-01,4,5.492966098871324,Known-trail future months with weather,History + statewide summary + weather,Random Forest,
Kelly Hollow,2023-11-01,154,151.68875823598862,Known-trail future months with weather,History + statewide summary + weather,Random Forest,
Lane Street,2023-11-01,57,37.78644773686361,Known-trail future months with weather,History + statewide summary + weather,Random Forest,
McKenley Hollow,2023-11-01,102,86.98521901148654,Known-trail future months with weather,History + statewide summary + weather,Random Forest,
Onteora Lake,2023-11-01,246,242.86158414463085,Known-trail future months with weather,History + statewide summary + weather,Random Forest,
Red Hill Dinch Road,2023-11-01,123,100.70473477802348,Known-trail future months with weather,History + statewide summary + weather,Random Forest,
Rochester Hollow,2023-11-01,150,161.1039549995271,Known-trail future months with weather,History + statewide summary + weather,Random Forest,
Seager,2023-11-01,38,28.854506372680845,Known-trail future months with weather,History + statewide summary + weather,Random Forest,
Upper Cherrytown Road,2023-11-01,1,56.31108521439856,Known-trail future months with weather,History + statewide summary + weather,Random Forest,
Alder Lake,2023-12-01,45,62.47851412276186,Known-trail future months with weather,History + statewide summary + weather,Random Forest,
Beaverkill Road to BLM FT,2023-12-01,84,84.05497725473874,Known-trail future months with weather,History + statewide summary + weather,Random Forest,
Dry Brook Ridge to Lean-to,2023-12-01,12,12.26298343745352,Known-trail future months with weather,History + statewide summary + weather,Random Forest,
Flynn,2023-12-01,8,19.614062228605558,Known-trail future months with weather,History + statewide summary + weather,Random Forest,
Fox Hollow,2023-12-01,59,49.119406867498654,Known-trail future months with weather,History + statewide summary + weather,Random Forest,
Frick Pond,2023-12-01,59,61.18685571508523,Known-trail future months with weather,History + statewide summary + weather,Random Forest,
Hardenburgh- MH Trail,2023-12-01,0,4.079015584864799,Known-trail future months with weather,History + statewide summary + weather,Random Forest,
Kelly Hollow,2023-12-01,112,95.8777614203646,Known-trail future months with weather,History + statewide summary + weather,Random Forest,
Lane Street,2023-12-01,24,34.86100232651408,Known-trail future months with weather,History + statewide summary + weather,Random Forest,
McKenley Hollow,2023-12-01,97,66.55466205438597,Known-trail future months with weather,History + statewide summary + weather,Random Forest,
Mt Tremper,2023-12-01,176,161.44171431138926,Known-trail future months with weather,History + statewide summary + weather,Random Forest,
Neversink Hardenburgh Trail,2023-12-01,10,6.328589355729719,Known-trail future months with weather,History + statewide summary + weather,Random Forest,
Onteora Lake,2023-12-01,216,162.41521948772163,Known-trail future months with weather,History + statewide summary + weather,Random Forest,
Red Hill Dinch Road,2023-12-01,97,90.95766091419485,Known-trail future months with weather,History + statewide summary + weather,Random Forest,
Rider Hollow,2023-12-01,128,137.7885969208897,Known-trail future months with weather,History + statewide summary + weather,Random Forest,
Rochester Hollow,2023-12-01,125,91.81435921913592,Known-trail future months with weather,History + statewide summary + weather,Random Forest,
Seager,2023-12-01,22,24.76994265964105,Known-trail future months with weather,History + statewide summary + weather,Random Forest,
Upper Cherrytown Road,2023-12-01,7,26.553671884436497,Known-trail future months with weather,History + statewide summary + weather,Random Forest,
Alder Lake,2024-01-01,33,49.18783625647918,Known-trail future months with weather,History + statewide summary + weather,Random Forest,
Beaverkill Road to BLM FT,2024-01-01,33,75.36039197733339,Known-trail future months with weather,History + statewide summary + weather,Random Forest,
Cathedral Glen,2024-01-01,6,5.298078864839463,Known-trail future months with weather,History + statewide summary + weather,Random Forest,
Denning,2024-01-01,59,92.30735035123178,Known-trail future months with weather,History + statewide summary + weather,Random Forest,
Dry Brook Ridge to Lean-to,2024-01-01,11,12.894647304127739,Known-trail future months with weather,History + statewide summary + weather,Random Forest,
Flynn,2024-01-01,12,19.79575339990597,Known-trail future months with weather,History + statewide summary + weather,Random Forest,
Fox Hollow,2024-01-01,20,52.855304878569584,Known-trail future months with weather,History + statewide summary + weather,Random Forest,
Frick Pond,2024-01-01,53,63.09629525246755,Known-trail future months with weather,History + statewide summary + weather,Random Forest,
Hardenburgh- MH Trail,2024-01-01,2,2.5475516556685087,Known-trail future months with weather,History + statewide summary + weather,Random Forest,
Kelly Hollow,2024-01-01,44,89.50415949065429,Known-trail future months with weather,History + statewide summary + weather,Random Forest,
Lane Street,2024-01-01,13,23.011687037413807,Known-trail future months with weather,History + statewide summary + weather,Random Forest,
McKenley Hollow,2024-01-01,20,86.8946251647175,Known-trail future months with weather,History + statewide summary + weather,Random Forest,
Mt Tremper,2024-01-01,107,119.64084730861293,Known-trail future months with weather,History + statewide summary + weather,Random Forest,
Neversink Hardenburgh Trail,2024-01-01,0,2.3961195432971354,Known-trail future months with weather,History + statewide summary + weather,Random Forest,
Red Hill Dinch Road,2024-01-01,79,87.39050842309162,Known-trail future months with weather,History + statewide summary + weather,Random Forest,
Rider Hollow,2024-01-01,118,148.52380455259438,Known-trail future months with weather,History + statewide summary + weather,Random Forest,
Rochester Hollow,2024-01-01,51,96.57597218097925,Known-trail future months with weather,History + statewide summary + weather,Random Forest,
Seager,2024-01-01,24,20.51850974637918,Known-trail future months with weather,History + statewide summary + weather,Random Forest,
Alder Lake,2024-02-01,55,35.31435111337724,Known-trail future months with weather,History + statewide summary + weather,Random Forest,
Beaverkill Road to BLM FT,2024-02-01,81,63.3629968748302,Known-trail future months with weather,History + statewide summary + weather,Random Forest,
Cathedral Glen,2024-02-01,11,7.607307061941311,Known-trail future months with weather,History + statewide summary + weather,Random Forest,
Denning,2024-02-01,111,93.57781256053161,Known-trail future months with weather,History + statewide summary + weather,Random Forest,
Dry Brook Ridge to Lean-to,2024-02-01,22,15.511004139644204,Known-trail future months with weather,History + statewide summary + weather,Random Forest,
Flynn,2024-02-01,13,16.046094278560027,Known-trail future months with weather,History + statewide summary + weather,Random Forest,
Fox Hollow,2024-02-01,67,34.29959662135197,Known-trail future months with weather,History + statewide summary + weather,Random Forest,
Frick Pond,2024-02-01,35,64.31658703630079,Known-trail future months with weather,History + statewide summary + weather,Random Forest,
Hardenburgh- MH Trail,2024-02-01,17,3.386590103655928,Known-trail future months with weather,History + statewide summary + weather,Random Forest,
Kelly Hollow,2024-02-01,70,81.3917889996909,Known-trail future months with weather,History + statewide summary + weather,Random Forest,
Lane Street,2024-02-01,27,25.092020374348248,Known-trail future months with weather,History + statewide summary + weather,Random Forest,
McKenley Hollow,2024-02-01,3,57.793911058617056,Known-trail future months with weather,History + statewide summary + weather,Random Forest,
Mt Tremper,2024-02-01,103,176.07661798648593,Known-trail future months with weather,History + statewide summary + weather,Random Forest,
Neversink Hardenburgh Trail,2024-02-01,1,3.363520990088841,Known-trail future months with weather,History + statewide summary + weather,Random Forest,
Red Hill Dinch Road,2024-02-01,100,84.09833297467725,Known-trail future months with weather,History + statewide summary + weather,Random Forest,
Rider Hollow,2024-02-01,189,142.58935644364436,Known-trail future months with weather,History + statewide summary + weather,Random Forest,
Rochester Hollow,2024-02-01,89,87.1686437799883,Known-trail future months with weather,History + statewide summary + weather,Random Forest,
Seager,2024-02-01,31,26.736526212993237,Known-trail future months with weather,History + statewide summary + weather,Random Forest,
Alder Lake,2024-03-01,63,59.57727288827882,Known-trail future months with weather,History + statewide summary + weather,Random Forest,
Beaverkill Road to BLM FT,2024-03-01,82,63.845891123191684,Known-trail future months with weather,History + statewide summary + weather,Random Forest,
Cathedral Glen,2024-03-01,10,4.380163780263603,Known-trail future months with weather,History + statewide summary + weather,Random Forest,
Denning,2024-03-01,204,97.65967590909791,Known-trail future months with weather,History + statewide summary + weather,Random Forest,
Dry Brook Ridge to Lean-to,2024-03-01,10,15.203075653460155,Known-trail future months with weather,History + statewide summary + weather,Random Forest,
Flynn,2024-03-01,12,16.829376898052086,Known-trail future months with weather,History + statewide summary + weather,Random Forest,
Fox Hollow,2024-03-01,40,57.46413966813665,Known-trail future months with weather,History + statewide summary + weather,Random Forest,
Frick Pond,2024-03-01,45,53.418225671983066,Known-trail future months with weather,History + statewide summary + weather,Random Forest,
Hardenburgh- MH Trail,2024-03-01,4,4.323990609220593,Known-trail future months with weather,History + statewide summary + weather,Random Forest,
Kelly Hollow,2024-03-01,96,95.53107863524458,Known-trail future months with weather,History + statewide summary + weather,Random Forest,
Lane Street,2024-03-01,28,23.191331179769193,Known-trail future months with weather,History + statewide summary + weather,Random Forest,
McKenley Hollow,2024-03-01,7,46.68286741978682,Known-trail future months with weather,History + statewide summary + weather,Random Forest,
Mt Tremper,2024-03-01,123,117.99200728957535,Known-trail future months with weather,History + statewide summary + weather,Random Forest,
Neversink Hardenburgh Trail,2024-03-01,4,3.097504046142401,Known-trail future months with weather,History + statewide summary + weather,Random Forest,
Red Hill Dinch Road,2024-03-01,21,98.76548462453908,Known-trail future months with weather,History + statewide summary + weather,Random Forest,
Rider Hollow,2024-03-01,166,142.42504699824528,Known-trail future months with weather,History + statewide summary + weather,Random Forest,
Rochester Hollow,2024-03-01,117,95.33407238111042,Known-trail future months with weather,History + statewide summary + weather,Random Forest,
Seager,2024-03-01,15,26.389598891649538,Known-trail future months with weather,History + statewide summary + weather,Random Forest,
Woodchuck Hollow,2024-03-01,1,3.0088117392351204,Known-trail future months with weather,History + statewide summary + weather,Random Forest,
Alder Lake,2024-04-01,127,121.2915122719948,Known-trail future months with weather,History + statewide summary + weather,Random Forest,
Beaverkill Road to BLM FT,2024-04-01,110,120.50401811986289,Known-trail future months with weather,History + statewide summary + weather,Random Forest,
Cathedral Glen,2024-04-01,21,8.63190656662977,Known-trail future months with weather,History + statewide summary + weather,Random Forest,
Denning,2024-04-01,233,159.14787999972913,Known-trail future months with weather,History + statewide summary + weather,Random Forest,
Dry Brook Ridge to Lean-to,2024-04-01,13,18.190920983914616,Known-trail future months with weather,History + statewide summary + weather,Random Forest,
Flynn,2024-04-01,18,22.35966895616361,Known-trail future months with weather,History + statewide summary + weather,Random Forest,
Fox Hollow,2024-04-01,48,58.953210599861244,Known-trail future months with weather,History + statewide summary + weather,Random Forest,
Frick Pond,2024-04-01,70,61.39730531217811,Known-trail future months with weather,History + statewide summary + weather,Random Forest,
Hardenburgh- MH Trail,2024-04-01,1,5.677652436624999,Known-trail future months with weather,History + statewide summary + weather,Random Forest,
Kelly Hollow,2024-04-01,127,143.19300458733247,Known-trail future months with weather,History + statewide summary + weather,Random Forest,
Lane Street,2024-04-01,36,34.18989129006376,Known-trail future months with weather,History + statewide summary + weather,Random Forest,
Mt Tremper,2024-04-01,64,206.86590652157588,Known-trail future months with weather,History + statewide summary + weather,Random Forest,
Neversink Hardenburgh Trail,2024-04-01,4,9.946130260265178,Known-trail future months with weather,History + statewide summary + weather,Random Forest,
Rider Hollow,2024-04-01,103,120.08858403288271,Known-trail future months with weather,History + statewide summary + weather,Random Forest,
Rochester Hollow,2024-04-01,99,143.94338695031607,Known-trail future months with weather,History + statewide summary + weather,Random Forest,
Seager,2024-04-01,40,34.87817705841402,Known-trail future months with weather,History + statewide summary + weather,Random Forest,
Alder Lake,2024-05-01,147,159.29482437906992,Known-trail future months with weather,History + statewide summary + weather,Random Forest,
Beaverkill Road to BLM FT,2024-05-01,189,154.00637913301068,Known-trail future months with weather,History + statewide summary + weather,Random Forest,
Cathedral Glen,2024-05-01,19,12.380446122198403,Known-trail future months with weather,History + statewide summary + weather,Random Forest,
Denning,2024-05-01,260,285.71004919596646,Known-trail future months with weather,History + statewide summary + weather,Random Forest,
Dry Brook Ridge to Lean-to,2024-05-01,17,21.857811733311706,Known-trail future months with weather,History + statewide summary + weather,Random Forest,
Flynn,2024-05-01,24,44.8785984977084,Known-trail future months with weather,History + statewide summary + weather,Random Forest,
Fox Hollow,2024-05-01,71,71.41293881619605,Known-trail future months with weather,History + statewide summary + weather,Random Forest,
Frick Pond,2024-05-01,125,111.64102555246613,Known-trail future months with weather,History + statewide summary + weather,Random Forest,
Hardenburgh- MH Trail,2024-05-01,23,6.601266124265237,Known-trail future months with weather,History + statewide summary + weather,Random Forest,
Kelly Hollow,2024-05-01,182,159.12685742137413,Known-trail future months with weather,History + statewide summary + weather,Random Forest,
Lane Street,2024-05-01,54,52.24544916605488,Known-trail future months with weather,History + statewide summary + weather,Random Forest,
Mt Tremper,2024-05-01,19,205.28664186021112,Known-trail future months with weather,History + statewide summary + weather,Random Forest,
Neversink Hardenburgh Trail,2024-05-01,34,11.57523612683078,Known-trail future months with weather,History + statewide summary + weather,Random Forest,
Rider Hollow,2024-05-01,98,159.67603846682502,Known-trail future months with weather,History + statewide summary + weather,Random Forest,
Rochester Hollow,2024-05-01,182,134.3078292193748,Known-trail future months with weather,History + statewide summary + weather,Random Forest,
Seager,2024-05-01,53,56.42376082817457,Known-trail future months with weather,History + statewide summary + weather,Random Forest,
Woodchuck Hollow,2024-05-01,1,3.380463581470869,Known-trail future months with weather,History + statewide summary + weather,Random Forest,
Woodland Valley,2024-05-01,99,86.68823581263197,Known-trail future months with weather,History + statewide summary + weather,Random Forest,
Alder Lake,2024-06-01,168,181.76944472769938,Known-trail future months with weather,History + statewide summary + weather,Random Forest,
Beaverkill Road to BLM FT,2024-06-01,190,181.94097220886727,Known-trail future months with weather,History + statewide summary + weather,Random Forest,
Cathedral Glen,2024-06-01,30,11.943143580797821,Known-trail future months with weather,History + statewide summary + weather,Random Forest,
Denning,2024-06-01,281,292.885811273743,Known-trail future months with weather,History + statewide summary + weather,Random Forest,
Dry Brook Ridge to Lean-to,2024-06-01,20,20.279656425177794,Known-trail future months with weather,History + statewide summary + weather,Random Forest,
Flynn,2024-06-01,30,43.961404235542446,Known-trail future months with weather,History + statewide summary + weather,Random Forest,
Fox Hollow,2024-06-01,64,82.61353157448045,Known-trail future months with weather,History + statewide summary + weather,Random Forest,
Frick Pond,2024-06-01,131,148.02974389803828,Known-trail future months with weather,History + statewide summary + weather,Random Forest,
Hardenburgh- MH Trail,2024-06-01,17,7.375974926230323,Known-trail future months with weather,History + statewide summary + weather,Random Forest,
Kelly Hollow,2024-06-01,156,165.34604202279658,Known-trail future months with weather,History + statewide summary + weather,Random Forest,
Lane Street,2024-06-01,71,52.91553807184937,Known-trail future months with weather,History + statewide summary + weather,Random Forest,
Mt Tremper,2024-06-01,22,115.80568926903418,Known-trail future months with weather,History + statewide summary + weather,Random Forest,
Neversink Hardenburgh Trail,2024-06-01,13,17.287798135395395,Known-trail future months with weather,History + statewide summary + weather,Random Forest,
Rider Hollow,2024-06-01,93,126.03330950728393,Known-trail future months with weather,History + statewide summary + weather,Random Forest,
Rochester Hollow,2024-06-01,113,157.56627163547802,Known-trail future months with weather,History + statewide summary + weather,Random Forest,
Seager,2024-06-01,73,59.23530084387344,Known-trail future months with weather,History + statewide summary + weather,Random Forest,
Slide Mt,2024-06-01,593,712.2402456184093,Known-trail future months with weather,History + statewide summary + weather,Random Forest,
Woodland Valley,2024-06-01,70,115.31629866236712,Known-trail future months with weather,History + statewide summary + weather,Random Forest,
Alder Lake,2024-07-01,299,261.7622765489677,Known-trail future months with weather,History + statewide summary + weather,Random Forest,
Beaverkill Road to BLM FT,2024-07-01,193,188.98116370634952,Known-trail future months with weather,History + statewide summary + weather,Random Forest,
Cathedral Glen,2024-07-01,6,15.42883742972268,Known-trail future months with weather,History + statewide summary + weather,Random Forest,
Denning,2024-07-01,293,309.84022611872473,Known-trail future months with weather,History + statewide summary + weather,Random Forest,
Dry Brook Ridge to Lean-to,2024-07-01,46,22.81524316108599,Known-trail future months with weather,History + statewide summary + weather,Random Forest,
Flynn,2024-07-01,64,52.70170222944068,Known-trail future months with weather,History + statewide summary + weather,Random Forest,
Fox Hollow,2024-07-01,98,85.07191049887614,Known-trail future months with weather,History + statewide summary + weather,Random Forest,
Frick Pond,2024-07-01,209,163.21122874469717,Known-trail future months with weather,History + statewide summary + weather,Random Forest,
Giant Ledge,2024-07-01,150,478.5025622724136,Known-trail future months with weather,History + statewide summary + weather,Random Forest,
Hardenburgh- MH Trail,2024-07-01,16,9.25939129662548,Known-trail future months with weather,History + statewide summary + weather,Random Forest,
Kelly Hollow,2024-07-01,215,259.837157321425,Known-trail future months with weather,History + statewide summary + weather,Random Forest,
Lane Street,2024-07-01,81,60.5905270325023,Known-trail future months with weather,History + statewide summary + weather,Random Forest,
Mt Tremper,2024-07-01,35,94.12043755031007,Known-trail future months with weather,History + statewide summary + weather,Random Forest,
Neversink Hardenburgh Trail,2024-07-01,21,19.563131589994573,Known-trail future months with weather,History + statewide summary + weather,Random Forest,
Rider Hollow,2024-07-01,128,145.81120323088624,Known-trail future months with weather,History + statewide summary + weather,Random Forest,
Rochester Hollow,2024-07-01,229,188.27932816861943,Known-trail future months with weather,History + statewide summary + weather,Random Forest,
Seager,2024-07-01,78,81.17175122144441,Known-trail future months with weather,History + statewide summary + weather,Random Forest,
Slide Mt,2024-07-01,868,714.5745822252547,Known-trail future months with weather,History + statewide summary + weather,Random Forest,
Woodchuck Hollow,2024-07-01,5,3.4518098083004887,Known-trail future months with weather,History + statewide summary + weather,Random Forest,
Woodland Valley,2024-07-01,12,121.37067586077447,Known-trail future months with weather,History + statewide summary + weather,Random Forest,
Alder Lake,2024-08-01,303,238.8928963262742,Known-trail future months with weather,History + statewide summary + weather,Random Forest,
Beaverkill Road to BLM FT,2024-08-01,196,203.38475049954081,Known-trail future months with weather,History + statewide summary + weather,Random Forest,
Cathedral Glen,2024-08-01,32,13.586382731292034,Known-trail future months with weather,History + statewide summary + weather,Random Forest,
Denning,2024-08-01,270,283.52133706991276,Known-trail future months with weather,History + statewide summary + weather,Random Forest,
Dry Brook Ridge to Lean-to,2024-08-01,33,26.578241826518017,Known-trail future months with weather,History + statewide summary + weather,Random Forest,
Flynn,2024-08-01,25,65.91639099622734,Known-trail future months with weather,History + statewide summary + weather,Random Forest,
Fox Hollow,2024-08-01,114,100.38725522531372,Known-trail future months with weather,History + statewide summary + weather,Random Forest,
Frick Pond,2024-08-01,192,173.44081801076493,Known-trail future months with weather,History + statewide summary + weather,Random Forest,
Hardenburgh- MH Trail,2024-08-01,9,11.424850473284016,Known-trail future months with weather,History + statewide summary + weather,Random Forest,
Kelly Hollow,2024-08-01,248,252.170800394965,Known-trail future months with weather,History + statewide summary + weather,Random Forest,
Lane Street,2024-08-01,56,64.03035590200082,Known-trail future months with weather,History + statewide summary + weather,Random Forest,
Millbrook to BLM FT,2024-08-01,392,330.6637606085264,Known-trail future months with weather,History + statewide summary + weather,Random Forest,
Mt Tremper,2024-08-01,587,92.60226921475055,Known-trail future months with weather,History + statewide summary + weather,Random Forest,
Neversink Hardenburgh Trail,2024-08-01,11,22.22587644433446,Known-trail future months with weather,History + statewide summary + weather,Random Forest,
Rider Hollow,2024-08-01,150,142.64387848445557,Known-trail future months with weather,History + statewide summary + weather,Random Forest,
Rochester Hollow,2024-08-01,261,188.6745367945026,Known-trail future months with weather,History + statewide summary + weather,Random Forest,
Seager,2024-08-01,63,84.90899348747254,Known-trail future months with weather,History + statewide summary + weather,Random Forest,
Slide Mt,2024-08-01,1077,718.1554158483701,Known-trail future months with weather,History + statewide summary + weather,Random Forest,
Woodchuck Hollow,2024-08-01,2,2.976447019131793,Known-trail future months with weather,History + statewide summary + weather,Random Forest,
Woodland Valley,2024-08-01,9,69.13831671104428,Known-trail future months with weather,History + statewide summary + weather,Random Forest,
Alder Lake,2024-09-01,229,187.42674106092645,Known-trail future months with weather,History + statewide summary + weather,Random Forest,
Ashokan HP,2024-09-01,127,141.85488383828815,Known-trail future months with weather,History + statewide summary + weather,Random Forest,
Beaverkill Road to BLM FT,2024-09-01,203,163.48983366165572,Known-trail future months with weather,History + statewide summary + weather,Random Forest,
Cathedral Glen,2024-09-01,6,14.198725452464354,Known-trail future months with weather,History + statewide summary + weather,Random Forest,
Denning,2024-09-01,243,226.64710141548787,Known-trail future months with weather,History + statewide summary + weather,Random Forest,
Dry Brook Ridge to Lean-to,2024-09-01,14,20.50993653281792,Known-trail future months with weather,History + statewide summary + weather,Random Forest,
Flynn,2024-09-01,71,29.248637921553826,Known-trail future months with weather,History + statewide summary + weather,Random Forest,
Fox Hollow,2024-09-01,36,97.53380031882689,Known-trail future months with weather,History + statewide summary + weather,Random Forest,
Frick Pond,2024-09-01,200,130.13932212033635,Known-trail future months with weather,History + statewide summary + weather,Random Forest,
Giant Ledge,2024-09-01,116,327.6392381971153,Known-trail future months with weather,History + statewide summary + weather,Random Forest,
Hardenburgh- MH Trail,2024-09-01,13,9.62219470864904,Known-trail future months with weather,History + statewide summary + weather,Random Forest,
Kelly Hollow,2024-09-01,125,170.35084908660727,Known-trail future months with weather,History + statewide summary + weather,Random Forest,
Lane Street,2024-09-01,39,51.96897816723667,Known-trail future months with weather,History + statewide summary + weather,Random Forest,
Millbrook to BLM FT,2024-09-01,347,298.74702102194135,Known-trail future months with weather,History + statewide summary + weather,Random Forest,
Neversink Hardenburgh Trail,2024-09-01,17,14.898175393283763,Known-trail future months with weather,History + statewide summary + weather,Random Forest,
Overlook,2024-09-01,717,804.4724453211012,Known-trail future months with weather,History + statewide summary + weather,Random Forest,
Rider Hollow,2024-09-01,91,131.48569269787686,Known-trail future months with weather,History + statewide summary + weather,Random Forest,
Rochester Hollow,2024-09-01,131,165.07082018008697,Known-trail future months with weather,History + statewide summary + weather,Random Forest,
Slide Mt,2024-09-01,783,722.4250272150744,Known-trail future months with weather,History + statewide summary + weather,Random Forest,
Wittenberg,2024-09-01,414,373.6533591948019,Known-trail future months with weather,History + statewide summary + weather,Random Forest,
Woodchuck Hollow,2024-09-01,4,2.545284792689948,Known-trail future months with weather,History + statewide summary + weather,Random Forest,
Woodland Valley,2024-09-01,35,48.21574044541061,Known-trail future months with weather,History + statewide summary + weather,Random Forest,
Alder Lake,2024-10-01,17,226.37365148589356,Known-trail future months with weather,History + statewide summary + weather,Random Forest,
Ashokan HP,2024-10-01,260,143.81256774133809,Known-trail future months with weather,History + statewide summary + weather,Random Forest,
Beaverkill Road to BLM FT,2024-10-01,12,218.56683946502238,Known-trail future months with weather,History + statewide summary + weather,Random Forest,
Denning,2024-10-01,306,247.3957034080595,Known-trail future months with weather,History + statewide summary + weather,Random Forest,
Flynn,2024-10-01,1,44.0022076379526,Known-trail future months with weather,History + statewide summary + weather,Random Forest,
Frick Pond,2024-10-01,6,159.16222817212196,Known-trail future months with weather,History + statewide summary + weather,Random Forest,
Giant Ledge,2024-10-01,1383,287.2364321780109,Known-trail future months with weather,History + statewide summary + weather,Random Forest,
Millbrook to BLM FT,2024-10-01,462,315.0238672714388,Known-trail future months with weather,History + statewide summary + weather,Random Forest,
Neversink Hardenburgh Trail,2024-10-01,31,16.260622581382535,Known-trail future months with weather,History + statewide summary + weather,Random Forest,
Overlook,2024-10-01,1143,877.8492487696795,Known-trail future months with weather,History + statewide summary + weather,Random Forest,
Slide Mt,2024-10-01,757,826.1799906816178,Known-trail future months with weather,History + statewide summary + weather,Random Forest,
Wittenberg,2024-10-01,638,419.11175362581616,Known-trail future months with weather,History + statewide summary + weather,Random Forest,
Woodchuck Hollow,2024-10-01,4,2.971917279465482,Known-trail future months with weather,History + statewide summary + weather,Random Forest,
Woodland Valley,2024-10-01,182,47.71662753411155,Known-trail future months with weather,History + statewide summary + weather,Random Forest,
Ashokan HP,2024-11-01,63,139.48206714721096,Known-trail future months with weather,History + statewide summary + weather,Random Forest,
Denning,2024-11-01,76,201.489418289664,Known-trail future months with weather,History + statewide summary + weather,Random Forest,
Giant Ledge,2024-11-01,404,545.2760899825334,Known-trail future months with weather,History + statewide summary + weather,Random Forest,
Millbrook to BLM FT,2024-11-01,251,302.26812434916036,Known-trail future months with weather,History + statewide summary + weather,Random Forest,
Overlook,2024-11-01,843,747.1461333734188,Known-trail future months with weather,History + statewide summary + weather,Random Forest,
Wittenberg,2024-11-01,289,445.9813547569883,Known-trail future months with weather,History + statewide summary + weather,Random Forest,
Woodchuck Hollow,2024-11-01,4,3.0176686886354083,Known-trail future months with weather,History + statewide summary + weather,Random Forest,
Woodland Valley,2024-11-01,88,58.688118475642774,Known-trail future months with weather,History + statewide summary + weather,Random Forest,
Ashokan HP,2024-12-01,53,73.35385613005471,Known-trail future months with weather,History + statewide summary + weather,Random Forest,
Giant Ledge,2024-12-01,235,394.4972929291713,Known-trail future months with weather,History + statewide summary + weather,Random Forest,
Millbrook to BLM FT,2024-12-01,133,235.6903040323396,Known-trail future months with weather,History + statewide summary + weather,Random Forest,
Overlook,2024-12-01,291,579.8075608648115,Known-trail future months with weather,History + statewide summary + weather,Random Forest,
Wittenberg,2024-12-01,115,235.5170892900694,Known-trail future months with weather,History + statewide summary + weather,Random Forest,
Woodland Valley,2024-12-01,25,47.07636373663021,Known-trail future months with weather,History + statewide summary + weather,Random Forest,
Ashokan HP,2025-01-01,35,69.71320775571834,Known-trail future months with weather,History + statewide summary + weather,Random Forest,
Giant Ledge,2025-01-01,268,352.36373229050906,Known-trail future months with weather,History + statewide summary + weather,Random Forest,
Millbrook to BLM FT,2025-01-01,143,173.01237415118558,Known-trail future months with weather,History + statewide summary + weather,Random Forest,
Overlook,2025-01-01,358,401.01671317835905,Known-trail future months with weather,History + statewide summary + weather,Random Forest,
Wittenberg,2025-01-01,103,154.97630187492075,Known-trail future months with weather,History + statewide summary + weather,Random Forest,
Woodland Valley,2025-01-01,15,27.749626708880612,Known-trail future months with weather,History + statewide summary + weather,Random Forest,
Ashokan HP,2025-02-01,27,54.21747460096223,Known-trail future months with weather,History + statewide summary + weather,Random Forest,
Giant Ledge,2025-02-01,184,331.3266409776686,Known-trail future months with weather,History + statewide summary + weather,Random Forest,
Millbrook to BLM FT,2025-02-01,139,162.57580446576674,Known-trail future months with weather,History + statewide summary + weather,Random Forest,
Overlook,2025-02-01,182,389.27283428369645,Known-trail future months with weather,History + statewide summary + weather,Random Forest,
Wittenberg,2025-02-01,55,143.71403525506526,Known-trail future months with weather,History + statewide summary + weather,Random Forest,
Woodland Valley,2025-02-01,30,28.046470023812198,Known-trail future months with weather,History + statewide summary + weather,Random Forest,
Ashokan HP,2025-03-01,83,52.42148045730815,Known-trail future months with weather,History + statewide summary + weather,Random Forest,
Giant Ledge,2025-03-01,371,287.16573561886787,Known-trail future months with weather,History + statewide summary + weather,Random Forest,
Millbrook to BLM FT,2025-03-01,131,162.06038375204938,Known-trail future months with weather,History + statewide summary + weather,Random Forest,
Overlook,2025-03-01,426,341.5567760424942,Known-trail future months with weather,History + statewide summary + weather,Random Forest,
Wittenberg,2025-03-01,126,133.7929079004784,Known-trail future months with weather,History + statewide summary + weather,Random Forest,
Woodland Valley,2025-03-01,41,28.807016951563057,Known-trail future months with weather,History + statewide summary + weather,Random Forest,
Ashokan HP,2025-04-01,89,101.87255228502295,Known-trail future months with weather,History + statewide summary + weather,Random Forest,
Giant Ledge,2025-04-01,341,387.22679033293514,Known-trail future months with weather,History + statewide summary + weather,Random Forest,
Millbrook to BLM FT,2025-04-01,173,164.66753078206355,Known-trail future months with weather,History + statewide summary + weather,Random Forest,
Overlook,2025-04-01,576,522.1125155230307,Known-trail future months with weather,History + statewide summary + weather,Random Forest,
Wittenberg,2025-04-01,47,165.15376917914006,Known-trail future months with weather,History + statewide summary + weather,Random Forest,
Woodland Valley,2025-04-01,47,50.170871775061684,Known-trail future months with weather,History + statewide summary + weather,Random Forest,
Ashokan HP,2025-05-01,72,131.1014264696839,Known-trail future months with weather,History + statewide summary + weather,Random Forest,
Giant Ledge,2025-05-01,403,447.3574677921487,Known-trail future months with weather,History + statewide summary + weather,Random Forest,
Millbrook to BLM FT,2025-05-01,277,231.87874532617914,Known-trail future months with weather,History + statewide summary + weather,Random Forest,
Overlook,2025-05-01,828,721.1749784500465,Known-trail future months with weather,History + statewide summary + weather,Random Forest,
Wittenberg,2025-05-01,477,166.40595888941837,Known-trail future months with weather,History + statewide summary + weather,Random Forest,
Woodland Valley,2025-05-01,13,68.87375757769048,Known-trail future months with weather,History + statewide summary + weather,Random Forest,
Ashokan HP,2025-06-01,160,127.55745935568467,Known-trail future months with weather,History + statewide summary + weather,Random Forest,
Giant Ledge,2025-06-01,629,483.66213695822063,Known-trail future months with weather,History + statewide summary + weather,Random Forest,
Millbrook to BLM FT,2025-06-01,231,281.91019337693115,Known-trail future months with weather,History + statewide summary + weather,Random Forest,
Overlook,2025-06-01,854,862.2396573519799,Known-trail future months with weather,History + statewide summary + weather,Random Forest,
Wittenberg,2025-06-01,532,410.3712553747939,Known-trail future months with weather,History + statewide summary + weather,Random Forest,
Ashokan HP,2025-07-01,260,149.65631905993337,Known-trail future months with weather,History + statewide summary + weather,Random Forest,
Giant Ledge,2025-07-01,400,565.3824287473283,Known-trail future months with weather,History + statewide summary + weather,Random Forest,
Millbrook to BLM FT,2025-07-01,340,313.4761388075898,Known-trail future months with weather,History + statewide summary + weather,Random Forest,
Overlook,2025-07-01,1038,954.5730273247237,Known-trail future months with weather,History + statewide summary + weather,Random Forest,
Wittenberg,2025-07-01,587,464.77190285006293,Known-trail future months with weather,History + statewide summary + weather,Random Forest,
Ashokan HP,2025-08-01,173,180.40141339813187,Known-trail future months with weather,History + statewide summary + weather,Random Forest,
Millbrook to BLM FT,2025-08-01,354,313.9577946523909,Known-trail future months with weather,History + statewide summary + weather,Random Forest,
Overlook,2025-08-01,698,929.0105364316847,Known-trail future months with weather,History + statewide summary + weather,Random Forest,
Wittenberg,2025-08-01,751,466.05765621149783,Known-trail future months with weather,History + statewide summary + weather,Random Forest,
Ashokan HP,2025-09-01,101,150.8223841065826,Known-trail future months with weather,History + statewide summary + weather,Random Forest,
Millbrook to BLM FT,2025-09-01,14,268.7522166436432,Known-trail future months with weather,History + statewide summary + weather,Random Forest,
Overlook,2025-09-01,27,777.2516921768653,Known-trail future months with weather,History + statewide summary + weather,Random Forest,
Wittenberg,2025-09-01,506,523.4770746965576,Known-trail future months with weather,History + statewide summary + weather,Random Forest,
Ashokan HP,2025-10-01,117,162.7591630421509,Known-trail future months with weather,History + statewide summary + weather,Random Forest,
Overlook,2025-10-01,4,139.63986711620782,Known-trail future months with weather,History + statewide summary + weather,Random Forest,
Wittenberg,2025-10-01,589,510.3019608004098,Known-trail future months with weather,History + statewide summary + weather,Random Forest,
Peekamoose,2022-12-01,58,66.34971208032619,Known-trail future months with weather,History + statewide summary + weather,HistGradientBoosting,
Biscuit Brook,2023-01-01,47,78.14010382185297,Known-trail future months with weather,History + statewide summary + weather,HistGradientBoosting,
Peekamoose,2023-01-01,139,60.62015392093687,Known-trail future months with weather,History + statewide summary + weather,HistGradientBoosting,
Bangle Hill,2023-02-01,18,2.749645761869236,Known-trail future months with weather,History + statewide summary + weather,HistGradientBoosting,
Biscuit Brook,2023-02-01,68,66.27995533561216,Known-trail future months with weather,History + statewide summary + weather,HistGradientBoosting,
Peekamoose,2023-02-01,90,84.72332759710402,Known-trail future months with weather,History + statewide summary + weather,HistGradientBoosting,
Bangle Hill,2023-03-01,5,1.7326052131123906,Known-trail future months with weather,History + statewide summary + weather,HistGradientBoosting,
Biscuit Brook,2023-03-01,59,61.99808884078196,Known-trail future months with weather,History + statewide summary + weather,HistGradientBoosting,
Peekamoose,2023-03-01,63,73.68945365116492,Known-trail future months with weather,History + statewide summary + weather,HistGradientBoosting,
Bangle Hill,2023-04-01,11,7.439373565478907,Known-trail future months with weather,History + statewide summary + weather,HistGradientBoosting,
Biscuit Brook,2023-04-01,74,107.03876552413386,Known-trail future months with weather,History + statewide summary + weather,HistGradientBoosting,
Peekamoose,2023-04-01,92,117.27444186768008,Known-trail future months with weather,History + statewide summary + weather,HistGradientBoosting,
Bangle Hill,2023-05-01,5,17.418734745920013,Known-trail future months with weather,History + statewide summary + weather,HistGradientBoosting,
Biscuit Brook,2023-05-01,157,149.3471518472002,Known-trail future months with weather,History + statewide summary + weather,HistGradientBoosting,
Peekamoose,2023-05-01,234,148.6960263960253,Known-trail future months with weather,History + statewide summary + weather,HistGradientBoosting,
Slide Mt,2023-05-01,691,605.0410119623529,Known-trail future months with weather,History + statewide summary + weather,HistGradientBoosting,
Upper Cherrytown Road,2023-05-01,136,239.3237630602106,Known-trail future months with weather,History + statewide summary + weather,HistGradientBoosting,
Biscuit Brook,2023-06-01,121,121.30530470268441,Known-trail future months with weather,History + statewide summary + weather,HistGradientBoosting,
Peekamoose,2023-06-01,49,160.6693441760553,Known-trail future months with weather,History + statewide summary + weather,HistGradientBoosting,
Slide Mt,2023-06-01,587,648.9780900222403,Known-trail future months with weather,History + statewide summary + weather,HistGradientBoosting,
Upper Cherrytown Road,2023-06-01,143,201.6408007851495,Known-trail future months with weather,History + statewide summary + weather,HistGradientBoosting,
Biscuit Brook,2023-07-01,144,154.7879596025236,Known-trail future months with weather,History + statewide summary + weather,HistGradientBoosting,
McKenley Hollow,2023-07-01,103,101.97055504621794,Known-trail future months with weather,History + statewide summary + weather,HistGradientBoosting,
Red Hill Dinch Road,2023-07-01,291,251.1297455659842,Known-trail future months with weather,History + statewide summary + weather,HistGradientBoosting,
Slide Mt,2023-07-01,794,755.088287570368,Known-trail future months with weather,History + statewide summary + weather,HistGradientBoosting,
Upper Cherrytown Road,2023-07-01,329,230.22168376425975,Known-trail future months with weather,History + statewide summary + weather,HistGradientBoosting,
Biscuit Brook,2023-08-01,98,113.34503302406159,Known-trail future months with weather,History + statewide summary + weather,HistGradientBoosting,
McKenley Hollow,2023-08-01,116,100.90117266937273,Known-trail future months with weather,History + statewide summary + weather,HistGradientBoosting,
Onteora Lake,2023-08-01,284,489.4176994854779,Known-trail future months with weather,History + statewide summary + weather,HistGradientBoosting,
Red Hill Dinch Road,2023-08-01,238,297.4305447130794,Known-trail future months with weather,History + statewide summary + weather,HistGradientBoosting,
Slide Mt,2023-08-01,606,779.4802203895946,Known-trail future months with weather,History + statewide summary + weather,HistGradientBoosting,
Upper Cherrytown Road,2023-08-01,197,249.2163982379076,Known-trail future months with weather,History + statewide summary + weather,HistGradientBoosting,
McKenley Hollow,2023-09-01,119,79.46397506438873,Known-trail future months with weather,History + statewide summary + weather,HistGradientBoosting,
Onteora Lake,2023-09-01,311,205.98181739731103,Known-trail future months with weather,History + statewide summary + weather,HistGradientBoosting,
Red Hill Dinch Road,2023-09-01,172,189.68308595691101,Known-trail future months with weather,History + statewide summary + weather,HistGradientBoosting,
Upper Cherrytown Road,2023-09-01,2,152.8250892867951,Known-trail future months with weather,History + statewide summary + weather,HistGradientBoosting,
McKenley Hollow,2023-10-01,119,87.44095423302691,Known-trail future months with weather,History + statewide summary + weather,HistGradientBoosting,
Onteora Lake,2023-10-01,418,265.45739475323836,Known-trail future months with weather,History + statewide summary + weather,HistGradientBoosting,
Red Hill Dinch Road,2023-10-01,158,206.73642637831085,Known-trail future months with weather,History + statewide summary + weather,HistGradientBoosting,
Seager,2023-10-01,41,44.06995217409549,Known-trail future months with weather,History + statewide summary + weather,HistGradientBoosting,
Upper Cherrytown Road,2023-10-01,16,82.64049170512189,Known-trail future months with weather,History + statewide summary + weather,HistGradientBoosting,
Dry Brook Ridge to Lean-to,2023-11-01,25,20.922376405806524,Known-trail future months with weather,History + statewide summary + weather,HistGradientBoosting,
Fox Hollow,2023-11-01,75,95.80724095741273,Known-trail future months with weather,History + statewide summary + weather,HistGradientBoosting,
Hardenburgh- MH Trail,2023-11-01,4,4.980380563632777,Known-trail future months with weather,History + statewide summary + weather,HistGradientBoosting,
Kelly Hollow,2023-11-01,154,159.104328866287,Known-trail future months with weather,History + statewide summary + weather,HistGradientBoosting,
Lane Street,2023-11-01,57,42.32732287295889,Known-trail future months with weather,History + statewide summary + weather,HistGradientBoosting,
McKenley Hollow,2023-11-01,102,90.1353035812432,Known-trail future months with weather,History + statewide summary + weather,HistGradientBoosting,
Onteora Lake,2023-11-01,246,262.74374661138853,Known-trail future months with weather,History + statewide summary + weather,HistGradientBoosting,
Red Hill Dinch Road,2023-11-01,123,111.47030789218724,Known-trail future months with weather,History + statewide summary + weather,HistGradientBoosting,
Rochester Hollow,2023-11-01,150,168.75113687536611,Known-trail future months with weather,History + statewide summary + weather,HistGradientBoosting,
Seager,2023-11-01,38,28.774993551190974,Known-trail future months with weather,History + statewide summary + weather,HistGradientBoosting,
Upper Cherrytown Road,2023-11-01,1,75.18881075334868,Known-trail future months with weather,History + statewide summary + weather,HistGradientBoosting,
Alder Lake,2023-12-01,45,61.46944944124584,Known-trail future months with weather,History + statewide summary + weather,HistGradientBoosting,
Beaverkill Road to BLM FT,2023-12-01,84,90.3241086393182,Known-trail future months with weather,History + statewide summary + weather,HistGradientBoosting,
Dry Brook Ridge to Lean-to,2023-12-01,12,11.771522438029542,Known-trail future months with weather,History + statewide summary + weather,HistGradientBoosting,
Flynn,2023-12-01,8,23.659722848858703,Known-trail future months with weather,History + statewide summary + weather,HistGradientBoosting,
Fox Hollow,2023-12-01,59,52.98994964003165,Known-trail future months with weather,History + statewide summary + weather,HistGradientBoosting,
Frick Pond,2023-12-01,59,61.403821854264564,Known-trail future months with weather,History + statewide summary + weather,HistGradientBoosting,
Hardenburgh- MH Trail,2023-12-01,0,4.423004526195293,Known-trail future months with weather,History + statewide summary + weather,HistGradientBoosting,
Kelly Hollow,2023-12-01,112,96.13593777444216,Known-trail future months with weather,History + statewide summary + weather,HistGradientBoosting,
Lane Street,2023-12-01,24,40.12901347161974,Known-trail future months with weather,History + statewide summary + weather,HistGradientBoosting,
McKenley Hollow,2023-12-01,97,67.40812149259936,Known-trail future months with weather,History + statewide summary + weather,HistGradientBoosting,
Mt Tremper,2023-12-01,176,141.63979587005608,Known-trail future months with weather,History + statewide summary + weather,HistGradientBoosting,
Neversink Hardenburgh Trail,2023-12-01,10,5.875838843432425,Known-trail future months with weather,History + statewide summary + weather,HistGradientBoosting,
Onteora Lake,2023-12-01,216,120.81429609619744,Known-trail future months with weather,History + statewide summary + weather,HistGradientBoosting,
Red Hill Dinch Road,2023-12-01,97,91.76747405139179,Known-trail future months with weather,History + statewide summary + weather,HistGradientBoosting,
Rider Hollow,2023-12-01,128,133.18495716504648,Known-trail future months with weather,History + statewide summary + weather,HistGradientBoosting,
Rochester Hollow,2023-12-01,125,88.89290360752203,Known-trail future months with weather,History + statewide summary + weather,HistGradientBoosting,
Seager,2023-12-01,22,23.745270309767225,Known-trail future months with weather,History + statewide summary + weather,HistGradientBoosting,
Upper Cherrytown Road,2023-12-01,7,25.390330808797703,Known-trail future months with weather,History + statewide summary + weather,HistGradientBoosting,
Alder Lake,2024-01-01,33,43.861988782145005,Known-trail future months with weather,History + statewide summary + weather,HistGradientBoosting,
Beaverkill Road to BLM FT,2024-01-01,33,60.4667466938203,Known-trail future months with weather,History + statewide summary + weather,HistGradientBoosting,
Cathedral Glen,2024-01-01,6,4.09121628428221,Known-trail future months with weather,History + statewide summary + weather,HistGradientBoosting,
Denning,2024-01-01,59,74.9934314288167,Known-trail future months with weather,History + statewide summary + weather,HistGradientBoosting,
Dry Brook Ridge to Lean-to,2024-01-01,11,10.437896503119797,Known-trail future months with weather,History + statewide summary + weather,HistGradientBoosting,
Flynn,2024-01-01,12,17.05524291117586,Known-trail future months with weather,History + statewide summary + weather,HistGradientBoosting,
Fox Hollow,2024-01-01,20,39.734714342914046,Known-trail future months with weather,History + statewide summary + weather,HistGradientBoosting,
Frick Pond,2024-01-01,53,50.04420971808546,Known-trail future months with weather,History + statewide summary + weather,HistGradientBoosting,
Hardenburgh- MH Trail,2024-01-01,2,1.7378996232296562,Known-trail future months with weather,History + statewide summary + weather,HistGradientBoosting,
Kelly Hollow,2024-01-01,44,70.88728705767413,Known-trail future months with weather,History + statewide summary + weather,HistGradientBoosting,
Lane Street,2024-01-01,13,18.222682757662817,Known-trail future months with weather,History + statewide summary + weather,HistGradientBoosting,
McKenley Hollow,2024-01-01,20,59.903045596626804,Known-trail future months with weather,History + statewide summary + weather,HistGradientBoosting,
Mt Tremper,2024-01-01,107,96.71554290793893,Known-trail future months with weather,History + statewide summary + weather,HistGradientBoosting,
Neversink Hardenburgh Trail,2024-01-01,0,1.5094173345927797,Known-trail future months with weather,History + statewide summary + weather,HistGradientBoosting,
Red Hill Dinch Road,2024-01-01,79,71.14620003939703,Known-trail future months with weather,History + statewide summary + weather,HistGradientBoosting,
Rider Hollow,2024-01-01,118,107.82043564604936,Known-trail future months with weather,History + statewide summary + weather,HistGradientBoosting,
Rochester Hollow,2024-01-01,51,70.41470159998674,Known-trail future months with weather,History + statewide summary + weather,HistGradientBoosting,
Seager,2024-01-01,24,16.915912115025893,Known-trail future months with weather,History + statewide summary + weather,HistGradientBoosting,
Alder Lake,2024-02-01,55,37.31955549864543,Known-trail future months with weather,History + statewide summary + weather,HistGradientBoosting,
Beaverkill Road to BLM FT,2024-02-01,81,72.02439448195493,Known-trail future months with weather,History + statewide summary + weather,HistGradientBoosting,
Cathedral Glen,2024-02-01,11,9.750113568816845,Known-trail future months with weather,History + statewide summary + weather,HistGradientBoosting,
Denning,2024-02-01,111,88.18517762330451,Known-trail future months with weather,History + statewide summary + weather,HistGradientBoosting,
Dry Brook Ridge to Lean-to,2024-02-01,22,14.954874874603743,Known-trail future months with weather,History + statewide summary + weather,HistGradientBoosting,
Flynn,2024-02-01,13,15.988301048668802,Known-trail future months with weather,History + statewide summary + weather,HistGradientBoosting,
Fox Hollow,2024-02-01,67,31.490273747445578,Known-trail future months with weather,History + statewide summary + weather,HistGradientBoosting,
Frick Pond,2024-02-01,35,60.42695311614656,Known-trail future months with weather,History + statewide summary + weather,HistGradientBoosting,
Hardenburgh- MH Trail,2024-02-01,17,2.1454094084361803,Known-trail future months with weather,History + statewide summary + weather,HistGradientBoosting,
Kelly Hollow,2024-02-01,70,82.66064121874712,Known-trail future months with weather,History + statewide summary + weather,HistGradientBoosting,
Lane Street,2024-02-01,27,26.52701669706977,Known-trail future months with weather,History + statewide summary + weather,HistGradientBoosting,
McKenley Hollow,2024-02-01,3,50.7342729676294,Known-trail future months with weather,History + statewide summary + weather,HistGradientBoosting,
Mt Tremper,2024-02-01,103,159.74342005445848,Known-trail future months with weather,History + statewide summary + weather,HistGradientBoosting,
Neversink Hardenburgh Trail,2024-02-01,1,3.629559984468589,Known-trail future months with weather,History + statewide summary + weather,HistGradientBoosting,
Red Hill Dinch Road,2024-02-01,100,85.5144675235279,Known-trail future months with weather,History + statewide summary + weather,HistGradientBoosting,
Rider Hollow,2024-02-01,189,138.58480693492228,Known-trail future months with weather,History + statewide summary + weather,HistGradientBoosting,
Rochester Hollow,2024-02-01,89,84.14237356404509,Known-trail future months with weather,History + statewide summary + weather,HistGradientBoosting,
Seager,2024-02-01,31,27.542252949681483,Known-trail future months with weather,History + statewide summary + weather,HistGradientBoosting,
Alder Lake,2024-03-01,63,60.39511078139854,Known-trail future months with weather,History + statewide summary + weather,HistGradientBoosting,
Beaverkill Road to BLM FT,2024-03-01,82,74.75928190069486,Known-trail future months with weather,History + statewide summary + weather,HistGradientBoosting,
Cathedral Glen,2024-03-01,10,5.976701565106051,Known-trail future months with weather,History + statewide summary + weather,HistGradientBoosting,
Denning,2024-03-01,204,102.12094578917855,Known-trail future months with weather,History + statewide summary + weather,HistGradientBoosting,
Dry Brook Ridge to Lean-to,2024-03-01,10,22.097713251801316,Known-trail future months with weather,History + statewide summary + weather,HistGradientBoosting,
Flynn,2024-03-01,12,18.890039844881617,Known-trail future months with weather,History + statewide summary + weather,HistGradientBoosting,
Fox Hollow,2024-03-01,40,62.001249008255215,Known-trail future months with weather,History + statewide summary + weather,HistGradientBoosting,
Frick Pond,2024-03-01,45,58.5317321801377,Known-trail future months with weather,History + statewide summary + weather,HistGradientBoosting,
Hardenburgh- MH Trail,2024-03-01,4,4.6823564263174555,Known-trail future months with weather,History + statewide summary + weather,HistGradientBoosting,
Kelly Hollow,2024-03-01,96,100.70950742809387,Known-trail future months with weather,History + statewide summary + weather,HistGradientBoosting,
Lane Street,2024-03-01,28,32.026731643742885,Known-trail future months with weather,History + statewide summary + weather,HistGradientBoosting,
McKenley Hollow,2024-03-01,7,41.04449770456211,Known-trail future months with weather,History + statewide summary + weather,HistGradientBoosting,
Mt Tremper,2024-03-01,123,130.2905774219445,Known-trail future months with weather,History + statewide summary + weather,HistGradientBoosting,
Neversink Hardenburgh Trail,2024-03-01,4,3.9138048546391273,Known-trail future months with weather,History + statewide summary + weather,HistGradientBoosting,
Red Hill Dinch Road,2024-03-01,21,102.55093773288132,Known-trail future months with weather,History + statewide summary + weather,HistGradientBoosting,
Rider Hollow,2024-03-01,166,151.59452401382543,Known-trail future months with weather,History + statewide summary + weather,HistGradientBoosting,
Rochester Hollow,2024-03-01,117,96.05084581413898,Known-trail future months with weather,History + statewide summary + weather,HistGradientBoosting,
Seager,2024-03-01,15,29.325977949137943,Known-trail future months with weather,History + statewide summary + weather,HistGradientBoosting,
Woodchuck Hollow,2024-03-01,1,1.9755642977809345,Known-trail future months with weather,History + statewide summary + weather,HistGradientBoosting,
Alder Lake,2024-04-01,127,140.881339833433,Known-trail future months with weather,History + statewide summary + weather,HistGradientBoosting,
Beaverkill Road to BLM FT,2024-04-01,110,145.8956393660144,Known-trail future months with weather,History + statewide summary + weather,HistGradientBoosting,
Cathedral Glen,2024-04-01,21,7.465708586964124,Known-trail future months with weather,History + statewide summary + weather,HistGradientBoosting,
Denning,2024-04-01,233,165.79543990492255,Known-trail future months with weather,History + statewide summary + weather,HistGradientBoosting,
Dry Brook Ridge to Lean-to,2024-04-01,13,20.725846821520182,Known-trail future months with weather,History + statewide summary + weather,HistGradientBoosting,
Flynn,2024-04-01,18,22.479685530584675,Known-trail future months with weather,History + statewide summary + weather,HistGradientBoosting,
Fox Hollow,2024-04-01,48,65.05605468553262,Known-trail future months with weather,History + statewide summary + weather,HistGradientBoosting,
Frick Pond,2024-04-01,70,68.1055216267193,Known-trail future months with weather,History + statewide summary + weather,HistGradientBoosting,
Hardenburgh- MH Trail,2024-04-01,1,5.030145618503218,Known-trail future months with weather,History + statewide summary + weather,HistGradientBoosting,
Kelly Hollow,2024-04-01,127,142.29923240927891,Known-trail future months with weather,History + statewide summary + weather,HistGradientBoosting,
Lane Street,2024-04-01,36,33.508858422151576,Known-trail future months with weather,History + statewide summary + weather,HistGradientBoosting,
Mt Tremper,2024-04-01,64,197.38950934322773,Known-trail future months with weather,History + statewide summary + weather,HistGradientBoosting,
Neversink Hardenburgh Trail,2024-04-01,4,6.892077324256952,Known-trail future months with weather,History + statewide summary + weather,HistGradientBoosting,
Rider Hollow,2024-04-01,103,111.98166645740622,Known-trail future months with weather,History + statewide summary + weather,HistGradientBoosting,
Rochester Hollow,2024-04-01,99,141.8366019533598,Known-trail future months with weather,History + statewide summary + weather,HistGradientBoosting,
Seager,2024-04-01,40,39.03722868080868,Known-trail future months with weather,History + statewide summary + weather,HistGradientBoosting,
Alder Lake,2024-05-01,147,174.50644566752172,Known-trail future months with weather,History + statewide summary + weather,HistGradientBoosting,
Beaverkill Road to BLM FT,2024-05-01,189,159.4456665374134,Known-trail future months with weather,History + statewide summary + weather,HistGradientBoosting,
Cathedral Glen,2024-05-01,19,23.382744205674495,Known-trail future months with weather,History + statewide summary + weather,HistGradientBoosting,
Denning,2024-05-01,260,306.63713256038824,Known-trail future months with weather,History + statewide summary + weather,HistGradientBoosting,
Dry Brook Ridge to Lean-to,2024-05-01,17,35.80055570128035,Known-trail future months with weather,History + statewide summary + weather,HistGradientBoosting,
Flynn,2024-05-01,24,56.88067248160493,Known-trail future months with weather,History + statewide summary + weather,HistGradientBoosting,
Fox Hollow,2024-05-01,71,70.93203752917915,Known-trail future months with weather,History + statewide summary + weather,HistGradientBoosting,
Frick Pond,2024-05-01,125,130.12931843519334,Known-trail future months with weather,History + statewide summary + weather,HistGradientBoosting,
Hardenburgh- MH Trail,2024-05-01,23,9.219978042729341,Known-trail future months with weather,History + statewide summary + weather,HistGradientBoosting,
Kelly Hollow,2024-05-01,182,170.73215700095977,Known-trail future months with weather,History + statewide summary + weather,HistGradientBoosting,
Lane Street,2024-05-01,54,51.40541105332098,Known-trail future months with weather,History + statewide summary + weather,HistGradientBoosting,
Mt Tremper,2024-05-01,19,226.15433833381758,Known-trail future months with weather,History + statewide summary + weather,HistGradientBoosting,
Neversink Hardenburgh Trail,2024-05-01,34,11.268004973704048,Known-trail future months with weather,History + statewide summary + weather,HistGradientBoosting,
Rider Hollow,2024-05-01,98,164.41478064258476,Known-trail future months with weather,History + statewide summary + weather,HistGradientBoosting,
Rochester Hollow,2024-05-01,182,151.86332145248628,Known-trail future months with weather,History + statewide summary + weather,HistGradientBoosting,
Seager,2024-05-01,53,58.617637147366864,Known-trail future months with weather,History + statewide summary + weather,HistGradientBoosting,
Woodchuck Hollow,2024-05-01,1,3.2876047754418876,Known-trail future months with weather,History + statewide summary + weather,HistGradientBoosting,
Woodland Valley,2024-05-01,99,103.77954280595722,Known-trail future months with weather,History + statewide summary + weather,HistGradientBoosting,
Alder Lake,2024-06-01,168,178.69054796024196,Known-trail future months with weather,History + statewide summary + weather,HistGradientBoosting,
Beaverkill Road to BLM FT,2024-06-01,190,183.56484341310113,Known-trail future months with weather,History + statewide summary + weather,HistGradientBoosting,
Cathedral Glen,2024-06-01,30,19.674735719670043,Known-trail future months with weather,History + statewide summary + weather,HistGradientBoosting,
Denning,2024-06-01,281,298.42006578932677,Known-trail future months with weather,History + statewide summary + weather,HistGradientBoosting,
Dry Brook Ridge to Lean-to,2024-06-01,20,25.303435731803948,Known-trail future months with weather,History + statewide summary + weather,HistGradientBoosting,
Flynn,2024-06-01,30,53.188964323464894,Known-trail future months with weather,History + statewide summary + weather,HistGradientBoosting,
Fox Hollow,2024-06-01,64,91.5005249021266,Known-trail future months with weather,History + statewide summary + weather,HistGradientBoosting,
Frick Pond,2024-06-01,131,151.41058783833589,Known-trail future months with weather,History + statewide summary + weather,HistGradientBoosting,
Hardenburgh- MH Trail,2024-06-01,17,8.55104255232517,Known-trail future months with weather,History + statewide summary + weather,HistGradientBoosting,
Kelly Hollow,2024-06-01,156,177.12614788044644,Known-trail future months with weather,History + statewide summary + weather,HistGradientBoosting,
Lane Street,2024-06-01,71,58.54080971441853,Known-trail future months with weather,History + statewide summary + weather,HistGradientBoosting,
Mt Tremper,2024-06-01,22,122.67217651919212,Known-trail future months with weather,History + statewide summary + weather,HistGradientBoosting,
Neversink Hardenburgh Trail,2024-06-01,13,21.900632951030513,Known-trail future months with weather,History + statewide summary + weather,HistGradientBoosting,
Rider Hollow,2024-06-01,93,124.1300144738233,Known-trail future months with weather,History + statewide summary + weather,HistGradientBoosting,
Rochester Hollow,2024-06-01,113,167.7682283197117,Known-trail future months with weather,History + statewide summary + weather,HistGradientBoosting,
Seager,2024-06-01,73,70.67261851537478,Known-trail future months with weather,History + statewide summary + weather,HistGradientBoosting,
Slide Mt,2024-06-01,593,680.5206554671132,Known-trail future months with weather,History + statewide summary + weather,HistGradientBoosting,
Woodland Valley,2024-06-01,70,112.1008666490734,Known-trail future months with weather,History + statewide summary + weather,HistGradientBoosting,
Alder Lake,2024-07-01,299,241.9082215510088,Known-trail future months with weather,History + statewide summary + weather,HistGradientBoosting,
Beaverkill Road to BLM FT,2024-07-01,193,215.30471315300386,Known-trail future months with weather,History + statewide summary + weather,HistGradientBoosting,
Cathedral Glen,2024-07-01,6,18.81391269572565,Known-trail future months with weather,History + statewide summary + weather,HistGradientBoosting,
Denning,2024-07-01,293,343.3323620295503,Known-trail future months with weather,History + statewide summary + weather,HistGradientBoosting,
Dry Brook Ridge to Lean-to,2024-07-01,46,30.583715797091166,Known-trail future months with weather,History + statewide summary + weather,HistGradientBoosting,
Flynn,2024-07-01,64,55.74024714695035,Known-trail future months with weather,History + statewide summary + weather,HistGradientBoosting,
Fox Hollow,2024-07-01,98,98.75016668405662,Known-trail future months with weather,History + statewide summary + weather,HistGradientBoosting,
Frick Pond,2024-07-01,209,174.63503705816646,Known-trail future months with weather,History + statewide summary + weather,HistGradientBoosting,
Giant Ledge,2024-07-01,150,548.4444882096738,Known-trail future months with weather,History + statewide summary + weather,HistGradientBoosting,
Hardenburgh- MH Trail,2024-07-01,16,10.279970253946631,Known-trail future months with weather,History + statewide summary + weather,HistGradientBoosting,
Kelly Hollow,2024-07-01,215,247.537659478589,Known-trail future months with weather,History + statewide summary + weather,HistGradientBoosting,
Lane Street,2024-07-01,81,60.805905888716296,Known-trail future months with weather,History + statewide summary + weather,HistGradientBoosting,
Mt Tremper,2024-07-01,35,123.12864027329542,Known-trail future months with weather,History + statewide summary + weather,HistGradientBoosting,
Neversink Hardenburgh Trail,2024-07-01,21,19.972342116752007,Known-trail future months with weather,History + statewide summary + weather,HistGradientBoosting,
Rider Hollow,2024-07-01,128,153.4203749116021,Known-trail future months with weather,History + statewide summary + weather,HistGradientBoosting,
Rochester Hollow,2024-07-01,229,186.05931026619888,Known-trail future months with weather,History + statewide summary + weather,HistGradientBoosting,
Seager,2024-07-01,78,84.20170616517335,Known-trail future months with weather,History + statewide summary + weather,HistGradientBoosting,
Slide Mt,2024-07-01,868,814.4404783315777,Known-trail future months with weather,History + statewide summary + weather,HistGradientBoosting,
Woodchuck Hollow,2024-07-01,5,3.042527957983266,Known-trail future months with weather,History + statewide summary + weather,HistGradientBoosting,
Woodland Valley,2024-07-01,12,136.02509520863347,Known-trail future months with weather,History + statewide summary + weather,HistGradientBoosting,
Alder Lake,2024-08-01,303,261.6028416826708,Known-trail future months with weather,History + statewide summary + weather,HistGradientBoosting,
Beaverkill Road to BLM FT,2024-08-01,196,209.9418784416079,Known-trail future months with weather,History + statewide summary + weather,HistGradientBoosting,
Cathedral Glen,2024-08-01,32,14.42443795102385,Known-trail future months with weather,History + statewide summary + weather,HistGradientBoosting,
Denning,2024-08-01,270,279.03518091690887,Known-trail future months with weather,History + statewide summary + weather,HistGradientBoosting,
Dry Brook Ridge to Lean-to,2024-08-01,33,28.702704214531717,Known-trail future months with weather,History + statewide summary + weather,HistGradientBoosting,
Flynn,2024-08-01,25,80.58470084268475,Known-trail future months with weather,History + statewide summary + weather,HistGradientBoosting,
Fox Hollow,2024-08-01,114,102.46793161389246,Known-trail future months with weather,History + statewide summary + weather,HistGradientBoosting,
Frick Pond,2024-08-01,192,160.75279687791777,Known-trail future months with weather,History + statewide summary + weather,HistGradientBoosting,
Hardenburgh- MH Trail,2024-08-01,9,12.65633816500618,Known-trail future months with weather,History + statewide summary + weather,HistGradientBoosting,
Kelly Hollow,2024-08-01,248,243.70561161465136,Known-trail future months with weather,History + statewide summary + weather,HistGradientBoosting,
Lane Street,2024-08-01,56,71.32537709250711,Known-trail future months with weather,History + statewide summary + weather,HistGradientBoosting,
Millbrook to BLM FT,2024-08-01,392,298.6683781695858,Known-trail future months with weather,History + statewide summary + weather,HistGradientBoosting,
Mt Tremper,2024-08-01,587,111.78016953506,Known-trail future months with weather,History + statewide summary + weather,HistGradientBoosting,
Neversink Hardenburgh Trail,2024-08-01,11,29.04511770098609,Known-trail future months with weather,History + statewide summary + weather,HistGradientBoosting,
Rider Hollow,2024-08-01,150,153.67801255353973,Known-trail future months with weather,History + statewide summary + weather,HistGradientBoosting,
Rochester Hollow,2024-08-01,261,182.84633936114193,Known-trail future months with weather,History + statewide summary + weather,HistGradientBoosting,
Seager,2024-08-01,63,88.99648782843234,Known-trail future months with weather,History + statewide summary + weather,HistGradientBoosting,
Slide Mt,2024-08-01,1077,691.5493789264461,Known-trail future months with weather,History + statewide summary + weather,HistGradientBoosting,
Woodchuck Hollow,2024-08-01,2,2.117710580426971,Known-trail future months with weather,History + statewide summary + weather,HistGradientBoosting,
Woodland Valley,2024-08-01,9,56.23344514735575,Known-trail future months with weather,History + statewide summary + weather,HistGradientBoosting,
Alder Lake,2024-09-01,229,208.89797430484452,Known-trail future months with weather,History + statewide summary + weather,HistGradientBoosting,
Ashokan HP,2024-09-01,127,141.2633770884861,Known-trail future months with weather,History + statewide summary + weather,HistGradientBoosting,
Beaverkill Road to BLM FT,2024-09-01,203,165.34542223432712,Known-trail future months with weather,History + statewide summary + weather,HistGradientBoosting,
Cathedral Glen,2024-09-01,6,20.2791743642121,Known-trail future months with weather,History + statewide summary + weather,HistGradientBoosting,
Denning,2024-09-01,243,236.35566556308794,Known-trail future months with weather,History + statewide summary + weather,HistGradientBoosting,
Dry Brook Ridge to Lean-to,2024-09-01,14,24.739621273144177,Known-trail future months with weather,History + statewide summary + weather,HistGradientBoosting,
Flynn,2024-09-01,71,33.214174751697485,Known-trail future months with weather,History + statewide summary + weather,HistGradientBoosting,
Fox Hollow,2024-09-01,36,99.34278108082866,Known-trail future months with weather,History + statewide summary + weather,HistGradientBoosting,
Frick Pond,2024-09-01,200,121.25393817744505,Known-trail future months with weather,History + statewide summary + weather,HistGradientBoosting,
Giant Ledge,2024-09-01,116,288.01135098454995,Known-trail future months with weather,History + statewide summary + weather,HistGradientBoosting,
Hardenburgh- MH Trail,2024-09-01,13,8.782492484822608,Known-trail future months with weather,History + statewide summary + weather,HistGradientBoosting,
Kelly Hollow,2024-09-01,125,203.84686530187676,Known-trail future months with weather,History + statewide summary + weather,HistGradientBoosting,
Lane Street,2024-09-01,39,51.688916219203016,Known-trail future months with weather,History + statewide summary + weather,HistGradientBoosting,
Millbrook to BLM FT,2024-09-01,347,326.8858214994032,Known-trail future months with weather,History + statewide summary + weather,HistGradientBoosting,
Neversink Hardenburgh Trail,2024-09-01,17,13.850959137454037,Known-trail future months with weather,History + statewide summary + weather,HistGradientBoosting,
Overlook,2024-09-01,717,857.856516486345,Known-trail future months with weather,History + statewide summary + weather,HistGradientBoosting,
Rider Hollow,2024-09-01,91,150.70242842103104,Known-trail future months with weather,History + statewide summary + weather,HistGradientBoosting,
Rochester Hollow,2024-09-01,131,184.15065609957352,Known-trail future months with weather,History + statewide summary + weather,HistGradientBoosting,
Slide Mt,2024-09-01,783,743.0777014155398,Known-trail future months with weather,History + statewide summary + weather,HistGradientBoosting,
Wittenberg,2024-09-01,414,449.9629261145817,Known-trail future months with weather,History + statewide summary + weather,HistGradientBoosting,
Woodchuck Hollow,2024-09-01,4,1.401264659987453,Known-trail future months with weather,History + statewide summary + weather,HistGradientBoosting,
Woodland Valley,2024-09-01,35,35.08968765065822,Known-trail future months with weather,History + statewide summary + weather,HistGradientBoosting,
Alder Lake,2024-10-01,17,205.00396166053937,Known-trail future months with weather,History + statewide summary + weather,HistGradientBoosting,
Ashokan HP,2024-10-01,260,157.09641403612184,Known-trail future months with weather,History + statewide summary + weather,HistGradientBoosting,
Beaverkill Road to BLM FT,2024-10-01,12,215.86716493815786,Known-trail future months with weather,History + statewide summary + weather,HistGradientBoosting,
Denning,2024-10-01,306,245.18306715129256,Known-trail future months with weather,History + statewide summary + weather,HistGradientBoosting,
Flynn,2024-10-01,1,50.605032572266744,Known-trail future months with weather,History + statewide summary + weather,HistGradientBoosting,
Frick Pond,2024-10-01,6,175.3487206565017,Known-trail future months with weather,History + statewide summary + weather,HistGradientBoosting,
Giant Ledge,2024-10-01,1383,301.0114591507593,Known-trail future months with weather,History + statewide summary + weather,HistGradientBoosting,
Millbrook to BLM FT,2024-10-01,462,340.46581385537775,Known-trail future months with weather,History + statewide summary + weather,HistGradientBoosting,
Neversink Hardenburgh Trail,2024-10-01,31,18.894716781556355,Known-trail future months with weather,History + statewide summary + weather,HistGradientBoosting,
Overlook,2024-10-01,1143,922.1205489101437,Known-trail future months with weather,History + statewide summary + weather,HistGradientBoosting,
Slide Mt,2024-10-01,757,860.9137245694288,Known-trail future months with weather,History + statewide summary + weather,HistGradientBoosting,
Wittenberg,2024-10-01,638,501.485552403529,Known-trail future months with weather,History + statewide summary + weather,HistGradientBoosting,
Woodchuck Hollow,2024-10-01,4,2.4764421641843852,Known-trail future months with weather,History + statewide summary + weather,HistGradientBoosting,
Woodland Valley,2024-10-01,182,50.90522962007613,Known-trail future months with weather,History + statewide summary + weather,HistGradientBoosting,
Ashokan HP,2024-11-01,63,161.9749517263565,Known-trail future months with weather,History + statewide summary + weather,HistGradientBoosting,
Denning,2024-11-01,76,197.8645453104283,Known-trail future months with weather,History + statewide summary + weather,HistGradientBoosting,
Giant Ledge,2024-11-01,404,523.188706049513,Known-trail future months with weather,History + statewide summary + weather,HistGradientBoosting,
Millbrook to BLM FT,2024-11-01,251,313.7011852417993,Known-trail future months with weather,History + statewide summary + weather,HistGradientBoosting,
Overlook,2024-11-01,843,634.8151736617863,Known-trail future months with weather,History + statewide summary + weather,HistGradientBoosting,
Wittenberg,2024-11-01,289,340.1757367366829,Known-trail future months with weather,History + statewide summary + weather,HistGradientBoosting,
Woodchuck Hollow,2024-11-01,4,2.549083124624348,Known-trail future months with weather,History + statewide summary + weather,HistGradientBoosting,
Woodland Valley,2024-11-01,88,60.89732600799473,Known-trail future months with weather,History + statewide summary + weather,HistGradientBoosting,
Ashokan HP,2024-12-01,53,75.60965164745166,Known-trail future months with weather,History + statewide summary + weather,HistGradientBoosting,
Giant Ledge,2024-12-01,235,314.8532014847842,Known-trail future months with weather,History + statewide summary + weather,HistGradientBoosting,
Millbrook to BLM FT,2024-12-01,133,174.27911984358903,Known-trail future months with weather,History + statewide summary + weather,HistGradientBoosting,
Overlook,2024-12-01,291,487.68281071400475,Known-trail future months with weather,History + statewide summary + weather,HistGradientBoosting,
Wittenberg,2024-12-01,115,158.98836077397766,Known-trail future months with weather,History + statewide summary + weather,HistGradientBoosting,
Woodland Valley,2024-12-01,25,47.1254303135392,Known-trail future months with weather,History + statewide summary + weather,HistGradientBoosting,
Ashokan HP,2025-01-01,35,70.08447419922858,Known-trail future months with weather,History + statewide summary + weather,HistGradientBoosting,
Giant Ledge,2025-01-01,268,256.77630368902317,Known-trail future months with weather,History + statewide summary + weather,HistGradientBoosting,
Millbrook to BLM FT,2025-01-01,143,179.07963487254102,Known-trail future months with weather,History + statewide summary + weather,HistGradientBoosting,
Overlook,2025-01-01,358,319.0324703193045,Known-trail future months with weather,History + statewide summary + weather,HistGradientBoosting,
Wittenberg,2025-01-01,103,130.4869076915227,Known-trail future months with weather,History + statewide summary + weather,HistGradientBoosting,
Woodland Valley,2025-01-01,15,26.407431767401256,Known-trail future months with weather,History + statewide summary + weather,HistGradientBoosting,
Ashokan HP,2025-02-01,27,52.53388432361432,Known-trail future months with weather,History + statewide summary + weather,HistGradientBoosting,
Giant Ledge,2025-02-01,184,260.2657932782624,Known-trail future months with weather,History + statewide summary + weather,HistGradientBoosting,
Millbrook to BLM FT,2025-02-01,139,167.75747189676295,Known-trail future months with weather,History + statewide summary + weather,HistGradientBoosting,
Overlook,2025-02-01,182,367.30168241957716,Known-trail future months with weather,History + statewide summary + weather,HistGradientBoosting,
Wittenberg,2025-02-01,55,141.0896290120094,Known-trail future months with weather,History + statewide summary + weather,HistGradientBoosting,
Woodland Valley,2025-02-01,30,25.75468723999041,Known-trail future months with weather,History + statewide summary + weather,HistGradientBoosting,
Ashokan HP,2025-03-01,83,63.998913998411425,Known-trail future months with weather,History + statewide summary + weather,HistGradientBoosting,
Giant Ledge,2025-03-01,371,236.69547515409852,Known-trail future months with weather,History + statewide summary + weather,HistGradientBoosting,
Millbrook to BLM FT,2025-03-01,131,186.76101618247262,Known-trail future months with weather,History + statewide summary + weather,HistGradientBoosting,
Overlook,2025-03-01,426,279.8920653199541,Known-trail future months with weather,History + statewide summary + weather,HistGradientBoosting,
Wittenberg,2025-03-01,126,157.69645377884677,Known-trail future months with weather,History + statewide summary + weather,HistGradientBoosting,
Woodland Valley,2025-03-01,41,34.47117042470631,Known-trail future months with weather,History + statewide summary + weather,HistGradientBoosting,
Ashokan HP,2025-04-01,89,118.41336163620147,Known-trail future months with weather,History + statewide summary + weather,HistGradientBoosting,
Giant Ledge,2025-04-01,341,443.37390785790285,Known-trail future months with weather,History + statewide summary + weather,HistGradientBoosting,
Millbrook to BLM FT,2025-04-01,173,191.469349868887,Known-trail future months with weather,History + statewide summary + weather,HistGradientBoosting,
Overlook,2025-04-01,576,622.3612355667555,Known-trail future months with weather,History + statewide summary + weather,HistGradientBoosting,
Wittenberg,2025-04-01,47,199.27096144078777,Known-trail future months with weather,History + statewide summary + weather,HistGradientBoosting,
Woodland Valley,2025-04-01,47,56.69743971299207,Known-trail future months with weather,History + statewide summary + weather,HistGradientBoosting,
Ashokan HP,2025-05-01,72,153.11706928100475,Known-trail future months with weather,History + statewide summary + weather,HistGradientBoosting,
Giant Ledge,2025-05-01,403,502.6515047939886,Known-trail future months with weather,History + statewide summary + weather,HistGradientBoosting,
Millbrook to BLM FT,2025-05-01,277,248.38886729090285,Known-trail future months with weather,History + statewide summary + weather,HistGradientBoosting,
Overlook,2025-05-01,828,944.9983302468469,Known-trail future months with weather,History + statewide summary + weather,HistGradientBoosting,
Wittenberg,2025-05-01,477,159.15770601196138,Known-trail future months with weather,History + statewide summary + weather,HistGradientBoosting,
Woodland Valley,2025-05-01,13,61.069527495178505,Known-trail future months with weather,History + statewide summary + weather,HistGradientBoosting,
Ashokan HP,2025-06-01,160,128.19955868678946,Known-trail future months with weather,History + statewide summary + weather,HistGradientBoosting,
Giant Ledge,2025-06-01,629,529.0582294220371,Known-trail future months with weather,History + statewide summary + weather,HistGradientBoosting,
Millbrook to BLM FT,2025-06-01,231,306.2952738663597,Known-trail future months with weather,History + statewide summary + weather,HistGradientBoosting,
Overlook,2025-06-01,854,791.9874167759613,Known-trail future months with weather,History + statewide summary + weather,HistGradientBoosting,
Wittenberg,2025-06-01,532,495.344521714893,Known-trail future months with weather,History + statewide summary + weather,HistGradientBoosting,
Ashokan HP,2025-07-01,260,161.22003788749504,Known-trail future months with weather,History + statewide summary + weather,HistGradientBoosting,
Giant Ledge,2025-07-01,400,595.2031641689315,Known-trail future months with weather,History + statewide summary + weather,HistGradientBoosting,
Millbrook to BLM FT,2025-07-01,340,331.6641495162211,Known-trail future months with weather,History + statewide summary + weather,HistGradientBoosting,
Overlook,2025-07-01,1038,937.4905653727338,Known-trail future months with weather,History + statewide summary + weather,HistGradientBoosting,
Wittenberg,2025-07-01,587,534.303725276004,Known-trail future months with weather,History + statewide summary + weather,HistGradientBoosting,
Ashokan HP,2025-08-01,173,208.85054700383517,Known-trail future months with weather,History + statewide summary + weather,HistGradientBoosting,
Millbrook to BLM FT,2025-08-01,354,299.42108410076435,Known-trail future months with weather,History + statewide summary + weather,HistGradientBoosting,
Overlook,2025-08-01,698,876.3694312623254,Known-trail future months with weather,History + statewide summary + weather,HistGradientBoosting,
Wittenberg,2025-08-01,751,529.9970395231466,Known-trail future months with weather,History + statewide summary + weather,HistGradientBoosting,
Ashokan HP,2025-09-01,101,149.85491182417908,Known-trail future months with weather,History + statewide summary + weather,HistGradientBoosting,
Millbrook to BLM FT,2025-09-01,14,276.52745330553074,Known-trail future months with weather,History + statewide summary + weather,HistGradientBoosting,
Overlook,2025-09-01,27,857.856516486345,Known-trail future months with weather,History + statewide summary + weather,HistGradientBoosting,
Wittenberg,2025-09-01,506,489.26233384606223,Known-trail future months with weather,History + statewide summary + weather,HistGradientBoosting,
Ashokan HP,2025-10-01,117,159.16774167728758,Known-trail future months with weather,History + statewide summary + weather,HistGradientBoosting,
Overlook,2025-10-01,4,234.5023411491689,Known-trail future months with weather,History + statewide summary + weather,HistGradientBoosting,
Wittenberg,2025-10-01,589,543.5948085200525,Known-trail future months with weather,History + statewide summary + weather,HistGradientBoosting,
Peekamoose,2022-12-01,58,41.35614575397262,Known-trail future months with weather,History + statewide summary + edge PCA + weather,Ridge,
Biscuit Brook,2023-01-01,47,61.28768881435846,Known-trail future months with weather,History + statewide summary + edge PCA + weather,Ridge,
Peekamoose,2023-01-01,139,55.80607916261755,Known-trail future months with weather,History + statewide summary + edge PCA + weather,Ridge,
Bangle Hill,2023-02-01,18,9.132380765123047,Known-trail future months with weather,History + statewide summary + edge PCA + weather,Ridge,
Biscuit Brook,2023-02-01,68,49.36700117537359,Known-trail future months with weather,History + statewide summary + edge PCA + weather,Ridge,
Peekamoose,2023-02-01,90,57.696534483148326,Known-trail future months with weather,History + statewide summary + edge PCA + weather,Ridge,
Bangle Hill,2023-03-01,5,7.3138073735674505,Known-trail future months with weather,History + statewide summary + edge PCA + weather,Ridge,
Biscuit Brook,2023-03-01,59,56.30974041674234,Known-trail future months with weather,History + statewide summary + edge PCA + weather,Ridge,
Peekamoose,2023-03-01,63,47.045647292292216,Known-trail future months with weather,History + statewide summary + edge PCA + weather,Ridge,
Bangle Hill,2023-04-01,11,15.651006947088188,Known-trail future months with weather,History + statewide summary + edge PCA + weather,Ridge,
Biscuit Brook,2023-04-01,74,107.87238910386284,Known-trail future months with weather,History + statewide summary + edge PCA + weather,Ridge,
Peekamoose,2023-04-01,92,93.16153203962674,Known-trail future months with weather,History + statewide summary + edge PCA + weather,Ridge,
Bangle Hill,2023-05-01,5,22.37414026005308,Known-trail future months with weather,History + statewide summary + edge PCA + weather,Ridge,
Biscuit Brook,2023-05-01,157,182.46697416680163,Known-trail future months with weather,History + statewide summary + edge PCA + weather,Ridge,
Peekamoose,2023-05-01,234,133.85399548928478,Known-trail future months with weather,History + statewide summary + edge PCA + weather,Ridge,
Slide Mt,2023-05-01,691,649.407399435271,Known-trail future months with weather,History + statewide summary + edge PCA + weather,Ridge,
Upper Cherrytown Road,2023-05-01,136,260.81273743494705,Known-trail future months with weather,History + statewide summary + edge PCA + weather,Ridge,
Biscuit Brook,2023-06-01,121,109.79524364192818,Known-trail future months with weather,History + statewide summary + edge PCA + weather,Ridge,
Peekamoose,2023-06-01,49,123.09877212265619,Known-trail future months with weather,History + statewide summary + edge PCA + weather,Ridge,
Slide Mt,2023-06-01,587,681.8701351067092,Known-trail future months with weather,History + statewide summary + edge PCA + weather,Ridge,
Upper Cherrytown Road,2023-06-01,143,130.00328031105488,Known-trail future months with weather,History + statewide summary + edge PCA + weather,Ridge,
Biscuit Brook,2023-07-01,144,117.38897926610699,Known-trail future months with weather,History + statewide summary + edge PCA + weather,Ridge,
McKenley Hollow,2023-07-01,103,118.66824180624752,Known-trail future months with weather,History + statewide summary + edge PCA + weather,Ridge,
Red Hill Dinch Road,2023-07-01,291,229.20527438828628,Known-trail future months with weather,History + statewide summary + edge PCA + weather,Ridge,
Slide Mt,2023-07-01,794,985.7070969083018,Known-trail future months with weather,History + statewide summary + edge PCA + weather,Ridge,
Upper Cherrytown Road,2023-07-01,329,147.52245027966038,Known-trail future months with weather,History + statewide summary + edge PCA + weather,Ridge,
Biscuit Brook,2023-08-01,98,110.03499106829676,Known-trail future months with weather,History + statewide summary + edge PCA + weather,Ridge,
McKenley Hollow,2023-08-01,116,96.44393530085026,Known-trail future months with weather,History + statewide summary + edge PCA + weather,Ridge,
Onteora Lake,2023-08-01,284,307.69221687326063,Known-trail future months with weather,History + statewide summary + edge PCA + weather,Ridge,
Red Hill Dinch Road,2023-08-01,238,196.8903681732031,Known-trail future months with weather,History + statewide summary + edge PCA + weather,Ridge,
Slide Mt,2023-08-01,606,819.6047275687913,Known-trail future months with weather,History + statewide summary + edge PCA + weather,Ridge,
Upper Cherrytown Road,2023-08-01,197,159.09108022673476,Known-trail future months with weather,History + statewide summary + edge PCA + weather,Ridge,
McKenley Hollow,2023-09-01,119,88.16318712156107,Known-trail future months with weather,History + statewide summary + edge PCA + weather,Ridge,
Onteora Lake,2023-09-01,311,262.2037848845685,Known-trail future months with weather,History + statewide summary + edge PCA + weather,Ridge,
Red Hill Dinch Road,2023-09-01,172,170.15139282924585,Known-trail future months with weather,History + statewide summary + edge PCA + weather,Ridge,
Upper Cherrytown Road,2023-09-01,2,145.07439548382024,Known-trail future months with weather,History + statewide summary + edge PCA + weather,Ridge,
McKenley Hollow,2023-10-01,119,86.82237092708866,Known-trail future months with weather,History + statewide summary + edge PCA + weather,Ridge,
Onteora Lake,2023-10-01,418,265.37273172934874,Known-trail future months with weather,History + statewide summary + edge PCA + weather,Ridge,
Red Hill Dinch Road,2023-10-01,158,160.3281474956889,Known-trail future months with weather,History + statewide summary + edge PCA + weather,Ridge,
Seager,2023-10-01,41,55.41191010164502,Known-trail future months with weather,History + statewide summary + edge PCA + weather,Ridge,
Upper Cherrytown Road,2023-10-01,16,142.39305756464577,Known-trail future months with weather,History + statewide summary + edge PCA + weather,Ridge,
Dry Brook Ridge to Lean-to,2023-11-01,25,18.93185890534918,Known-trail future months with weather,History + statewide summary + edge PCA + weather,Ridge,
Fox Hollow,2023-11-01,75,53.325375471471034,Known-trail future months with weather,History + statewide summary + edge PCA + weather,Ridge,
Hardenburgh- MH Trail,2023-11-01,4,7.095615982743129,Known-trail future months with weather,History + statewide summary + edge PCA + weather,Ridge,
Kelly Hollow,2023-11-01,154,108.54070266356302,Known-trail future months with weather,History + statewide summary + edge PCA + weather,Ridge,
Lane Street,2023-11-01,57,32.34152879041322,Known-trail future months with weather,History + statewide summary + edge PCA + weather,Ridge,
McKenley Hollow,2023-11-01,102,59.839866476085014,Known-trail future months with weather,History + statewide summary + edge PCA + weather,Ridge,
Onteora Lake,2023-11-01,246,206.8132088564295,Known-trail future months with weather,History + statewide summary + edge PCA + weather,Ridge,
Red Hill Dinch Road,2023-11-01,123,101.01727066202349,Known-trail future months with weather,History + statewide summary + edge PCA + weather,Ridge,
Rochester Hollow,2023-11-01,150,90.21295947740465,Known-trail future months with weather,History + statewide summary + edge PCA + weather,Ridge,
Seager,2023-11-01,38,37.077123079635626,Known-trail future months with weather,History + statewide summary + edge PCA + weather,Ridge,
Upper Cherrytown Road,2023-11-01,1,99.28896513481122,Known-trail future months with weather,History + statewide summary + edge PCA + weather,Ridge,
Alder Lake,2023-12-01,45,61.404571018061205,Known-trail future months with weather,History + statewide summary + edge PCA + weather,Ridge,
Beaverkill Road to BLM FT,2023-12-01,84,70.8255250110645,Known-trail future months with weather,History + statewide summary + edge PCA + weather,Ridge,
Dry Brook Ridge to Lean-to,2023-12-01,12,13.841822227956584,Known-trail future months with weather,History + statewide summary + edge PCA + weather,Ridge,
Flynn,2023-12-01,8,20.211213668727176,Known-trail future months with weather,History + statewide summary + edge PCA + weather,Ridge,
Fox Hollow,2023-12-01,59,38.4191909293254,Known-trail future months with weather,History + statewide summary + edge PCA + weather,Ridge,
Frick Pond,2023-12-01,59,50.27227787499794,Known-trail future months with weather,History + statewide summary + edge PCA + weather,Ridge,
Hardenburgh- MH Trail,2023-12-01,0,5.048223710141345,Known-trail future months with weather,History + statewide summary + edge PCA + weather,Ridge,
Kelly Hollow,2023-12-01,112,80.21048771642948,Known-trail future months with weather,History + statewide summary + edge PCA + weather,Ridge,
Lane Street,2023-12-01,24,23.979761197208685,Known-trail future months with weather,History + statewide summary + edge PCA + weather,Ridge,
McKenley Hollow,2023-12-01,97,44.33587581042012,Known-trail future months with weather,History + statewide summary + edge PCA + weather,Ridge,
Mt Tremper,2023-12-01,176,114.60572818748284,Known-trail future months with weather,History + statewide summary + edge PCA + weather,Ridge,
Neversink Hardenburgh Trail,2023-12-01,10,7.266829885401248,Known-trail future months with weather,History + statewide summary + edge PCA + weather,Ridge,
Onteora Lake,2023-12-01,216,148.8663070247123,Known-trail future months with weather,History + statewide summary + edge PCA + weather,Ridge,
Red Hill Dinch Road,2023-12-01,97,73.30298867597263,Known-trail future months with weather,History + statewide summary + edge PCA + weather,Ridge,
Rider Hollow,2023-12-01,128,75.40204881842591,Known-trail future months with weather,History + statewide summary + edge PCA + weather,Ridge,
Rochester Hollow,2023-12-01,125,65.86688624300739,Known-trail future months with weather,History + statewide summary + edge PCA + weather,Ridge,
Seager,2023-12-01,22,27.807711310566884,Known-trail future months with weather,History + statewide summary + edge PCA + weather,Ridge,
Upper Cherrytown Road,2023-12-01,7,60.76634302488576,Known-trail future months with weather,History + statewide summary + edge PCA + weather,Ridge,
Alder Lake,2024-01-01,33,53.23574264114454,Known-trail future months with weather,History + statewide summary + edge PCA + weather,Ridge,
Beaverkill Road to BLM FT,2024-01-01,33,60.24952615719036,Known-trail future months with weather,History + statewide summary + edge PCA + weather,Ridge,
Cathedral Glen,2024-01-01,6,5.951297098882509,Known-trail future months with weather,History + statewide summary + edge PCA + weather,Ridge,
Denning,2024-01-01,59,80.4666499218226,Known-trail future months with weather,History + statewide summary + edge PCA + weather,Ridge,
Dry Brook Ridge to Lean-to,2024-01-01,11,12.210239610860281,Known-trail future months with weather,History + statewide summary + edge PCA + weather,Ridge,
Flynn,2024-01-01,12,17.866471640640935,Known-trail future months with weather,History + statewide summary + edge PCA + weather,Ridge,
Fox Hollow,2024-01-01,20,34.266786128396156,Known-trail future months with weather,History + statewide summary + edge PCA + weather,Ridge,
Frick Pond,2024-01-01,53,43.75858887754356,Known-trail future months with weather,History + statewide summary + edge PCA + weather,Ridge,
Hardenburgh- MH Trail,2024-01-01,2,4.359347397426439,Known-trail future months with weather,History + statewide summary + edge PCA + weather,Ridge,
Kelly Hollow,2024-01-01,44,68.92433055547627,Known-trail future months with weather,History + statewide summary + edge PCA + weather,Ridge,
Lane Street,2024-01-01,13,21.31713505599807,Known-trail future months with weather,History + statewide summary + edge PCA + weather,Ridge,
McKenley Hollow,2024-01-01,20,40.45327502391361,Known-trail future months with weather,History + statewide summary + edge PCA + weather,Ridge,
Mt Tremper,2024-01-01,107,93.22572252841893,Known-trail future months with weather,History + statewide summary + edge PCA + weather,Ridge,
Neversink Hardenburgh Trail,2024-01-01,0,6.347152542891926,Known-trail future months with weather,History + statewide summary + edge PCA + weather,Ridge,
Red Hill Dinch Road,2024-01-01,79,64.70984915104953,Known-trail future months with weather,History + statewide summary + edge PCA + weather,Ridge,
Rider Hollow,2024-01-01,118,67.35392112351892,Known-trail future months with weather,History + statewide summary + edge PCA + weather,Ridge,
Rochester Hollow,2024-01-01,51,56.19064339619475,Known-trail future months with weather,History + statewide summary + edge PCA + weather,Ridge,
Seager,2024-01-01,24,24.218952274591107,Known-trail future months with weather,History + statewide summary + edge PCA + weather,Ridge,
Alder Lake,2024-02-01,55,61.28668273441279,Known-trail future months with weather,History + statewide summary + edge PCA + weather,Ridge,
Beaverkill Road to BLM FT,2024-02-01,81,68.30790693529512,Known-trail future months with weather,History + statewide summary + edge PCA + weather,Ridge,
Cathedral Glen,2024-02-01,11,7.097970704399597,Known-trail future months with weather,History + statewide summary + edge PCA + weather,Ridge,
Denning,2024-02-01,111,91.24543227232488,Known-trail future months with weather,History + statewide summary + edge PCA + weather,Ridge,
Dry Brook Ridge to Lean-to,2024-02-01,22,14.302877235712353,Known-trail future months with weather,History + statewide summary + edge PCA + weather,Ridge,
Flynn,2024-02-01,13,20.915751617429727,Known-trail future months with weather,History + statewide summary + edge PCA + weather,Ridge,
Fox Hollow,2024-02-01,67,38.619407087816825,Known-trail future months with weather,History + statewide summary + edge PCA + weather,Ridge,
Frick Pond,2024-02-01,35,51.60295707457985,Known-trail future months with weather,History + statewide summary + edge PCA + weather,Ridge,
Hardenburgh- MH Trail,2024-02-01,17,5.22884749141649,Known-trail future months with weather,History + statewide summary + edge PCA + weather,Ridge,
Kelly Hollow,2024-02-01,70,77.37837972982048,Known-trail future months with weather,History + statewide summary + edge PCA + weather,Ridge,
Lane Street,2024-02-01,27,24.347396199600357,Known-trail future months with weather,History + statewide summary + edge PCA + weather,Ridge,
McKenley Hollow,2024-02-01,3,44.97892824337881,Known-trail future months with weather,History + statewide summary + edge PCA + weather,Ridge,
Mt Tremper,2024-02-01,103,106.43634048669743,Known-trail future months with weather,History + statewide summary + edge PCA + weather,Ridge,
Neversink Hardenburgh Trail,2024-02-01,1,7.50943530694437,Known-trail future months with weather,History + statewide summary + edge PCA + weather,Ridge,
Red Hill Dinch Road,2024-02-01,100,72.71859925948462,Known-trail future months with weather,History + statewide summary + edge PCA + weather,Ridge,
Rider Hollow,2024-02-01,189,74.84691914276878,Known-trail future months with weather,History + statewide summary + edge PCA + weather,Ridge,
Rochester Hollow,2024-02-01,89,63.97517907082192,Known-trail future months with weather,History + statewide summary + edge PCA + weather,Ridge,
Seager,2024-02-01,31,28.495458696985022,Known-trail future months with weather,History + statewide summary + edge PCA + weather,Ridge,
Alder Lake,2024-03-01,63,72.47916396484072,Known-trail future months with weather,History + statewide summary + edge PCA + weather,Ridge,
Beaverkill Road to BLM FT,2024-03-01,82,81.28256147779118,Known-trail future months with weather,History + statewide summary + edge PCA + weather,Ridge,
Cathedral Glen,2024-03-01,10,8.353312899419308,Known-trail future months with weather,History + statewide summary + edge PCA + weather,Ridge,
Denning,2024-03-01,204,109.98070189106612,Known-trail future months with weather,History + statewide summary + edge PCA + weather,Ridge,
Dry Brook Ridge to Lean-to,2024-03-01,10,16.819020201077652,Known-trail future months with weather,History + statewide summary + edge PCA + weather,Ridge,
Flynn,2024-03-01,12,24.487899884989787,Known-trail future months with weather,History + statewide summary + edge PCA + weather,Ridge,
Fox Hollow,2024-03-01,40,46.33640738596223,Known-trail future months with weather,History + statewide summary + edge PCA + weather,Ridge,
Frick Pond,2024-03-01,45,59.69909308027727,Known-trail future months with weather,History + statewide summary + edge PCA + weather,Ridge,
Hardenburgh- MH Trail,2024-03-01,4,6.265851869056214,Known-trail future months with weather,History + statewide summary + edge PCA + weather,Ridge,
Kelly Hollow,2024-03-01,96,91.76596732593474,Known-trail future months with weather,History + statewide summary + edge PCA + weather,Ridge,
Lane Street,2024-03-01,28,28.731990197520282,Known-trail future months with weather,History + statewide summary + edge PCA + weather,Ridge,
McKenley Hollow,2024-03-01,7,50.96020260608514,Known-trail future months with weather,History + statewide summary + edge PCA + weather,Ridge,
Mt Tremper,2024-03-01,123,119.86461750030996,Known-trail future months with weather,History + statewide summary + edge PCA + weather,Ridge,
Neversink Hardenburgh Trail,2024-03-01,4,8.867085449364364,Known-trail future months with weather,History + statewide summary + edge PCA + weather,Ridge,
Red Hill Dinch Road,2024-03-01,21,86.26004293956753,Known-trail future months with weather,History + statewide summary + edge PCA + weather,Ridge,
Rider Hollow,2024-03-01,166,88.31621118544453,Known-trail future months with weather,History + statewide summary + edge PCA + weather,Ridge,
Rochester Hollow,2024-03-01,117,74.64552303679231,Known-trail future months with weather,History + statewide summary + edge PCA + weather,Ridge,
Seager,2024-03-01,15,33.382183235468375,Known-trail future months with weather,History + statewide summary + edge PCA + weather,Ridge,
Woodchuck Hollow,2024-03-01,1,2.860712985172075,Known-trail future months with weather,History + statewide summary + edge PCA + weather,Ridge,
Alder Lake,2024-04-01,127,99.9938431035313,Known-trail future months with weather,History + statewide summary + edge PCA + weather,Ridge,
Beaverkill Road to BLM FT,2024-04-01,110,112.91639143717138,Known-trail future months with weather,History + statewide summary + edge PCA + weather,Ridge,
Cathedral Glen,2024-04-01,21,11.493292722856802,Known-trail future months with weather,History + statewide summary + edge PCA + weather,Ridge,
Denning,2024-04-01,233,157.86253814965266,Known-trail future months with weather,History + statewide summary + edge PCA + weather,Ridge,
Dry Brook Ridge to Lean-to,2024-04-01,13,22.791893611211666,Known-trail future months with weather,History + statewide summary + edge PCA + weather,Ridge,
Flynn,2024-04-01,18,32.88223436627936,Known-trail future months with weather,History + statewide summary + edge PCA + weather,Ridge,
Fox Hollow,2024-04-01,48,63.0931032602759,Known-trail future months with weather,History + statewide summary + edge PCA + weather,Ridge,
Frick Pond,2024-04-01,70,79.2052704283866,Known-trail future months with weather,History + statewide summary + edge PCA + weather,Ridge,
Hardenburgh- MH Trail,2024-04-01,1,8.681940692731546,Known-trail future months with weather,History + statewide summary + edge PCA + weather,Ridge,
Kelly Hollow,2024-04-01,127,128.57320516229026,Known-trail future months with weather,History + statewide summary + edge PCA + weather,Ridge,
Lane Street,2024-04-01,36,38.92168146964165,Known-trail future months with weather,History + statewide summary + edge PCA + weather,Ridge,
Mt Tremper,2024-04-01,64,172.27508691452283,Known-trail future months with weather,History + statewide summary + edge PCA + weather,Ridge,
Neversink Hardenburgh Trail,2024-04-01,4,12.170258430516286,Known-trail future months with weather,History + statewide summary + edge PCA + weather,Ridge,
Rider Hollow,2024-04-01,103,116.260962251484,Known-trail future months with weather,History + statewide summary + edge PCA + weather,Ridge,
Rochester Hollow,2024-04-01,99,104.29420875653241,Known-trail future months with weather,History + statewide summary + edge PCA + weather,Ridge,
Seager,2024-04-01,40,44.62051219727463,Known-trail future months with weather,History + statewide summary + edge PCA + weather,Ridge,
Alder Lake,2024-05-01,147,153.6262927494483,Known-trail future months with weather,History + statewide summary + edge PCA + weather,Ridge,
Beaverkill Road to BLM FT,2024-05-01,189,170.45299611324708,Known-trail future months with weather,History + statewide summary + edge PCA + weather,Ridge,
Cathedral Glen,2024-05-01,19,17.479829456394324,Known-trail future months with weather,History + statewide summary + edge PCA + weather,Ridge,
Denning,2024-05-01,260,248.95248499398298,Known-trail future months with weather,History + statewide summary + edge PCA + weather,Ridge,
Dry Brook Ridge to Lean-to,2024-05-01,17,33.78621662803032,Known-trail future months with weather,History + statewide summary + edge PCA + weather,Ridge,
Flynn,2024-05-01,24,49.04684189331851,Known-trail future months with weather,History + statewide summary + edge PCA + weather,Ridge,
Fox Hollow,2024-05-01,71,92.33154324894421,Known-trail future months with weather,History + statewide summary + edge PCA + weather,Ridge,
Frick Pond,2024-05-01,125,121.0646661763194,Known-trail future months with weather,History + statewide summary + edge PCA + weather,Ridge,
Hardenburgh- MH Trail,2024-05-01,23,13.082391471619989,Known-trail future months with weather,History + statewide summary + edge PCA + weather,Ridge,
Kelly Hollow,2024-05-01,182,191.58702523748306,Known-trail future months with weather,History + statewide summary + edge PCA + weather,Ridge,
Lane Street,2024-05-01,54,57.89873329422766,Known-trail future months with weather,History + statewide summary + edge PCA + weather,Ridge,
Mt Tremper,2024-05-01,19,246.04343625846957,Known-trail future months with weather,History + statewide summary + edge PCA + weather,Ridge,
Neversink Hardenburgh Trail,2024-05-01,34,18.37661109324629,Known-trail future months with weather,History + statewide summary + edge PCA + weather,Ridge,
Rider Hollow,2024-05-01,98,169.96496054460746,Known-trail future months with weather,History + statewide summary + edge PCA + weather,Ridge,
Rochester Hollow,2024-05-01,182,151.68200350308797,Known-trail future months with weather,History + statewide summary + edge PCA + weather,Ridge,
Seager,2024-05-01,53,66.46375517335156,Known-trail future months with weather,History + statewide summary + edge PCA + weather,Ridge,
Woodchuck Hollow,2024-05-01,1,6.331312109132708,Known-trail future months with weather,History + statewide summary + edge PCA + weather,Ridge,
Woodland Valley,2024-05-01,99,95.3849779422966,Known-trail future months with weather,History + statewide summary + edge PCA + weather,Ridge,
Alder Lake,2024-06-01,168,159.66206223821953,Known-trail future months with weather,History + statewide summary + edge PCA + weather,Ridge,
Beaverkill Road to BLM FT,2024-06-01,190,179.19157885682412,Known-trail future months with weather,History + statewide summary + edge PCA + weather,Ridge,
Cathedral Glen,2024-06-01,30,17.90154507928941,Known-trail future months with weather,History + statewide summary + edge PCA + weather,Ridge,
Denning,2024-06-01,281,262.9826525062758,Known-trail future months with weather,History + statewide summary + edge PCA + weather,Ridge,
Dry Brook Ridge to Lean-to,2024-06-01,20,34.49858491873966,Known-trail future months with weather,History + statewide summary + edge PCA + weather,Ridge,
Flynn,2024-06-01,30,50.6613794694574,Known-trail future months with weather,History + statewide summary + edge PCA + weather,Ridge,
Fox Hollow,2024-06-01,64,94.54090003197388,Known-trail future months with weather,History + statewide summary + edge PCA + weather,Ridge,
Frick Pond,2024-06-01,131,126.1900182633135,Known-trail future months with weather,History + statewide summary + edge PCA + weather,Ridge,
Hardenburgh- MH Trail,2024-06-01,17,13.562211365704457,Known-trail future months with weather,History + statewide summary + edge PCA + weather,Ridge,
Kelly Hollow,2024-06-01,156,200.23916900909444,Known-trail future months with weather,History + statewide summary + edge PCA + weather,Ridge,
Lane Street,2024-06-01,71,59.30464593240795,Known-trail future months with weather,History + statewide summary + edge PCA + weather,Ridge,
Mt Tremper,2024-06-01,22,230.77551374364475,Known-trail future months with weather,History + statewide summary + edge PCA + weather,Ridge,
Neversink Hardenburgh Trail,2024-06-01,13,19.02276450325718,Known-trail future months with weather,History + statewide summary + edge PCA + weather,Ridge,
Rider Hollow,2024-06-01,93,166.77333827025748,Known-trail future months with weather,History + statewide summary + edge PCA + weather,Ridge,
Rochester Hollow,2024-06-01,113,162.09900045222605,Known-trail future months with weather,History + statewide summary + edge PCA + weather,Ridge,
Seager,2024-06-01,73,68.73323833652334,Known-trail future months with weather,History + statewide summary + edge PCA + weather,Ridge,
Slide Mt,2024-06-01,593,643.3480366579802,Known-trail future months with weather,History + statewide summary + edge PCA + weather,Ridge,
Woodland Valley,2024-06-01,70,100.30898919858923,Known-trail future months with weather,History + statewide summary + edge PCA + weather,Ridge,
Alder Lake,2024-07-01,299,153.28582100629848,Known-trail future months with weather,History + statewide summary + edge PCA + weather,Ridge,
Beaverkill Road to BLM FT,2024-07-01,193,171.6610201400355,Known-trail future months with weather,History + statewide summary + edge PCA + weather,Ridge,
Cathedral Glen,2024-07-01,6,16.511129891619436,Known-trail future months with weather,History + statewide summary + edge PCA + weather,Ridge,
Denning,2024-07-01,293,237.52761470959751,Known-trail future months with weather,History + statewide summary + edge PCA + weather,Ridge,
Dry Brook Ridge to Lean-to,2024-07-01,46,32.057790943488236,Known-trail future months with weather,History + statewide summary + edge PCA + weather,Ridge,
Flynn,2024-07-01,64,46.28510535450248,Known-trail future months with weather,History + statewide summary + edge PCA + weather,Ridge,
Fox Hollow,2024-07-01,98,87.53240138844161,Known-trail future months with weather,History + statewide summary + edge PCA + weather,Ridge,
Frick Pond,2024-07-01,209,121.25628912298545,Known-trail future months with weather,History + statewide summary + edge PCA + weather,Ridge,
Giant Ledge,2024-07-01,150,541.4146127174772,Known-trail future months with weather,History + statewide summary + edge PCA + weather,Ridge,
Hardenburgh- MH Trail,2024-07-01,16,12.534945748941139,Known-trail future months with weather,History + statewide summary + edge PCA + weather,Ridge,
Kelly Hollow,2024-07-01,215,187.58988276879214,Known-trail future months with weather,History + statewide summary + edge PCA + weather,Ridge,
Lane Street,2024-07-01,81,55.7783449328051,Known-trail future months with weather,History + statewide summary + edge PCA + weather,Ridge,
Mt Tremper,2024-07-01,35,215.29243826489778,Known-trail future months with weather,History + statewide summary + edge PCA + weather,Ridge,
Neversink Hardenburgh Trail,2024-07-01,21,17.61067440196598,Known-trail future months with weather,History + statewide summary + edge PCA + weather,Ridge,
Rider Hollow,2024-07-01,128,157.09880814481818,Known-trail future months with weather,History + statewide summary + edge PCA + weather,Ridge,
Rochester Hollow,2024-07-01,229,151.04444213922676,Known-trail future months with weather,History + statewide summary + edge PCA + weather,Ridge,
Seager,2024-07-01,78,65.09903212309389,Known-trail future months with weather,History + statewide summary + edge PCA + weather,Ridge,
Slide Mt,2024-07-01,868,573.5635777717225,Known-trail future months with weather,History + statewide summary + edge PCA + weather,Ridge,
Woodchuck Hollow,2024-07-01,5,5.742512479823982,Known-trail future months with weather,History + statewide summary + edge PCA + weather,Ridge,
Woodland Valley,2024-07-01,12,93.22343692237918,Known-trail future months with weather,History + statewide summary + edge PCA + weather,Ridge,
Alder Lake,2024-08-01,303,151.71643690890934,Known-trail future months with weather,History + statewide summary + edge PCA + weather,Ridge,
Beaverkill Road to BLM FT,2024-08-01,196,157.614619399699,Known-trail future months with weather,History + statewide summary + edge PCA + weather,Ridge,
Cathedral Glen,2024-08-01,32,15.791275615762824,Known-trail future months with weather,History + statewide summary + edge PCA + weather,Ridge,
Denning,2024-08-01,270,229.29661154504112,Known-trail future months with weather,History + statewide summary + edge PCA + weather,Ridge,
Dry Brook Ridge to Lean-to,2024-08-01,33,31.120451978900125,Known-trail future months with weather,History + statewide summary + edge PCA + weather,Ridge,
Flynn,2024-08-01,25,45.42660446672947,Known-trail future months with weather,History + statewide summary + edge PCA + weather,Ridge,
Fox Hollow,2024-08-01,114,84.32471998156237,Known-trail future months with weather,History + statewide summary + edge PCA + weather,Ridge,
Frick Pond,2024-08-01,192,119.43491970915693,Known-trail future months with weather,History + statewide summary + edge PCA + weather,Ridge,
Hardenburgh- MH Trail,2024-08-01,9,12.02349745736066,Known-trail future months with weather,History + statewide summary + edge PCA + weather,Ridge,
Kelly Hollow,2024-08-01,248,180.2779893569759,Known-trail future months with weather,History + statewide summary + edge PCA + weather,Ridge,
Lane Street,2024-08-01,56,53.51960867886786,Known-trail future months with weather,History + statewide summary + edge PCA + weather,Ridge,
Millbrook to BLM FT,2024-08-01,392,316.8195314088574,Known-trail future months with weather,History + statewide summary + edge PCA + weather,Ridge,
Mt Tremper,2024-08-01,587,193.27260566544052,Known-trail future months with weather,History + statewide summary + edge PCA + weather,Ridge,
Neversink Hardenburgh Trail,2024-08-01,11,16.8855534536179,Known-trail future months with weather,History + statewide summary + edge PCA + weather,Ridge,
Rider Hollow,2024-08-01,150,150.87218974193428,Known-trail future months with weather,History + statewide summary + edge PCA + weather,Ridge,
Rochester Hollow,2024-08-01,261,145.78293072022774,Known-trail future months with weather,History + statewide summary + edge PCA + weather,Ridge,
Seager,2024-08-01,63,62.90595618596802,Known-trail future months with weather,History + statewide summary + edge PCA + weather,Ridge,
Slide Mt,2024-08-01,1077,610.3644612003046,Known-trail future months with weather,History + statewide summary + edge PCA + weather,Ridge,
Woodchuck Hollow,2024-08-01,2,5.520006474664081,Known-trail future months with weather,History + statewide summary + edge PCA + weather,Ridge,
Woodland Valley,2024-08-01,9,83.23839571828864,Known-trail future months with weather,History + statewide summary + edge PCA + weather,Ridge,
Alder Lake,2024-09-01,229,108.06543643140927,Known-trail future months with weather,History + statewide summary + edge PCA + weather,Ridge,
Ashokan HP,2024-09-01,127,125.26961125553771,Known-trail future months with weather,History + statewide summary + edge PCA + weather,Ridge,
Beaverkill Road to BLM FT,2024-09-01,203,115.02645879032572,Known-trail future months with weather,History + statewide summary + edge PCA + weather,Ridge,
Cathedral Glen,2024-09-01,6,11.302020446781116,Known-trail future months with weather,History + statewide summary + edge PCA + weather,Ridge,
Denning,2024-09-01,243,163.4546279486466,Known-trail future months with weather,History + statewide summary + edge PCA + weather,Ridge,
Dry Brook Ridge to Lean-to,2024-09-01,14,22.301737185067907,Known-trail future months with weather,History + statewide summary + edge PCA + weather,Ridge,
Flynn,2024-09-01,71,31.36684734894876,Known-trail future months with weather,History + statewide summary + edge PCA + weather,Ridge,
Fox Hollow,2024-09-01,36,61.48333463755693,Known-trail future months with weather,History + statewide summary + edge PCA + weather,Ridge,
Frick Pond,2024-09-01,200,82.36398803808346,Known-trail future months with weather,History + statewide summary + edge PCA + weather,Ridge,
Giant Ledge,2024-09-01,116,307.440812085106,Known-trail future months with weather,History + statewide summary + edge PCA + weather,Ridge,
Hardenburgh- MH Trail,2024-09-01,13,8.436239496683799,Known-trail future months with weather,History + statewide summary + edge PCA + weather,Ridge,
Kelly Hollow,2024-09-01,125,127.36474114330319,Known-trail future months with weather,History + statewide summary + edge PCA + weather,Ridge,
Lane Street,2024-09-01,39,38.352671811603166,Known-trail future months with weather,History + statewide summary + edge PCA + weather,Ridge,
Millbrook to BLM FT,2024-09-01,347,231.10723993051883,Known-trail future months with weather,History + statewide summary + edge PCA + weather,Ridge,
Neversink Hardenburgh Trail,2024-09-01,17,11.835521361108995,Known-trail future months with weather,History + statewide summary + edge PCA + weather,Ridge,
Overlook,2024-09-01,717,884.4752437909711,Known-trail future months with weather,History + statewide summary + edge PCA + weather,Ridge,
Rider Hollow,2024-09-01,91,110.13739963144312,Known-trail future months with weather,History + statewide summary + edge PCA + weather,Ridge,
Rochester Hollow,2024-09-01,131,108.06327513313047,Known-trail future months with weather,History + statewide summary + edge PCA + weather,Ridge,
Slide Mt,2024-09-01,783,529.1385826775687,Known-trail future months with weather,History + statewide summary + edge PCA + weather,Ridge,
Wittenberg,2024-09-01,414,260.4662517513338,Known-trail future months with weather,History + statewide summary + edge PCA + weather,Ridge,
Woodchuck Hollow,2024-09-01,4,3.729558395254813,Known-trail future months with weather,History + statewide summary + edge PCA + weather,Ridge,
Woodland Valley,2024-09-01,35,58.19493624866206,Known-trail future months with weather,History + statewide summary + edge PCA + weather,Ridge,
Alder Lake,2024-10-01,17,82.60859122143029,Known-trail future months with weather,History + statewide summary + edge PCA + weather,Ridge,
Ashokan HP,2024-10-01,260,117.20119710531155,Known-trail future months with weather,History + statewide summary + edge PCA + weather,Ridge,
Beaverkill Road to BLM FT,2024-10-01,12,94.9771272374512,Known-trail future months with weather,History + statewide summary + edge PCA + weather,Ridge,
Denning,2024-10-01,306,130.055334384199,Known-trail future months with weather,History + statewide summary + edge PCA + weather,Ridge,
Flynn,2024-10-01,1,25.346951012408173,Known-trail future months with weather,History + statewide summary + edge PCA + weather,Ridge,
Frick Pond,2024-10-01,6,67.30016411266793,Known-trail future months with weather,History + statewide summary + edge PCA + weather,Ridge,
Giant Ledge,2024-10-01,1383,306.40865857827174,Known-trail future months with weather,History + statewide summary + edge PCA + weather,Ridge,
Millbrook to BLM FT,2024-10-01,462,191.1055820554435,Known-trail future months with weather,History + statewide summary + edge PCA + weather,Ridge,
Neversink Hardenburgh Trail,2024-10-01,31,9.289618616505118,Known-trail future months with weather,History + statewide summary + edge PCA + weather,Ridge,
Overlook,2024-10-01,1143,628.3293458434772,Known-trail future months with weather,History + statewide summary + edge PCA + weather,Ridge,
Slide Mt,2024-10-01,757,431.99411850117554,Known-trail future months with weather,History + statewide summary + edge PCA + weather,Ridge,
Wittenberg,2024-10-01,638,218.17142377781516,Known-trail future months with weather,History + statewide summary + edge PCA + weather,Ridge,
Woodchuck Hollow,2024-10-01,4,2.7851604567267776,Known-trail future months with weather,History + statewide summary + edge PCA + weather,Ridge,
Woodland Valley,2024-10-01,182,46.56919013327852,Known-trail future months with weather,History + statewide summary + edge PCA + weather,Ridge,
Ashokan HP,2024-11-01,63,97.55590092136447,Known-trail future months with weather,History + statewide summary + edge PCA + weather,Ridge,
Denning,2024-11-01,76,106.30352590046641,Known-trail future months with weather,History + statewide summary + edge PCA + weather,Ridge,
Giant Ledge,2024-11-01,404,303.6859703188936,Known-trail future months with weather,History + statewide summary + edge PCA + weather,Ridge,
Millbrook to BLM FT,2024-11-01,251,151.44731258586674,Known-trail future months with weather,History + statewide summary + edge PCA + weather,Ridge,
Overlook,2024-11-01,843,547.0713820507939,Known-trail future months with weather,History + statewide summary + edge PCA + weather,Ridge,
Wittenberg,2024-11-01,289,174.72948405575073,Known-trail future months with weather,History + statewide summary + edge PCA + weather,Ridge,
Woodchuck Hollow,2024-11-01,4,2.1166098602466152,Known-trail future months with weather,History + statewide summary + edge PCA + weather,Ridge,
Woodland Valley,2024-11-01,88,38.9423304327918,Known-trail future months with weather,History + statewide summary + edge PCA + weather,Ridge,
Ashokan HP,2024-12-01,53,37.59509963252672,Known-trail future months with weather,History + statewide summary + edge PCA + weather,Ridge,
Giant Ledge,2024-12-01,235,128.39407301321089,Known-trail future months with weather,History + statewide summary + edge PCA + weather,Ridge,
Millbrook to BLM FT,2024-12-01,133,75.7770650119921,Known-trail future months with weather,History + statewide summary + edge PCA + weather,Ridge,
Overlook,2024-12-01,291,286.17056619387563,Known-trail future months with weather,History + statewide summary + edge PCA + weather,Ridge,
Wittenberg,2024-12-01,115,82.92585430936217,Known-trail future months with weather,History + statewide summary + edge PCA + weather,Ridge,
Woodland Valley,2024-12-01,25,20.351008187601554,Known-trail future months with weather,History + statewide summary + edge PCA + weather,Ridge,
Ashokan HP,2025-01-01,35,52.624987884305895,Known-trail future months with weather,History + statewide summary + edge PCA + weather,Ridge,
Giant Ledge,2025-01-01,268,120.70742962884061,Known-trail future months with weather,History + statewide summary + edge PCA + weather,Ridge,
Millbrook to BLM FT,2025-01-01,143,94.91604197057796,Known-trail future months with weather,History + statewide summary + edge PCA + weather,Ridge,
Overlook,2025-01-01,358,294.0213812513939,Known-trail future months with weather,History + statewide summary + edge PCA + weather,Ridge,
Wittenberg,2025-01-01,103,95.57330663087693,Known-trail future months with weather,History + statewide summary + edge PCA + weather,Ridge,
Woodland Valley,2025-01-01,15,25.808694299787813,Known-trail future months with weather,History + statewide summary + edge PCA + weather,Ridge,
Ashokan HP,2025-02-01,27,41.33232816331091,Known-trail future months with weather,History + statewide summary + edge PCA + weather,Ridge,
Giant Ledge,2025-02-01,184,105.45859213234998,Known-trail future months with weather,History + statewide summary + edge PCA + weather,Ridge,
Millbrook to BLM FT,2025-02-01,139,84.47143717629093,Known-trail future months with weather,History + statewide summary + edge PCA + weather,Ridge,
Overlook,2025-02-01,182,259.83124731019853,Known-trail future months with weather,History + statewide summary + edge PCA + weather,Ridge,
Wittenberg,2025-02-01,55,80.41355279765607,Known-trail future months with weather,History + statewide summary + edge PCA + weather,Ridge,
Woodland Valley,2025-02-01,30,22.527200421413532,Known-trail future months with weather,History + statewide summary + edge PCA + weather,Ridge,
Ashokan HP,2025-03-01,83,64.37062880188336,Known-trail future months with weather,History + statewide summary + edge PCA + weather,Ridge,
Giant Ledge,2025-03-01,371,127.03906490492982,Known-trail future months with weather,History + statewide summary + edge PCA + weather,Ridge,
Millbrook to BLM FT,2025-03-01,131,104.72877479903468,Known-trail future months with weather,History + statewide summary + edge PCA + weather,Ridge,
Overlook,2025-03-01,426,325.6204705844377,Known-trail future months with weather,History + statewide summary + edge PCA + weather,Ridge,
Wittenberg,2025-03-01,126,100.22538827563592,Known-trail future months with weather,History + statewide summary + edge PCA + weather,Ridge,
Woodland Valley,2025-03-01,41,28.203461859442427,Known-trail future months with weather,History + statewide summary + edge PCA + weather,Ridge,
Ashokan HP,2025-04-01,89,86.81779694360198,Known-trail future months with weather,History + statewide summary + edge PCA + weather,Ridge,
Giant Ledge,2025-04-01,341,175.28750034941757,Known-trail future months with weather,History + statewide summary + edge PCA + weather,Ridge,
Millbrook to BLM FT,2025-04-01,173,148.06195180829178,Known-trail future months with weather,History + statewide summary + edge PCA + weather,Ridge,
Overlook,2025-04-01,576,553.4977305381734,Known-trail future months with weather,History + statewide summary + edge PCA + weather,Ridge,
Wittenberg,2025-04-01,47,146.8502711192906,Known-trail future months with weather,History + statewide summary + edge PCA + weather,Ridge,
Woodland Valley,2025-04-01,47,41.07311531160769,Known-trail future months with weather,History + statewide summary + edge PCA + weather,Ridge,
Ashokan HP,2025-05-01,72,148.25816213432512,Known-trail future months with weather,History + statewide summary + edge PCA + weather,Ridge,
Giant Ledge,2025-05-01,403,523.6089115042674,Known-trail future months with weather,History + statewide summary + edge PCA + weather,Ridge,
Millbrook to BLM FT,2025-05-01,277,400.999245462279,Known-trail future months with weather,History + statewide summary + edge PCA + weather,Ridge,
Overlook,2025-05-01,828,1704.6457207187846,Known-trail future months with weather,History + statewide summary + edge PCA + weather,Ridge,
Wittenberg,2025-05-01,477,417.2556908810547,Known-trail future months with weather,History + statewide summary + edge PCA + weather,Ridge,
Woodland Valley,2025-05-01,13,110.35928698903076,Known-trail future months with weather,History + statewide summary + edge PCA + weather,Ridge,
Ashokan HP,2025-06-01,160,174.16576609480418,Known-trail future months with weather,History + statewide summary + edge PCA + weather,Ridge,
Giant Ledge,2025-06-01,629,475.7251662255068,Known-trail future months with weather,History + statewide summary + edge PCA + weather,Ridge,
Millbrook to BLM FT,2025-06-01,231,401.3234596111963,Known-trail future months with weather,History + statewide summary + edge PCA + weather,Ridge,
Overlook,2025-06-01,854,1755.598838374779,Known-trail future months with weather,History + statewide summary + edge PCA + weather,Ridge,
Wittenberg,2025-06-01,532,447.88183270722845,Known-trail future months with weather,History + statewide summary + edge PCA + weather,Ridge,
Ashokan HP,2025-07-01,260,235.88265119504092,Known-trail future months with weather,History + statewide summary + edge PCA + weather,Ridge,
Giant Ledge,2025-07-01,400,768.8912616716073,Known-trail future months with weather,History + statewide summary + edge PCA + weather,Ridge,
Millbrook to BLM FT,2025-07-01,340,522.0539647687442,Known-trail future months with weather,History + statewide summary + edge PCA + weather,Ridge,
Overlook,2025-07-01,1038,2359.114949998868,Known-trail future months with weather,History + statewide summary + edge PCA + weather,Ridge,
Wittenberg,2025-07-01,587,638.5343368300703,Known-trail future months with weather,History + statewide summary + edge PCA + weather,Ridge,
Ashokan HP,2025-08-01,173,332.33757370021635,Known-trail future months with weather,History + statewide summary + edge PCA + weather,Ridge,
Millbrook to BLM FT,2025-08-01,354,581.4212474276729,Known-trail future months with weather,History + statewide summary + edge PCA + weather,Ridge,
Overlook,2025-08-01,698,2566.9961807235295,Known-trail future months with weather,History + statewide summary + edge PCA + weather,Ridge,
Wittenberg,2025-08-01,751,674.109088273683,Known-trail future months with weather,History + statewide summary + edge PCA + weather,Ridge,
Ashokan HP,2025-09-01,101,135.79220254703523,Known-trail future months with weather,History + statewide summary + edge PCA + weather,Ridge,
Millbrook to BLM FT,2025-09-01,14,266.375762523256,Known-trail future months with weather,History + statewide summary + edge PCA + weather,Ridge,
Overlook,2025-09-01,27,934.5136927775702,Known-trail future months with weather,History + statewide summary + edge PCA + weather,Ridge,
Wittenberg,2025-09-01,506,346.6797797812363,Known-trail future months with weather,History + statewide summary + edge PCA + weather,Ridge,
Ashokan HP,2025-10-01,117,194.39933453747602,Known-trail future months with weather,History + statewide summary + edge PCA + weather,Ridge,
Overlook,2025-10-01,4,843.8063074448113,Known-trail future months with weather,History + statewide summary + edge PCA + weather,Ridge,
Wittenberg,2025-10-01,589,449.70838431035696,Known-trail future months with weather,History + statewide summary + edge PCA + weather,Ridge,
Peekamoose,2022-12-01,58,74.66798476199274,Known-trail future months with weather,History + statewide summary + edge PCA + weather,Random Forest,
Biscuit Brook,2023-01-01,47,78.81013165300108,Known-trail future months with weather,History + statewide summary + edge PCA + weather,Random Forest,
Peekamoose,2023-01-01,139,66.8799787679727,Known-trail future months with weather,History + statewide summary + edge PCA + weather,Random Forest,
Bangle Hill,2023-02-01,18,1.9356938487229087,Known-trail future months with weather,History + statewide summary + edge PCA + weather,Random Forest,
Biscuit Brook,2023-02-01,68,55.87350252571263,Known-trail future months with weather,History + statewide summary + edge PCA + weather,Random Forest,
Peekamoose,2023-02-01,90,94.42823043380001,Known-trail future months with weather,History + statewide summary + edge PCA + weather,Random Forest,
Bangle Hill,2023-03-01,5,1.9623494609406837,Known-trail future months with weather,History + statewide summary + edge PCA + weather,Random Forest,
Biscuit Brook,2023-03-01,59,72.88399761782922,Known-trail future months with weather,History + statewide summary + edge PCA + weather,Random Forest,
Peekamoose,2023-03-01,63,77.26659903841934,Known-trail future months with weather,History + statewide summary + edge PCA + weather,Random Forest,
Bangle Hill,2023-04-01,11,8.259962170450985,Known-trail future months with weather,History + statewide summary + edge PCA + weather,Random Forest,
Biscuit Brook,2023-04-01,74,115.32889388806716,Known-trail future months with weather,History + statewide summary + edge PCA + weather,Random Forest,
Peekamoose,2023-04-01,92,131.2160116787698,Known-trail future months with weather,History + statewide summary + edge PCA + weather,Random Forest,
Bangle Hill,2023-05-01,5,14.140198136392186,Known-trail future months with weather,History + statewide summary + edge PCA + weather,Random Forest,
Biscuit Brook,2023-05-01,157,125.48014177392622,Known-trail future months with weather,History + statewide summary + edge PCA + weather,Random Forest,
Peekamoose,2023-05-01,234,134.22634448900882,Known-trail future months with weather,History + statewide summary + edge PCA + weather,Random Forest,
Slide Mt,2023-05-01,691,481.98337333333814,Known-trail future months with weather,History + statewide summary + edge PCA + weather,Random Forest,
Upper Cherrytown Road,2023-05-01,136,207.44357431749094,Known-trail future months with weather,History + statewide summary + edge PCA + weather,Random Forest,
Biscuit Brook,2023-06-01,121,134.09422807995668,Known-trail future months with weather,History + statewide summary + edge PCA + weather,Random Forest,
Peekamoose,2023-06-01,49,187.13056849761196,Known-trail future months with weather,History + statewide summary + edge PCA + weather,Random Forest,
Slide Mt,2023-06-01,587,627.0245029095855,Known-trail future months with weather,History + statewide summary + edge PCA + weather,Random Forest,
Upper Cherrytown Road,2023-06-01,143,182.02936511049157,Known-trail future months with weather,History + statewide summary + edge PCA + weather,Random Forest,
Biscuit Brook,2023-07-01,144,141.83571564438762,Known-trail future months with weather,History + statewide summary + edge PCA + weather,Random Forest,
McKenley Hollow,2023-07-01,103,97.97688687985375,Known-trail future months with weather,History + statewide summary + edge PCA + weather,Random Forest,
Red Hill Dinch Road,2023-07-01,291,246.20354931791164,Known-trail future months with weather,History + statewide summary + edge PCA + weather,Random Forest,
Slide Mt,2023-07-01,794,697.7175464122627,Known-trail future months with weather,History + statewide summary + edge PCA + weather,Random Forest,
Upper Cherrytown Road,2023-07-01,329,285.18083994478627,Known-trail future months with weather,History + statewide summary + edge PCA + weather,Random Forest,
Biscuit Brook,2023-08-01,98,123.10265338263919,Known-trail future months with weather,History + statewide summary + edge PCA + weather,Random Forest,
McKenley Hollow,2023-08-01,116,100.02199426895882,Known-trail future months with weather,History + statewide summary + edge PCA + weather,Random Forest,
Onteora Lake,2023-08-01,284,432.63718775075984,Known-trail future months with weather,History + statewide summary + edge PCA + weather,Random Forest,
Red Hill Dinch Road,2023-08-01,238,282.4646097784512,Known-trail future months with weather,History + statewide summary + edge PCA + weather,Random Forest,
Slide Mt,2023-08-01,606,724.6273242166,Known-trail future months with weather,History + statewide summary + edge PCA + weather,Random Forest,
Upper Cherrytown Road,2023-08-01,197,233.3029856245909,Known-trail future months with weather,History + statewide summary + edge PCA + weather,Random Forest,
McKenley Hollow,2023-09-01,119,88.5242606689623,Known-trail future months with weather,History + statewide summary + edge PCA + weather,Random Forest,
Onteora Lake,2023-09-01,311,228.0213003968752,Known-trail future months with weather,History + statewide summary + edge PCA + weather,Random Forest,
Red Hill Dinch Road,2023-09-01,172,198.2635466596625,Known-trail future months with weather,History + statewide summary + edge PCA + weather,Random Forest,
Upper Cherrytown Road,2023-09-01,2,152.31418648816532,Known-trail future months with weather,History + statewide summary + edge PCA + weather,Random Forest,
McKenley Hollow,2023-10-01,119,112.04531663038883,Known-trail future months with weather,History + statewide summary + edge PCA + weather,Random Forest,
Onteora Lake,2023-10-01,418,275.6009832455407,Known-trail future months with weather,History + statewide summary + edge PCA + weather,Random Forest,
Red Hill Dinch Road,2023-10-01,158,237.5394354919716,Known-trail future months with weather,History + statewide summary + edge PCA + weather,Random Forest,
Seager,2023-10-01,41,50.79448239873338,Known-trail future months with weather,History + statewide summary + edge PCA + weather,Random Forest,
Upper Cherrytown Road,2023-10-01,16,89.13097952160265,Known-trail future months with weather,History + statewide summary + edge PCA + weather,Random Forest,
Dry Brook Ridge to Lean-to,2023-11-01,25,17.970220184403814,Known-trail future months with weather,History + statewide summary + edge PCA + weather,Random Forest,
Fox Hollow,2023-11-01,75,84.29194798881713,Known-trail future months with weather,History + statewide summary + edge PCA + weather,Random Forest,
Hardenburgh- MH Trail,2023-11-01,4,5.087842333572335,Known-trail future months with weather,History + statewide summary + edge PCA + weather,Random Forest,
Kelly Hollow,2023-11-01,154,149.2712263676556,Known-trail future months with weather,History + statewide summary + edge PCA + weather,Random Forest,
Lane Street,2023-11-01,57,39.637950429127464,Known-trail future months with weather,History + statewide summary + edge PCA + weather,Random Forest,
McKenley Hollow,2023-11-01,102,84.58337775754211,Known-trail future months with weather,History + statewide summary + edge PCA + weather,Random Forest,
Onteora Lake,2023-11-01,246,238.2027320920779,Known-trail future months with weather,History + statewide summary + edge PCA + weather,Random Forest,
Red Hill Dinch Road,2023-11-01,123,103.16428353776914,Known-trail future months with weather,History + statewide summary + edge PCA + weather,Random Forest,
Rochester Hollow,2023-11-01,150,159.31231586320726,Known-trail future months with weather,History + statewide summary + edge PCA + weather,Random Forest,
Seager,2023-11-01,38,29.51992021389443,Known-trail future months with weather,History + statewide summary + edge PCA + weather,Random Forest,
Upper Cherrytown Road,2023-11-01,1,55.62651549032265,Known-trail future months with weather,History + statewide summary + edge PCA + weather,Random Forest,
Alder Lake,2023-12-01,45,63.45852302688478,Known-trail future months with weather,History + statewide summary + edge PCA + weather,Random Forest,
Beaverkill Road to BLM FT,2023-12-01,84,84.53320210818279,Known-trail future months with weather,History + statewide summary + edge PCA + weather,Random Forest,
Dry Brook Ridge to Lean-to,2023-12-01,12,12.593191504447198,Known-trail future months with weather,History + statewide summary + edge PCA + weather,Random Forest,
Flynn,2023-12-01,8,20.630569098309934,Known-trail future months with weather,History + statewide summary + edge PCA + weather,Random Forest,
Fox Hollow,2023-12-01,59,49.2300248132268,Known-trail future months with weather,History + statewide summary + edge PCA + weather,Random Forest,
Frick Pond,2023-12-01,59,60.06042060947949,Known-trail future months with weather,History + statewide summary + edge PCA + weather,Random Forest,
Hardenburgh- MH Trail,2023-12-01,0,4.036723502836003,Known-trail future months with weather,History + statewide summary + edge PCA + weather,Random Forest,
Kelly Hollow,2023-12-01,112,97.81014649749325,Known-trail future months with weather,History + statewide summary + edge PCA + weather,Random Forest,
Lane Street,2023-12-01,24,36.32725523259564,Known-trail future months with weather,History + statewide summary + edge PCA + weather,Random Forest,
McKenley Hollow,2023-12-01,97,65.04471985025924,Known-trail future months with weather,History + statewide summary + edge PCA + weather,Random Forest,
Mt Tremper,2023-12-01,176,160.81164127043684,Known-trail future months with weather,History + statewide summary + edge PCA + weather,Random Forest,
Neversink Hardenburgh Trail,2023-12-01,10,6.358808846728376,Known-trail future months with weather,History + statewide summary + edge PCA + weather,Random Forest,
Onteora Lake,2023-12-01,216,162.17763504362122,Known-trail future months with weather,History + statewide summary + edge PCA + weather,Random Forest,
Red Hill Dinch Road,2023-12-01,97,91.65889989343755,Known-trail future months with weather,History + statewide summary + edge PCA + weather,Random Forest,
Rider Hollow,2023-12-01,128,136.21866822287183,Known-trail future months with weather,History + statewide summary + edge PCA + weather,Random Forest,
Rochester Hollow,2023-12-01,125,92.22859500911797,Known-trail future months with weather,History + statewide summary + edge PCA + weather,Random Forest,
Seager,2023-12-01,22,25.424378256639635,Known-trail future months with weather,History + statewide summary + edge PCA + weather,Random Forest,
Upper Cherrytown Road,2023-12-01,7,23.556030935495286,Known-trail future months with weather,History + statewide summary + edge PCA + weather,Random Forest,
Alder Lake,2024-01-01,33,47.94929057128857,Known-trail future months with weather,History + statewide summary + edge PCA + weather,Random Forest,
Beaverkill Road to BLM FT,2024-01-01,33,74.13029455585104,Known-trail future months with weather,History + statewide summary + edge PCA + weather,Random Forest,
Cathedral Glen,2024-01-01,6,5.775619717858289,Known-trail future months with weather,History + statewide summary + edge PCA + weather,Random Forest,
Denning,2024-01-01,59,89.62286267891335,Known-trail future months with weather,History + statewide summary + edge PCA + weather,Random Forest,
Dry Brook Ridge to Lean-to,2024-01-01,11,13.5463980953052,Known-trail future months with weather,History + statewide summary + edge PCA + weather,Random Forest,
Flynn,2024-01-01,12,19.790104222076295,Known-trail future months with weather,History + statewide summary + edge PCA + weather,Random Forest,
Fox Hollow,2024-01-01,20,54.4755317121975,Known-trail future months with weather,History + statewide summary + edge PCA + weather,Random Forest,
Frick Pond,2024-01-01,53,61.73939225533582,Known-trail future months with weather,History + statewide summary + edge PCA + weather,Random Forest,
Hardenburgh- MH Trail,2024-01-01,2,2.850761471659065,Known-trail future months with weather,History + statewide summary + edge PCA + weather,Random Forest,
Kelly Hollow,2024-01-01,44,86.99906649455659,Known-trail future months with weather,History + statewide summary + edge PCA + weather,Random Forest,
Lane Street,2024-01-01,13,23.230118083860482,Known-trail future months with weather,History + statewide summary + edge PCA + weather,Random Forest,
McKenley Hollow,2024-01-01,20,87.08473646016891,Known-trail future months with weather,History + statewide summary + edge PCA + weather,Random Forest,
Mt Tremper,2024-01-01,107,117.79848271168846,Known-trail future months with weather,History + statewide summary + edge PCA + weather,Random Forest,
Neversink Hardenburgh Trail,2024-01-01,0,2.8109741990769006,Known-trail future months with weather,History + statewide summary + edge PCA + weather,Random Forest,
Red Hill Dinch Road,2024-01-01,79,86.4268917169395,Known-trail future months with weather,History + statewide summary + edge PCA + weather,Random Forest,
Rider Hollow,2024-01-01,118,146.95011125970305,Known-trail future months with weather,History + statewide summary + edge PCA + weather,Random Forest,
Rochester Hollow,2024-01-01,51,96.50985478306886,Known-trail future months with weather,History + statewide summary + edge PCA + weather,Random Forest,
Seager,2024-01-01,24,20.177294207807826,Known-trail future months with weather,History + statewide summary + edge PCA + weather,Random Forest,
Alder Lake,2024-02-01,55,36.91978599220322,Known-trail future months with weather,History + statewide summary + edge PCA + weather,Random Forest,
Beaverkill Road to BLM FT,2024-02-01,81,63.35661588904802,Known-trail future months with weather,History + statewide summary + edge PCA + weather,Random Forest,
Cathedral Glen,2024-02-01,11,7.031186132746117,Known-trail future months with weather,History + statewide summary + edge PCA + weather,Random Forest,
Denning,2024-02-01,111,92.16969050038865,Known-trail future months with weather,History + statewide summary + edge PCA + weather,Random Forest,
Dry Brook Ridge to Lean-to,2024-02-01,22,16.284143176514412,Known-trail future months with weather,History + statewide summary + edge PCA + weather,Random Forest,
Flynn,2024-02-01,13,17.12618562740222,Known-trail future months with weather,History + statewide summary + edge PCA + weather,Random Forest,
Fox Hollow,2024-02-01,67,36.79177906609502,Known-trail future months with weather,History + statewide summary + edge PCA + weather,Random Forest,
Frick Pond,2024-02-01,35,64.19086053525874,Known-trail future months with weather,History + statewide summary + edge PCA + weather,Random Forest,
Hardenburgh- MH Trail,2024-02-01,17,3.39537010275362,Known-trail future months with weather,History + statewide summary + edge PCA + weather,Random Forest,
Kelly Hollow,2024-02-01,70,78.80759806853003,Known-trail future months with weather,History + statewide summary + edge PCA + weather,Random Forest,
Lane Street,2024-02-01,27,26.166710950723903,Known-trail future months with weather,History + statewide summary + edge PCA + weather,Random Forest,
McKenley Hollow,2024-02-01,3,57.64865931804366,Known-trail future months with weather,History + statewide summary + edge PCA + weather,Random Forest,
Mt Tremper,2024-02-01,103,173.17700064283042,Known-trail future months with weather,History + statewide summary + edge PCA + weather,Random Forest,
Neversink Hardenburgh Trail,2024-02-01,1,3.508512872035417,Known-trail future months with weather,History + statewide summary + edge PCA + weather,Random Forest,
Red Hill Dinch Road,2024-02-01,100,84.60083470523232,Known-trail future months with weather,History + statewide summary + edge PCA + weather,Random Forest,
Rider Hollow,2024-02-01,189,148.37607950681934,Known-trail future months with weather,History + statewide summary + edge PCA + weather,Random Forest,
Rochester Hollow,2024-02-01,89,83.37245732092106,Known-trail future months with weather,History + statewide summary + edge PCA + weather,Random Forest,
Seager,2024-02-01,31,28.954554657845566,Known-trail future months with weather,History + statewide summary + edge PCA + weather,Random Forest,
Alder Lake,2024-03-01,63,60.643764020161115,Known-trail future months with weather,History + statewide summary + edge PCA + weather,Random Forest,
Beaverkill Road to BLM FT,2024-03-01,82,65.10680277868296,Known-trail future months with weather,History + statewide summary + edge PCA + weather,Random Forest,
Cathedral Glen,2024-03-01,10,3.544412250814207,Known-trail future months with weather,History + statewide summary + edge PCA + weather,Random Forest,
Denning,2024-03-01,204,96.55195702391072,Known-trail future months with weather,History + statewide summary + edge PCA + weather,Random Forest,
Dry Brook Ridge to Lean-to,2024-03-01,10,15.969927071441344,Known-trail future months with weather,History + statewide summary + edge PCA + weather,Random Forest,
Flynn,2024-03-01,12,17.306977733626393,Known-trail future months with weather,History + statewide summary + edge PCA + weather,Random Forest,
Fox Hollow,2024-03-01,40,59.684485475108914,Known-trail future months with weather,History + statewide summary + edge PCA + weather,Random Forest,
Frick Pond,2024-03-01,45,52.866640400112054,Known-trail future months with weather,History + statewide summary + edge PCA + weather,Random Forest,
Hardenburgh- MH Trail,2024-03-01,4,3.348680722053171,Known-trail future months with weather,History + statewide summary + edge PCA + weather,Random Forest,
Kelly Hollow,2024-03-01,96,93.44544519541093,Known-trail future months with weather,History + statewide summary + edge PCA + weather,Random Forest,
Lane Street,2024-03-01,28,25.01547516756174,Known-trail future months with weather,History + statewide summary + edge PCA + weather,Random Forest,
McKenley Hollow,2024-03-01,7,47.02970837662163,Known-trail future months with weather,History + statewide summary + edge PCA + weather,Random Forest,
Mt Tremper,2024-03-01,123,117.21541823307092,Known-trail future months with weather,History + statewide summary + edge PCA + weather,Random Forest,
Neversink Hardenburgh Trail,2024-03-01,4,2.6805856722089723,Known-trail future months with weather,History + statewide summary + edge PCA + weather,Random Forest,
Red Hill Dinch Road,2024-03-01,21,96.56814564365148,Known-trail future months with weather,History + statewide summary + edge PCA + weather,Random Forest,
Rider Hollow,2024-03-01,166,148.50696619407725,Known-trail future months with weather,History + statewide summary + edge PCA + weather,Random Forest,
Rochester Hollow,2024-03-01,117,93.17303465555293,Known-trail future months with weather,History + statewide summary + edge PCA + weather,Random Forest,
Seager,2024-03-01,15,27.862625089349994,Known-trail future months with weather,History + statewide summary + edge PCA + weather,Random Forest,
Woodchuck Hollow,2024-03-01,1,2.8109823544210606,Known-trail future months with weather,History + statewide summary + edge PCA + weather,Random Forest,
Alder Lake,2024-04-01,127,118.05521814834137,Known-trail future months with weather,History + statewide summary + edge PCA + weather,Random Forest,
Beaverkill Road to BLM FT,2024-04-01,110,115.65806871184672,Known-trail future months with weather,History + statewide summary + edge PCA + weather,Random Forest,
Cathedral Glen,2024-04-01,21,7.801879198307729,Known-trail future months with weather,History + statewide summary + edge PCA + weather,Random Forest,
Denning,2024-04-01,233,160.76804187242126,Known-trail future months with weather,History + statewide summary + edge PCA + weather,Random Forest,
Dry Brook Ridge to Lean-to,2024-04-01,13,18.40303709261505,Known-trail future months with weather,History + statewide summary + edge PCA + weather,Random Forest,
Flynn,2024-04-01,18,20.741294391176204,Known-trail future months with weather,History + statewide summary + edge PCA + weather,Random Forest,
Fox Hollow,2024-04-01,48,57.445739165818146,Known-trail future months with weather,History + statewide summary + edge PCA + weather,Random Forest,
Frick Pond,2024-04-01,70,61.060182325746275,Known-trail future months with weather,History + statewide summary + edge PCA + weather,Random Forest,
Hardenburgh- MH Trail,2024-04-01,1,4.930300412619691,Known-trail future months with weather,History + statewide summary + edge PCA + weather,Random Forest,
Kelly Hollow,2024-04-01,127,136.52988528954305,Known-trail future months with weather,History + statewide summary + edge PCA + weather,Random Forest,
Lane Street,2024-04-01,36,33.07294967178758,Known-trail future months with weather,History + statewide summary + edge PCA + weather,Random Forest,
Mt Tremper,2024-04-01,64,197.81129388621906,Known-trail future months with weather,History + statewide summary + edge PCA + weather,Random Forest,
Neversink Hardenburgh Trail,2024-04-01,4,8.668666518967209,Known-trail future months with weather,History + statewide summary + edge PCA + weather,Random Forest,
Rider Hollow,2024-04-01,103,117.11825012937416,Known-trail future months with weather,History + statewide summary + edge PCA + weather,Random Forest,
Rochester Hollow,2024-04-01,99,145.30511589379276,Known-trail future months with weather,History + statewide summary + edge PCA + weather,Random Forest,
Seager,2024-04-01,40,35.050611529072505,Known-trail future months with weather,History + statewide summary + edge PCA + weather,Random Forest,
Alder Lake,2024-05-01,147,159.16368346910974,Known-trail future months with weather,History + statewide summary + edge PCA + weather,Random Forest,
Beaverkill Road to BLM FT,2024-05-01,189,157.92568094057467,Known-trail future months with weather,History + statewide summary + edge PCA + weather,Random Forest,
Cathedral Glen,2024-05-01,19,12.453295290857149,Known-trail future months with weather,History + statewide summary + edge PCA + weather,Random Forest,
Denning,2024-05-01,260,284.72420342784943,Known-trail future months with weather,History + statewide summary + edge PCA + weather,Random Forest,
Dry Brook Ridge to Lean-to,2024-05-01,17,22.318664063678423,Known-trail future months with weather,History + statewide summary + edge PCA + weather,Random Forest,
Flynn,2024-05-01,24,44.03936432235641,Known-trail future months with weather,History + statewide summary + edge PCA + weather,Random Forest,
Fox Hollow,2024-05-01,71,69.68706587950628,Known-trail future months with weather,History + statewide summary + edge PCA + weather,Random Forest,
Frick Pond,2024-05-01,125,111.67075413801453,Known-trail future months with weather,History + statewide summary + edge PCA + weather,Random Forest,
Hardenburgh- MH Trail,2024-05-01,23,6.773854887380284,Known-trail future months with weather,History + statewide summary + edge PCA + weather,Random Forest,
Kelly Hollow,2024-05-01,182,159.54706305726688,Known-trail future months with weather,History + statewide summary + edge PCA + weather,Random Forest,
Lane Street,2024-05-01,54,52.303082818660066,Known-trail future months with weather,History + statewide summary + edge PCA + weather,Random Forest,
Mt Tremper,2024-05-01,19,209.50306057191838,Known-trail future months with weather,History + statewide summary + edge PCA + weather,Random Forest,
Neversink Hardenburgh Trail,2024-05-01,34,12.287865255552951,Known-trail future months with weather,History + statewide summary + edge PCA + weather,Random Forest,
Rider Hollow,2024-05-01,98,159.66771674821118,Known-trail future months with weather,History + statewide summary + edge PCA + weather,Random Forest,
Rochester Hollow,2024-05-01,182,137.57435050470045,Known-trail future months with weather,History + statewide summary + edge PCA + weather,Random Forest,
Seager,2024-05-01,53,56.37255568347105,Known-trail future months with weather,History + statewide summary + edge PCA + weather,Random Forest,
Woodchuck Hollow,2024-05-01,1,3.686270402787526,Known-trail future months with weather,History + statewide summary + edge PCA + weather,Random Forest,
Woodland Valley,2024-05-01,99,82.63756739478146,Known-trail future months with weather,History + statewide summary + edge PCA + weather,Random Forest,
Alder Lake,2024-06-01,168,177.3155629147898,Known-trail future months with weather,History + statewide summary + edge PCA + weather,Random Forest,
Beaverkill Road to BLM FT,2024-06-01,190,178.80373093282444,Known-trail future months with weather,History + statewide summary + edge PCA + weather,Random Forest,
Cathedral Glen,2024-06-01,30,11.60604544238262,Known-trail future months with weather,History + statewide summary + edge PCA + weather,Random Forest,
Denning,2024-06-01,281,294.1305052317787,Known-trail future months with weather,History + statewide summary + edge PCA + weather,Random Forest,
Dry Brook Ridge to Lean-to,2024-06-01,20,20.43045804906458,Known-trail future months with weather,History + statewide summary + edge PCA + weather,Random Forest,
Flynn,2024-06-01,30,42.408969939428005,Known-trail future months with weather,History + statewide summary + edge PCA + weather,Random Forest,
Fox Hollow,2024-06-01,64,77.7830316261214,Known-trail future months with weather,History + statewide summary + edge PCA + weather,Random Forest,
Frick Pond,2024-06-01,131,149.22846256625112,Known-trail future months with weather,History + statewide summary + edge PCA + weather,Random Forest,
Hardenburgh- MH Trail,2024-06-01,17,6.38979907664697,Known-trail future months with weather,History + statewide summary + edge PCA + weather,Random Forest,
Kelly Hollow,2024-06-01,156,165.88930813185817,Known-trail future months with weather,History + statewide summary + edge PCA + weather,Random Forest,
Lane Street,2024-06-01,71,52.788710816853644,Known-trail future months with weather,History + statewide summary + edge PCA + weather,Random Forest,
Mt Tremper,2024-06-01,22,110.37269277742232,Known-trail future months with weather,History + statewide summary + edge PCA + weather,Random Forest,
Neversink Hardenburgh Trail,2024-06-01,13,15.154087204553138,Known-trail future months with weather,History + statewide summary + edge PCA + weather,Random Forest,
Rider Hollow,2024-06-01,93,123.06562159447458,Known-trail future months with weather,History + statewide summary + edge PCA + weather,Random Forest,
Rochester Hollow,2024-06-01,113,159.99471745745157,Known-trail future months with weather,History + statewide summary + edge PCA + weather,Random Forest,
Seager,2024-06-01,73,58.20638915868643,Known-trail future months with weather,History + statewide summary + edge PCA + weather,Random Forest,
Slide Mt,2024-06-01,593,710.5192502550562,Known-trail future months with weather,History + statewide summary + edge PCA + weather,Random Forest,
Woodland Valley,2024-06-01,70,110.60942920610694,Known-trail future months with weather,History + statewide summary + edge PCA + weather,Random Forest,
Alder Lake,2024-07-01,299,255.30927546488397,Known-trail future months with weather,History + statewide summary + edge PCA + weather,Random Forest,
Beaverkill Road to BLM FT,2024-07-01,193,185.6331943631817,Known-trail future months with weather,History + statewide summary + edge PCA + weather,Random Forest,
Cathedral Glen,2024-07-01,6,14.181316682256567,Known-trail future months with weather,History + statewide summary + edge PCA + weather,Random Forest,
Denning,2024-07-01,293,327.9087288073649,Known-trail future months with weather,History + statewide summary + edge PCA + weather,Random Forest,
Dry Brook Ridge to Lean-to,2024-07-01,46,24.137759534879244,Known-trail future months with weather,History + statewide summary + edge PCA + weather,Random Forest,
Flynn,2024-07-01,64,49.720576303892365,Known-trail future months with weather,History + statewide summary + edge PCA + weather,Random Forest,
Fox Hollow,2024-07-01,98,81.03834199641001,Known-trail future months with weather,History + statewide summary + edge PCA + weather,Random Forest,
Frick Pond,2024-07-01,209,164.54113126990978,Known-trail future months with weather,History + statewide summary + edge PCA + weather,Random Forest,
Giant Ledge,2024-07-01,150,472.5849931504334,Known-trail future months with weather,History + statewide summary + edge PCA + weather,Random Forest,
Hardenburgh- MH Trail,2024-07-01,16,9.020344951491557,Known-trail future months with weather,History + statewide summary + edge PCA + weather,Random Forest,
Kelly Hollow,2024-07-01,215,254.40610784275958,Known-trail future months with weather,History + statewide summary + edge PCA + weather,Random Forest,
Lane Street,2024-07-01,81,61.75187504408811,Known-trail future months with weather,History + statewide summary + edge PCA + weather,Random Forest,
Mt Tremper,2024-07-01,35,84.52543556644733,Known-trail future months with weather,History + statewide summary + edge PCA + weather,Random Forest,
Neversink Hardenburgh Trail,2024-07-01,21,19.19730448492994,Known-trail future months with weather,History + statewide summary + edge PCA + weather,Random Forest,
Rider Hollow,2024-07-01,128,146.31405180970577,Known-trail future months with weather,History + statewide summary + edge PCA + weather,Random Forest,
Rochester Hollow,2024-07-01,229,184.63981038554357,Known-trail future months with weather,History + statewide summary + edge PCA + weather,Random Forest,
Seager,2024-07-01,78,79.66936533668904,Known-trail future months with weather,History + statewide summary + edge PCA + weather,Random Forest,
Slide Mt,2024-07-01,868,704.9981889238398,Known-trail future months with weather,History + statewide summary + edge PCA + weather,Random Forest,
Woodchuck Hollow,2024-07-01,5,3.763512068736036,Known-trail future months with weather,History + statewide summary + edge PCA + weather,Random Forest,
Woodland Valley,2024-07-01,12,119.60927784950563,Known-trail future months with weather,History + statewide summary + edge PCA + weather,Random Forest,
Alder Lake,2024-08-01,303,239.02444658607808,Known-trail future months with weather,History + statewide summary + edge PCA + weather,Random Forest,
Beaverkill Road to BLM FT,2024-08-01,196,209.58721702952462,Known-trail future months with weather,History + statewide summary + edge PCA + weather,Random Forest,
Cathedral Glen,2024-08-01,32,13.488889749677984,Known-trail future months with weather,History + statewide summary + edge PCA + weather,Random Forest,
Denning,2024-08-01,270,295.1875559519176,Known-trail future months with weather,History + statewide summary + edge PCA + weather,Random Forest,
Dry Brook Ridge to Lean-to,2024-08-01,33,27.876984835307244,Known-trail future months with weather,History + statewide summary + edge PCA + weather,Random Forest,
Flynn,2024-08-01,25,68.79064288274532,Known-trail future months with weather,History + statewide summary + edge PCA + weather,Random Forest,
Fox Hollow,2024-08-01,114,100.44327949257125,Known-trail future months with weather,History + statewide summary + edge PCA + weather,Random Forest,
Frick Pond,2024-08-01,192,171.57444769084032,Known-trail future months with weather,History + statewide summary + edge PCA + weather,Random Forest,
Hardenburgh- MH Trail,2024-08-01,9,10.980498733058425,Known-trail future months with weather,History + statewide summary + edge PCA + weather,Random Forest,
Kelly Hollow,2024-08-01,248,248.67146327968194,Known-trail future months with weather,History + statewide summary + edge PCA + weather,Random Forest,
Lane Street,2024-08-01,56,67.99150738047308,Known-trail future months with weather,History + statewide summary + edge PCA + weather,Random Forest,
Millbrook to BLM FT,2024-08-01,392,336.89605795172093,Known-trail future months with weather,History + statewide summary + edge PCA + weather,Random Forest,
Mt Tremper,2024-08-01,587,85.69957786465389,Known-trail future months with weather,History + statewide summary + edge PCA + weather,Random Forest,
Neversink Hardenburgh Trail,2024-08-01,11,22.409134342341037,Known-trail future months with weather,History + statewide summary + edge PCA + weather,Random Forest,
Rider Hollow,2024-08-01,150,146.45528071768283,Known-trail future months with weather,History + statewide summary + edge PCA + weather,Random Forest,
Rochester Hollow,2024-08-01,261,191.01156249526676,Known-trail future months with weather,History + statewide summary + edge PCA + weather,Random Forest,
Seager,2024-08-01,63,88.20337270507004,Known-trail future months with weather,History + statewide summary + edge PCA + weather,Random Forest,
Slide Mt,2024-08-01,1077,717.9836940161019,Known-trail future months with weather,History + statewide summary + edge PCA + weather,Random Forest,
Woodchuck Hollow,2024-08-01,2,2.9106431293137485,Known-trail future months with weather,History + statewide summary + edge PCA + weather,Random Forest,
Woodland Valley,2024-08-01,9,73.36361814184207,Known-trail future months with weather,History + statewide summary + edge PCA + weather,Random Forest,
Alder Lake,2024-09-01,229,197.4230191791199,Known-trail future months with weather,History + statewide summary + edge PCA + weather,Random Forest,
Ashokan HP,2024-09-01,127,146.79187712028306,Known-trail future months with weather,History + statewide summary + edge PCA + weather,Random Forest,
Beaverkill Road to BLM FT,2024-09-01,203,162.94116246628855,Known-trail future months with weather,History + statewide summary + edge PCA + weather,Random Forest,
Cathedral Glen,2024-09-01,6,13.941940849350694,Known-trail future months with weather,History + statewide summary + edge PCA + weather,Random Forest,
Denning,2024-09-01,243,231.21239969160482,Known-trail future months with weather,History + statewide summary + edge PCA + weather,Random Forest,
Dry Brook Ridge to Lean-to,2024-09-01,14,23.138544944166675,Known-trail future months with weather,History + statewide summary + edge PCA + weather,Random Forest,
Flynn,2024-09-01,71,32.429188254464776,Known-trail future months with weather,History + statewide summary + edge PCA + weather,Random Forest,
Fox Hollow,2024-09-01,36,98.66818072115105,Known-trail future months with weather,History + statewide summary + edge PCA + weather,Random Forest,
Frick Pond,2024-09-01,200,134.23762392400369,Known-trail future months with weather,History + statewide summary + edge PCA + weather,Random Forest,
Giant Ledge,2024-09-01,116,329.8595792782871,Known-trail future months with weather,History + statewide summary + edge PCA + weather,Random Forest,
Hardenburgh- MH Trail,2024-09-01,13,9.67084447998042,Known-trail future months with weather,History + statewide summary + edge PCA + weather,Random Forest,
Kelly Hollow,2024-09-01,125,179.55227307437664,Known-trail future months with weather,History + statewide summary + edge PCA + weather,Random Forest,
Lane Street,2024-09-01,39,55.334394171831576,Known-trail future months with weather,History + statewide summary + edge PCA + weather,Random Forest,
Millbrook to BLM FT,2024-09-01,347,305.96431913241423,Known-trail future months with weather,History + statewide summary + edge PCA + weather,Random Forest,
Neversink Hardenburgh Trail,2024-09-01,17,15.123772723386402,Known-trail future months with weather,History + statewide summary + edge PCA + weather,Random Forest,
Overlook,2024-09-01,717,819.4004701057477,Known-trail future months with weather,History + statewide summary + edge PCA + weather,Random Forest,
Rider Hollow,2024-09-01,91,137.6064526620474,Known-trail future months with weather,History + statewide summary + edge PCA + weather,Random Forest,
Rochester Hollow,2024-09-01,131,173.01129968827388,Known-trail future months with weather,History + statewide summary + edge PCA + weather,Random Forest,
Slide Mt,2024-09-01,783,747.5026933776885,Known-trail future months with weather,History + statewide summary + edge PCA + weather,Random Forest,
Wittenberg,2024-09-01,414,388.1505575035633,Known-trail future months with weather,History + statewide summary + edge PCA + weather,Random Forest,
Woodchuck Hollow,2024-09-01,4,2.7187725535333125,Known-trail future months with weather,History + statewide summary + edge PCA + weather,Random Forest,
Woodland Valley,2024-09-01,35,53.037188468637254,Known-trail future months with weather,History + statewide summary + edge PCA + weather,Random Forest,
Alder Lake,2024-10-01,17,207.88788210190063,Known-trail future months with weather,History + statewide summary + edge PCA + weather,Random Forest,
Ashokan HP,2024-10-01,260,140.57005464630313,Known-trail future months with weather,History + statewide summary + edge PCA + weather,Random Forest,
Beaverkill Road to BLM FT,2024-10-01,12,211.185536366181,Known-trail future months with weather,History + statewide summary + edge PCA + weather,Random Forest,
Denning,2024-10-01,306,238.2324240973142,Known-trail future months with weather,History + statewide summary + edge PCA + weather,Random Forest,
Flynn,2024-10-01,1,45.280836129702415,Known-trail future months with weather,History + statewide summary + edge PCA + weather,Random Forest,
Frick Pond,2024-10-01,6,156.44649819326378,Known-trail future months with weather,History + statewide summary + edge PCA + weather,Random Forest,
Giant Ledge,2024-10-01,1383,290.5272610100031,Known-trail future months with weather,History + statewide summary + edge PCA + weather,Random Forest,
Millbrook to BLM FT,2024-10-01,462,314.37637044657953,Known-trail future months with weather,History + statewide summary + edge PCA + weather,Random Forest,
Neversink Hardenburgh Trail,2024-10-01,31,14.93917971647769,Known-trail future months with weather,History + statewide summary + edge PCA + weather,Random Forest,
Overlook,2024-10-01,1143,895.3105668726265,Known-trail future months with weather,History + statewide summary + edge PCA + weather,Random Forest,
Slide Mt,2024-10-01,757,846.228402407806,Known-trail future months with weather,History + statewide summary + edge PCA + weather,Random Forest,
Wittenberg,2024-10-01,638,417.1092654671737,Known-trail future months with weather,History + statewide summary + edge PCA + weather,Random Forest,
Woodchuck Hollow,2024-10-01,4,3.012552986036626,Known-trail future months with weather,History + statewide summary + edge PCA + weather,Random Forest,
Woodland Valley,2024-10-01,182,45.755794917087215,Known-trail future months with weather,History + statewide summary + edge PCA + weather,Random Forest,
Ashokan HP,2024-11-01,63,137.72634649631618,Known-trail future months with weather,History + statewide summary + edge PCA + weather,Random Forest,
Denning,2024-11-01,76,203.2786675825621,Known-trail future months with weather,History + statewide summary + edge PCA + weather,Random Forest,
Giant Ledge,2024-11-01,404,492.03640960000314,Known-trail future months with weather,History + statewide summary + edge PCA + weather,Random Forest,
Millbrook to BLM FT,2024-11-01,251,285.15228143076854,Known-trail future months with weather,History + statewide summary + edge PCA + weather,Random Forest,
Overlook,2024-11-01,843,645.6968465218808,Known-trail future months with weather,History + statewide summary + edge PCA + weather,Random Forest,
Wittenberg,2024-11-01,289,396.0676197994552,Known-trail future months with weather,History + statewide summary + edge PCA + weather,Random Forest,
Woodchuck Hollow,2024-11-01,4,3.2998251899758992,Known-trail future months with weather,History + statewide summary + edge PCA + weather,Random Forest,
Woodland Valley,2024-11-01,88,61.647649467477514,Known-trail future months with weather,History + statewide summary + edge PCA + weather,Random Forest,
Ashokan HP,2024-12-01,53,72.14132850534132,Known-trail future months with weather,History + statewide summary + edge PCA + weather,Random Forest,
Giant Ledge,2024-12-01,235,349.52502789494037,Known-trail future months with weather,History + statewide summary + edge PCA + weather,Random Forest,
Millbrook to BLM FT,2024-12-01,133,225.15651664380476,Known-trail future months with weather,History + statewide summary + edge PCA + weather,Random Forest,
Overlook,2024-12-01,291,515.4112062180909,Known-trail future months with weather,History + statewide summary + edge PCA + weather,Random Forest,
Wittenberg,2024-12-01,115,213.6623590328351,Known-trail future months with weather,History + statewide summary + edge PCA + weather,Random Forest,
Woodland Valley,2024-12-01,25,48.22716636600325,Known-trail future months with weather,History + statewide summary + edge PCA + weather,Random Forest,
Ashokan HP,2025-01-01,35,65.74026764590609,Known-trail future months with weather,History + statewide summary + edge PCA + weather,Random Forest,
Giant Ledge,2025-01-01,268,309.6883773910083,Known-trail future months with weather,History + statewide summary + edge PCA + weather,Random Forest,
Millbrook to BLM FT,2025-01-01,143,167.1635684562238,Known-trail future months with weather,History + statewide summary + edge PCA + weather,Random Forest,
Overlook,2025-01-01,358,350.70855332958706,Known-trail future months with weather,History + statewide summary + edge PCA + weather,Random Forest,
Wittenberg,2025-01-01,103,142.92963887863743,Known-trail future months with weather,History + statewide summary + edge PCA + weather,Random Forest,
Woodland Valley,2025-01-01,15,26.78200727266697,Known-trail future months with weather,History + statewide summary + edge PCA + weather,Random Forest,
Ashokan HP,2025-02-01,27,51.62678525611939,Known-trail future months with weather,History + statewide summary + edge PCA + weather,Random Forest,
Giant Ledge,2025-02-01,184,312.3753183310327,Known-trail future months with weather,History + statewide summary + edge PCA + weather,Random Forest,
Millbrook to BLM FT,2025-02-01,139,153.06729598087517,Known-trail future months with weather,History + statewide summary + edge PCA + weather,Random Forest,
Overlook,2025-02-01,182,354.5142658858027,Known-trail future months with weather,History + statewide summary + edge PCA + weather,Random Forest,
Wittenberg,2025-02-01,55,131.95416526044153,Known-trail future months with weather,History + statewide summary + edge PCA + weather,Random Forest,
Woodland Valley,2025-02-01,30,26.34618555789982,Known-trail future months with weather,History + statewide summary + edge PCA + weather,Random Forest,
Ashokan HP,2025-03-01,83,50.02851812412659,Known-trail future months with weather,History + statewide summary + edge PCA + weather,Random Forest,
Giant Ledge,2025-03-01,371,255.4588503215138,Known-trail future months with weather,History + statewide summary + edge PCA + weather,Random Forest,
Millbrook to BLM FT,2025-03-01,131,154.16962142985497,Known-trail future months with weather,History + statewide summary + edge PCA + weather,Random Forest,
Overlook,2025-03-01,426,308.21789558675897,Known-trail future months with weather,History + statewide summary + edge PCA + weather,Random Forest,
Wittenberg,2025-03-01,126,122.94570299702562,Known-trail future months with weather,History + statewide summary + edge PCA + weather,Random Forest,
Woodland Valley,2025-03-01,41,26.206479271150858,Known-trail future months with weather,History + statewide summary + edge PCA + weather,Random Forest,
Ashokan HP,2025-04-01,89,94.45684316543033,Known-trail future months with weather,History + statewide summary + edge PCA + weather,Random Forest,
Giant Ledge,2025-04-01,341,360.39353705437065,Known-trail future months with weather,History + statewide summary + edge PCA + weather,Random Forest,
Millbrook to BLM FT,2025-04-01,173,154.79978532960672,Known-trail future months with weather,History + statewide summary + edge PCA + weather,Random Forest,
Overlook,2025-04-01,576,492.540699084874,Known-trail future months with weather,History + statewide summary + edge PCA + weather,Random Forest,
Wittenberg,2025-04-01,47,156.94575447445192,Known-trail future months with weather,History + statewide summary + edge PCA + weather,Random Forest,
Woodland Valley,2025-04-01,47,47.663560426073644,Known-trail future months with weather,History + statewide summary + edge PCA + weather,Random Forest,
Ashokan HP,2025-05-01,72,133.02626014257012,Known-trail future months with weather,History + statewide summary + edge PCA + weather,Random Forest,
Giant Ledge,2025-05-01,403,446.0987246070687,Known-trail future months with weather,History + statewide summary + edge PCA + weather,Random Forest,
Millbrook to BLM FT,2025-05-01,277,239.49133551622006,Known-trail future months with weather,History + statewide summary + edge PCA + weather,Random Forest,
Overlook,2025-05-01,828,721.5576171602673,Known-trail future months with weather,History + statewide summary + edge PCA + weather,Random Forest,
Wittenberg,2025-05-01,477,158.8493125313475,Known-trail future months with weather,History + statewide summary + edge PCA + weather,Random Forest,
Woodland Valley,2025-05-01,13,69.18712784636801,Known-trail future months with weather,History + statewide summary + edge PCA + weather,Random Forest,
Ashokan HP,2025-06-01,160,124.89908222480429,Known-trail future months with weather,History + statewide summary + edge PCA + weather,Random Forest,
Giant Ledge,2025-06-01,629,452.6805812290045,Known-trail future months with weather,History + statewide summary + edge PCA + weather,Random Forest,
Millbrook to BLM FT,2025-06-01,231,287.4181134834085,Known-trail future months with weather,History + statewide summary + edge PCA + weather,Random Forest,
Overlook,2025-06-01,854,779.4699646222225,Known-trail future months with weather,History + statewide summary + edge PCA + weather,Random Forest,
Wittenberg,2025-06-01,532,389.8649996318094,Known-trail future months with weather,History + statewide summary + edge PCA + weather,Random Forest,
Ashokan HP,2025-07-01,260,152.77028497534278,Known-trail future months with weather,History + statewide summary + edge PCA + weather,Random Forest,
Giant Ledge,2025-07-01,400,569.4757231954273,Known-trail future months with weather,History + statewide summary + edge PCA + weather,Random Forest,
Millbrook to BLM FT,2025-07-01,340,311.1740054050397,Known-trail future months with weather,History + statewide summary + edge PCA + weather,Random Forest,
Overlook,2025-07-01,1038,943.0793694344018,Known-trail future months with weather,History + statewide summary + edge PCA + weather,Random Forest,
Wittenberg,2025-07-01,587,466.490580175067,Known-trail future months with weather,History + statewide summary + edge PCA + weather,Random Forest,
Ashokan HP,2025-08-01,173,190.99244559225826,Known-trail future months with weather,History + statewide summary + edge PCA + weather,Random Forest,
Millbrook to BLM FT,2025-08-01,354,317.7025908169186,Known-trail future months with weather,History + statewide summary + edge PCA + weather,Random Forest,
Overlook,2025-08-01,698,929.26774983369,Known-trail future months with weather,History + statewide summary + edge PCA + weather,Random Forest,
Wittenberg,2025-08-01,751,469.5636454154448,Known-trail future months with weather,History + statewide summary + edge PCA + weather,Random Forest,
Ashokan HP,2025-09-01,101,156.02554723603436,Known-trail future months with weather,History + statewide summary + edge PCA + weather,Random Forest,
Millbrook to BLM FT,2025-09-01,14,275.7068897087341,Known-trail future months with weather,History + statewide summary + edge PCA + weather,Random Forest,
Overlook,2025-09-01,27,784.3469552638927,Known-trail future months with weather,History + statewide summary + edge PCA + weather,Random Forest,
Wittenberg,2025-09-01,506,530.8446285600259,Known-trail future months with weather,History + statewide summary + edge PCA + weather,Random Forest,
Ashokan HP,2025-10-01,117,158.87772460981446,Known-trail future months with weather,History + statewide summary + edge PCA + weather,Random Forest,
Overlook,2025-10-01,4,133.5549429101523,Known-trail future months with weather,History + statewide summary + edge PCA + weather,Random Forest,
Wittenberg,2025-10-01,589,516.0795026559135,Known-trail future months with weather,History + statewide summary + edge PCA + weather,Random Forest,
Peekamoose,2022-12-01,58,65.54158061345377,Known-trail future months with weather,History + statewide summary + edge PCA + weather,HistGradientBoosting,
Biscuit Brook,2023-01-01,47,77.56465155713155,Known-trail future months with weather,History + statewide summary + edge PCA + weather,HistGradientBoosting,
Peekamoose,2023-01-01,139,62.75711435391245,Known-trail future months with weather,History + statewide summary + edge PCA + weather,HistGradientBoosting,
Bangle Hill,2023-02-01,18,3.5397759519118397,Known-trail future months with weather,History + statewide summary + edge PCA + weather,HistGradientBoosting,
Biscuit Brook,2023-02-01,68,68.42756514150646,Known-trail future months with weather,History + statewide summary + edge PCA + weather,HistGradientBoosting,
Peekamoose,2023-02-01,90,89.68442849158703,Known-trail future months with weather,History + statewide summary + edge PCA + weather,HistGradientBoosting,
Bangle Hill,2023-03-01,5,1.3952070824763636,Known-trail future months with weather,History + statewide summary + edge PCA + weather,HistGradientBoosting,
Biscuit Brook,2023-03-01,59,68.70101811231986,Known-trail future months with weather,History + statewide summary + edge PCA + weather,HistGradientBoosting,
Peekamoose,2023-03-01,63,69.39372146129948,Known-trail future months with weather,History + statewide summary + edge PCA + weather,HistGradientBoosting,
Bangle Hill,2023-04-01,11,5.503832091582498,Known-trail future months with weather,History + statewide summary + edge PCA + weather,HistGradientBoosting,
Biscuit Brook,2023-04-01,74,107.78181117969662,Known-trail future months with weather,History + statewide summary + edge PCA + weather,HistGradientBoosting,
Peekamoose,2023-04-01,92,120.12776764937115,Known-trail future months with weather,History + statewide summary + edge PCA + weather,HistGradientBoosting,
Bangle Hill,2023-05-01,5,15.415395725280078,Known-trail future months with weather,History + statewide summary + edge PCA + weather,HistGradientBoosting,
Biscuit Brook,2023-05-01,157,152.12512743488836,Known-trail future months with weather,History + statewide summary + edge PCA + weather,HistGradientBoosting,
Peekamoose,2023-05-01,234,158.5851186969621,Known-trail future months with weather,History + statewide summary + edge PCA + weather,HistGradientBoosting,
Slide Mt,2023-05-01,691,579.9909797882758,Known-trail future months with weather,History + statewide summary + edge PCA + weather,HistGradientBoosting,
Upper Cherrytown Road,2023-05-01,136,249.6225911331256,Known-trail future months with weather,History + statewide summary + edge PCA + weather,HistGradientBoosting,
Biscuit Brook,2023-06-01,121,131.79980878739246,Known-trail future months with weather,History + statewide summary + edge PCA + weather,HistGradientBoosting,
Peekamoose,2023-06-01,49,179.73136619412216,Known-trail future months with weather,History + statewide summary + edge PCA + weather,HistGradientBoosting,
Slide Mt,2023-06-01,587,610.8193916162835,Known-trail future months with weather,History + statewide summary + edge PCA + weather,HistGradientBoosting,
Upper Cherrytown Road,2023-06-01,143,208.37121530336483,Known-trail future months with weather,History + statewide summary + edge PCA + weather,HistGradientBoosting,
Biscuit Brook,2023-07-01,144,157.3469944186808,Known-trail future months with weather,History + statewide summary + edge PCA + weather,HistGradientBoosting,
McKenley Hollow,2023-07-01,103,100.90135652221348,Known-trail future months with weather,History + statewide summary + edge PCA + weather,HistGradientBoosting,
Red Hill Dinch Road,2023-07-01,291,269.3690317923399,Known-trail future months with weather,History + statewide summary + edge PCA + weather,HistGradientBoosting,
Slide Mt,2023-07-01,794,736.5017412312703,Known-trail future months with weather,History + statewide summary + edge PCA + weather,HistGradientBoosting,
Upper Cherrytown Road,2023-07-01,329,241.5331438157252,Known-trail future months with weather,History + statewide summary + edge PCA + weather,HistGradientBoosting,
Biscuit Brook,2023-08-01,98,112.70689990777885,Known-trail future months with weather,History + statewide summary + edge PCA + weather,HistGradientBoosting,
McKenley Hollow,2023-08-01,116,90.36080837472751,Known-trail future months with weather,History + statewide summary + edge PCA + weather,HistGradientBoosting,
Onteora Lake,2023-08-01,284,487.99602154464503,Known-trail future months with weather,History + statewide summary + edge PCA + weather,HistGradientBoosting,
Red Hill Dinch Road,2023-08-01,238,283.7092143633999,Known-trail future months with weather,History + statewide summary + edge PCA + weather,HistGradientBoosting,
Slide Mt,2023-08-01,606,770.3834622129951,Known-trail future months with weather,History + statewide summary + edge PCA + weather,HistGradientBoosting,
Upper Cherrytown Road,2023-08-01,197,246.98161370746556,Known-trail future months with weather,History + statewide summary + edge PCA + weather,HistGradientBoosting,
McKenley Hollow,2023-09-01,119,77.95070573730878,Known-trail future months with weather,History + statewide summary + edge PCA + weather,HistGradientBoosting,
Onteora Lake,2023-09-01,311,231.5056719244523,Known-trail future months with weather,History + statewide summary + edge PCA + weather,HistGradientBoosting,
Red Hill Dinch Road,2023-09-01,172,190.40016562516502,Known-trail future months with weather,History + statewide summary + edge PCA + weather,HistGradientBoosting,
Upper Cherrytown Road,2023-09-01,2,151.03034397540947,Known-trail future months with weather,History + statewide summary + edge PCA + weather,HistGradientBoosting,
McKenley Hollow,2023-10-01,119,89.60149983238557,Known-trail future months with weather,History + statewide summary + edge PCA + weather,HistGradientBoosting,
Onteora Lake,2023-10-01,418,287.3058620989736,Known-trail future months with weather,History + statewide summary + edge PCA + weather,HistGradientBoosting,
Red Hill Dinch Road,2023-10-01,158,217.62086414045652,Known-trail future months with weather,History + statewide summary + edge PCA + weather,HistGradientBoosting,
Seager,2023-10-01,41,42.98327755573202,Known-trail future months with weather,History + statewide summary + edge PCA + weather,HistGradientBoosting,
Upper Cherrytown Road,2023-10-01,16,80.61915482929537,Known-trail future months with weather,History + statewide summary + edge PCA + weather,HistGradientBoosting,
Dry Brook Ridge to Lean-to,2023-11-01,25,19.881289150688705,Known-trail future months with weather,History + statewide summary + edge PCA + weather,HistGradientBoosting,
Fox Hollow,2023-11-01,75,89.93667249144504,Known-trail future months with weather,History + statewide summary + edge PCA + weather,HistGradientBoosting,
Hardenburgh- MH Trail,2023-11-01,4,7.234291044600399,Known-trail future months with weather,History + statewide summary + edge PCA + weather,HistGradientBoosting,
Kelly Hollow,2023-11-01,154,140.67750315616792,Known-trail future months with weather,History + statewide summary + edge PCA + weather,HistGradientBoosting,
Lane Street,2023-11-01,57,40.41836255190304,Known-trail future months with weather,History + statewide summary + edge PCA + weather,HistGradientBoosting,
McKenley Hollow,2023-11-01,102,86.38772641642838,Known-trail future months with weather,History + statewide summary + edge PCA + weather,HistGradientBoosting,
Onteora Lake,2023-11-01,246,261.3810339209848,Known-trail future months with weather,History + statewide summary + edge PCA + weather,HistGradientBoosting,
Red Hill Dinch Road,2023-11-01,123,106.92298138983764,Known-trail future months with weather,History + statewide summary + edge PCA + weather,HistGradientBoosting,
Rochester Hollow,2023-11-01,150,170.17232208463722,Known-trail future months with weather,History + statewide summary + edge PCA + weather,HistGradientBoosting,
Seager,2023-11-01,38,28.41914990404441,Known-trail future months with weather,History + statewide summary + edge PCA + weather,HistGradientBoosting,
Upper Cherrytown Road,2023-11-01,1,72.2793448878174,Known-trail future months with weather,History + statewide summary + edge PCA + weather,HistGradientBoosting,
Alder Lake,2023-12-01,45,56.30686825946699,Known-trail future months with weather,History + statewide summary + edge PCA + weather,HistGradientBoosting,
Beaverkill Road to BLM FT,2023-12-01,84,83.07464474195578,Known-trail future months with weather,History + statewide summary + edge PCA + weather,HistGradientBoosting,
Dry Brook Ridge to Lean-to,2023-12-01,12,16.299297728574984,Known-trail future months with weather,History + statewide summary + edge PCA + weather,HistGradientBoosting,
Flynn,2023-12-01,8,19.681690276664373,Known-trail future months with weather,History + statewide summary + edge PCA + weather,HistGradientBoosting,
Fox Hollow,2023-12-01,59,44.404535429464474,Known-trail future months with weather,History + statewide summary + edge PCA + weather,HistGradientBoosting,
Frick Pond,2023-12-01,59,55.485859493667164,Known-trail future months with weather,History + statewide summary + edge PCA + weather,HistGradientBoosting,
Hardenburgh- MH Trail,2023-12-01,0,5.11768531066841,Known-trail future months with weather,History + statewide summary + edge PCA + weather,HistGradientBoosting,
Kelly Hollow,2023-12-01,112,92.25899074130673,Known-trail future months with weather,History + statewide summary + edge PCA + weather,HistGradientBoosting,
Lane Street,2023-12-01,24,36.44569595780212,Known-trail future months with weather,History + statewide summary + edge PCA + weather,HistGradientBoosting,
McKenley Hollow,2023-12-01,97,59.07833446654853,Known-trail future months with weather,History + statewide summary + edge PCA + weather,HistGradientBoosting,
Mt Tremper,2023-12-01,176,131.33246786824927,Known-trail future months with weather,History + statewide summary + edge PCA + weather,HistGradientBoosting,
Neversink Hardenburgh Trail,2023-12-01,10,6.705421830417665,Known-trail future months with weather,History + statewide summary + edge PCA + weather,HistGradientBoosting,
Onteora Lake,2023-12-01,216,122.4976614811161,Known-trail future months with weather,History + statewide summary + edge PCA + weather,HistGradientBoosting,
Red Hill Dinch Road,2023-12-01,97,88.79600704003381,Known-trail future months with weather,History + statewide summary + edge PCA + weather,HistGradientBoosting,
Rider Hollow,2023-12-01,128,106.10630643343269,Known-trail future months with weather,History + statewide summary + edge PCA + weather,HistGradientBoosting,
Rochester Hollow,2023-12-01,125,79.15142277250885,Known-trail future months with weather,History + statewide summary + edge PCA + weather,HistGradientBoosting,
Seager,2023-12-01,22,18.759056989290176,Known-trail future months with weather,History + statewide summary + edge PCA + weather,HistGradientBoosting,
Upper Cherrytown Road,2023-12-01,7,25.328706692498454,Known-trail future months with weather,History + statewide summary + edge PCA + weather,HistGradientBoosting,
Alder Lake,2024-01-01,33,41.60925114447612,Known-trail future months with weather,History + statewide summary + edge PCA + weather,HistGradientBoosting,
Beaverkill Road to BLM FT,2024-01-01,33,60.04941443639751,Known-trail future months with weather,History + statewide summary + edge PCA + weather,HistGradientBoosting,
Cathedral Glen,2024-01-01,6,4.770291887417181,Known-trail future months with weather,History + statewide summary + edge PCA + weather,HistGradientBoosting,
Denning,2024-01-01,59,74.22794177875433,Known-trail future months with weather,History + statewide summary + edge PCA + weather,HistGradientBoosting,
Dry Brook Ridge to Lean-to,2024-01-01,11,10.141111968517999,Known-trail future months with weather,History + statewide summary + edge PCA + weather,HistGradientBoosting,
Flynn,2024-01-01,12,15.616205677602471,Known-trail future months with weather,History + statewide summary + edge PCA + weather,HistGradientBoosting,
Fox Hollow,2024-01-01,20,39.49134505819365,Known-trail future months with weather,History + statewide summary + edge PCA + weather,HistGradientBoosting,
Frick Pond,2024-01-01,53,51.31450907265975,Known-trail future months with weather,History + statewide summary + edge PCA + weather,HistGradientBoosting,
Hardenburgh- MH Trail,2024-01-01,2,2.85727148389309,Known-trail future months with weather,History + statewide summary + edge PCA + weather,HistGradientBoosting,
Kelly Hollow,2024-01-01,44,73.01761668551605,Known-trail future months with weather,History + statewide summary + edge PCA + weather,HistGradientBoosting,
Lane Street,2024-01-01,13,18.887863309759346,Known-trail future months with weather,History + statewide summary + edge PCA + weather,HistGradientBoosting,
McKenley Hollow,2024-01-01,20,61.79345026219634,Known-trail future months with weather,History + statewide summary + edge PCA + weather,HistGradientBoosting,
Mt Tremper,2024-01-01,107,91.71163700542373,Known-trail future months with weather,History + statewide summary + edge PCA + weather,HistGradientBoosting,
Neversink Hardenburgh Trail,2024-01-01,0,1.7818794349922824,Known-trail future months with weather,History + statewide summary + edge PCA + weather,HistGradientBoosting,
Red Hill Dinch Road,2024-01-01,79,69.46853241440468,Known-trail future months with weather,History + statewide summary + edge PCA + weather,HistGradientBoosting,
Rider Hollow,2024-01-01,118,112.45305233156871,Known-trail future months with weather,History + statewide summary + edge PCA + weather,HistGradientBoosting,
Rochester Hollow,2024-01-01,51,74.72402045285264,Known-trail future months with weather,History + statewide summary + edge PCA + weather,HistGradientBoosting,
Seager,2024-01-01,24,14.854647351458249,Known-trail future months with weather,History + statewide summary + edge PCA + weather,HistGradientBoosting,
Alder Lake,2024-02-01,55,35.72779789985922,Known-trail future months with weather,History + statewide summary + edge PCA + weather,HistGradientBoosting,
Beaverkill Road to BLM FT,2024-02-01,81,70.9576119886526,Known-trail future months with weather,History + statewide summary + edge PCA + weather,HistGradientBoosting,
Cathedral Glen,2024-02-01,11,9.307702781926237,Known-trail future months with weather,History + statewide summary + edge PCA + weather,HistGradientBoosting,
Denning,2024-02-01,111,86.40326196663362,Known-trail future months with weather,History + statewide summary + edge PCA + weather,HistGradientBoosting,
Dry Brook Ridge to Lean-to,2024-02-01,22,14.616169873103148,Known-trail future months with weather,History + statewide summary + edge PCA + weather,HistGradientBoosting,
Flynn,2024-02-01,13,14.572853983081123,Known-trail future months with weather,History + statewide summary + edge PCA + weather,HistGradientBoosting,
Fox Hollow,2024-02-01,67,31.46832104472972,Known-trail future months with weather,History + statewide summary + edge PCA + weather,HistGradientBoosting,
Frick Pond,2024-02-01,35,60.550144996604416,Known-trail future months with weather,History + statewide summary + edge PCA + weather,HistGradientBoosting,
Hardenburgh- MH Trail,2024-02-01,17,3.058438909328749,Known-trail future months with weather,History + statewide summary + edge PCA + weather,HistGradientBoosting,
Kelly Hollow,2024-02-01,70,83.691204697676,Known-trail future months with weather,History + statewide summary + edge PCA + weather,HistGradientBoosting,
Lane Street,2024-02-01,27,24.328334697119114,Known-trail future months with weather,History + statewide summary + edge PCA + weather,HistGradientBoosting,
McKenley Hollow,2024-02-01,3,50.9413004698041,Known-trail future months with weather,History + statewide summary + edge PCA + weather,HistGradientBoosting,
Mt Tremper,2024-02-01,103,152.9762024228822,Known-trail future months with weather,History + statewide summary + edge PCA + weather,HistGradientBoosting,
Neversink Hardenburgh Trail,2024-02-01,1,3.653508439710349,Known-trail future months with weather,History + statewide summary + edge PCA + weather,HistGradientBoosting,
Red Hill Dinch Road,2024-02-01,100,81.54257780494754,Known-trail future months with weather,History + statewide summary + edge PCA + weather,HistGradientBoosting,
Rider Hollow,2024-02-01,189,140.74220586591417,Known-trail future months with weather,History + statewide summary + edge PCA + weather,HistGradientBoosting,
Rochester Hollow,2024-02-01,89,78.81196534684764,Known-trail future months with weather,History + statewide summary + edge PCA + weather,HistGradientBoosting,
Seager,2024-02-01,31,24.836396148338057,Known-trail future months with weather,History + statewide summary + edge PCA + weather,HistGradientBoosting,
Alder Lake,2024-03-01,63,64.7429292605944,Known-trail future months with weather,History + statewide summary + edge PCA + weather,HistGradientBoosting,
Beaverkill Road to BLM FT,2024-03-01,82,77.73191680067393,Known-trail future months with weather,History + statewide summary + edge PCA + weather,HistGradientBoosting,
Cathedral Glen,2024-03-01,10,4.988214604897482,Known-trail future months with weather,History + statewide summary + edge PCA + weather,HistGradientBoosting,
Denning,2024-03-01,204,104.23983318916795,Known-trail future months with weather,History + statewide summary + edge PCA + weather,HistGradientBoosting,
Dry Brook Ridge to Lean-to,2024-03-01,10,21.78842785520506,Known-trail future months with weather,History + statewide summary + edge PCA + weather,HistGradientBoosting,
Flynn,2024-03-01,12,17.7952905465296,Known-trail future months with weather,History + statewide summary + edge PCA + weather,HistGradientBoosting,
Fox Hollow,2024-03-01,40,65.54746268226117,Known-trail future months with weather,History + statewide summary + edge PCA + weather,HistGradientBoosting,
Frick Pond,2024-03-01,45,59.63573204170753,Known-trail future months with weather,History + statewide summary + edge PCA + weather,HistGradientBoosting,
Hardenburgh- MH Trail,2024-03-01,4,4.645180117645421,Known-trail future months with weather,History + statewide summary + edge PCA + weather,HistGradientBoosting,
Kelly Hollow,2024-03-01,96,96.16185737067256,Known-trail future months with weather,History + statewide summary + edge PCA + weather,HistGradientBoosting,
Lane Street,2024-03-01,28,28.200278167533092,Known-trail future months with weather,History + statewide summary + edge PCA + weather,HistGradientBoosting,
McKenley Hollow,2024-03-01,7,43.89539173250566,Known-trail future months with weather,History + statewide summary + edge PCA + weather,HistGradientBoosting,
Mt Tremper,2024-03-01,123,136.0127177772315,Known-trail future months with weather,History + statewide summary + edge PCA + weather,HistGradientBoosting,
Neversink Hardenburgh Trail,2024-03-01,4,3.738935012018846,Known-trail future months with weather,History + statewide summary + edge PCA + weather,HistGradientBoosting,
Red Hill Dinch Road,2024-03-01,21,107.2588176619428,Known-trail future months with weather,History + statewide summary + edge PCA + weather,HistGradientBoosting,
Rider Hollow,2024-03-01,166,157.944847437513,Known-trail future months with weather,History + statewide summary + edge PCA + weather,HistGradientBoosting,
Rochester Hollow,2024-03-01,117,101.57436791503514,Known-trail future months with weather,History + statewide summary + edge PCA + weather,HistGradientBoosting,
Seager,2024-03-01,15,29.2276517693018,Known-trail future months with weather,History + statewide summary + edge PCA + weather,HistGradientBoosting,
Woodchuck Hollow,2024-03-01,1,2.9249400657519598,Known-trail future months with weather,History + statewide summary + edge PCA + weather,HistGradientBoosting,
Alder Lake,2024-04-01,127,114.27399773086543,Known-trail future months with weather,History + statewide summary + edge PCA + weather,HistGradientBoosting,
Beaverkill Road to BLM FT,2024-04-01,110,120.5565199932823,Known-trail future months with weather,History + statewide summary + edge PCA + weather,HistGradientBoosting,
Cathedral Glen,2024-04-01,21,6.010980660310039,Known-trail future months with weather,History + statewide summary + edge PCA + weather,HistGradientBoosting,
Denning,2024-04-01,233,156.11908699252953,Known-trail future months with weather,History + statewide summary + edge PCA + weather,HistGradientBoosting,
Dry Brook Ridge to Lean-to,2024-04-01,13,18.979127309158038,Known-trail future months with weather,History + statewide summary + edge PCA + weather,HistGradientBoosting,
Flynn,2024-04-01,18,19.920849896878924,Known-trail future months with weather,History + statewide summary + edge PCA + weather,HistGradientBoosting,
Fox Hollow,2024-04-01,48,60.12898445871314,Known-trail future months with weather,History + statewide summary + edge PCA + weather,HistGradientBoosting,
Frick Pond,2024-04-01,70,61.05872833078044,Known-trail future months with weather,History + statewide summary + edge PCA + weather,HistGradientBoosting,
Hardenburgh- MH Trail,2024-04-01,1,5.646735136358778,Known-trail future months with weather,History + statewide summary + edge PCA + weather,HistGradientBoosting,
Kelly Hollow,2024-04-01,127,139.73527352380717,Known-trail future months with weather,History + statewide summary + edge PCA + weather,HistGradientBoosting,
Lane Street,2024-04-01,36,30.9934175213445,Known-trail future months with weather,History + statewide summary + edge PCA + weather,HistGradientBoosting,
Mt Tremper,2024-04-01,64,177.01404900008905,Known-trail future months with weather,History + statewide summary + edge PCA + weather,HistGradientBoosting,
Neversink Hardenburgh Trail,2024-04-01,4,6.028972791775928,Known-trail future months with weather,History + statewide summary + edge PCA + weather,HistGradientBoosting,
Rider Hollow,2024-04-01,103,105.08002158551201,Known-trail future months with weather,History + statewide summary + edge PCA + weather,HistGradientBoosting,
Rochester Hollow,2024-04-01,99,138.03733399621532,Known-trail future months with weather,History + statewide summary + edge PCA + weather,HistGradientBoosting,
Seager,2024-04-01,40,34.83220918314199,Known-trail future months with weather,History + statewide summary + edge PCA + weather,HistGradientBoosting,
Alder Lake,2024-05-01,147,183.15009073942784,Known-trail future months with weather,History + statewide summary + edge PCA + weather,HistGradientBoosting,
Beaverkill Road to BLM FT,2024-05-01,189,173.5769102045675,Known-trail future months with weather,History + statewide summary + edge PCA + weather,HistGradientBoosting,
Cathedral Glen,2024-05-01,19,20.017758267083995,Known-trail future months with weather,History + statewide summary + edge PCA + weather,HistGradientBoosting,
Denning,2024-05-01,260,296.39525003300093,Known-trail future months with weather,History + statewide summary + edge PCA + weather,HistGradientBoosting,
Dry Brook Ridge to Lean-to,2024-05-01,17,32.415827902050154,Known-trail future months with weather,History + statewide summary + edge PCA + weather,HistGradientBoosting,
Flynn,2024-05-01,24,56.73552589165571,Known-trail future months with weather,History + statewide summary + edge PCA + weather,HistGradientBoosting,
Fox Hollow,2024-05-01,71,71.28829221049381,Known-trail future months with weather,History + statewide summary + edge PCA + weather,HistGradientBoosting,
Frick Pond,2024-05-01,125,132.09741308913385,Known-trail future months with weather,History + statewide summary + edge PCA + weather,HistGradientBoosting,
Hardenburgh- MH Trail,2024-05-01,23,8.927608468082774,Known-trail future months with weather,History + statewide summary + edge PCA + weather,HistGradientBoosting,
Kelly Hollow,2024-05-01,182,185.60197829500652,Known-trail future months with weather,History + statewide summary + edge PCA + weather,HistGradientBoosting,
Lane Street,2024-05-01,54,48.36221852707565,Known-trail future months with weather,History + statewide summary + edge PCA + weather,HistGradientBoosting,
Mt Tremper,2024-05-01,19,224.23618010747487,Known-trail future months with weather,History + statewide summary + edge PCA + weather,HistGradientBoosting,
Neversink Hardenburgh Trail,2024-05-01,34,12.161640336050427,Known-trail future months with weather,History + statewide summary + edge PCA + weather,HistGradientBoosting,
Rider Hollow,2024-05-01,98,171.39775921422654,Known-trail future months with weather,History + statewide summary + edge PCA + weather,HistGradientBoosting,
Rochester Hollow,2024-05-01,182,157.1953487665115,Known-trail future months with weather,History + statewide summary + edge PCA + weather,HistGradientBoosting,
Seager,2024-05-01,53,57.23622098235133,Known-trail future months with weather,History + statewide summary + edge PCA + weather,HistGradientBoosting,
Woodchuck Hollow,2024-05-01,1,3.6216421219528607,Known-trail future months with weather,History + statewide summary + edge PCA + weather,HistGradientBoosting,
Woodland Valley,2024-05-01,99,109.05454697878682,Known-trail future months with weather,History + statewide summary + edge PCA + weather,HistGradientBoosting,
Alder Lake,2024-06-01,168,175.44030687246527,Known-trail future months with weather,History + statewide summary + edge PCA + weather,HistGradientBoosting,
Beaverkill Road to BLM FT,2024-06-01,190,182.4757552325764,Known-trail future months with weather,History + statewide summary + edge PCA + weather,HistGradientBoosting,
Cathedral Glen,2024-06-01,30,19.230925211173044,Known-trail future months with weather,History + statewide summary + edge PCA + weather,HistGradientBoosting,
Denning,2024-06-01,281,302.39925826108396,Known-trail future months with weather,History + statewide summary + edge PCA + weather,HistGradientBoosting,
Dry Brook Ridge to Lean-to,2024-06-01,20,21.7478290870591,Known-trail future months with weather,History + statewide summary + edge PCA + weather,HistGradientBoosting,
Flynn,2024-06-01,30,49.68541915274451,Known-trail future months with weather,History + statewide summary + edge PCA + weather,HistGradientBoosting,
Fox Hollow,2024-06-01,64,80.56213735073005,Known-trail future months with weather,History + statewide summary + edge PCA + weather,HistGradientBoosting,
Frick Pond,2024-06-01,131,150.3698952672631,Known-trail future months with weather,History + statewide summary + edge PCA + weather,HistGradientBoosting,
Hardenburgh- MH Trail,2024-06-01,17,8.562447457245403,Known-trail future months with weather,History + statewide summary + edge PCA + weather,HistGradientBoosting,
Kelly Hollow,2024-06-01,156,180.6678458459956,Known-trail future months with weather,History + statewide summary + edge PCA + weather,HistGradientBoosting,
Lane Street,2024-06-01,71,51.14243780223119,Known-trail future months with weather,History + statewide summary + edge PCA + weather,HistGradientBoosting,
Mt Tremper,2024-06-01,22,121.76447902053482,Known-trail future months with weather,History + statewide summary + edge PCA + weather,HistGradientBoosting,
Neversink Hardenburgh Trail,2024-06-01,13,21.113943852213605,Known-trail future months with weather,History + statewide summary + edge PCA + weather,HistGradientBoosting,
Rider Hollow,2024-06-01,93,115.8554155849158,Known-trail future months with weather,History + statewide summary + edge PCA + weather,HistGradientBoosting,
Rochester Hollow,2024-06-01,113,166.03483949538247,Known-trail future months with weather,History + statewide summary + edge PCA + weather,HistGradientBoosting,
Seager,2024-06-01,73,62.66415746645055,Known-trail future months with weather,History + statewide summary + edge PCA + weather,HistGradientBoosting,
Slide Mt,2024-06-01,593,740.08042723072,Known-trail future months with weather,History + statewide summary + edge PCA + weather,HistGradientBoosting,
Woodland Valley,2024-06-01,70,109.50897913187758,Known-trail future months with weather,History + statewide summary + edge PCA + weather,HistGradientBoosting,
Alder Lake,2024-07-01,299,223.87774854540928,Known-trail future months with weather,History + statewide summary + edge PCA + weather,HistGradientBoosting,
Beaverkill Road to BLM FT,2024-07-01,193,200.61754999529794,Known-trail future months with weather,History + statewide summary + edge PCA + weather,HistGradientBoosting,
Cathedral Glen,2024-07-01,6,16.250867023058632,Known-trail future months with weather,History + statewide summary + edge PCA + weather,HistGradientBoosting,
Denning,2024-07-01,293,320.86407747826587,Known-trail future months with weather,History + statewide summary + edge PCA + weather,HistGradientBoosting,
Dry Brook Ridge to Lean-to,2024-07-01,46,25.03253814462567,Known-trail future months with weather,History + statewide summary + edge PCA + weather,HistGradientBoosting,
Flynn,2024-07-01,64,48.91820584255432,Known-trail future months with weather,History + statewide summary + edge PCA + weather,HistGradientBoosting,
Fox Hollow,2024-07-01,98,86.97113024193173,Known-trail future months with weather,History + statewide summary + edge PCA + weather,HistGradientBoosting,
Frick Pond,2024-07-01,209,172.85080954333947,Known-trail future months with weather,History + statewide summary + edge PCA + weather,HistGradientBoosting,
Giant Ledge,2024-07-01,150,527.9777403112272,Known-trail future months with weather,History + statewide summary + edge PCA + weather,HistGradientBoosting,
Hardenburgh- MH Trail,2024-07-01,16,10.268882342191137,Known-trail future months with weather,History + statewide summary + edge PCA + weather,HistGradientBoosting,
Kelly Hollow,2024-07-01,215,231.44567710372965,Known-trail future months with weather,History + statewide summary + edge PCA + weather,HistGradientBoosting,
Lane Street,2024-07-01,81,52.493469958855435,Known-trail future months with weather,History + statewide summary + edge PCA + weather,HistGradientBoosting,
Mt Tremper,2024-07-01,35,113.47919803827456,Known-trail future months with weather,History + statewide summary + edge PCA + weather,HistGradientBoosting,
Neversink Hardenburgh Trail,2024-07-01,21,17.834635378363227,Known-trail future months with weather,History + statewide summary + edge PCA + weather,HistGradientBoosting,
Rider Hollow,2024-07-01,128,155.26220103099547,Known-trail future months with weather,History + statewide summary + edge PCA + weather,HistGradientBoosting,
Rochester Hollow,2024-07-01,229,182.1026296404888,Known-trail future months with weather,History + statewide summary + edge PCA + weather,HistGradientBoosting,
Seager,2024-07-01,78,73.08524207756136,Known-trail future months with weather,History + statewide summary + edge PCA + weather,HistGradientBoosting,
Slide Mt,2024-07-01,868,785.9107067874525,Known-trail future months with weather,History + statewide summary + edge PCA + weather,HistGradientBoosting,
Woodchuck Hollow,2024-07-01,5,3.4119916549211506,Known-trail future months with weather,History + statewide summary + edge PCA + weather,HistGradientBoosting,
Woodland Valley,2024-07-01,12,141.2914907528252,Known-trail future months with weather,History + statewide summary + edge PCA + weather,HistGradientBoosting,
Alder Lake,2024-08-01,303,258.9767948291751,Known-trail future months with weather,History + statewide summary + edge PCA + weather,HistGradientBoosting,
Beaverkill Road to BLM FT,2024-08-01,196,219.8380600369303,Known-trail future months with weather,History + statewide summary + edge PCA + weather,HistGradientBoosting,
Cathedral Glen,2024-08-01,32,13.899273261372073,Known-trail future months with weather,History + statewide summary + edge PCA + weather,HistGradientBoosting,
Denning,2024-08-01,270,284.90355215493304,Known-trail future months with weather,History + statewide summary + edge PCA + weather,HistGradientBoosting,
Dry Brook Ridge to Lean-to,2024-08-01,33,26.507697416812764,Known-trail future months with weather,History + statewide summary + edge PCA + weather,HistGradientBoosting,
Flynn,2024-08-01,25,77.54117203432016,Known-trail future months with weather,History + statewide summary + edge PCA + weather,HistGradientBoosting,
Fox Hollow,2024-08-01,114,104.35491173174505,Known-trail future months with weather,History + statewide summary + edge PCA + weather,HistGradientBoosting,
Frick Pond,2024-08-01,192,166.9918424644945,Known-trail future months with weather,History + statewide summary + edge PCA + weather,HistGradientBoosting,
Hardenburgh- MH Trail,2024-08-01,9,14.598034934312548,Known-trail future months with weather,History + statewide summary + edge PCA + weather,HistGradientBoosting,
Kelly Hollow,2024-08-01,248,246.72556389819553,Known-trail future months with weather,History + statewide summary + edge PCA + weather,HistGradientBoosting,
Lane Street,2024-08-01,56,71.15598272093922,Known-trail future months with weather,History + statewide summary + edge PCA + weather,HistGradientBoosting,
Millbrook to BLM FT,2024-08-01,392,315.84615000387396,Known-trail future months with weather,History + statewide summary + edge PCA + weather,HistGradientBoosting,
Mt Tremper,2024-08-01,587,108.45228250129591,Known-trail future months with weather,History + statewide summary + edge PCA + weather,HistGradientBoosting,
Neversink Hardenburgh Trail,2024-08-01,11,28.483877150768674,Known-trail future months with weather,History + statewide summary + edge PCA + weather,HistGradientBoosting,
Rider Hollow,2024-08-01,150,171.90584779237756,Known-trail future months with weather,History + statewide summary + edge PCA + weather,HistGradientBoosting,
Rochester Hollow,2024-08-01,261,203.5099203847044,Known-trail future months with weather,History + statewide summary + edge PCA + weather,HistGradientBoosting,
Seager,2024-08-01,63,91.47968075180532,Known-trail future months with weather,History + statewide summary + edge PCA + weather,HistGradientBoosting,
Slide Mt,2024-08-01,1077,742.333152985329,Known-trail future months with weather,History + statewide summary + edge PCA + weather,HistGradientBoosting,
Woodchuck Hollow,2024-08-01,2,2.3919246583471074,Known-trail future months with weather,History + statewide summary + edge PCA + weather,HistGradientBoosting,
Woodland Valley,2024-08-01,9,54.386180552134356,Known-trail future months with weather,History + statewide summary + edge PCA + weather,HistGradientBoosting,
Alder Lake,2024-09-01,229,199.4526023940712,Known-trail future months with weather,History + statewide summary + edge PCA + weather,HistGradientBoosting,
Ashokan HP,2024-09-01,127,143.13080027231797,Known-trail future months with weather,History + statewide summary + edge PCA + weather,HistGradientBoosting,
Beaverkill Road to BLM FT,2024-09-01,203,158.6728984154435,Known-trail future months with weather,History + statewide summary + edge PCA + weather,HistGradientBoosting,
Cathedral Glen,2024-09-01,6,19.50511023571484,Known-trail future months with weather,History + statewide summary + edge PCA + weather,HistGradientBoosting,
Denning,2024-09-01,243,236.75849513999293,Known-trail future months with weather,History + statewide summary + edge PCA + weather,HistGradientBoosting,
Dry Brook Ridge to Lean-to,2024-09-01,14,23.65605798238387,Known-trail future months with weather,History + statewide summary + edge PCA + weather,HistGradientBoosting,
Flynn,2024-09-01,71,27.747527378536937,Known-trail future months with weather,History + statewide summary + edge PCA + weather,HistGradientBoosting,
Fox Hollow,2024-09-01,36,92.31895749891319,Known-trail future months with weather,History + statewide summary + edge PCA + weather,HistGradientBoosting,
Frick Pond,2024-09-01,200,116.50997964221239,Known-trail future months with weather,History + statewide summary + edge PCA + weather,HistGradientBoosting,
Giant Ledge,2024-09-01,116,295.87679419689164,Known-trail future months with weather,History + statewide summary + edge PCA + weather,HistGradientBoosting,
Hardenburgh- MH Trail,2024-09-01,13,9.255291838881648,Known-trail future months with weather,History + statewide summary + edge PCA + weather,HistGradientBoosting,
Kelly Hollow,2024-09-01,125,202.39937754157933,Known-trail future months with weather,History + statewide summary + edge PCA + weather,HistGradientBoosting,
Lane Street,2024-09-01,39,51.755152399813056,Known-trail future months with weather,History + statewide summary + edge PCA + weather,HistGradientBoosting,
Millbrook to BLM FT,2024-09-01,347,300.8332344544963,Known-trail future months with weather,History + statewide summary + edge PCA + weather,HistGradientBoosting,
Neversink Hardenburgh Trail,2024-09-01,17,13.283751666116176,Known-trail future months with weather,History + statewide summary + edge PCA + weather,HistGradientBoosting,
Overlook,2024-09-01,717,851.5058022275566,Known-trail future months with weather,History + statewide summary + edge PCA + weather,HistGradientBoosting,
Rider Hollow,2024-09-01,91,145.96936223512796,Known-trail future months with weather,History + statewide summary + edge PCA + weather,HistGradientBoosting,
Rochester Hollow,2024-09-01,131,188.6167825130636,Known-trail future months with weather,History + statewide summary + edge PCA + weather,HistGradientBoosting,
Slide Mt,2024-09-01,783,726.9110475854885,Known-trail future months with weather,History + statewide summary + edge PCA + weather,HistGradientBoosting,
Wittenberg,2024-09-01,414,428.36522030375835,Known-trail future months with weather,History + statewide summary + edge PCA + weather,HistGradientBoosting,
Woodchuck Hollow,2024-09-01,4,1.250174304245777,Known-trail future months with weather,History + statewide summary + edge PCA + weather,HistGradientBoosting,
Woodland Valley,2024-09-01,35,33.546683867766895,Known-trail future months with weather,History + statewide summary + edge PCA + weather,HistGradientBoosting,
Alder Lake,2024-10-01,17,189.8338822128242,Known-trail future months with weather,History + statewide summary + edge PCA + weather,HistGradientBoosting,
Ashokan HP,2024-10-01,260,146.75321168034412,Known-trail future months with weather,History + statewide summary + edge PCA + weather,HistGradientBoosting,
Beaverkill Road to BLM FT,2024-10-01,12,202.1787335495722,Known-trail future months with weather,History + statewide summary + edge PCA + weather,HistGradientBoosting,
Denning,2024-10-01,306,258.88743158212526,Known-trail future months with weather,History + statewide summary + edge PCA + weather,HistGradientBoosting,
Flynn,2024-10-01,1,38.342655143330276,Known-trail future months with weather,History + statewide summary + edge PCA + weather,HistGradientBoosting,
Frick Pond,2024-10-01,6,159.10342950667547,Known-trail future months with weather,History + statewide summary + edge PCA + weather,HistGradientBoosting,
Giant Ledge,2024-10-01,1383,302.46687035835515,Known-trail future months with weather,History + statewide summary + edge PCA + weather,HistGradientBoosting,
Millbrook to BLM FT,2024-10-01,462,309.9721947583557,Known-trail future months with weather,History + statewide summary + edge PCA + weather,HistGradientBoosting,
Neversink Hardenburgh Trail,2024-10-01,31,18.09702698787415,Known-trail future months with weather,History + statewide summary + edge PCA + weather,HistGradientBoosting,
Overlook,2024-10-01,1143,913.9647647293464,Known-trail future months with weather,History + statewide summary + edge PCA + weather,HistGradientBoosting,
Slide Mt,2024-10-01,757,799.7743963737978,Known-trail future months with weather,History + statewide summary + edge PCA + weather,HistGradientBoosting,
Wittenberg,2024-10-01,638,463.8019149937458,Known-trail future months with weather,History + statewide summary + edge PCA + weather,HistGradientBoosting,
Woodchuck Hollow,2024-10-01,4,2.5894173988862343,Known-trail future months with weather,History + statewide summary + edge PCA + weather,HistGradientBoosting,
Woodland Valley,2024-10-01,182,35.16459448366152,Known-trail future months with weather,History + statewide summary + edge PCA + weather,HistGradientBoosting,
Ashokan HP,2024-11-01,63,156.87206321212804,Known-trail future months with weather,History + statewide summary + edge PCA + weather,HistGradientBoosting,
Denning,2024-11-01,76,190.80224030241877,Known-trail future months with weather,History + statewide summary + edge PCA + weather,HistGradientBoosting,
Giant Ledge,2024-11-01,404,373.78101474005933,Known-trail future months with weather,History + statewide summary + edge PCA + weather,HistGradientBoosting,
Millbrook to BLM FT,2024-11-01,251,253.36283775241088,Known-trail future months with weather,History + statewide summary + edge PCA + weather,HistGradientBoosting,
Overlook,2024-11-01,843,444.10050758323075,Known-trail future months with weather,History + statewide summary + edge PCA + weather,HistGradientBoosting,
Wittenberg,2024-11-01,289,261.25373188524964,Known-trail future months with weather,History + statewide summary + edge PCA + weather,HistGradientBoosting,
Woodchuck Hollow,2024-11-01,4,3.0878979430870697,Known-trail future months with weather,History + statewide summary + edge PCA + weather,HistGradientBoosting,
Woodland Valley,2024-11-01,88,54.60850409611753,Known-trail future months with weather,History + statewide summary + edge PCA + weather,HistGradientBoosting,
Ashokan HP,2024-12-01,53,67.96190632387399,Known-trail future months with weather,History + statewide summary + edge PCA + weather,HistGradientBoosting,
Giant Ledge,2024-12-01,235,251.9620331106396,Known-trail future months with weather,History + statewide summary + edge PCA + weather,HistGradientBoosting,
Millbrook to BLM FT,2024-12-01,133,185.79716380899967,Known-trail future months with weather,History + statewide summary + edge PCA + weather,HistGradientBoosting,
Overlook,2024-12-01,291,372.7162787040386,Known-trail future months with weather,History + statewide summary + edge PCA + weather,HistGradientBoosting,
Wittenberg,2024-12-01,115,145.6187530695336,Known-trail future months with weather,History + statewide summary + edge PCA + weather,HistGradientBoosting,
Woodland Valley,2024-12-01,25,40.2758649277044,Known-trail future months with weather,History + statewide summary + edge PCA + weather,HistGradientBoosting,
Ashokan HP,2025-01-01,35,66.75159833972138,Known-trail future months with weather,History + statewide summary + edge PCA + weather,HistGradientBoosting,
Giant Ledge,2025-01-01,268,253.85879831459943,Known-trail future months with weather,History + statewide summary + edge PCA + weather,HistGradientBoosting,
Millbrook to BLM FT,2025-01-01,143,163.48787348434107,Known-trail future months with weather,History + statewide summary + edge PCA + weather,HistGradientBoosting,
Overlook,2025-01-01,358,293.73590849290457,Known-trail future months with weather,History + statewide summary + edge PCA + weather,HistGradientBoosting,
Wittenberg,2025-01-01,103,112.69348619471509,Known-trail future months with weather,History + statewide summary + edge PCA + weather,HistGradientBoosting,
Woodland Valley,2025-01-01,15,24.72756452353847,Known-trail future months with weather,History + statewide summary + edge PCA + weather,HistGradientBoosting,
Ashokan HP,2025-02-01,27,51.91096386208581,Known-trail future months with weather,History + statewide summary + edge PCA + weather,HistGradientBoosting,
Giant Ledge,2025-02-01,184,242.73984263170104,Known-trail future months with weather,History + statewide summary + edge PCA + weather,HistGradientBoosting,
Millbrook to BLM FT,2025-02-01,139,156.02088339529126,Known-trail future months with weather,History + statewide summary + edge PCA + weather,HistGradientBoosting,
Overlook,2025-02-01,182,339.04938921938486,Known-trail future months with weather,History + statewide summary + edge PCA + weather,HistGradientBoosting,
Wittenberg,2025-02-01,55,113.87527488756102,Known-trail future months with weather,History + statewide summary + edge PCA + weather,HistGradientBoosting,
Woodland Valley,2025-02-01,30,26.61947202656238,Known-trail future months with weather,History + statewide summary + edge PCA + weather,HistGradientBoosting,
Ashokan HP,2025-03-01,83,59.763377078975395,Known-trail future months with weather,History + statewide summary + edge PCA + weather,HistGradientBoosting,
Giant Ledge,2025-03-01,371,209.0370746413956,Known-trail future months with weather,History + statewide summary + edge PCA + weather,HistGradientBoosting,
Millbrook to BLM FT,2025-03-01,131,162.29828088304615,Known-trail future months with weather,History + statewide summary + edge PCA + weather,HistGradientBoosting,
Overlook,2025-03-01,426,243.49648900240845,Known-trail future months with weather,History + statewide summary + edge PCA + weather,HistGradientBoosting,
Wittenberg,2025-03-01,126,116.6825326900987,Known-trail future months with weather,History + statewide summary + edge PCA + weather,HistGradientBoosting,
Woodland Valley,2025-03-01,41,28.392122753816093,Known-trail future months with weather,History + statewide summary + edge PCA + weather,HistGradientBoosting,
Ashokan HP,2025-04-01,89,99.5670911510703,Known-trail future months with weather,History + statewide summary + edge PCA + weather,HistGradientBoosting,
Giant Ledge,2025-04-01,341,348.58195366811356,Known-trail future months with weather,History + statewide summary + edge PCA + weather,HistGradientBoosting,
Millbrook to BLM FT,2025-04-01,173,158.57722097749894,Known-trail future months with weather,History + statewide summary + edge PCA + weather,HistGradientBoosting,
Overlook,2025-04-01,576,456.1840468759942,Known-trail future months with weather,History + statewide summary + edge PCA + weather,HistGradientBoosting,
Wittenberg,2025-04-01,47,164.8302906293244,Known-trail future months with weather,History + statewide summary + edge PCA + weather,HistGradientBoosting,
Woodland Valley,2025-04-01,47,51.31493967602986,Known-trail future months with weather,History + statewide summary + edge PCA + weather,HistGradientBoosting,
Ashokan HP,2025-05-01,72,153.29683556377094,Known-trail future months with weather,History + statewide summary + edge PCA + weather,HistGradientBoosting,
Giant Ledge,2025-05-01,403,523.6655279743337,Known-trail future months with weather,History + statewide summary + edge PCA + weather,HistGradientBoosting,
Millbrook to BLM FT,2025-05-01,277,254.73896811410356,Known-trail future months with weather,History + statewide summary + edge PCA + weather,HistGradientBoosting,
Overlook,2025-05-01,828,965.9737744701031,Known-trail future months with weather,History + statewide summary + edge PCA + weather,HistGradientBoosting,
Wittenberg,2025-05-01,477,169.84344159323808,Known-trail future months with weather,History + statewide summary + edge PCA + weather,HistGradientBoosting,
Woodland Valley,2025-05-01,13,60.91488174099216,Known-trail future months with weather,History + statewide summary + edge PCA + weather,HistGradientBoosting,
Ashokan HP,2025-06-01,160,124.97119853354975,Known-trail future months with weather,History + statewide summary + edge PCA + weather,HistGradientBoosting,
Giant Ledge,2025-06-01,629,407.316638113968,Known-trail future months with weather,History + statewide summary + edge PCA + weather,HistGradientBoosting,
Millbrook to BLM FT,2025-06-01,231,285.0560623263127,Known-trail future months with weather,History + statewide summary + edge PCA + weather,HistGradientBoosting,
Overlook,2025-06-01,854,563.6027086902003,Known-trail future months with weather,History + statewide summary + edge PCA + weather,HistGradientBoosting,
Wittenberg,2025-06-01,532,330.8458379003464,Known-trail future months with weather,History + statewide summary + edge PCA + weather,HistGradientBoosting,
Ashokan HP,2025-07-01,260,174.91473720340375,Known-trail future months with weather,History + statewide summary + edge PCA + weather,HistGradientBoosting,
Giant Ledge,2025-07-01,400,661.2789070078971,Known-trail future months with weather,History + statewide summary + edge PCA + weather,HistGradientBoosting,
Millbrook to BLM FT,2025-07-01,340,327.32753814397,Known-trail future months with weather,History + statewide summary + edge PCA + weather,HistGradientBoosting,
Overlook,2025-07-01,1038,994.3246756812728,Known-trail future months with weather,History + statewide summary + edge PCA + weather,HistGradientBoosting,
Wittenberg,2025-07-01,587,548.0653993548736,Known-trail future months with weather,History + statewide summary + edge PCA + weather,HistGradientBoosting,
Ashokan HP,2025-08-01,173,214.57185318761398,Known-trail future months with weather,History + statewide summary + edge PCA + weather,HistGradientBoosting,
Millbrook to BLM FT,2025-08-01,354,299.6819169835134,Known-trail future months with weather,History + statewide summary + edge PCA + weather,HistGradientBoosting,
Overlook,2025-08-01,698,960.1487923189269,Known-trail future months with weather,History + statewide summary + edge PCA + weather,HistGradientBoosting,
Wittenberg,2025-08-01,751,544.6707510095231,Known-trail future months with weather,History + statewide summary + edge PCA + weather,HistGradientBoosting,
Ashokan HP,2025-09-01,101,145.92183589263632,Known-trail future months with weather,History + statewide summary + edge PCA + weather,HistGradientBoosting,
Millbrook to BLM FT,2025-09-01,14,247.850353270092,Known-trail future months with weather,History + statewide summary + edge PCA + weather,HistGradientBoosting,
Overlook,2025-09-01,27,863.4420712299433,Known-trail future months with weather,History + statewide summary + edge PCA + weather,HistGradientBoosting,
Wittenberg,2025-09-01,506,483.77732165535264,Known-trail future months with weather,History + statewide summary + edge PCA + weather,HistGradientBoosting,
Ashokan HP,2025-10-01,117,160.01633039586142,Known-trail future months with weather,History + statewide summary + edge PCA + weather,HistGradientBoosting,
Overlook,2025-10-01,4,249.31071117401413,Known-trail future months with weather,History + statewide summary + edge PCA + weather,HistGradientBoosting,
Wittenberg,2025-10-01,589,538.6928429442227,Known-trail future months with weather,History + statewide summary + edge PCA + weather,HistGradientBoosting,
