location,start_date,end_date,year,month,visitation_count,frequency,source_file,source_sheet,source_row,source_col,target_processing
Elm Ridge,2020-07-22,2020-07-22,2020,7,77.0,daily,Elm Ridge Hike+Bike RAW (1).csv,aggregated,0,0,aggregated_daily_from_hourly; source_records=12
Elm Ridge,2020-07-23,2020-07-23,2020,7,133.0,daily,Elm Ridge Hike+Bike RAW (1).csv,aggregated,0,0,aggregated_daily_from_hourly; source_records=24
Elm Ridge,2020-07-24,2020-07-24,2020,7,172.0,daily,Elm Ridge Hike+Bike RAW (1).csv,aggregated,0,0,aggregated_daily_from_hourly; source_records=24
Elm Ridge,2020-07-25,2020-07-25,2020,7,350.0,daily,Elm Ridge Hike+Bike RAW (1).csv,aggregated,0,0,aggregated_daily_from_hourly; source_records=24
Elm Ridge,2020-07-26,2020-07-26,2020,7,291.0,daily,Elm Ridge Hike+Bike RAW (1).csv,aggregated,0,0,aggregated_daily_from_hourly; source_records=24
Elm Ridge,2020-07-27,2020-07-27,2020,7,141.0,daily,Elm Ridge Hike+Bike RAW (1).csv,aggregated,0,0,aggregated_daily_from_hourly; source_records=24
Elm Ridge,2020-07-28,2020-07-28,2020,7,172.0,daily,Elm Ridge Hike+Bike RAW (1).csv,aggregated,0,0,aggregated_daily_from_hourly; source_records=24
Elm Ridge,2020-07-29,2020-07-29,2020,7,140.0,daily,Elm Ridge Hike+Bike RAW (1).csv,aggregated,0,0,aggregated_daily_from_hourly; source_records=24
Elm Ridge,2020-07-30,2020-07-30,2020,7,85.0,daily,Elm Ridge Hike+Bike RAW (1).csv,aggregated,0,0,aggregated_daily_from_hourly; source_records=24
Elm Ridge,2020-07-31,2020-07-31,2020,7,192.0,daily,Elm Ridge Hike+Bike RAW (1).csv,aggregated,0,0,aggregated_daily_from_hourly; source_records=24
Elm Ridge,2020-08-01,2020-08-01,2020,8,389.0,daily,Elm Ridge Hike+Bike RAW (1).csv,aggregated,0,0,aggregated_daily_from_hourly; source_records=24
Elm Ridge,2020-08-02,2020-08-02,2020,8,162.0,daily,Elm Ridge Hike+Bike RAW (1).csv,aggregated,0,0,aggregated_daily_from_hourly; source_records=24
Elm Ridge,2020-08-03,2020-08-03,2020,8,170.0,daily,Elm Ridge Hike+Bike RAW (1).csv,aggregated,0,0,aggregated_daily_from_hourly; source_records=24
Elm Ridge,2020-08-04,2020-08-04,2020,8,9.0,daily,Elm Ridge Hike+Bike RAW (1).csv,aggregated,0,0,aggregated_daily_from_hourly; source_records=24
Elm Ridge,2020-08-05,2020-08-05,2020,8,99.0,daily,Elm Ridge Hike+Bike RAW (1).csv,aggregated,0,0,aggregated_daily_from_hourly; source_records=23
Elm Ridge,2020-08-06,2020-08-06,2020,8,197.0,daily,Elm Ridge Hike+Bike RAW (1).csv,aggregated,0,0,aggregated_daily_from_hourly; source_records=24
Elm Ridge,2020-08-07,2020-08-07,2020,8,104.0,daily,Elm Ridge Hike+Bike RAW (1).csv,aggregated,0,0,aggregated_daily_from_hourly; source_records=24
Elm Ridge,2020-08-08,2020-08-08,2020,8,431.0,daily,Elm Ridge Hike+Bike RAW (1).csv,aggregated,0,0,aggregated_daily_from_hourly; source_records=24
Elm Ridge,2020-08-09,2020-08-09,2020,8,271.0,daily,Elm Ridge Hike+Bike RAW (1).csv,aggregated,0,0,aggregated_daily_from_hourly; source_records=24
Elm Ridge,2020-08-10,2020-08-10,2020,8,127.0,daily,Elm Ridge Hike+Bike RAW (1).csv,aggregated,0,0,aggregated_daily_from_hourly; source_records=24
Elm Ridge,2020-08-11,2020-08-11,2020,8,198.0,daily,Elm Ridge Hike+Bike RAW (1).csv,aggregated,0,0,aggregated_daily_from_hourly; source_records=24
Elm Ridge,2020-08-12,2020-08-12,2020,8,185.0,daily,Elm Ridge Hike+Bike RAW (1).csv,aggregated,0,0,aggregated_daily_from_hourly; source_records=24
Elm Ridge,2020-08-13,2020-08-13,2020,8,197.0,daily,Elm Ridge Hike+Bike RAW (1).csv,aggregated,0,0,aggregated_daily_from_hourly; source_records=24
Elm Ridge,2020-08-14,2020-08-14,2020,8,196.0,daily,Elm Ridge Hike+Bike RAW (1).csv,aggregated,0,0,aggregated_daily_from_hourly; source_records=24
Elm Ridge,2020-08-15,2020-08-15,2020,8,449.0,daily,Elm Ridge Hike+Bike RAW (1).csv,aggregated,0,0,aggregated_daily_from_hourly; source_records=24
Elm Ridge,2020-08-16,2020-08-16,2020,8,361.0,daily,Elm Ridge Hike+Bike RAW (1).csv,aggregated,0,0,aggregated_daily_from_hourly; source_records=24
Elm Ridge,2020-08-17,2020-08-17,2020,8,226.0,daily,Elm Ridge Hike+Bike RAW (1).csv,aggregated,0,0,aggregated_daily_from_hourly; source_records=24
Elm Ridge,2020-08-18,2020-08-18,2020,8,213.0,daily,Elm Ridge Hike+Bike RAW (1).csv,aggregated,0,0,aggregated_daily_from_hourly; source_records=24
Elm Ridge,2020-08-19,2020-08-19,2020,8,190.0,daily,Elm Ridge Hike+Bike RAW (1).csv,aggregated,0,0,aggregated_daily_from_hourly; source_records=24
Elm Ridge,2020-08-20,2020-08-20,2020,8,268.0,daily,Elm Ridge Hike+Bike RAW (1).csv,aggregated,0,0,aggregated_daily_from_hourly; source_records=24
Elm Ridge,2020-08-21,2020-08-21,2020,8,281.0,daily,Elm Ridge Hike+Bike RAW (1).csv,aggregated,0,0,aggregated_daily_from_hourly; source_records=24
Elm Ridge,2020-08-22,2020-08-22,2020,8,405.0,daily,Elm Ridge Hike+Bike RAW (1).csv,aggregated,0,0,aggregated_daily_from_hourly; source_records=24
Elm Ridge,2020-08-23,2020-08-23,2020,8,215.0,daily,Elm Ridge Hike+Bike RAW (1).csv,aggregated,0,0,aggregated_daily_from_hourly; source_records=24
Elm Ridge,2020-08-24,2020-08-24,2020,8,137.0,daily,Elm Ridge Hike+Bike RAW (1).csv,aggregated,0,0,aggregated_daily_from_hourly; source_records=24
Elm Ridge,2020-08-25,2020-08-25,2020,8,189.0,daily,Elm Ridge Hike+Bike RAW (1).csv,aggregated,0,0,aggregated_daily_from_hourly; source_records=24
Elm Ridge,2020-08-26,2020-08-26,2020,8,318.0,daily,Elm Ridge Hike+Bike RAW (1).csv,aggregated,0,0,aggregated_daily_from_hourly; source_records=24
Elm Ridge,2020-08-27,2020-08-27,2020,8,46.0,daily,Elm Ridge Hike+Bike RAW (1).csv,aggregated,0,0,aggregated_daily_from_hourly; source_records=24
Elm Ridge,2020-08-28,2020-08-28,2020,8,285.0,daily,Elm Ridge Hike+Bike RAW (1).csv,aggregated,0,0,aggregated_daily_from_hourly; source_records=24
Elm Ridge,2020-08-29,2020-08-29,2020,8,161.0,daily,Elm Ridge Hike+Bike RAW (1).csv,aggregated,0,0,aggregated_daily_from_hourly; source_records=24
Elm Ridge,2020-08-30,2020-08-30,2020,8,435.0,daily,Elm Ridge Hike+Bike RAW (1).csv,aggregated,0,0,aggregated_daily_from_hourly; source_records=24
Elm Ridge,2020-08-31,2020-08-31,2020,8,169.0,daily,Elm Ridge Hike+Bike RAW (1).csv,aggregated,0,0,aggregated_daily_from_hourly; source_records=24
Elm Ridge,2020-09-01,2020-09-01,2020,9,123.0,daily,Elm Ridge Hike+Bike RAW (1).csv,aggregated,0,0,aggregated_daily_from_hourly; source_records=23
Elm Ridge,2020-09-02,2020-09-02,2020,9,19.0,daily,Elm Ridge Hike+Bike RAW (1).csv,aggregated,0,0,aggregated_daily_from_hourly; source_records=24
Elm Ridge,2020-09-03,2020-09-03,2020,9,186.0,daily,Elm Ridge Hike+Bike RAW (1).csv,aggregated,0,0,aggregated_daily_from_hourly; source_records=24
Elm Ridge,2020-09-04,2020-09-04,2020,9,245.0,daily,Elm Ridge Hike+Bike RAW (1).csv,aggregated,0,0,aggregated_daily_from_hourly; source_records=24
Elm Ridge,2020-09-05,2020-09-05,2020,9,614.0,daily,Elm Ridge Hike+Bike RAW (1).csv,aggregated,0,0,aggregated_daily_from_hourly; source_records=24
Elm Ridge,2020-09-06,2020-09-06,2020,9,474.0,daily,Elm Ridge Hike+Bike RAW (1).csv,aggregated,0,0,aggregated_daily_from_hourly; source_records=24
Elm Ridge,2020-09-07,2020-09-07,2020,9,339.0,daily,Elm Ridge Hike+Bike RAW (1).csv,aggregated,0,0,aggregated_daily_from_hourly; source_records=24
Elm Ridge,2020-09-08,2020-09-08,2020,9,99.0,daily,Elm Ridge Hike+Bike RAW (1).csv,aggregated,0,0,aggregated_daily_from_hourly; source_records=24
Elm Ridge,2020-09-09,2020-09-09,2020,9,123.0,daily,Elm Ridge Hike+Bike RAW (1).csv,aggregated,0,0,aggregated_daily_from_hourly; source_records=24
Elm Ridge,2020-09-10,2020-09-10,2020,9,33.0,daily,Elm Ridge Hike+Bike RAW (1).csv,aggregated,0,0,aggregated_daily_from_hourly; source_records=24
Elm Ridge,2020-09-11,2020-09-11,2020,9,136.0,daily,Elm Ridge Hike+Bike RAW (1).csv,aggregated,0,0,aggregated_daily_from_hourly; source_records=24
Elm Ridge,2020-09-12,2020-09-12,2020,9,319.0,daily,Elm Ridge Hike+Bike RAW (1).csv,aggregated,0,0,aggregated_daily_from_hourly; source_records=24
Elm Ridge,2020-09-13,2020-09-13,2020,9,211.0,daily,Elm Ridge Hike+Bike RAW (1).csv,aggregated,0,0,aggregated_daily_from_hourly; source_records=24
Elm Ridge,2020-09-14,2020-09-14,2020,9,76.0,daily,Elm Ridge Hike+Bike RAW (1).csv,aggregated,0,0,aggregated_daily_from_hourly; source_records=24
Elm Ridge,2020-09-15,2020-09-15,2020,9,99.0,daily,Elm Ridge Hike+Bike RAW (1).csv,aggregated,0,0,aggregated_daily_from_hourly; source_records=24
Elm Ridge,2020-09-16,2020-09-16,2020,9,105.0,daily,Elm Ridge Hike+Bike RAW (1).csv,aggregated,0,0,aggregated_daily_from_hourly; source_records=24
Elm Ridge,2020-09-17,2020-09-17,2020,9,96.0,daily,Elm Ridge Hike+Bike RAW (1).csv,aggregated,0,0,aggregated_daily_from_hourly; source_records=24
Elm Ridge,2020-09-18,2020-09-18,2020,9,127.0,daily,Elm Ridge Hike+Bike RAW (1).csv,aggregated,0,0,aggregated_daily_from_hourly; source_records=24
Elm Ridge,2020-09-19,2020-09-19,2020,9,429.0,daily,Elm Ridge Hike+Bike RAW (1).csv,aggregated,0,0,aggregated_daily_from_hourly; source_records=24
Elm Ridge,2020-09-20,2020-09-20,2020,9,249.0,daily,Elm Ridge Hike+Bike RAW (1).csv,aggregated,0,0,aggregated_daily_from_hourly; source_records=24
Elm Ridge,2020-09-21,2020-09-21,2020,9,143.0,daily,Elm Ridge Hike+Bike RAW (1).csv,aggregated,0,0,aggregated_daily_from_hourly; source_records=24
Elm Ridge,2020-09-22,2020-09-22,2020,9,109.0,daily,Elm Ridge Hike+Bike RAW (1).csv,aggregated,0,0,aggregated_daily_from_hourly; source_records=24
Elm Ridge,2020-09-23,2020-09-23,2020,9,93.0,daily,Elm Ridge Hike+Bike RAW (1).csv,aggregated,0,0,aggregated_daily_from_hourly; source_records=24
Elm Ridge,2020-09-24,2020-09-24,2020,9,60.0,daily,Elm Ridge Hike+Bike RAW (1).csv,aggregated,0,0,aggregated_daily_from_hourly; source_records=24
Elm Ridge,2020-09-25,2020-09-25,2020,9,169.0,daily,Elm Ridge Hike+Bike RAW (1).csv,aggregated,0,0,aggregated_daily_from_hourly; source_records=24
Elm Ridge,2020-09-26,2020-09-26,2020,9,512.0,daily,Elm Ridge Hike+Bike RAW (1).csv,aggregated,0,0,aggregated_daily_from_hourly; source_records=24
Elm Ridge,2020-09-27,2020-09-27,2020,9,462.0,daily,Elm Ridge Hike+Bike RAW (1).csv,aggregated,0,0,aggregated_daily_from_hourly; source_records=24
Elm Ridge,2020-09-28,2020-09-28,2020,9,127.0,daily,Elm Ridge Hike+Bike RAW (1).csv,aggregated,0,0,aggregated_daily_from_hourly; source_records=24
Elm Ridge,2020-09-29,2020-09-29,2020,9,63.0,daily,Elm Ridge Hike+Bike RAW (1).csv,aggregated,0,0,aggregated_daily_from_hourly; source_records=24
Elm Ridge,2020-09-30,2020-09-30,2020,9,37.0,daily,Elm Ridge Hike+Bike RAW (1).csv,aggregated,0,0,aggregated_daily_from_hourly; source_records=24
Elm Ridge,2020-10-01,2020-10-01,2020,10,122.0,daily,Elm Ridge Hike+Bike RAW (1).csv,aggregated,0,0,aggregated_daily_from_hourly; source_records=23
Elm Ridge,2020-10-02,2020-10-02,2020,10,122.0,daily,Elm Ridge Hike+Bike RAW (1).csv,aggregated,0,0,aggregated_daily_from_hourly; source_records=24
Elm Ridge,2020-10-03,2020-10-03,2020,10,476.0,daily,Elm Ridge Hike+Bike RAW (1).csv,aggregated,0,0,aggregated_daily_from_hourly; source_records=24
Elm Ridge,2020-10-04,2020-10-04,2020,10,330.0,daily,Elm Ridge Hike+Bike RAW (1).csv,aggregated,0,0,aggregated_daily_from_hourly; source_records=24
Elm Ridge,2020-10-05,2020-10-05,2020,10,93.0,daily,Elm Ridge Hike+Bike RAW (1).csv,aggregated,0,0,aggregated_daily_from_hourly; source_records=24
Elm Ridge,2020-10-06,2020-10-06,2020,10,96.0,daily,Elm Ridge Hike+Bike RAW (1).csv,aggregated,0,0,aggregated_daily_from_hourly; source_records=24
Elm Ridge,2020-10-07,2020-10-07,2020,10,52.0,daily,Elm Ridge Hike+Bike RAW (1).csv,aggregated,0,0,aggregated_daily_from_hourly; source_records=24
Elm Ridge,2020-10-08,2020-10-08,2020,10,100.0,daily,Elm Ridge Hike+Bike RAW (1).csv,aggregated,0,0,aggregated_daily_from_hourly; source_records=24
Elm Ridge,2020-10-09,2020-10-09,2020,10,230.0,daily,Elm Ridge Hike+Bike RAW (1).csv,aggregated,0,0,aggregated_daily_from_hourly; source_records=24
Elm Ridge,2020-10-10,2020-10-10,2020,10,649.0,daily,Elm Ridge Hike+Bike RAW (1).csv,aggregated,0,0,aggregated_daily_from_hourly; source_records=24
Elm Ridge,2020-10-11,2020-10-11,2020,10,690.0,daily,Elm Ridge Hike+Bike RAW (1).csv,aggregated,0,0,aggregated_daily_from_hourly; source_records=24
Elm Ridge,2020-10-12,2020-10-12,2020,10,97.0,daily,Elm Ridge Hike+Bike RAW (1).csv,aggregated,0,0,aggregated_daily_from_hourly; source_records=24
Elm Ridge,2020-10-13,2020-10-13,2020,10,26.0,daily,Elm Ridge Hike+Bike RAW (1).csv,aggregated,0,0,aggregated_daily_from_hourly; source_records=24
Elm Ridge,2020-10-14,2020-10-14,2020,10,119.0,daily,Elm Ridge Hike+Bike RAW (1).csv,aggregated,0,0,aggregated_daily_from_hourly; source_records=24
Elm Ridge,2020-10-15,2020-10-15,2020,10,213.0,daily,Elm Ridge Hike+Bike RAW (1).csv,aggregated,0,0,aggregated_daily_from_hourly; source_records=24
Elm Ridge,2020-10-16,2020-10-16,2020,10,39.0,daily,Elm Ridge Hike+Bike RAW (1).csv,aggregated,0,0,aggregated_daily_from_hourly; source_records=24
Elm Ridge,2020-10-17,2020-10-17,2020,10,578.0,daily,Elm Ridge Hike+Bike RAW (1).csv,aggregated,0,0,aggregated_daily_from_hourly; source_records=24
Elm Ridge,2020-10-18,2020-10-18,2020,10,352.0,daily,Elm Ridge Hike+Bike RAW (1).csv,aggregated,0,0,aggregated_daily_from_hourly; source_records=24
Elm Ridge,2020-10-19,2020-10-19,2020,10,55.0,daily,Elm Ridge Hike+Bike RAW (1).csv,aggregated,0,0,aggregated_daily_from_hourly; source_records=24
Elm Ridge,2020-10-20,2020-10-20,2020,10,40.0,daily,Elm Ridge Hike+Bike RAW (1).csv,aggregated,0,0,aggregated_daily_from_hourly; source_records=24
Elm Ridge,2020-10-21,2020-10-21,2020,10,123.0,daily,Elm Ridge Hike+Bike RAW (1).csv,aggregated,0,0,aggregated_daily_from_hourly; source_records=24
Elm Ridge,2020-10-22,2020-10-22,2020,10,124.0,daily,Elm Ridge Hike+Bike RAW (1).csv,aggregated,0,0,aggregated_daily_from_hourly; source_records=24
Elm Ridge,2020-10-23,2020-10-23,2020,10,145.0,daily,Elm Ridge Hike+Bike RAW (1).csv,aggregated,0,0,aggregated_daily_from_hourly; source_records=24
Elm Ridge,2020-10-24,2020-10-24,2020,10,414.0,daily,Elm Ridge Hike+Bike RAW (1).csv,aggregated,0,0,aggregated_daily_from_hourly; source_records=24
Elm Ridge,2020-10-25,2020-10-25,2020,10,323.0,daily,Elm Ridge Hike+Bike RAW (1).csv,aggregated,0,0,aggregated_daily_from_hourly; source_records=24
Elm Ridge,2020-10-26,2020-10-26,2020,10,22.0,daily,Elm Ridge Hike+Bike RAW (1).csv,aggregated,0,0,aggregated_daily_from_hourly; source_records=24
Elm Ridge,2020-10-27,2020-10-27,2020,10,60.0,daily,Elm Ridge Hike+Bike RAW (1).csv,aggregated,0,0,aggregated_daily_from_hourly; source_records=24
Elm Ridge,2020-10-28,2020-10-28,2020,10,36.0,daily,Elm Ridge Hike+Bike RAW (1).csv,aggregated,0,0,aggregated_daily_from_hourly; source_records=24
Elm Ridge,2020-10-29,2020-10-29,2020,10,8.0,daily,Elm Ridge Hike+Bike RAW (1).csv,aggregated,0,0,aggregated_daily_from_hourly; source_records=24
Elm Ridge,2020-10-30,2020-10-30,2020,10,46.0,daily,Elm Ridge Hike+Bike RAW (1).csv,aggregated,0,0,aggregated_daily_from_hourly; source_records=24
Elm Ridge,2020-10-31,2020-10-31,2020,10,261.0,daily,Elm Ridge Hike+Bike RAW (1).csv,aggregated,0,0,aggregated_daily_from_hourly; source_records=24
Elm Ridge,2020-11-01,2020-11-01,2020,11,85.0,daily,Elm Ridge Hike+Bike RAW (1).csv,aggregated,0,0,aggregated_daily_from_hourly; source_records=24
Elm Ridge,2020-11-02,2020-11-02,2020,11,18.0,daily,Elm Ridge Hike+Bike RAW (1).csv,aggregated,0,0,aggregated_daily_from_hourly; source_records=24
Elm Ridge,2020-11-03,2020-11-03,2020,11,40.0,daily,Elm Ridge Hike+Bike RAW (1).csv,aggregated,0,0,aggregated_daily_from_hourly; source_records=24
Elm Ridge,2020-11-04,2020-11-04,2020,11,56.0,daily,Elm Ridge Hike+Bike RAW (1).csv,aggregated,0,0,aggregated_daily_from_hourly; source_records=24
Elm Ridge,2020-11-05,2020-11-05,2020,11,144.0,daily,Elm Ridge Hike+Bike RAW (1).csv,aggregated,0,0,aggregated_daily_from_hourly; source_records=24
Elm Ridge,2020-11-06,2020-11-06,2020,11,205.0,daily,Elm Ridge Hike+Bike RAW (1).csv,aggregated,0,0,aggregated_daily_from_hourly; source_records=23
Elm Ridge,2020-11-07,2020-11-07,2020,11,605.0,daily,Elm Ridge Hike+Bike RAW (1).csv,aggregated,0,0,aggregated_daily_from_hourly; source_records=24
Elm Ridge,2020-11-08,2020-11-08,2020,11,320.0,daily,Elm Ridge Hike+Bike RAW (1).csv,aggregated,0,0,aggregated_daily_from_hourly; source_records=24
Elm Ridge,2020-11-09,2020-11-09,2020,11,103.0,daily,Elm Ridge Hike+Bike RAW (1).csv,aggregated,0,0,aggregated_daily_from_hourly; source_records=24
Elm Ridge,2020-11-10,2020-11-10,2020,11,108.0,daily,Elm Ridge Hike+Bike RAW (1).csv,aggregated,0,0,aggregated_daily_from_hourly; source_records=24
Elm Ridge,2020-11-11,2020-11-11,2020,11,49.0,daily,Elm Ridge Hike+Bike RAW (1).csv,aggregated,0,0,aggregated_daily_from_hourly; source_records=24
Elm Ridge,2020-11-12,2020-11-12,2020,11,18.0,daily,Elm Ridge Hike+Bike RAW (1).csv,aggregated,0,0,aggregated_daily_from_hourly; source_records=24
Elm Ridge,2020-11-13,2020-11-13,2020,11,30.0,daily,Elm Ridge Hike+Bike RAW (1).csv,aggregated,0,0,aggregated_daily_from_hourly; source_records=24
Elm Ridge,2020-11-14,2020-11-14,2020,11,264.0,daily,Elm Ridge Hike+Bike RAW (1).csv,aggregated,0,0,aggregated_daily_from_hourly; source_records=24
Elm Ridge,2020-11-15,2020-11-15,2020,11,99.0,daily,Elm Ridge Hike+Bike RAW (1).csv,aggregated,0,0,aggregated_daily_from_hourly; source_records=24
Elm Ridge,2020-11-16,2020-11-16,2020,11,18.0,daily,Elm Ridge Hike+Bike RAW (1).csv,aggregated,0,0,aggregated_daily_from_hourly; source_records=24
Elm Ridge,2020-11-17,2020-11-17,2020,11,28.0,daily,Elm Ridge Hike+Bike RAW (1).csv,aggregated,0,0,aggregated_daily_from_hourly; source_records=24
Elm Ridge,2020-11-18,2020-11-18,2020,11,20.0,daily,Elm Ridge Hike+Bike RAW (1).csv,aggregated,0,0,aggregated_daily_from_hourly; source_records=24
Elm Ridge,2020-11-19,2020-11-19,2020,11,33.0,daily,Elm Ridge Hike+Bike RAW (1).csv,aggregated,0,0,aggregated_daily_from_hourly; source_records=24
Elm Ridge,2020-11-20,2020-11-20,2020,11,80.0,daily,Elm Ridge Hike+Bike RAW (1).csv,aggregated,0,0,aggregated_daily_from_hourly; source_records=24
Elm Ridge,2020-11-21,2020-11-21,2020,11,209.0,daily,Elm Ridge Hike+Bike RAW (1).csv,aggregated,0,0,aggregated_daily_from_hourly; source_records=24
Elm Ridge,2020-11-22,2020-11-22,2020,11,133.0,daily,Elm Ridge Hike+Bike RAW (1).csv,aggregated,0,0,aggregated_daily_from_hourly; source_records=24
Elm Ridge,2020-11-23,2020-11-23,2020,11,14.0,daily,Elm Ridge Hike+Bike RAW (1).csv,aggregated,0,0,aggregated_daily_from_hourly; source_records=24
Elm Ridge,2020-11-24,2020-11-24,2020,11,54.0,daily,Elm Ridge Hike+Bike RAW (1).csv,aggregated,0,0,aggregated_daily_from_hourly; source_records=24
Elm Ridge,2020-11-25,2020-11-25,2020,11,70.0,daily,Elm Ridge Hike+Bike RAW (1).csv,aggregated,0,0,aggregated_daily_from_hourly; source_records=24
Elm Ridge,2020-11-26,2020-11-26,2020,11,50.0,daily,Elm Ridge Hike+Bike RAW (1).csv,aggregated,0,0,aggregated_daily_from_hourly; source_records=24
Elm Ridge,2020-11-27,2020-11-27,2020,11,259.0,daily,Elm Ridge Hike+Bike RAW (1).csv,aggregated,0,0,aggregated_daily_from_hourly; source_records=24
Elm Ridge,2020-11-28,2020-11-28,2020,11,264.0,daily,Elm Ridge Hike+Bike RAW (1).csv,aggregated,0,0,aggregated_daily_from_hourly; source_records=24
Elm Ridge,2020-11-29,2020-11-29,2020,11,253.0,daily,Elm Ridge Hike+Bike RAW (1).csv,aggregated,0,0,aggregated_daily_from_hourly; source_records=24
Elm Ridge,2020-11-30,2020-11-30,2020,11,0.0,daily,Elm Ridge Hike+Bike RAW (1).csv,aggregated,0,0,aggregated_daily_from_hourly; source_records=24
Elm Ridge,2020-12-01,2020-12-01,2020,12,13.0,daily,Elm Ridge Hike+Bike RAW (1).csv,aggregated,0,0,aggregated_daily_from_hourly; source_records=24
Elm Ridge,2020-12-02,2020-12-02,2020,12,12.0,daily,Elm Ridge Hike+Bike RAW (1).csv,aggregated,0,0,aggregated_daily_from_hourly; source_records=24
Elm Ridge,2020-12-03,2020-12-03,2020,12,59.0,daily,Elm Ridge Hike+Bike RAW (1).csv,aggregated,0,0,aggregated_daily_from_hourly; source_records=24
Elm Ridge,2020-12-04,2020-12-04,2020,12,47.0,daily,Elm Ridge Hike+Bike RAW (1).csv,aggregated,0,0,aggregated_daily_from_hourly; source_records=23
Elm Ridge,2020-12-05,2020-12-05,2020,12,83.0,daily,Elm Ridge Hike+Bike RAW (1).csv,aggregated,0,0,aggregated_daily_from_hourly; source_records=24
Elm Ridge,2020-12-06,2020-12-06,2020,12,135.0,daily,Elm Ridge Hike+Bike RAW (1).csv,aggregated,0,0,aggregated_daily_from_hourly; source_records=24
Elm Ridge,2020-12-07,2020-12-07,2020,12,36.0,daily,Elm Ridge Hike+Bike RAW (1).csv,aggregated,0,0,aggregated_daily_from_hourly; source_records=24
Elm Ridge,2020-12-08,2020-12-08,2020,12,4.0,daily,Elm Ridge Hike+Bike RAW (1).csv,aggregated,0,0,aggregated_daily_from_hourly; source_records=24
Elm Ridge,2020-12-09,2020-12-09,2020,12,24.0,daily,Elm Ridge Hike+Bike RAW (1).csv,aggregated,0,0,aggregated_daily_from_hourly; source_records=24
Elm Ridge,2020-12-10,2020-12-10,2020,12,43.0,daily,Elm Ridge Hike+Bike RAW (1).csv,aggregated,0,0,aggregated_daily_from_hourly; source_records=24
Elm Ridge,2020-12-11,2020-12-11,2020,12,60.0,daily,Elm Ridge Hike+Bike RAW (1).csv,aggregated,0,0,aggregated_daily_from_hourly; source_records=24
Elm Ridge,2020-12-12,2020-12-12,2020,12,158.0,daily,Elm Ridge Hike+Bike RAW (1).csv,aggregated,0,0,aggregated_daily_from_hourly; source_records=24
Elm Ridge,2020-12-13,2020-12-13,2020,12,181.0,daily,Elm Ridge Hike+Bike RAW (1).csv,aggregated,0,0,aggregated_daily_from_hourly; source_records=24
Elm Ridge,2020-12-14,2020-12-14,2020,12,10.0,daily,Elm Ridge Hike+Bike RAW (1).csv,aggregated,0,0,aggregated_daily_from_hourly; source_records=24
Elm Ridge,2020-12-15,2020-12-15,2020,12,8.0,daily,Elm Ridge Hike+Bike RAW (1).csv,aggregated,0,0,aggregated_daily_from_hourly; source_records=24
Elm Ridge,2020-12-16,2020-12-16,2020,12,12.0,daily,Elm Ridge Hike+Bike RAW (1).csv,aggregated,0,0,aggregated_daily_from_hourly; source_records=24
Elm Ridge,2020-12-17,2020-12-17,2020,12,0.0,daily,Elm Ridge Hike+Bike RAW (1).csv,aggregated,0,0,aggregated_daily_from_hourly; source_records=24
Elm Ridge,2020-12-18,2020-12-18,2020,12,3.0,daily,Elm Ridge Hike+Bike RAW (1).csv,aggregated,0,0,aggregated_daily_from_hourly; source_records=24
Elm Ridge,2020-12-19,2020-12-19,2020,12,50.0,daily,Elm Ridge Hike+Bike RAW (1).csv,aggregated,0,0,aggregated_daily_from_hourly; source_records=24
Elm Ridge,2020-12-20,2020-12-20,2020,12,46.0,daily,Elm Ridge Hike+Bike RAW (1).csv,aggregated,0,0,aggregated_daily_from_hourly; source_records=24
Elm Ridge,2020-12-21,2020-12-21,2020,12,30.0,daily,Elm Ridge Hike+Bike RAW (1).csv,aggregated,0,0,aggregated_daily_from_hourly; source_records=24
Elm Ridge,2020-12-22,2020-12-22,2020,12,53.0,daily,Elm Ridge Hike+Bike RAW (1).csv,aggregated,0,0,aggregated_daily_from_hourly; source_records=24
Elm Ridge,2020-12-23,2020-12-23,2020,12,57.0,daily,Elm Ridge Hike+Bike RAW (1).csv,aggregated,0,0,aggregated_daily_from_hourly; source_records=24
Elm Ridge,2020-12-24,2020-12-24,2020,12,18.0,daily,Elm Ridge Hike+Bike RAW (1).csv,aggregated,0,0,aggregated_daily_from_hourly; source_records=24
Elm Ridge,2020-12-25,2020-12-25,2020,12,24.0,daily,Elm Ridge Hike+Bike RAW (1).csv,aggregated,0,0,aggregated_daily_from_hourly; source_records=24
Elm Ridge,2020-12-26,2020-12-26,2020,12,136.0,daily,Elm Ridge Hike+Bike RAW (1).csv,aggregated,0,0,aggregated_daily_from_hourly; source_records=24
Elm Ridge,2020-12-27,2020-12-27,2020,12,207.0,daily,Elm Ridge Hike+Bike RAW (1).csv,aggregated,0,0,aggregated_daily_from_hourly; source_records=24
Elm Ridge,2020-12-28,2020-12-28,2020,12,123.0,daily,Elm Ridge Hike+Bike RAW (1).csv,aggregated,0,0,aggregated_daily_from_hourly; source_records=24
Elm Ridge,2020-12-29,2020-12-29,2020,12,134.0,daily,Elm Ridge Hike+Bike RAW (1).csv,aggregated,0,0,aggregated_daily_from_hourly; source_records=24
Elm Ridge,2020-12-30,2020-12-30,2020,12,128.0,daily,Elm Ridge Hike+Bike RAW (1).csv,aggregated,0,0,aggregated_daily_from_hourly; source_records=24
Elm Ridge,2020-12-31,2020-12-31,2020,12,148.0,daily,Elm Ridge Hike+Bike RAW (1).csv,aggregated,0,0,aggregated_daily_from_hourly; source_records=24
Elm Ridge,2021-01-01,2021-01-01,2021,1,323.0,daily,Elm Ridge Hike+Bike RAW (1).csv,aggregated,0,0,aggregated_daily_from_hourly; source_records=24
Elm Ridge,2021-01-02,2021-01-02,2021,1,90.0,daily,Elm Ridge Hike+Bike RAW (1).csv,aggregated,0,0,aggregated_daily_from_hourly; source_records=24
Elm Ridge,2021-01-03,2021-01-03,2021,1,52.0,daily,Elm Ridge Hike+Bike RAW (1).csv,aggregated,0,0,aggregated_daily_from_hourly; source_records=24
Elm Ridge,2021-01-04,2021-01-04,2021,1,28.0,daily,Elm Ridge Hike+Bike RAW (1).csv,aggregated,0,0,aggregated_daily_from_hourly; source_records=24
Elm Ridge,2021-01-05,2021-01-05,2021,1,37.0,daily,Elm Ridge Hike+Bike RAW (1).csv,aggregated,0,0,aggregated_daily_from_hourly; source_records=24
Elm Ridge,2021-01-06,2021-01-06,2021,1,31.0,daily,Elm Ridge Hike+Bike RAW (1).csv,aggregated,0,0,aggregated_daily_from_hourly; source_records=23
Elm Ridge,2021-01-07,2021-01-07,2021,1,25.0,daily,Elm Ridge Hike+Bike RAW (1).csv,aggregated,0,0,aggregated_daily_from_hourly; source_records=24
Elm Ridge,2021-01-08,2021-01-08,2021,1,33.0,daily,Elm Ridge Hike+Bike RAW (1).csv,aggregated,0,0,aggregated_daily_from_hourly; source_records=24
Elm Ridge,2021-01-09,2021-01-09,2021,1,97.0,daily,Elm Ridge Hike+Bike RAW (1).csv,aggregated,0,0,aggregated_daily_from_hourly; source_records=24
Elm Ridge,2021-01-10,2021-01-10,2021,1,109.0,daily,Elm Ridge Hike+Bike RAW (1).csv,aggregated,0,0,aggregated_daily_from_hourly; source_records=24
Elm Ridge,2021-01-11,2021-01-11,2021,1,20.0,daily,Elm Ridge Hike+Bike RAW (1).csv,aggregated,0,0,aggregated_daily_from_hourly; source_records=24
Elm Ridge,2021-01-12,2021-01-12,2021,1,20.0,daily,Elm Ridge Hike+Bike RAW (1).csv,aggregated,0,0,aggregated_daily_from_hourly; source_records=24
Elm Ridge,2021-01-13,2021-01-13,2021,1,43.0,daily,Elm Ridge Hike+Bike RAW (1).csv,aggregated,0,0,aggregated_daily_from_hourly; source_records=24
Elm Ridge,2021-01-14,2021-01-14,2021,1,18.0,daily,Elm Ridge Hike+Bike RAW (1).csv,aggregated,0,0,aggregated_daily_from_hourly; source_records=24
Elm Ridge,2021-01-15,2021-01-15,2021,1,27.0,daily,Elm Ridge Hike+Bike RAW (1).csv,aggregated,0,0,aggregated_daily_from_hourly; source_records=24
Elm Ridge,2021-01-16,2021-01-16,2021,1,80.0,daily,Elm Ridge Hike+Bike RAW (1).csv,aggregated,0,0,aggregated_daily_from_hourly; source_records=24
Elm Ridge,2021-01-17,2021-01-17,2021,1,250.0,daily,Elm Ridge Hike+Bike RAW (1).csv,aggregated,0,0,aggregated_daily_from_hourly; source_records=24
Elm Ridge,2021-01-18,2021-01-18,2021,1,112.0,daily,Elm Ridge Hike+Bike RAW (1).csv,aggregated,0,0,aggregated_daily_from_hourly; source_records=24
Elm Ridge,2021-01-19,2021-01-19,2021,1,29.0,daily,Elm Ridge Hike+Bike RAW (1).csv,aggregated,0,0,aggregated_daily_from_hourly; source_records=24
Elm Ridge,2021-01-20,2021-01-20,2021,1,26.0,daily,Elm Ridge Hike+Bike RAW (1).csv,aggregated,0,0,aggregated_daily_from_hourly; source_records=24
Elm Ridge,2021-01-21,2021-01-21,2021,1,30.0,daily,Elm Ridge Hike+Bike RAW (1).csv,aggregated,0,0,aggregated_daily_from_hourly; source_records=24
Elm Ridge,2021-01-22,2021-01-22,2021,1,63.0,daily,Elm Ridge Hike+Bike RAW (1).csv,aggregated,0,0,aggregated_daily_from_hourly; source_records=24
Elm Ridge,2021-01-23,2021-01-23,2021,1,98.0,daily,Elm Ridge Hike+Bike RAW (1).csv,aggregated,0,0,aggregated_daily_from_hourly; source_records=24
Elm Ridge,2021-01-24,2021-01-24,2021,1,114.0,daily,Elm Ridge Hike+Bike RAW (1).csv,aggregated,0,0,aggregated_daily_from_hourly; source_records=24
Elm Ridge,2021-01-25,2021-01-25,2021,1,49.0,daily,Elm Ridge Hike+Bike RAW (1).csv,aggregated,0,0,aggregated_daily_from_hourly; source_records=24
Elm Ridge,2021-01-26,2021-01-26,2021,1,19.0,daily,Elm Ridge Hike+Bike RAW (1).csv,aggregated,0,0,aggregated_daily_from_hourly; source_records=24
Elm Ridge,2021-01-27,2021-01-27,2021,1,14.0,daily,Elm Ridge Hike+Bike RAW (1).csv,aggregated,0,0,aggregated_daily_from_hourly; source_records=24
Elm Ridge,2021-01-28,2021-01-28,2021,1,37.0,daily,Elm Ridge Hike+Bike RAW (1).csv,aggregated,0,0,aggregated_daily_from_hourly; source_records=24
Elm Ridge,2021-01-29,2021-01-29,2021,1,28.0,daily,Elm Ridge Hike+Bike RAW (1).csv,aggregated,0,0,aggregated_daily_from_hourly; source_records=24
Elm Ridge,2021-01-30,2021-01-30,2021,1,219.0,daily,Elm Ridge Hike+Bike RAW (1).csv,aggregated,0,0,aggregated_daily_from_hourly; source_records=24
Elm Ridge,2021-01-31,2021-01-31,2021,1,80.0,daily,Elm Ridge Hike+Bike RAW (1).csv,aggregated,0,0,aggregated_daily_from_hourly; source_records=24
Elm Ridge,2021-02-01,2021-02-01,2021,2,3.0,daily,Elm Ridge Hike+Bike RAW (1).csv,aggregated,0,0,aggregated_daily_from_hourly; source_records=24
Elm Ridge,2021-02-02,2021-02-02,2021,2,0.0,daily,Elm Ridge Hike+Bike RAW (1).csv,aggregated,0,0,aggregated_daily_from_hourly; source_records=24
Elm Ridge,2021-02-03,2021-02-03,2021,2,43.0,daily,Elm Ridge Hike+Bike RAW (1).csv,aggregated,0,0,aggregated_daily_from_hourly; source_records=24
Elm Ridge,2021-02-04,2021-02-04,2021,2,23.0,daily,Elm Ridge Hike+Bike RAW (1).csv,aggregated,0,0,aggregated_daily_from_hourly; source_records=24
Elm Ridge,2021-02-05,2021-02-05,2021,2,8.0,daily,Elm Ridge Hike+Bike RAW (1).csv,aggregated,0,0,aggregated_daily_from_hourly; source_records=24
Elm Ridge,2021-02-06,2021-02-06,2021,2,130.0,daily,Elm Ridge Hike+Bike RAW (1).csv,aggregated,0,0,aggregated_daily_from_hourly; source_records=24
Elm Ridge,2021-02-07,2021-02-07,2021,2,72.0,daily,Elm Ridge Hike+Bike RAW (1).csv,aggregated,0,0,aggregated_daily_from_hourly; source_records=24
Elm Ridge,2021-02-08,2021-02-08,2021,2,22.0,daily,Elm Ridge Hike+Bike RAW (1).csv,aggregated,0,0,aggregated_daily_from_hourly; source_records=24
Elm Ridge,2021-02-09,2021-02-09,2021,2,8.0,daily,Elm Ridge Hike+Bike RAW (1).csv,aggregated,0,0,aggregated_daily_from_hourly; source_records=24
Elm Ridge,2021-02-10,2021-02-10,2021,2,61.0,daily,Elm Ridge Hike+Bike RAW (1).csv,aggregated,0,0,aggregated_daily_from_hourly; source_records=24
Elm Ridge,2021-02-11,2021-02-11,2021,2,33.0,daily,Elm Ridge Hike+Bike RAW (1).csv,aggregated,0,0,aggregated_daily_from_hourly; source_records=24
Elm Ridge,2021-02-12,2021-02-12,2021,2,28.0,daily,Elm Ridge Hike+Bike RAW (1).csv,aggregated,0,0,aggregated_daily_from_hourly; source_records=24
Elm Ridge,2021-02-13,2021-02-13,2021,2,94.0,daily,Elm Ridge Hike+Bike RAW (1).csv,aggregated,0,0,aggregated_daily_from_hourly; source_records=24
Elm Ridge,2021-02-14,2021-02-14,2021,2,136.0,daily,Elm Ridge Hike+Bike RAW (1).csv,aggregated,0,0,aggregated_daily_from_hourly; source_records=24
Elm Ridge,2021-02-15,2021-02-15,2021,2,56.0,daily,Elm Ridge Hike+Bike RAW (1).csv,aggregated,0,0,aggregated_daily_from_hourly; source_records=24
Elm Ridge,2021-02-16,2021-02-16,2021,2,70.0,daily,Elm Ridge Hike+Bike RAW (1).csv,aggregated,0,0,aggregated_daily_from_hourly; source_records=24
Elm Ridge,2021-02-17,2021-02-17,2021,2,48.0,daily,Elm Ridge Hike+Bike RAW (1).csv,aggregated,0,0,aggregated_daily_from_hourly; source_records=24
Elm Ridge,2021-02-18,2021-02-18,2021,2,18.0,daily,Elm Ridge Hike+Bike RAW (1).csv,aggregated,0,0,aggregated_daily_from_hourly; source_records=24
Elm Ridge,2021-02-19,2021-02-19,2021,2,29.0,daily,Elm Ridge Hike+Bike RAW (1).csv,aggregated,0,0,aggregated_daily_from_hourly; source_records=24
Elm Ridge,2021-02-20,2021-02-20,2021,2,113.0,daily,Elm Ridge Hike+Bike RAW (1).csv,aggregated,0,0,aggregated_daily_from_hourly; source_records=24
Elm Ridge,2021-02-21,2021-02-21,2021,2,153.0,daily,Elm Ridge Hike+Bike RAW (1).csv,aggregated,0,0,aggregated_daily_from_hourly; source_records=24
Elm Ridge,2021-02-22,2021-02-22,2021,2,33.0,daily,Elm Ridge Hike+Bike RAW (1).csv,aggregated,0,0,aggregated_daily_from_hourly; source_records=24
Elm Ridge,2021-02-23,2021-02-23,2021,2,18.0,daily,Elm Ridge Hike+Bike RAW (1).csv,aggregated,0,0,aggregated_daily_from_hourly; source_records=24
Elm Ridge,2021-02-24,2021-02-24,2021,2,34.0,daily,Elm Ridge Hike+Bike RAW (1).csv,aggregated,0,0,aggregated_daily_from_hourly; source_records=24
Elm Ridge,2021-02-25,2021-02-25,2021,2,35.0,daily,Elm Ridge Hike+Bike RAW (1).csv,aggregated,0,0,aggregated_daily_from_hourly; source_records=24
Elm Ridge,2021-02-26,2021-02-26,2021,2,39.0,daily,Elm Ridge Hike+Bike RAW (1).csv,aggregated,0,0,aggregated_daily_from_hourly; source_records=24
Elm Ridge,2021-02-27,2021-02-27,2021,2,79.0,daily,Elm Ridge Hike+Bike RAW (1).csv,aggregated,0,0,aggregated_daily_from_hourly; source_records=24
Elm Ridge,2021-02-28,2021-02-28,2021,2,15.0,daily,Elm Ridge Hike+Bike RAW (1).csv,aggregated,0,0,aggregated_daily_from_hourly; source_records=24
Elm Ridge,2021-03-01,2021-03-01,2021,3,38.0,daily,Elm Ridge Hike+Bike RAW (1).csv,aggregated,0,0,aggregated_daily_from_hourly; source_records=24
Elm Ridge,2021-03-02,2021-03-02,2021,3,7.0,daily,Elm Ridge Hike+Bike RAW (1).csv,aggregated,0,0,aggregated_daily_from_hourly; source_records=24
Elm Ridge,2021-03-03,2021-03-03,2021,3,28.0,daily,Elm Ridge Hike+Bike RAW (1).csv,aggregated,0,0,aggregated_daily_from_hourly; source_records=24
Elm Ridge,2021-03-04,2021-03-04,2021,3,24.0,daily,Elm Ridge Hike+Bike RAW (1).csv,aggregated,0,0,aggregated_daily_from_hourly; source_records=24
Elm Ridge,2021-03-05,2021-03-05,2021,3,26.0,daily,Elm Ridge Hike+Bike RAW (1).csv,aggregated,0,0,aggregated_daily_from_hourly; source_records=23
Elm Ridge,2021-03-06,2021-03-06,2021,3,106.0,daily,Elm Ridge Hike+Bike RAW (1).csv,aggregated,0,0,aggregated_daily_from_hourly; source_records=24
Elm Ridge,2021-03-07,2021-03-07,2021,3,109.0,daily,Elm Ridge Hike+Bike RAW (1).csv,aggregated,0,0,aggregated_daily_from_hourly; source_records=24
Elm Ridge,2021-03-08,2021-03-08,2021,3,23.0,daily,Elm Ridge Hike+Bike RAW (1).csv,aggregated,0,0,aggregated_daily_from_hourly; source_records=24
Elm Ridge,2021-03-09,2021-03-09,2021,3,16.0,daily,Elm Ridge Hike+Bike RAW (1).csv,aggregated,0,0,aggregated_daily_from_hourly; source_records=24
Elm Ridge,2021-03-10,2021-03-10,2021,3,35.0,daily,Elm Ridge Hike+Bike RAW (1).csv,aggregated,0,0,aggregated_daily_from_hourly; source_records=24
Elm Ridge,2021-03-11,2021-03-11,2021,3,39.0,daily,Elm Ridge Hike+Bike RAW (1).csv,aggregated,0,0,aggregated_daily_from_hourly; source_records=24
Elm Ridge,2021-03-12,2021-03-12,2021,3,51.0,daily,Elm Ridge Hike+Bike RAW (1).csv,aggregated,0,0,aggregated_daily_from_hourly; source_records=24
Elm Ridge,2021-03-13,2021-03-13,2021,3,161.0,daily,Elm Ridge Hike+Bike RAW (1).csv,aggregated,0,0,aggregated_daily_from_hourly; source_records=24
Elm Ridge,2021-03-14,2021-03-14,2021,3,52.0,daily,Elm Ridge Hike+Bike RAW (1).csv,aggregated,0,0,aggregated_daily_from_hourly; source_records=24
Elm Ridge,2021-03-15,2021-03-15,2021,3,8.0,daily,Elm Ridge Hike+Bike RAW (1).csv,aggregated,0,0,aggregated_daily_from_hourly; source_records=24
Elm Ridge,2021-03-16,2021-03-16,2021,3,13.0,daily,Elm Ridge Hike+Bike RAW (1).csv,aggregated,0,0,aggregated_daily_from_hourly; source_records=24
Elm Ridge,2021-03-17,2021-03-17,2021,3,38.0,daily,Elm Ridge Hike+Bike RAW (1).csv,aggregated,0,0,aggregated_daily_from_hourly; source_records=24
Elm Ridge,2021-03-18,2021-03-18,2021,3,0.0,daily,Elm Ridge Hike+Bike RAW (1).csv,aggregated,0,0,aggregated_daily_from_hourly; source_records=24
Elm Ridge,2021-03-19,2021-03-19,2021,3,48.0,daily,Elm Ridge Hike+Bike RAW (1).csv,aggregated,0,0,aggregated_daily_from_hourly; source_records=24
Elm Ridge,2021-03-20,2021-03-20,2021,3,152.0,daily,Elm Ridge Hike+Bike RAW (1).csv,aggregated,0,0,aggregated_daily_from_hourly; source_records=24
Elm Ridge,2021-03-21,2021-03-21,2021,3,177.0,daily,Elm Ridge Hike+Bike RAW (1).csv,aggregated,0,0,aggregated_daily_from_hourly; source_records=24
Elm Ridge,2021-03-22,2021-03-22,2021,3,28.0,daily,Elm Ridge Hike+Bike RAW (1).csv,aggregated,0,0,aggregated_daily_from_hourly; source_records=24
Elm Ridge,2021-03-23,2021-03-23,2021,3,37.0,daily,Elm Ridge Hike+Bike RAW (1).csv,aggregated,0,0,aggregated_daily_from_hourly; source_records=24
Elm Ridge,2021-03-24,2021-03-24,2021,3,2.0,daily,Elm Ridge Hike+Bike RAW (1).csv,aggregated,0,0,aggregated_daily_from_hourly; source_records=24
Elm Ridge,2021-03-25,2021-03-25,2021,3,43.0,daily,Elm Ridge Hike+Bike RAW (1).csv,aggregated,0,0,aggregated_daily_from_hourly; source_records=24
Elm Ridge,2021-03-26,2021-03-26,2021,3,14.0,daily,Elm Ridge Hike+Bike RAW (1).csv,aggregated,0,0,aggregated_daily_from_hourly; source_records=24
Elm Ridge,2021-03-27,2021-03-27,2021,3,247.0,daily,Elm Ridge Hike+Bike RAW (1).csv,aggregated,0,0,aggregated_daily_from_hourly; source_records=24
Elm Ridge,2021-03-28,2021-03-28,2021,3,13.0,daily,Elm Ridge Hike+Bike RAW (1).csv,aggregated,0,0,aggregated_daily_from_hourly; source_records=24
Elm Ridge,2021-03-29,2021-03-29,2021,3,47.0,daily,Elm Ridge Hike+Bike RAW (1).csv,aggregated,0,0,aggregated_daily_from_hourly; source_records=24
Elm Ridge,2021-03-30,2021-03-30,2021,3,151.0,daily,Elm Ridge Hike+Bike RAW (1).csv,aggregated,0,0,aggregated_daily_from_hourly; source_records=24
Elm Ridge,2021-03-31,2021-03-31,2021,3,77.0,daily,Elm Ridge Hike+Bike RAW (1).csv,aggregated,0,0,aggregated_daily_from_hourly; source_records=24
Elm Ridge,2021-04-01,2021-04-01,2021,4,64.0,daily,Elm Ridge Hike+Bike RAW (1).csv,aggregated,0,0,aggregated_daily_from_hourly; source_records=24
Elm Ridge,2021-04-02,2021-04-02,2021,4,97.0,daily,Elm Ridge Hike+Bike RAW (1).csv,aggregated,0,0,aggregated_daily_from_hourly; source_records=24
Elm Ridge,2021-04-03,2021-04-03,2021,4,162.0,daily,Elm Ridge Hike+Bike RAW (1).csv,aggregated,0,0,aggregated_daily_from_hourly; source_records=24
Elm Ridge,2021-04-04,2021-04-04,2021,4,75.0,daily,Elm Ridge Hike+Bike RAW (1).csv,aggregated,0,0,aggregated_daily_from_hourly; source_records=24
Elm Ridge,2021-04-05,2021-04-05,2021,4,72.0,daily,Elm Ridge Hike+Bike RAW (1).csv,aggregated,0,0,aggregated_daily_from_hourly; source_records=24
Elm Ridge,2021-04-06,2021-04-06,2021,4,51.0,daily,Elm Ridge Hike+Bike RAW (1).csv,aggregated,0,0,aggregated_daily_from_hourly; source_records=22
Elm Ridge,2021-04-07,2021-04-07,2021,4,61.0,daily,Elm Ridge Hike+Bike RAW (1).csv,aggregated,0,0,aggregated_daily_from_hourly; source_records=24
Elm Ridge,2021-04-08,2021-04-08,2021,4,105.0,daily,Elm Ridge Hike+Bike RAW (1).csv,aggregated,0,0,aggregated_daily_from_hourly; source_records=24
Elm Ridge,2021-04-09,2021-04-09,2021,4,99.0,daily,Elm Ridge Hike+Bike RAW (1).csv,aggregated,0,0,aggregated_daily_from_hourly; source_records=24
Elm Ridge,2021-04-10,2021-04-10,2021,4,211.0,daily,Elm Ridge Hike+Bike RAW (1).csv,aggregated,0,0,aggregated_daily_from_hourly; source_records=24
Elm Ridge,2021-04-11,2021-04-11,2021,4,82.0,daily,Elm Ridge Hike+Bike RAW (1).csv,aggregated,0,0,aggregated_daily_from_hourly; source_records=24
Elm Ridge,2021-04-12,2021-04-12,2021,4,8.0,daily,Elm Ridge Hike+Bike RAW (1).csv,aggregated,0,0,aggregated_daily_from_hourly; source_records=24
Elm Ridge,2021-04-13,2021-04-13,2021,4,57.0,daily,Elm Ridge Hike+Bike RAW (1).csv,aggregated,0,0,aggregated_daily_from_hourly; source_records=24
Elm Ridge,2021-04-14,2021-04-14,2021,4,57.0,daily,Elm Ridge Hike+Bike RAW (1).csv,aggregated,0,0,aggregated_daily_from_hourly; source_records=24
Elm Ridge,2021-04-15,2021-04-15,2021,4,15.0,daily,Elm Ridge Hike+Bike RAW (1).csv,aggregated,0,0,aggregated_daily_from_hourly; source_records=24
Elm Ridge,2021-04-16,2021-04-16,2021,4,6.0,daily,Elm Ridge Hike+Bike RAW (1).csv,aggregated,0,0,aggregated_daily_from_hourly; source_records=24
Elm Ridge,2021-04-17,2021-04-17,2021,4,104.0,daily,Elm Ridge Hike+Bike RAW (1).csv,aggregated,0,0,aggregated_daily_from_hourly; source_records=24
Elm Ridge,2021-04-18,2021-04-18,2021,4,136.0,daily,Elm Ridge Hike+Bike RAW (1).csv,aggregated,0,0,aggregated_daily_from_hourly; source_records=24
Elm Ridge,2021-04-19,2021-04-19,2021,4,28.0,daily,Elm Ridge Hike+Bike RAW (1).csv,aggregated,0,0,aggregated_daily_from_hourly; source_records=24
Elm Ridge,2021-04-20,2021-04-20,2021,4,35.0,daily,Elm Ridge Hike+Bike RAW (1).csv,aggregated,0,0,aggregated_daily_from_hourly; source_records=24
Elm Ridge,2021-04-21,2021-04-21,2021,4,27.0,daily,Elm Ridge Hike+Bike RAW (1).csv,aggregated,0,0,aggregated_daily_from_hourly; source_records=24
Elm Ridge,2021-04-22,2021-04-22,2021,4,21.0,daily,Elm Ridge Hike+Bike RAW (1).csv,aggregated,0,0,aggregated_daily_from_hourly; source_records=24
Elm Ridge,2021-04-23,2021-04-23,2021,4,130.0,daily,Elm Ridge Hike+Bike RAW (1).csv,aggregated,0,0,aggregated_daily_from_hourly; source_records=24
Elm Ridge,2021-04-24,2021-04-24,2021,4,333.0,daily,Elm Ridge Hike+Bike RAW (1).csv,aggregated,0,0,aggregated_daily_from_hourly; source_records=24
Elm Ridge,2021-04-25,2021-04-25,2021,4,53.0,daily,Elm Ridge Hike+Bike RAW (1).csv,aggregated,0,0,aggregated_daily_from_hourly; source_records=24
Elm Ridge,2021-04-26,2021-04-26,2021,4,49.0,daily,Elm Ridge Hike+Bike RAW (1).csv,aggregated,0,0,aggregated_daily_from_hourly; source_records=24
Elm Ridge,2021-04-27,2021-04-27,2021,4,68.0,daily,Elm Ridge Hike+Bike RAW (1).csv,aggregated,0,0,aggregated_daily_from_hourly; source_records=24
Elm Ridge,2021-04-28,2021-04-28,2021,4,53.0,daily,Elm Ridge Hike+Bike RAW (1).csv,aggregated,0,0,aggregated_daily_from_hourly; source_records=24
Elm Ridge,2021-04-29,2021-04-29,2021,4,4.0,daily,Elm Ridge Hike+Bike RAW (1).csv,aggregated,0,0,aggregated_daily_from_hourly; source_records=24
Elm Ridge,2021-04-30,2021-04-30,2021,4,35.0,daily,Elm Ridge Hike+Bike RAW (1).csv,aggregated,0,0,aggregated_daily_from_hourly; source_records=24
Elm Ridge,2021-05-01,2021-05-01,2021,5,162.0,daily,Elm Ridge Hike+Bike RAW (1).csv,aggregated,0,0,aggregated_daily_from_hourly; source_records=24
Elm Ridge,2021-05-02,2021-05-02,2021,5,178.0,daily,Elm Ridge Hike+Bike RAW (1).csv,aggregated,0,0,aggregated_daily_from_hourly; source_records=24
Elm Ridge,2021-05-03,2021-05-03,2021,5,38.0,daily,Elm Ridge Hike+Bike RAW (1).csv,aggregated,0,0,aggregated_daily_from_hourly; source_records=24
Elm Ridge,2021-05-04,2021-05-04,2021,5,18.0,daily,Elm Ridge Hike+Bike RAW (1).csv,aggregated,0,0,aggregated_daily_from_hourly; source_records=24
Elm Ridge,2021-05-05,2021-05-05,2021,5,14.0,daily,Elm Ridge Hike+Bike RAW (1).csv,aggregated,0,0,aggregated_daily_from_hourly; source_records=24
Elm Ridge,2021-05-06,2021-05-06,2021,5,55.0,daily,Elm Ridge Hike+Bike RAW (1).csv,aggregated,0,0,aggregated_daily_from_hourly; source_records=24
Elm Ridge,2021-05-07,2021-05-07,2021,5,81.0,daily,Elm Ridge Hike+Bike RAW (1).csv,aggregated,0,0,aggregated_daily_from_hourly; source_records=24
Elm Ridge,2021-05-08,2021-05-08,2021,5,82.0,daily,Elm Ridge Hike+Bike RAW (1).csv,aggregated,0,0,aggregated_daily_from_hourly; source_records=24
Elm Ridge,2021-05-09,2021-05-09,2021,5,145.0,daily,Elm Ridge Hike+Bike RAW (1).csv,aggregated,0,0,aggregated_daily_from_hourly; source_records=24
Elm Ridge,2021-05-10,2021-05-10,2021,5,44.0,daily,Elm Ridge Hike+Bike RAW (1).csv,aggregated,0,0,aggregated_daily_from_hourly; source_records=24
Elm Ridge,2021-05-11,2021-05-11,2021,5,68.0,daily,Elm Ridge Hike+Bike RAW (1).csv,aggregated,0,0,aggregated_daily_from_hourly; source_records=24
Elm Ridge,2021-05-12,2021-05-12,2021,5,36.0,daily,Elm Ridge Hike+Bike RAW (1).csv,aggregated,0,0,aggregated_daily_from_hourly; source_records=24
Elm Ridge,2021-05-13,2021-05-13,2021,5,85.0,daily,Elm Ridge Hike+Bike RAW (1).csv,aggregated,0,0,aggregated_daily_from_hourly; source_records=24
Elm Ridge,2021-05-14,2021-05-14,2021,5,120.0,daily,Elm Ridge Hike+Bike RAW (1).csv,aggregated,0,0,aggregated_daily_from_hourly; source_records=24
Elm Ridge,2021-05-15,2021-05-15,2021,5,211.0,daily,Elm Ridge Hike+Bike RAW (1).csv,aggregated,0,0,aggregated_daily_from_hourly; source_records=24
Elm Ridge,2021-05-16,2021-05-16,2021,5,214.0,daily,Elm Ridge Hike+Bike RAW (1).csv,aggregated,0,0,aggregated_daily_from_hourly; source_records=24
Elm Ridge,2021-05-17,2021-05-17,2021,5,66.0,daily,Elm Ridge Hike+Bike RAW (1).csv,aggregated,0,0,aggregated_daily_from_hourly; source_records=24
Elm Ridge,2021-05-18,2021-05-18,2021,5,82.0,daily,Elm Ridge Hike+Bike RAW (1).csv,aggregated,0,0,aggregated_daily_from_hourly; source_records=24
Elm Ridge,2021-05-19,2021-05-19,2021,5,52.0,daily,Elm Ridge Hike+Bike RAW (1).csv,aggregated,0,0,aggregated_daily_from_hourly; source_records=24
Elm Ridge,2021-05-20,2021-05-20,2021,5,91.0,daily,Elm Ridge Hike+Bike RAW (1).csv,aggregated,0,0,aggregated_daily_from_hourly; source_records=24
Elm Ridge,2021-05-21,2021-05-21,2021,5,66.0,daily,Elm Ridge Hike+Bike RAW (1).csv,aggregated,0,0,aggregated_daily_from_hourly; source_records=24
Elm Ridge,2021-05-22,2021-05-22,2021,5,246.0,daily,Elm Ridge Hike+Bike RAW (1).csv,aggregated,0,0,aggregated_daily_from_hourly; source_records=24
Elm Ridge,2021-05-23,2021-05-23,2021,5,170.0,daily,Elm Ridge Hike+Bike RAW (1).csv,aggregated,0,0,aggregated_daily_from_hourly; source_records=24
Elm Ridge,2021-05-24,2021-05-24,2021,5,60.0,daily,Elm Ridge Hike+Bike RAW (1).csv,aggregated,0,0,aggregated_daily_from_hourly; source_records=23
Elm Ridge,2021-05-25,2021-05-25,2021,5,62.0,daily,Elm Ridge Hike+Bike RAW (1).csv,aggregated,0,0,aggregated_daily_from_hourly; source_records=24
Elm Ridge,2021-05-26,2021-05-26,2021,5,39.0,daily,Elm Ridge Hike+Bike RAW (1).csv,aggregated,0,0,aggregated_daily_from_hourly; source_records=24
Elm Ridge,2021-05-27,2021-05-27,2021,5,92.0,daily,Elm Ridge Hike+Bike RAW (1).csv,aggregated,0,0,aggregated_daily_from_hourly; source_records=24
Elm Ridge,2021-05-28,2021-05-28,2021,5,61.0,daily,Elm Ridge Hike+Bike RAW (1).csv,aggregated,0,0,aggregated_daily_from_hourly; source_records=24
Elm Ridge,2021-05-29,2021-05-29,2021,5,95.0,daily,Elm Ridge Hike+Bike RAW (1).csv,aggregated,0,0,aggregated_daily_from_hourly; source_records=24
Elm Ridge,2021-05-30,2021-05-30,2021,5,99.0,daily,Elm Ridge Hike+Bike RAW (1).csv,aggregated,0,0,aggregated_daily_from_hourly; source_records=24
Elm Ridge,2021-05-31,2021-05-31,2021,5,132.0,daily,Elm Ridge Hike+Bike RAW (1).csv,aggregated,0,0,aggregated_daily_from_hourly; source_records=24
Elm Ridge,2021-06-01,2021-06-01,2021,6,77.0,daily,Elm Ridge Hike+Bike RAW (1).csv,aggregated,0,0,aggregated_daily_from_hourly; source_records=24
Elm Ridge,2021-06-02,2021-06-02,2021,6,30.0,daily,Elm Ridge Hike+Bike RAW (1).csv,aggregated,0,0,aggregated_daily_from_hourly; source_records=24
Elm Ridge,2021-06-03,2021-06-03,2021,6,29.0,daily,Elm Ridge Hike+Bike RAW (1).csv,aggregated,0,0,aggregated_daily_from_hourly; source_records=24
Elm Ridge,2021-06-04,2021-06-04,2021,6,65.0,daily,Elm Ridge Hike+Bike RAW (1).csv,aggregated,0,0,aggregated_daily_from_hourly; source_records=24
Elm Ridge,2021-06-05,2021-06-05,2021,6,317.0,daily,Elm Ridge Hike+Bike RAW (1).csv,aggregated,0,0,aggregated_daily_from_hourly; source_records=24
Elm Ridge,2021-06-06,2021-06-06,2021,6,192.0,daily,Elm Ridge Hike+Bike RAW (1).csv,aggregated,0,0,aggregated_daily_from_hourly; source_records=24
Elm Ridge,2021-06-07,2021-06-07,2021,6,62.0,daily,Elm Ridge Hike+Bike RAW (1).csv,aggregated,0,0,aggregated_daily_from_hourly; source_records=24
Elm Ridge,2021-06-08,2021-06-08,2021,6,69.0,daily,Elm Ridge Hike+Bike RAW (1).csv,aggregated,0,0,aggregated_daily_from_hourly; source_records=24
Elm Ridge,2021-06-09,2021-06-09,2021,6,59.0,daily,Elm Ridge Hike+Bike RAW (1).csv,aggregated,0,0,aggregated_daily_from_hourly; source_records=24
Elm Ridge,2021-06-10,2021-06-10,2021,6,123.0,daily,Elm Ridge Hike+Bike RAW (1).csv,aggregated,0,0,aggregated_daily_from_hourly; source_records=24
Elm Ridge,2021-06-11,2021-06-11,2021,6,118.0,daily,Elm Ridge Hike+Bike RAW (1).csv,aggregated,0,0,aggregated_daily_from_hourly; source_records=24
Elm Ridge,2021-06-12,2021-06-12,2021,6,162.0,daily,Elm Ridge Hike+Bike RAW (1).csv,aggregated,0,0,aggregated_daily_from_hourly; source_records=24
Elm Ridge,2021-06-13,2021-06-13,2021,6,137.0,daily,Elm Ridge Hike+Bike RAW (1).csv,aggregated,0,0,aggregated_daily_from_hourly; source_records=24
Elm Ridge,2021-06-14,2021-06-14,2021,6,31.0,daily,Elm Ridge Hike+Bike RAW (1).csv,aggregated,0,0,aggregated_daily_from_hourly; source_records=24
Elm Ridge,2021-06-15,2021-06-15,2021,6,38.0,daily,Elm Ridge Hike+Bike RAW (1).csv,aggregated,0,0,aggregated_daily_from_hourly; source_records=24
Elm Ridge,2021-06-16,2021-06-16,2021,6,101.0,daily,Elm Ridge Hike+Bike RAW (1).csv,aggregated,0,0,aggregated_daily_from_hourly; source_records=24
Elm Ridge,2021-06-17,2021-06-17,2021,6,117.0,daily,Elm Ridge Hike+Bike RAW (1).csv,aggregated,0,0,aggregated_daily_from_hourly; source_records=24
Elm Ridge,2021-06-18,2021-06-18,2021,6,148.0,daily,Elm Ridge Hike+Bike RAW (1).csv,aggregated,0,0,aggregated_daily_from_hourly; source_records=24
Elm Ridge,2021-06-19,2021-06-19,2021,6,176.0,daily,Elm Ridge Hike+Bike RAW (1).csv,aggregated,0,0,aggregated_daily_from_hourly; source_records=24
Elm Ridge,2021-06-20,2021-06-20,2021,6,133.0,daily,Elm Ridge Hike+Bike RAW (1).csv,aggregated,0,0,aggregated_daily_from_hourly; source_records=24
Elm Ridge,2021-06-21,2021-06-21,2021,6,52.0,daily,Elm Ridge Hike+Bike RAW (1).csv,aggregated,0,0,aggregated_daily_from_hourly; source_records=24
Elm Ridge,2021-06-22,2021-06-22,2021,6,21.0,daily,Elm Ridge Hike+Bike RAW (1).csv,aggregated,0,0,aggregated_daily_from_hourly; source_records=24
Elm Ridge,2021-06-23,2021-06-23,2021,6,92.0,daily,Elm Ridge Hike+Bike RAW (1).csv,aggregated,0,0,aggregated_daily_from_hourly; source_records=23
Elm Ridge,2021-06-24,2021-06-24,2021,6,99.0,daily,Elm Ridge Hike+Bike RAW (1).csv,aggregated,0,0,aggregated_daily_from_hourly; source_records=24
Elm Ridge,2021-06-25,2021-06-25,2021,6,113.0,daily,Elm Ridge Hike+Bike RAW (1).csv,aggregated,0,0,aggregated_daily_from_hourly; source_records=24
Elm Ridge,2021-06-26,2021-06-26,2021,6,197.0,daily,Elm Ridge Hike+Bike RAW (1).csv,aggregated,0,0,aggregated_daily_from_hourly; source_records=24
Elm Ridge,2021-06-27,2021-06-27,2021,6,208.0,daily,Elm Ridge Hike+Bike RAW (1).csv,aggregated,0,0,aggregated_daily_from_hourly; source_records=24
Elm Ridge,2021-06-28,2021-06-28,2021,6,46.0,daily,Elm Ridge Hike+Bike RAW (1).csv,aggregated,0,0,aggregated_daily_from_hourly; source_records=24
Elm Ridge,2021-06-29,2021-06-29,2021,6,37.0,daily,Elm Ridge Hike+Bike RAW (1).csv,aggregated,0,0,aggregated_daily_from_hourly; source_records=24
Elm Ridge,2021-06-30,2021-06-30,2021,6,42.0,daily,Elm Ridge Hike+Bike RAW (1).csv,aggregated,0,0,aggregated_daily_from_hourly; source_records=24
Elm Ridge,2021-07-01,2021-07-01,2021,7,25.0,daily,Elm Ridge Hike+Bike RAW (1).csv,aggregated,0,0,aggregated_daily_from_hourly; source_records=21
Elm Ridge,2021-07-08,2021-07-08,2021,7,30.0,daily,Elm Ridge Hike+Bike RAW (1).csv,aggregated,0,0,aggregated_daily_from_hourly; source_records=21
Elm Ridge,2021-07-09,2021-07-09,2021,7,53.0,daily,Elm Ridge Hike+Bike RAW (1).csv,aggregated,0,0,aggregated_daily_from_hourly; source_records=24
Elm Ridge,2021-07-10,2021-07-10,2021,7,270.0,daily,Elm Ridge Hike+Bike RAW (1).csv,aggregated,0,0,aggregated_daily_from_hourly; source_records=24
Elm Ridge,2021-07-11,2021-07-11,2021,7,89.0,daily,Elm Ridge Hike+Bike RAW (1).csv,aggregated,0,0,aggregated_daily_from_hourly; source_records=24
Elm Ridge,2021-07-12,2021-07-12,2021,7,33.0,daily,Elm Ridge Hike+Bike RAW (1).csv,aggregated,0,0,aggregated_daily_from_hourly; source_records=24
Elm Ridge,2021-07-13,2021-07-13,2021,7,113.0,daily,Elm Ridge Hike+Bike RAW (1).csv,aggregated,0,0,aggregated_daily_from_hourly; source_records=24
Elm Ridge,2021-07-14,2021-07-14,2021,7,60.0,daily,Elm Ridge Hike+Bike RAW (1).csv,aggregated,0,0,aggregated_daily_from_hourly; source_records=24
Elm Ridge,2021-07-15,2021-07-15,2021,7,99.0,daily,Elm Ridge Hike+Bike RAW (1).csv,aggregated,0,0,aggregated_daily_from_hourly; source_records=24
Elm Ridge,2021-07-16,2021-07-16,2021,7,77.0,daily,Elm Ridge Hike+Bike RAW (1).csv,aggregated,0,0,aggregated_daily_from_hourly; source_records=24
Elm Ridge,2021-07-17,2021-07-17,2021,7,204.0,daily,Elm Ridge Hike+Bike RAW (1).csv,aggregated,0,0,aggregated_daily_from_hourly; source_records=24
Elm Ridge,2021-07-18,2021-07-18,2021,7,74.0,daily,Elm Ridge Hike+Bike RAW (1).csv,aggregated,0,0,aggregated_daily_from_hourly; source_records=24
Elm Ridge,2021-07-19,2021-07-19,2021,7,93.0,daily,Elm Ridge Hike+Bike RAW (1).csv,aggregated,0,0,aggregated_daily_from_hourly; source_records=24
Elm Ridge,2021-07-20,2021-07-20,2021,7,65.0,daily,Elm Ridge Hike+Bike RAW (1).csv,aggregated,0,0,aggregated_daily_from_hourly; source_records=23
Elm Ridge,2021-07-21,2021-07-21,2021,7,89.0,daily,Elm Ridge Hike+Bike RAW (1).csv,aggregated,0,0,aggregated_daily_from_hourly; source_records=24
Elm Ridge,2021-07-22,2021-07-22,2021,7,102.0,daily,Elm Ridge Hike+Bike RAW (1).csv,aggregated,0,0,aggregated_daily_from_hourly; source_records=24
Elm Ridge,2021-07-23,2021-07-23,2021,7,131.0,daily,Elm Ridge Hike+Bike RAW (1).csv,aggregated,0,0,aggregated_daily_from_hourly; source_records=24
Elm Ridge,2021-07-24,2021-07-24,2021,7,338.0,daily,Elm Ridge Hike+Bike RAW (1).csv,aggregated,0,0,aggregated_daily_from_hourly; source_records=24
Elm Ridge,2021-07-25,2021-07-25,2021,7,55.0,daily,Elm Ridge Hike+Bike RAW (1).csv,aggregated,0,0,aggregated_daily_from_hourly; source_records=24
Elm Ridge,2021-07-26,2021-07-26,2021,7,99.0,daily,Elm Ridge Hike+Bike RAW (1).csv,aggregated,0,0,aggregated_daily_from_hourly; source_records=24
Elm Ridge,2021-07-27,2021-07-27,2021,7,71.0,daily,Elm Ridge Hike+Bike RAW (1).csv,aggregated,0,0,aggregated_daily_from_hourly; source_records=24
Elm Ridge,2021-07-28,2021-07-28,2021,7,115.0,daily,Elm Ridge Hike+Bike RAW (1).csv,aggregated,0,0,aggregated_daily_from_hourly; source_records=24
Elm Ridge,2021-07-29,2021-07-29,2021,7,89.0,daily,Elm Ridge Hike+Bike RAW (1).csv,aggregated,0,0,aggregated_daily_from_hourly; source_records=24
Elm Ridge,2021-07-30,2021-07-30,2021,7,164.0,daily,Elm Ridge Hike+Bike RAW (1).csv,aggregated,0,0,aggregated_daily_from_hourly; source_records=24
Elm Ridge,2021-07-31,2021-07-31,2021,7,348.0,daily,Elm Ridge Hike+Bike RAW (1).csv,aggregated,0,0,aggregated_daily_from_hourly; source_records=24
Elm Ridge,2021-08-01,2021-08-01,2021,8,193.0,daily,Elm Ridge Hike+Bike RAW (1).csv,aggregated,0,0,aggregated_daily_from_hourly; source_records=24
Elm Ridge,2021-08-02,2021-08-02,2021,8,111.0,daily,Elm Ridge Hike+Bike RAW (1).csv,aggregated,0,0,aggregated_daily_from_hourly; source_records=24
Elm Ridge,2021-08-03,2021-08-03,2021,8,123.0,daily,Elm Ridge Hike+Bike RAW (1).csv,aggregated,0,0,aggregated_daily_from_hourly; source_records=24
Elm Ridge,2021-08-04,2021-08-04,2021,8,105.0,daily,Elm Ridge Hike+Bike RAW (1).csv,aggregated,0,0,aggregated_daily_from_hourly; source_records=24
Elm Ridge,2021-08-05,2021-08-05,2021,8,120.0,daily,Elm Ridge Hike+Bike RAW (1).csv,aggregated,0,0,aggregated_daily_from_hourly; source_records=24
Elm Ridge,2021-08-06,2021-08-06,2021,8,124.0,daily,Elm Ridge Hike+Bike RAW (1).csv,aggregated,0,0,aggregated_daily_from_hourly; source_records=24
Elm Ridge,2021-08-07,2021-08-07,2021,8,263.0,daily,Elm Ridge Hike+Bike RAW (1).csv,aggregated,0,0,aggregated_daily_from_hourly; source_records=24
Elm Ridge,2021-08-08,2021-08-08,2021,8,180.0,daily,Elm Ridge Hike+Bike RAW (1).csv,aggregated,0,0,aggregated_daily_from_hourly; source_records=24
Elm Ridge,2021-08-09,2021-08-09,2021,8,111.0,daily,Elm Ridge Hike+Bike RAW (1).csv,aggregated,0,0,aggregated_daily_from_hourly; source_records=24
Elm Ridge,2021-08-10,2021-08-10,2021,8,103.0,daily,Elm Ridge Hike+Bike RAW (1).csv,aggregated,0,0,aggregated_daily_from_hourly; source_records=24
Elm Ridge,2021-08-11,2021-08-11,2021,8,80.0,daily,Elm Ridge Hike+Bike RAW (1).csv,aggregated,0,0,aggregated_daily_from_hourly; source_records=24
Elm Ridge,2021-08-12,2021-08-12,2021,8,67.0,daily,Elm Ridge Hike+Bike RAW (1).csv,aggregated,0,0,aggregated_daily_from_hourly; source_records=24
Elm Ridge,2021-08-13,2021-08-13,2021,8,110.0,daily,Elm Ridge Hike+Bike RAW (1).csv,aggregated,0,0,aggregated_daily_from_hourly; source_records=24
Elm Ridge,2021-08-14,2021-08-14,2021,8,221.0,daily,Elm Ridge Hike+Bike RAW (1).csv,aggregated,0,0,aggregated_daily_from_hourly; source_records=24
Elm Ridge,2021-08-15,2021-08-15,2021,8,213.0,daily,Elm Ridge Hike+Bike RAW (1).csv,aggregated,0,0,aggregated_daily_from_hourly; source_records=24
Elm Ridge,2021-08-16,2021-08-16,2021,8,84.0,daily,Elm Ridge Hike+Bike RAW (1).csv,aggregated,0,0,aggregated_daily_from_hourly; source_records=24
Elm Ridge,2021-08-17,2021-08-17,2021,8,78.0,daily,Elm Ridge Hike+Bike RAW (1).csv,aggregated,0,0,aggregated_daily_from_hourly; source_records=24
Elm Ridge,2021-08-18,2021-08-18,2021,8,139.0,daily,Elm Ridge Hike+Bike RAW (1).csv,aggregated,0,0,aggregated_daily_from_hourly; source_records=24
Elm Ridge,2021-08-19,2021-08-19,2021,8,37.0,daily,Elm Ridge Hike+Bike RAW (1).csv,aggregated,0,0,aggregated_daily_from_hourly; source_records=24
Elm Ridge,2021-08-20,2021-08-20,2021,8,80.0,daily,Elm Ridge Hike+Bike RAW (1).csv,aggregated,0,0,aggregated_daily_from_hourly; source_records=24
Elm Ridge,2021-08-21,2021-08-21,2021,8,190.0,daily,Elm Ridge Hike+Bike RAW (1).csv,aggregated,0,0,aggregated_daily_from_hourly; source_records=24
Elm Ridge,2021-08-22,2021-08-22,2021,8,39.0,daily,Elm Ridge Hike+Bike RAW (1).csv,aggregated,0,0,aggregated_daily_from_hourly; source_records=24
Elm Ridge,2021-08-23,2021-08-23,2021,8,4.0,daily,Elm Ridge Hike+Bike RAW (1).csv,aggregated,0,0,aggregated_daily_from_hourly; source_records=24
Elm Ridge,2021-08-24,2021-08-24,2021,8,68.0,daily,Elm Ridge Hike+Bike RAW (1).csv,aggregated,0,0,aggregated_daily_from_hourly; source_records=24
Elm Ridge,2021-08-25,2021-08-25,2021,8,83.0,daily,Elm Ridge Hike+Bike RAW (1).csv,aggregated,0,0,aggregated_daily_from_hourly; source_records=24
Elm Ridge,2021-08-26,2021-08-26,2021,8,67.0,daily,Elm Ridge Hike+Bike RAW (1).csv,aggregated,0,0,aggregated_daily_from_hourly; source_records=24
Elm Ridge,2021-08-27,2021-08-27,2021,8,98.0,daily,Elm Ridge Hike+Bike RAW (1).csv,aggregated,0,0,aggregated_daily_from_hourly; source_records=24
Elm Ridge,2021-08-28,2021-08-28,2021,8,196.0,daily,Elm Ridge Hike+Bike RAW (1).csv,aggregated,0,0,aggregated_daily_from_hourly; source_records=24
Elm Ridge,2021-08-29,2021-08-29,2021,8,136.0,daily,Elm Ridge Hike+Bike RAW (1).csv,aggregated,0,0,aggregated_daily_from_hourly; source_records=24
Elm Ridge,2021-08-30,2021-08-30,2021,8,57.0,daily,Elm Ridge Hike+Bike RAW (1).csv,aggregated,0,0,aggregated_daily_from_hourly; source_records=24
Elm Ridge,2021-08-31,2021-08-31,2021,8,76.0,daily,Elm Ridge Hike+Bike RAW (1).csv,aggregated,0,0,aggregated_daily_from_hourly; source_records=24
Elm Ridge,2021-09-01,2021-09-01,2021,9,14.0,daily,Elm Ridge Hike+Bike RAW (1).csv,aggregated,0,0,aggregated_daily_from_hourly; source_records=24
Elm Ridge,2021-09-02,2021-09-02,2021,9,62.0,daily,Elm Ridge Hike+Bike RAW (1).csv,aggregated,0,0,aggregated_daily_from_hourly; source_records=24
Elm Ridge,2021-09-03,2021-09-03,2021,9,85.0,daily,Elm Ridge Hike+Bike RAW (1).csv,aggregated,0,0,aggregated_daily_from_hourly; source_records=24
Elm Ridge,2021-09-04,2021-09-04,2021,9,319.0,daily,Elm Ridge Hike+Bike RAW (1).csv,aggregated,0,0,aggregated_daily_from_hourly; source_records=24
Elm Ridge,2021-09-05,2021-09-05,2021,9,213.0,daily,Elm Ridge Hike+Bike RAW (1).csv,aggregated,0,0,aggregated_daily_from_hourly; source_records=24
Elm Ridge,2021-09-06,2021-09-06,2021,9,207.0,daily,Elm Ridge Hike+Bike RAW (1).csv,aggregated,0,0,aggregated_daily_from_hourly; source_records=24
Elm Ridge,2021-09-07,2021-09-07,2021,9,75.0,daily,Elm Ridge Hike+Bike RAW (1).csv,aggregated,0,0,aggregated_daily_from_hourly; source_records=24
Elm Ridge,2021-09-08,2021-09-08,2021,9,58.0,daily,Elm Ridge Hike+Bike RAW (1).csv,aggregated,0,0,aggregated_daily_from_hourly; source_records=23
Elm Ridge,2021-09-09,2021-09-09,2021,9,25.0,daily,Elm Ridge Hike+Bike RAW (1).csv,aggregated,0,0,aggregated_daily_from_hourly; source_records=24
Elm Ridge,2021-09-10,2021-09-10,2021,9,122.0,daily,Elm Ridge Hike+Bike RAW (1).csv,aggregated,0,0,aggregated_daily_from_hourly; source_records=24
Elm Ridge,2021-09-11,2021-09-11,2021,9,315.0,daily,Elm Ridge Hike+Bike RAW (1).csv,aggregated,0,0,aggregated_daily_from_hourly; source_records=24
Elm Ridge,2021-09-12,2021-09-12,2021,9,163.0,daily,Elm Ridge Hike+Bike RAW (1).csv,aggregated,0,0,aggregated_daily_from_hourly; source_records=24
Elm Ridge,2021-09-13,2021-09-13,2021,9,43.0,daily,Elm Ridge Hike+Bike RAW (1).csv,aggregated,0,0,aggregated_daily_from_hourly; source_records=24
Elm Ridge,2021-09-14,2021-09-14,2021,9,36.0,daily,Elm Ridge Hike+Bike RAW (1).csv,aggregated,0,0,aggregated_daily_from_hourly; source_records=24
Elm Ridge,2021-09-15,2021-09-15,2021,9,32.0,daily,Elm Ridge Hike+Bike RAW (1).csv,aggregated,0,0,aggregated_daily_from_hourly; source_records=24
Elm Ridge,2021-09-16,2021-09-16,2021,9,39.0,daily,Elm Ridge Hike+Bike RAW (1).csv,aggregated,0,0,aggregated_daily_from_hourly; source_records=24
Elm Ridge,2021-09-17,2021-09-17,2021,9,49.0,daily,Elm Ridge Hike+Bike RAW (1).csv,aggregated,0,0,aggregated_daily_from_hourly; source_records=24
Elm Ridge,2021-09-18,2021-09-18,2021,9,142.0,daily,Elm Ridge Hike+Bike RAW (1).csv,aggregated,0,0,aggregated_daily_from_hourly; source_records=24
Elm Ridge,2021-09-19,2021-09-19,2021,9,276.0,daily,Elm Ridge Hike+Bike RAW (1).csv,aggregated,0,0,aggregated_daily_from_hourly; source_records=24
Elm Ridge,2021-09-20,2021-09-20,2021,9,48.0,daily,Elm Ridge Hike+Bike RAW (1).csv,aggregated,0,0,aggregated_daily_from_hourly; source_records=24
Elm Ridge,2021-09-21,2021-09-21,2021,9,81.0,daily,Elm Ridge Hike+Bike RAW (1).csv,aggregated,0,0,aggregated_daily_from_hourly; source_records=24
Elm Ridge,2021-09-22,2021-09-22,2021,9,18.0,daily,Elm Ridge Hike+Bike RAW (1).csv,aggregated,0,0,aggregated_daily_from_hourly; source_records=24
Elm Ridge,2021-09-23,2021-09-23,2021,9,13.0,daily,Elm Ridge Hike+Bike RAW (1).csv,aggregated,0,0,aggregated_daily_from_hourly; source_records=24
Elm Ridge,2021-09-24,2021-09-24,2021,9,59.0,daily,Elm Ridge Hike+Bike RAW (1).csv,aggregated,0,0,aggregated_daily_from_hourly; source_records=24
Elm Ridge,2021-09-25,2021-09-25,2021,9,217.0,daily,Elm Ridge Hike+Bike RAW (1).csv,aggregated,0,0,aggregated_daily_from_hourly; source_records=24
Elm Ridge,2021-09-26,2021-09-26,2021,9,162.0,daily,Elm Ridge Hike+Bike RAW (1).csv,aggregated,0,0,aggregated_daily_from_hourly; source_records=24
Elm Ridge,2021-09-27,2021-09-27,2021,9,46.0,daily,Elm Ridge Hike+Bike RAW (1).csv,aggregated,0,0,aggregated_daily_from_hourly; source_records=24
Elm Ridge,2021-09-28,2021-09-28,2021,9,18.0,daily,Elm Ridge Hike+Bike RAW (1).csv,aggregated,0,0,aggregated_daily_from_hourly; source_records=24
Elm Ridge,2021-09-29,2021-09-29,2021,9,82.0,daily,Elm Ridge Hike+Bike RAW (1).csv,aggregated,0,0,aggregated_daily_from_hourly; source_records=24
Elm Ridge,2021-09-30,2021-09-30,2021,9,20.0,daily,Elm Ridge Hike+Bike RAW (1).csv,aggregated,0,0,aggregated_daily_from_hourly; source_records=24
Elm Ridge,2021-10-01,2021-10-01,2021,10,102.0,daily,Elm Ridge Hike+Bike RAW (1).csv,aggregated,0,0,aggregated_daily_from_hourly; source_records=24
Elm Ridge,2021-10-02,2021-10-02,2021,10,279.0,daily,Elm Ridge Hike+Bike RAW (1).csv,aggregated,0,0,aggregated_daily_from_hourly; source_records=24
Elm Ridge,2021-10-03,2021-10-03,2021,10,154.0,daily,Elm Ridge Hike+Bike RAW (1).csv,aggregated,0,0,aggregated_daily_from_hourly; source_records=24
Elm Ridge,2021-10-04,2021-10-04,2021,10,18.0,daily,Elm Ridge Hike+Bike RAW (1).csv,aggregated,0,0,aggregated_daily_from_hourly; source_records=24
Elm Ridge,2021-10-05,2021-10-05,2021,10,38.0,daily,Elm Ridge Hike+Bike RAW (1).csv,aggregated,0,0,aggregated_daily_from_hourly; source_records=24
Elm Ridge,2021-10-06,2021-10-06,2021,10,61.0,daily,Elm Ridge Hike+Bike RAW (1).csv,aggregated,0,0,aggregated_daily_from_hourly; source_records=24
Elm Ridge,2021-10-07,2021-10-07,2021,10,58.0,daily,Elm Ridge Hike+Bike RAW (1).csv,aggregated,0,0,aggregated_daily_from_hourly; source_records=24
Elm Ridge,2021-10-08,2021-10-08,2021,10,130.0,daily,Elm Ridge Hike+Bike RAW (1).csv,aggregated,0,0,aggregated_daily_from_hourly; source_records=24
Elm Ridge,2021-10-09,2021-10-09,2021,10,321.0,daily,Elm Ridge Hike+Bike RAW (1).csv,aggregated,0,0,aggregated_daily_from_hourly; source_records=24
Elm Ridge,2021-10-10,2021-10-10,2021,10,368.0,daily,Elm Ridge Hike+Bike RAW (1).csv,aggregated,0,0,aggregated_daily_from_hourly; source_records=24
Elm Ridge,2021-10-11,2021-10-11,2021,10,192.0,daily,Elm Ridge Hike+Bike RAW (1).csv,aggregated,0,0,aggregated_daily_from_hourly; source_records=24
Elm Ridge,2021-10-12,2021-10-12,2021,10,83.0,daily,Elm Ridge Hike+Bike RAW (1).csv,aggregated,0,0,aggregated_daily_from_hourly; source_records=24
Elm Ridge,2021-10-13,2021-10-13,2021,10,32.0,daily,Elm Ridge Hike+Bike RAW (1).csv,aggregated,0,0,aggregated_daily_from_hourly; source_records=24
Elm Ridge,2021-10-14,2021-10-14,2021,10,80.0,daily,Elm Ridge Hike+Bike RAW (1).csv,aggregated,0,0,aggregated_daily_from_hourly; source_records=24
Elm Ridge,2021-10-15,2021-10-15,2021,10,135.0,daily,Elm Ridge Hike+Bike RAW (1).csv,aggregated,0,0,aggregated_daily_from_hourly; source_records=24
Elm Ridge,2021-10-16,2021-10-16,2021,10,268.0,daily,Elm Ridge Hike+Bike RAW (1).csv,aggregated,0,0,aggregated_daily_from_hourly; source_records=24
Elm Ridge,2021-10-17,2021-10-17,2021,10,209.0,daily,Elm Ridge Hike+Bike RAW (1).csv,aggregated,0,0,aggregated_daily_from_hourly; source_records=24
Elm Ridge,2021-10-18,2021-10-18,2021,10,32.0,daily,Elm Ridge Hike+Bike RAW (1).csv,aggregated,0,0,aggregated_daily_from_hourly; source_records=24
Elm Ridge,2021-10-19,2021-10-19,2021,10,48.0,daily,Elm Ridge Hike+Bike RAW (1).csv,aggregated,0,0,aggregated_daily_from_hourly; source_records=23
Elm Ridge,2021-10-20,2021-10-20,2021,10,52.0,daily,Elm Ridge Hike+Bike RAW (1).csv,aggregated,0,0,aggregated_daily_from_hourly; source_records=24
Elm Ridge,2021-10-21,2021-10-21,2021,10,85.0,daily,Elm Ridge Hike+Bike RAW (1).csv,aggregated,0,0,aggregated_daily_from_hourly; source_records=24
Elm Ridge,2021-10-22,2021-10-22,2021,10,81.0,daily,Elm Ridge Hike+Bike RAW (1).csv,aggregated,0,0,aggregated_daily_from_hourly; source_records=24
Elm Ridge,2021-10-23,2021-10-23,2021,10,302.0,daily,Elm Ridge Hike+Bike RAW (1).csv,aggregated,0,0,aggregated_daily_from_hourly; source_records=24
Elm Ridge,2021-10-24,2021-10-24,2021,10,214.0,daily,Elm Ridge Hike+Bike RAW (1).csv,aggregated,0,0,aggregated_daily_from_hourly; source_records=24
Elm Ridge,2021-10-25,2021-10-25,2021,10,31.0,daily,Elm Ridge Hike+Bike RAW (1).csv,aggregated,0,0,aggregated_daily_from_hourly; source_records=24
Elm Ridge,2021-10-26,2021-10-26,2021,10,0.0,daily,Elm Ridge Hike+Bike RAW (1).csv,aggregated,0,0,aggregated_daily_from_hourly; source_records=24
Elm Ridge,2021-10-27,2021-10-27,2021,10,2.0,daily,Elm Ridge Hike+Bike RAW (1).csv,aggregated,0,0,aggregated_daily_from_hourly; source_records=24
Elm Ridge,2021-10-28,2021-10-28,2021,10,0.0,daily,Elm Ridge Hike+Bike RAW (1).csv,aggregated,0,0,aggregated_daily_from_hourly; source_records=24
Elm Ridge,2021-10-29,2021-10-29,2021,10,1.0,daily,Elm Ridge Hike+Bike RAW (1).csv,aggregated,0,0,aggregated_daily_from_hourly; source_records=24
Elm Ridge,2021-10-30,2021-10-30,2021,10,5.0,daily,Elm Ridge Hike+Bike RAW (1).csv,aggregated,0,0,aggregated_daily_from_hourly; source_records=24
Elm Ridge,2021-10-31,2021-10-31,2021,10,6.0,daily,Elm Ridge Hike+Bike RAW (1).csv,aggregated,0,0,aggregated_daily_from_hourly; source_records=24
Elm Ridge,2021-11-01,2021-11-01,2021,11,5.0,daily,Elm Ridge Hike+Bike RAW (1).csv,aggregated,0,0,aggregated_daily_from_hourly; source_records=24
Elm Ridge,2021-11-02,2021-11-02,2021,11,29.0,daily,Elm Ridge Hike+Bike RAW (1).csv,aggregated,0,0,aggregated_daily_from_hourly; source_records=24
Elm Ridge,2021-11-03,2021-11-03,2021,11,21.0,daily,Elm Ridge Hike+Bike RAW (1).csv,aggregated,0,0,aggregated_daily_from_hourly; source_records=24
Elm Ridge,2021-11-04,2021-11-04,2021,11,18.0,daily,Elm Ridge Hike+Bike RAW (1).csv,aggregated,0,0,aggregated_daily_from_hourly; source_records=24
Elm Ridge,2021-11-05,2021-11-05,2021,11,26.0,daily,Elm Ridge Hike+Bike RAW (1).csv,aggregated,0,0,aggregated_daily_from_hourly; source_records=24
Elm Ridge,2021-11-06,2021-11-06,2021,11,164.0,daily,Elm Ridge Hike+Bike RAW (1).csv,aggregated,0,0,aggregated_daily_from_hourly; source_records=24
Elm Ridge,2021-11-07,2021-11-07,2021,11,141.0,daily,Elm Ridge Hike+Bike RAW (1).csv,aggregated,0,0,aggregated_daily_from_hourly; source_records=24
Elm Ridge,2021-11-08,2021-11-08,2021,11,36.0,daily,Elm Ridge Hike+Bike RAW (1).csv,aggregated,0,0,aggregated_daily_from_hourly; source_records=24
Elm Ridge,2021-11-09,2021-11-09,2021,11,101.0,daily,Elm Ridge Hike+Bike RAW (1).csv,aggregated,0,0,aggregated_daily_from_hourly; source_records=24
Elm Ridge,2021-11-10,2021-11-10,2021,11,17.0,daily,Elm Ridge Hike+Bike RAW (1).csv,aggregated,0,0,aggregated_daily_from_hourly; source_records=24
Elm Ridge,2021-11-11,2021-11-11,2021,11,28.0,daily,Elm Ridge Hike+Bike RAW (1).csv,aggregated,0,0,aggregated_daily_from_hourly; source_records=24
Elm Ridge,2021-11-12,2021-11-12,2021,11,0.0,daily,Elm Ridge Hike+Bike RAW (1).csv,aggregated,0,0,aggregated_daily_from_hourly; source_records=24
Elm Ridge,2021-11-13,2021-11-13,2021,11,39.0,daily,Elm Ridge Hike+Bike RAW (1).csv,aggregated,0,0,aggregated_daily_from_hourly; source_records=24
Elm Ridge,2021-11-14,2021-11-14,2021,11,67.0,daily,Elm Ridge Hike+Bike RAW (1).csv,aggregated,0,0,aggregated_daily_from_hourly; source_records=24
Elm Ridge,2021-11-15,2021-11-15,2021,11,17.0,daily,Elm Ridge Hike+Bike RAW (1).csv,aggregated,0,0,aggregated_daily_from_hourly; source_records=24
Elm Ridge,2021-11-16,2021-11-16,2021,11,20.0,daily,Elm Ridge Hike+Bike RAW (1).csv,aggregated,0,0,aggregated_daily_from_hourly; source_records=24
Elm Ridge,2021-11-17,2021-11-17,2021,11,4.0,daily,Elm Ridge Hike+Bike RAW (1).csv,aggregated,0,0,aggregated_daily_from_hourly; source_records=24
Elm Ridge,2021-11-18,2021-11-18,2021,11,196.0,daily,Elm Ridge Hike+Bike RAW (1).csv,aggregated,0,0,aggregated_daily_from_hourly; source_records=24
Elm Ridge,2021-11-19,2021-11-19,2021,11,59.0,daily,Elm Ridge Hike+Bike RAW (1).csv,aggregated,0,0,aggregated_daily_from_hourly; source_records=24
Elm Ridge,2021-11-20,2021-11-20,2021,11,163.0,daily,Elm Ridge Hike+Bike RAW (1).csv,aggregated,0,0,aggregated_daily_from_hourly; source_records=24
Elm Ridge,2021-11-21,2021-11-21,2021,11,102.0,daily,Elm Ridge Hike+Bike RAW (1).csv,aggregated,0,0,aggregated_daily_from_hourly; source_records=24
Elm Ridge,2021-11-22,2021-11-22,2021,11,15.0,daily,Elm Ridge Hike+Bike RAW (1).csv,aggregated,0,0,aggregated_daily_from_hourly; source_records=24
Elm Ridge,2021-11-23,2021-11-23,2021,11,32.0,daily,Elm Ridge Hike+Bike RAW (1).csv,aggregated,0,0,aggregated_daily_from_hourly; source_records=24
Elm Ridge,2021-11-24,2021-11-24,2021,11,20.0,daily,Elm Ridge Hike+Bike RAW (1).csv,aggregated,0,0,aggregated_daily_from_hourly; source_records=24
Elm Ridge,2021-11-25,2021-11-25,2021,11,148.0,daily,Elm Ridge Hike+Bike RAW (1).csv,aggregated,0,0,aggregated_daily_from_hourly; source_records=24
Elm Ridge,2021-11-26,2021-11-26,2021,11,46.0,daily,Elm Ridge Hike+Bike RAW (1).csv,aggregated,0,0,aggregated_daily_from_hourly; source_records=24
Elm Ridge,2021-11-27,2021-11-27,2021,11,176.0,daily,Elm Ridge Hike+Bike RAW (1).csv,aggregated,0,0,aggregated_daily_from_hourly; source_records=24
Elm Ridge,2021-11-28,2021-11-28,2021,11,50.0,daily,Elm Ridge Hike+Bike RAW (1).csv,aggregated,0,0,aggregated_daily_from_hourly; source_records=24
Elm Ridge,2021-11-29,2021-11-29,2021,11,7.0,daily,Elm Ridge Hike+Bike RAW (1).csv,aggregated,0,0,aggregated_daily_from_hourly; source_records=24
Elm Ridge,2021-11-30,2021-11-30,2021,11,27.0,daily,Elm Ridge Hike+Bike RAW (1).csv,aggregated,0,0,aggregated_daily_from_hourly; source_records=24
Elm Ridge,2021-12-01,2021-12-01,2021,12,12.0,daily,Elm Ridge Hike+Bike RAW (1).csv,aggregated,0,0,aggregated_daily_from_hourly; source_records=24
Elm Ridge,2021-12-02,2021-12-02,2021,12,6.0,daily,Elm Ridge Hike+Bike RAW (1).csv,aggregated,0,0,aggregated_daily_from_hourly; source_records=24
Elm Ridge,2021-12-03,2021-12-03,2021,12,36.0,daily,Elm Ridge Hike+Bike RAW (1).csv,aggregated,0,0,aggregated_daily_from_hourly; source_records=24
Elm Ridge,2021-12-04,2021-12-04,2021,12,82.0,daily,Elm Ridge Hike+Bike RAW (1).csv,aggregated,0,0,aggregated_daily_from_hourly; source_records=24
Elm Ridge,2021-12-05,2021-12-05,2021,12,75.0,daily,Elm Ridge Hike+Bike RAW (1).csv,aggregated,0,0,aggregated_daily_from_hourly; source_records=24
Elm Ridge,2021-12-06,2021-12-06,2021,12,10.0,daily,Elm Ridge Hike+Bike RAW (1).csv,aggregated,0,0,aggregated_daily_from_hourly; source_records=24
Elm Ridge,2021-12-07,2021-12-07,2021,12,33.0,daily,Elm Ridge Hike+Bike RAW (1).csv,aggregated,0,0,aggregated_daily_from_hourly; source_records=24
Elm Ridge,2021-12-08,2021-12-08,2021,12,6.0,daily,Elm Ridge Hike+Bike RAW (1).csv,aggregated,0,0,aggregated_daily_from_hourly; source_records=24
Elm Ridge,2021-12-09,2021-12-09,2021,12,12.0,daily,Elm Ridge Hike+Bike RAW (1).csv,aggregated,0,0,aggregated_daily_from_hourly; source_records=24
Elm Ridge,2021-12-10,2021-12-10,2021,12,24.0,daily,Elm Ridge Hike+Bike RAW (1).csv,aggregated,0,0,aggregated_daily_from_hourly; source_records=24
Elm Ridge,2021-12-11,2021-12-11,2021,12,24.0,daily,Elm Ridge Hike+Bike RAW (1).csv,aggregated,0,0,aggregated_daily_from_hourly; source_records=24
Elm Ridge,2021-12-12,2021-12-12,2021,12,46.0,daily,Elm Ridge Hike+Bike RAW (1).csv,aggregated,0,0,aggregated_daily_from_hourly; source_records=24
Elm Ridge,2021-12-13,2021-12-13,2021,12,10.0,daily,Elm Ridge Hike+Bike RAW (1).csv,aggregated,0,0,aggregated_daily_from_hourly; source_records=24
Elm Ridge,2021-12-14,2021-12-14,2021,12,20.0,daily,Elm Ridge Hike+Bike RAW (1).csv,aggregated,0,0,aggregated_daily_from_hourly; source_records=24
Elm Ridge,2021-12-15,2021-12-15,2021,12,12.0,daily,Elm Ridge Hike+Bike RAW (1).csv,aggregated,0,0,aggregated_daily_from_hourly; source_records=24
Elm Ridge,2021-12-16,2021-12-16,2021,12,36.0,daily,Elm Ridge Hike+Bike RAW (1).csv,aggregated,0,0,aggregated_daily_from_hourly; source_records=24
Elm Ridge,2021-12-17,2021-12-17,2021,12,28.0,daily,Elm Ridge Hike+Bike RAW (1).csv,aggregated,0,0,aggregated_daily_from_hourly; source_records=24
Elm Ridge,2021-12-18,2021-12-18,2021,12,55.0,daily,Elm Ridge Hike+Bike RAW (1).csv,aggregated,0,0,aggregated_daily_from_hourly; source_records=24
Elm Ridge,2021-12-19,2021-12-19,2021,12,48.0,daily,Elm Ridge Hike+Bike RAW (1).csv,aggregated,0,0,aggregated_daily_from_hourly; source_records=24
Elm Ridge,2021-12-20,2021-12-20,2021,12,8.0,daily,Elm Ridge Hike+Bike RAW (1).csv,aggregated,0,0,aggregated_daily_from_hourly; source_records=24
Elm Ridge,2021-12-21,2021-12-21,2021,12,68.0,daily,Elm Ridge Hike+Bike RAW (1).csv,aggregated,0,0,aggregated_daily_from_hourly; source_records=24
Elm Ridge,2021-12-22,2021-12-22,2021,12,25.0,daily,Elm Ridge Hike+Bike RAW (1).csv,aggregated,0,0,aggregated_daily_from_hourly; source_records=24
Elm Ridge,2021-12-23,2021-12-23,2021,12,60.0,daily,Elm Ridge Hike+Bike RAW (1).csv,aggregated,0,0,aggregated_daily_from_hourly; source_records=24
Elm Ridge,2021-12-24,2021-12-24,2021,12,51.0,daily,Elm Ridge Hike+Bike RAW (1).csv,aggregated,0,0,aggregated_daily_from_hourly; source_records=24
Elm Ridge,2021-12-25,2021-12-25,2021,12,37.0,daily,Elm Ridge Hike+Bike RAW (1).csv,aggregated,0,0,aggregated_daily_from_hourly; source_records=24
Elm Ridge,2021-12-26,2021-12-26,2021,12,101.0,daily,Elm Ridge Hike+Bike RAW (1).csv,aggregated,0,0,aggregated_daily_from_hourly; source_records=24
Elm Ridge,2021-12-27,2021-12-27,2021,12,83.0,daily,Elm Ridge Hike+Bike RAW (1).csv,aggregated,0,0,aggregated_daily_from_hourly; source_records=24
Elm Ridge,2021-12-28,2021-12-28,2021,12,162.0,daily,Elm Ridge Hike+Bike RAW (1).csv,aggregated,0,0,aggregated_daily_from_hourly; source_records=24
Elm Ridge,2021-12-29,2021-12-29,2021,12,88.0,daily,Elm Ridge Hike+Bike RAW (1).csv,aggregated,0,0,aggregated_daily_from_hourly; source_records=24
Elm Ridge,2021-12-30,2021-12-30,2021,12,82.0,daily,Elm Ridge Hike+Bike RAW (1).csv,aggregated,0,0,aggregated_daily_from_hourly; source_records=24
Elm Ridge,2021-12-31,2021-12-31,2021,12,139.0,daily,Elm Ridge Hike+Bike RAW (1).csv,aggregated,0,0,aggregated_daily_from_hourly; source_records=24
Elm Ridge,2022-01-01,2022-01-01,2022,1,181.0,daily,Elm Ridge Hike+Bike RAW (1).csv,aggregated,0,0,aggregated_daily_from_hourly; source_records=24
Elm Ridge,2022-01-02,2022-01-02,2022,1,44.0,daily,Elm Ridge Hike+Bike RAW (1).csv,aggregated,0,0,aggregated_daily_from_hourly; source_records=24
Elm Ridge,2022-01-03,2022-01-03,2022,1,25.0,daily,Elm Ridge Hike+Bike RAW (1).csv,aggregated,0,0,aggregated_daily_from_hourly; source_records=24
Elm Ridge,2022-01-04,2022-01-04,2022,1,23.0,daily,Elm Ridge Hike+Bike RAW (1).csv,aggregated,0,0,aggregated_daily_from_hourly; source_records=24
Elm Ridge,2022-01-05,2022-01-05,2022,1,11.0,daily,Elm Ridge Hike+Bike RAW (1).csv,aggregated,0,0,aggregated_daily_from_hourly; source_records=24
Elm Ridge,2022-01-06,2022-01-06,2022,1,11.0,daily,Elm Ridge Hike+Bike RAW (1).csv,aggregated,0,0,aggregated_daily_from_hourly; source_records=24
Elm Ridge,2022-01-07,2022-01-07,2022,1,22.0,daily,Elm Ridge Hike+Bike RAW (1).csv,aggregated,0,0,aggregated_daily_from_hourly; source_records=24
Elm Ridge,2022-01-08,2022-01-08,2022,1,77.0,daily,Elm Ridge Hike+Bike RAW (1).csv,aggregated,0,0,aggregated_daily_from_hourly; source_records=24
Elm Ridge,2022-01-09,2022-01-09,2022,1,0.0,daily,Elm Ridge Hike+Bike RAW (1).csv,aggregated,0,0,aggregated_daily_from_hourly; source_records=24
Elm Ridge,2022-01-10,2022-01-10,2022,1,10.0,daily,Elm Ridge Hike+Bike RAW (1).csv,aggregated,0,0,aggregated_daily_from_hourly; source_records=24
Elm Ridge,2022-01-11,2022-01-11,2022,1,9.0,daily,Elm Ridge Hike+Bike RAW (1).csv,aggregated,0,0,aggregated_daily_from_hourly; source_records=24
Elm Ridge,2022-01-12,2022-01-12,2022,1,10.0,daily,Elm Ridge Hike+Bike RAW (1).csv,aggregated,0,0,aggregated_daily_from_hourly; source_records=24
Elm Ridge,2022-01-13,2022-01-13,2022,1,16.0,daily,Elm Ridge Hike+Bike RAW (1).csv,aggregated,0,0,aggregated_daily_from_hourly; source_records=24
Elm Ridge,2022-01-14,2022-01-14,2022,1,24.0,daily,Elm Ridge Hike+Bike RAW (1).csv,aggregated,0,0,aggregated_daily_from_hourly; source_records=24
Elm Ridge,2022-01-15,2022-01-15,2022,1,21.0,daily,Elm Ridge Hike+Bike RAW (1).csv,aggregated,0,0,aggregated_daily_from_hourly; source_records=24
Elm Ridge,2022-01-16,2022-01-16,2022,1,109.0,daily,Elm Ridge Hike+Bike RAW (1).csv,aggregated,0,0,aggregated_daily_from_hourly; source_records=24
Elm Ridge,2022-01-17,2022-01-17,2022,1,21.0,daily,Elm Ridge Hike+Bike RAW (1).csv,aggregated,0,0,aggregated_daily_from_hourly; source_records=24
Elm Ridge,2022-01-18,2022-01-18,2022,1,6.0,daily,Elm Ridge Hike+Bike RAW (1).csv,aggregated,0,0,aggregated_daily_from_hourly; source_records=24
Elm Ridge,2022-01-19,2022-01-19,2022,1,20.0,daily,Elm Ridge Hike+Bike RAW (1).csv,aggregated,0,0,aggregated_daily_from_hourly; source_records=24
Elm Ridge,2022-01-20,2022-01-20,2022,1,6.0,daily,Elm Ridge Hike+Bike RAW (1).csv,aggregated,0,0,aggregated_daily_from_hourly; source_records=24
Elm Ridge,2022-01-21,2022-01-21,2022,1,4.0,daily,Elm Ridge Hike+Bike RAW (1).csv,aggregated,0,0,aggregated_daily_from_hourly; source_records=24
Elm Ridge,2022-01-22,2022-01-22,2022,1,50.0,daily,Elm Ridge Hike+Bike RAW (1).csv,aggregated,0,0,aggregated_daily_from_hourly; source_records=24
Elm Ridge,2022-01-23,2022-01-23,2022,1,49.0,daily,Elm Ridge Hike+Bike RAW (1).csv,aggregated,0,0,aggregated_daily_from_hourly; source_records=24
Elm Ridge,2022-01-24,2022-01-24,2022,1,2.0,daily,Elm Ridge Hike+Bike RAW (1).csv,aggregated,0,0,aggregated_daily_from_hourly; source_records=24
Elm Ridge,2022-01-25,2022-01-25,2022,1,4.0,daily,Elm Ridge Hike+Bike RAW (1).csv,aggregated,0,0,aggregated_daily_from_hourly; source_records=23
Elm Ridge,2022-01-26,2022-01-26,2022,1,12.0,daily,Elm Ridge Hike+Bike RAW (1).csv,aggregated,0,0,aggregated_daily_from_hourly; source_records=24
Elm Ridge,2022-01-27,2022-01-27,2022,1,4.0,daily,Elm Ridge Hike+Bike RAW (1).csv,aggregated,0,0,aggregated_daily_from_hourly; source_records=24
Elm Ridge,2022-01-28,2022-01-28,2022,1,6.0,daily,Elm Ridge Hike+Bike RAW (1).csv,aggregated,0,0,aggregated_daily_from_hourly; source_records=24
Elm Ridge,2022-01-29,2022-01-29,2022,1,35.0,daily,Elm Ridge Hike+Bike RAW (1).csv,aggregated,0,0,aggregated_daily_from_hourly; source_records=24
Elm Ridge,2022-01-30,2022-01-30,2022,1,27.0,daily,Elm Ridge Hike+Bike RAW (1).csv,aggregated,0,0,aggregated_daily_from_hourly; source_records=24
Elm Ridge,2022-01-31,2022-01-31,2022,1,2.0,daily,Elm Ridge Hike+Bike RAW (1).csv,aggregated,0,0,aggregated_daily_from_hourly; source_records=24
Elm Ridge,2022-02-01,2022-02-01,2022,2,16.0,daily,Elm Ridge Hike+Bike RAW (1).csv,aggregated,0,0,aggregated_daily_from_hourly; source_records=24
Elm Ridge,2022-02-02,2022-02-02,2022,2,2.0,daily,Elm Ridge Hike+Bike RAW (1).csv,aggregated,0,0,aggregated_daily_from_hourly; source_records=24
Elm Ridge,2022-02-03,2022-02-03,2022,2,5.0,daily,Elm Ridge Hike+Bike RAW (1).csv,aggregated,0,0,aggregated_daily_from_hourly; source_records=24
Elm Ridge,2022-02-04,2022-02-04,2022,2,8.0,daily,Elm Ridge Hike+Bike RAW (1).csv,aggregated,0,0,aggregated_daily_from_hourly; source_records=24
Elm Ridge,2022-02-05,2022-02-05,2022,2,93.0,daily,Elm Ridge Hike+Bike RAW (1).csv,aggregated,0,0,aggregated_daily_from_hourly; source_records=24
Elm Ridge,2022-02-06,2022-02-06,2022,2,66.0,daily,Elm Ridge Hike+Bike RAW (1).csv,aggregated,0,0,aggregated_daily_from_hourly; source_records=24
Elm Ridge,2022-02-07,2022-02-07,2022,2,10.0,daily,Elm Ridge Hike+Bike RAW (1).csv,aggregated,0,0,aggregated_daily_from_hourly; source_records=24
Elm Ridge,2022-02-08,2022-02-08,2022,2,28.0,daily,Elm Ridge Hike+Bike RAW (1).csv,aggregated,0,0,aggregated_daily_from_hourly; source_records=24
Elm Ridge,2022-02-09,2022-02-09,2022,2,20.0,daily,Elm Ridge Hike+Bike RAW (1).csv,aggregated,0,0,aggregated_daily_from_hourly; source_records=24
Elm Ridge,2022-02-10,2022-02-10,2022,2,12.0,daily,Elm Ridge Hike+Bike RAW (1).csv,aggregated,0,0,aggregated_daily_from_hourly; source_records=24
Elm Ridge,2022-02-11,2022-02-11,2022,2,32.0,daily,Elm Ridge Hike+Bike RAW (1).csv,aggregated,0,0,aggregated_daily_from_hourly; source_records=24
Elm Ridge,2022-02-12,2022-02-12,2022,2,102.0,daily,Elm Ridge Hike+Bike RAW (1).csv,aggregated,0,0,aggregated_daily_from_hourly; source_records=24
Elm Ridge,2022-02-13,2022-02-13,2022,2,39.0,daily,Elm Ridge Hike+Bike RAW (1).csv,aggregated,0,0,aggregated_daily_from_hourly; source_records=24
Elm Ridge,2022-02-14,2022-02-14,2022,2,2.0,daily,Elm Ridge Hike+Bike RAW (1).csv,aggregated,0,0,aggregated_daily_from_hourly; source_records=24
Elm Ridge,2022-02-15,2022-02-15,2022,2,10.0,daily,Elm Ridge Hike+Bike RAW (1).csv,aggregated,0,0,aggregated_daily_from_hourly; source_records=24
Elm Ridge,2022-02-16,2022-02-16,2022,2,14.0,daily,Elm Ridge Hike+Bike RAW (1).csv,aggregated,0,0,aggregated_daily_from_hourly; source_records=24
Elm Ridge,2022-02-17,2022-02-17,2022,2,2.0,daily,Elm Ridge Hike+Bike RAW (1).csv,aggregated,0,0,aggregated_daily_from_hourly; source_records=24
Elm Ridge,2022-02-18,2022-02-18,2022,2,11.0,daily,Elm Ridge Hike+Bike RAW (1).csv,aggregated,0,0,aggregated_daily_from_hourly; source_records=24
Elm Ridge,2022-02-19,2022-02-19,2022,2,41.0,daily,Elm Ridge Hike+Bike RAW (1).csv,aggregated,0,0,aggregated_daily_from_hourly; source_records=24
Elm Ridge,2022-02-20,2022-02-20,2022,2,87.0,daily,Elm Ridge Hike+Bike RAW (1).csv,aggregated,0,0,aggregated_daily_from_hourly; source_records=24
Elm Ridge,2022-02-21,2022-02-21,2022,2,100.0,daily,Elm Ridge Hike+Bike RAW (1).csv,aggregated,0,0,aggregated_daily_from_hourly; source_records=24
Elm Ridge,2022-02-22,2022-02-22,2022,2,36.0,daily,Elm Ridge Hike+Bike RAW (1).csv,aggregated,0,0,aggregated_daily_from_hourly; source_records=24
Elm Ridge,2022-02-23,2022-02-23,2022,2,49.0,daily,Elm Ridge Hike+Bike RAW (1).csv,aggregated,0,0,aggregated_daily_from_hourly; source_records=24
Elm Ridge,2022-02-24,2022-02-24,2022,2,50.0,daily,Elm Ridge Hike+Bike RAW (1).csv,aggregated,0,0,aggregated_daily_from_hourly; source_records=24
Elm Ridge,2022-02-25,2022-02-25,2022,2,16.0,daily,Elm Ridge Hike+Bike RAW (1).csv,aggregated,0,0,aggregated_daily_from_hourly; source_records=24
Elm Ridge,2022-02-26,2022-02-26,2022,2,69.0,daily,Elm Ridge Hike+Bike RAW (1).csv,aggregated,0,0,aggregated_daily_from_hourly; source_records=24
Elm Ridge,2022-02-27,2022-02-27,2022,2,52.0,daily,Elm Ridge Hike+Bike RAW (1).csv,aggregated,0,0,aggregated_daily_from_hourly; source_records=24
Elm Ridge,2022-02-28,2022-02-28,2022,2,2.0,daily,Elm Ridge Hike+Bike RAW (1).csv,aggregated,0,0,aggregated_daily_from_hourly; source_records=24
Elm Ridge,2022-03-01,2022-03-01,2022,3,8.0,daily,Elm Ridge Hike+Bike RAW (1).csv,aggregated,0,0,aggregated_daily_from_hourly; source_records=24
Elm Ridge,2022-03-02,2022-03-02,2022,3,7.0,daily,Elm Ridge Hike+Bike RAW (1).csv,aggregated,0,0,aggregated_daily_from_hourly; source_records=24
Elm Ridge,2022-03-03,2022-03-03,2022,3,6.0,daily,Elm Ridge Hike+Bike RAW (1).csv,aggregated,0,0,aggregated_daily_from_hourly; source_records=24
Elm Ridge,2022-03-04,2022-03-04,2022,3,11.0,daily,Elm Ridge Hike+Bike RAW (1).csv,aggregated,0,0,aggregated_daily_from_hourly; source_records=24
Elm Ridge,2022-03-05,2022-03-05,2022,3,114.0,daily,Elm Ridge Hike+Bike RAW (1).csv,aggregated,0,0,aggregated_daily_from_hourly; source_records=24
Elm Ridge,2022-03-06,2022-03-06,2022,3,15.0,daily,Elm Ridge Hike+Bike RAW (1).csv,aggregated,0,0,aggregated_daily_from_hourly; source_records=24
Elm Ridge,2022-03-07,2022-03-07,2022,3,4.0,daily,Elm Ridge Hike+Bike RAW (1).csv,aggregated,0,0,aggregated_daily_from_hourly; source_records=24
Elm Ridge,2022-03-08,2022-03-08,2022,3,12.0,daily,Elm Ridge Hike+Bike RAW (1).csv,aggregated,0,0,aggregated_daily_from_hourly; source_records=24
Elm Ridge,2022-03-09,2022-03-09,2022,3,9.0,daily,Elm Ridge Hike+Bike RAW (1).csv,aggregated,0,0,aggregated_daily_from_hourly; source_records=24
Elm Ridge,2022-03-10,2022-03-10,2022,3,19.0,daily,Elm Ridge Hike+Bike RAW (1).csv,aggregated,0,0,aggregated_daily_from_hourly; source_records=24
Elm Ridge,2022-03-11,2022-03-11,2022,3,14.0,daily,Elm Ridge Hike+Bike RAW (1).csv,aggregated,0,0,aggregated_daily_from_hourly; source_records=24
Elm Ridge,2022-03-12,2022-03-12,2022,3,5.0,daily,Elm Ridge Hike+Bike RAW (1).csv,aggregated,0,0,aggregated_daily_from_hourly; source_records=24
Elm Ridge,2022-03-13,2022-03-13,2022,3,51.0,daily,Elm Ridge Hike+Bike RAW (1).csv,aggregated,0,0,aggregated_daily_from_hourly; source_records=24
Elm Ridge,2022-03-14,2022-03-14,2022,3,13.0,daily,Elm Ridge Hike+Bike RAW (1).csv,aggregated,0,0,aggregated_daily_from_hourly; source_records=22
Elm Ridge,2022-03-15,2022-03-15,2022,3,21.0,daily,Elm Ridge Hike+Bike RAW (1).csv,aggregated,0,0,aggregated_daily_from_hourly; source_records=24
Elm Ridge,2022-03-16,2022-03-16,2022,3,16.0,daily,Elm Ridge Hike+Bike RAW (1).csv,aggregated,0,0,aggregated_daily_from_hourly; source_records=24
Elm Ridge,2022-03-17,2022-03-17,2022,3,10.0,daily,Elm Ridge Hike+Bike RAW (1).csv,aggregated,0,0,aggregated_daily_from_hourly; source_records=24
Elm Ridge,2022-03-18,2022-03-18,2022,3,42.0,daily,Elm Ridge Hike+Bike RAW (1).csv,aggregated,0,0,aggregated_daily_from_hourly; source_records=24
Elm Ridge,2022-03-19,2022-03-19,2022,3,99.0,daily,Elm Ridge Hike+Bike RAW (1).csv,aggregated,0,0,aggregated_daily_from_hourly; source_records=24
Elm Ridge,2022-03-20,2022-03-20,2022,3,42.0,daily,Elm Ridge Hike+Bike RAW (1).csv,aggregated,0,0,aggregated_daily_from_hourly; source_records=24
Elm Ridge,2022-03-21,2022-03-21,2022,3,19.0,daily,Elm Ridge Hike+Bike RAW (1).csv,aggregated,0,0,aggregated_daily_from_hourly; source_records=24
Elm Ridge,2022-03-22,2022-03-22,2022,3,19.0,daily,Elm Ridge Hike+Bike RAW (1).csv,aggregated,0,0,aggregated_daily_from_hourly; source_records=24
Elm Ridge,2022-03-23,2022-03-23,2022,3,37.0,daily,Elm Ridge Hike+Bike RAW (1).csv,aggregated,0,0,aggregated_daily_from_hourly; source_records=24
Elm Ridge,2022-03-24,2022-03-24,2022,3,5.0,daily,Elm Ridge Hike+Bike RAW (1).csv,aggregated,0,0,aggregated_daily_from_hourly; source_records=24
Elm Ridge,2022-03-25,2022-03-25,2022,3,7.0,daily,Elm Ridge Hike+Bike RAW (1).csv,aggregated,0,0,aggregated_daily_from_hourly; source_records=24
Elm Ridge,2022-03-26,2022-03-26,2022,3,71.0,daily,Elm Ridge Hike+Bike RAW (1).csv,aggregated,0,0,aggregated_daily_from_hourly; source_records=24
Elm Ridge,2022-03-27,2022-03-27,2022,3,40.0,daily,Elm Ridge Hike+Bike RAW (1).csv,aggregated,0,0,aggregated_daily_from_hourly; source_records=24
Elm Ridge,2022-03-28,2022-03-28,2022,3,15.0,daily,Elm Ridge Hike+Bike RAW (1).csv,aggregated,0,0,aggregated_daily_from_hourly; source_records=24
Elm Ridge,2022-03-29,2022-03-29,2022,3,10.0,daily,Elm Ridge Hike+Bike RAW (1).csv,aggregated,0,0,aggregated_daily_from_hourly; source_records=24
Elm Ridge,2022-03-30,2022-03-30,2022,3,13.0,daily,Elm Ridge Hike+Bike RAW (1).csv,aggregated,0,0,aggregated_daily_from_hourly; source_records=24
Elm Ridge,2022-03-31,2022-03-31,2022,3,10.0,daily,Elm Ridge Hike+Bike RAW (1).csv,aggregated,0,0,aggregated_daily_from_hourly; source_records=24
Elm Ridge,2022-04-01,2022-04-01,2022,4,12.0,daily,Elm Ridge Hike+Bike RAW (1).csv,aggregated,0,0,aggregated_daily_from_hourly; source_records=24
Elm Ridge,2022-04-02,2022-04-02,2022,4,103.0,daily,Elm Ridge Hike+Bike RAW (1).csv,aggregated,0,0,aggregated_daily_from_hourly; source_records=24
Elm Ridge,2022-04-03,2022-04-03,2022,4,14.0,daily,Elm Ridge Hike+Bike RAW (1).csv,aggregated,0,0,aggregated_daily_from_hourly; source_records=24
Elm Ridge,2022-04-04,2022-04-04,2022,4,23.0,daily,Elm Ridge Hike+Bike RAW (1).csv,aggregated,0,0,aggregated_daily_from_hourly; source_records=24
Elm Ridge,2022-04-05,2022-04-05,2022,4,36.0,daily,Elm Ridge Hike+Bike RAW (1).csv,aggregated,0,0,aggregated_daily_from_hourly; source_records=24
Elm Ridge,2022-04-06,2022-04-06,2022,4,15.0,daily,Elm Ridge Hike+Bike RAW (1).csv,aggregated,0,0,aggregated_daily_from_hourly; source_records=24
Elm Ridge,2022-04-07,2022-04-07,2022,4,0.0,daily,Elm Ridge Hike+Bike RAW (1).csv,aggregated,0,0,aggregated_daily_from_hourly; source_records=24
Elm Ridge,2022-04-08,2022-04-08,2022,4,11.0,daily,Elm Ridge Hike+Bike RAW (1).csv,aggregated,0,0,aggregated_daily_from_hourly; source_records=24
Elm Ridge,2022-04-09,2022-04-09,2022,4,33.0,daily,Elm Ridge Hike+Bike RAW (1).csv,aggregated,0,0,aggregated_daily_from_hourly; source_records=24
Elm Ridge,2022-04-10,2022-04-10,2022,4,49.0,daily,Elm Ridge Hike+Bike RAW (1).csv,aggregated,0,0,aggregated_daily_from_hourly; source_records=24
Elm Ridge,2022-04-11,2022-04-11,2022,4,38.0,daily,Elm Ridge Hike+Bike RAW (1).csv,aggregated,0,0,aggregated_daily_from_hourly; source_records=24
Elm Ridge,2022-04-12,2022-04-12,2022,4,12.0,daily,Elm Ridge Hike+Bike RAW (1).csv,aggregated,0,0,aggregated_daily_from_hourly; source_records=24
Elm Ridge,2022-04-13,2022-04-13,2022,4,21.0,daily,Elm Ridge Hike+Bike RAW (1).csv,aggregated,0,0,aggregated_daily_from_hourly; source_records=24
Elm Ridge,2022-04-14,2022-04-14,2022,4,36.0,daily,Elm Ridge Hike+Bike RAW (1).csv,aggregated,0,0,aggregated_daily_from_hourly; source_records=24
Elm Ridge,2022-04-15,2022-04-15,2022,4,102.0,daily,Elm Ridge Hike+Bike RAW (1).csv,aggregated,0,0,aggregated_daily_from_hourly; source_records=24
Elm Ridge,2022-04-16,2022-04-16,2022,4,71.0,daily,Elm Ridge Hike+Bike RAW (1).csv,aggregated,0,0,aggregated_daily_from_hourly; source_records=24
Elm Ridge,2022-04-17,2022-04-17,2022,4,50.0,daily,Elm Ridge Hike+Bike RAW (1).csv,aggregated,0,0,aggregated_daily_from_hourly; source_records=24
Elm Ridge,2022-04-18,2022-04-18,2022,4,119.0,daily,Elm Ridge Hike+Bike RAW (1).csv,aggregated,0,0,aggregated_daily_from_hourly; source_records=24
Elm Ridge,2022-04-19,2022-04-19,2022,4,8.0,daily,Elm Ridge Hike+Bike RAW (1).csv,aggregated,0,0,aggregated_daily_from_hourly; source_records=24
Elm Ridge,2022-04-20,2022-04-20,2022,4,2.0,daily,Elm Ridge Hike+Bike RAW (1).csv,aggregated,0,0,aggregated_daily_from_hourly; source_records=24
Elm Ridge,2022-04-21,2022-04-21,2022,4,6.0,daily,Elm Ridge Hike+Bike RAW (1).csv,aggregated,0,0,aggregated_daily_from_hourly; source_records=24
Elm Ridge,2022-04-22,2022-04-22,2022,4,120.0,daily,Elm Ridge Hike+Bike RAW (1).csv,aggregated,0,0,aggregated_daily_from_hourly; source_records=24
Elm Ridge,2022-04-23,2022-04-23,2022,4,139.0,daily,Elm Ridge Hike+Bike RAW (1).csv,aggregated,0,0,aggregated_daily_from_hourly; source_records=24
Elm Ridge,2022-04-24,2022-04-24,2022,4,119.0,daily,Elm Ridge Hike+Bike RAW (1).csv,aggregated,0,0,aggregated_daily_from_hourly; source_records=24
Elm Ridge,2022-04-25,2022-04-25,2022,4,25.0,daily,Elm Ridge Hike+Bike RAW (1).csv,aggregated,0,0,aggregated_daily_from_hourly; source_records=23
Elm Ridge,2022-04-26,2022-04-26,2022,4,6.0,daily,Elm Ridge Hike+Bike RAW (1).csv,aggregated,0,0,aggregated_daily_from_hourly; source_records=24
Elm Ridge,2022-04-27,2022-04-27,2022,4,11.0,daily,Elm Ridge Hike+Bike RAW (1).csv,aggregated,0,0,aggregated_daily_from_hourly; source_records=24
Elm Ridge,2022-04-28,2022-04-28,2022,4,32.0,daily,Elm Ridge Hike+Bike RAW (1).csv,aggregated,0,0,aggregated_daily_from_hourly; source_records=24
Elm Ridge,2022-04-29,2022-04-29,2022,4,77.0,daily,Elm Ridge Hike+Bike RAW (1).csv,aggregated,0,0,aggregated_daily_from_hourly; source_records=24
Elm Ridge,2022-04-30,2022-04-30,2022,4,236.0,daily,Elm Ridge Hike+Bike RAW (1).csv,aggregated,0,0,aggregated_daily_from_hourly; source_records=24
Elm Ridge,2022-05-01,2022-05-01,2022,5,146.0,daily,Elm Ridge Hike+Bike RAW (1).csv,aggregated,0,0,aggregated_daily_from_hourly; source_records=24
Elm Ridge,2022-05-02,2022-05-02,2022,5,13.0,daily,Elm Ridge Hike+Bike RAW (1).csv,aggregated,0,0,aggregated_daily_from_hourly; source_records=24
Elm Ridge,2022-05-03,2022-05-03,2022,5,74.0,daily,Elm Ridge Hike+Bike RAW (1).csv,aggregated,0,0,aggregated_daily_from_hourly; source_records=24
Elm Ridge,2022-05-04,2022-05-04,2022,5,13.0,daily,Elm Ridge Hike+Bike RAW (1).csv,aggregated,0,0,aggregated_daily_from_hourly; source_records=24
Elm Ridge,2022-05-05,2022-05-05,2022,5,65.0,daily,Elm Ridge Hike+Bike RAW (1).csv,aggregated,0,0,aggregated_daily_from_hourly; source_records=24
Elm Ridge,2022-05-06,2022-05-06,2022,5,36.0,daily,Elm Ridge Hike+Bike RAW (1).csv,aggregated,0,0,aggregated_daily_from_hourly; source_records=24
Elm Ridge,2022-05-07,2022-05-07,2022,5,158.0,daily,Elm Ridge Hike+Bike RAW (1).csv,aggregated,0,0,aggregated_daily_from_hourly; source_records=24
Elm Ridge,2022-05-08,2022-05-08,2022,5,188.0,daily,Elm Ridge Hike+Bike RAW (1).csv,aggregated,0,0,aggregated_daily_from_hourly; source_records=24
Elm Ridge,2022-05-09,2022-05-09,2022,5,60.0,daily,Elm Ridge Hike+Bike RAW (1).csv,aggregated,0,0,aggregated_daily_from_hourly; source_records=24
Elm Ridge,2022-05-10,2022-05-10,2022,5,54.0,daily,Elm Ridge Hike+Bike RAW (1).csv,aggregated,0,0,aggregated_daily_from_hourly; source_records=24
Elm Ridge,2022-05-11,2022-05-11,2022,5,55.0,daily,Elm Ridge Hike+Bike RAW (1).csv,aggregated,0,0,aggregated_daily_from_hourly; source_records=24
Elm Ridge,2022-05-12,2022-05-12,2022,5,41.0,daily,Elm Ridge Hike+Bike RAW (1).csv,aggregated,0,0,aggregated_daily_from_hourly; source_records=24
Elm Ridge,2022-05-13,2022-05-13,2022,5,54.0,daily,Elm Ridge Hike+Bike RAW (1).csv,aggregated,0,0,aggregated_daily_from_hourly; source_records=24
Elm Ridge,2022-05-14,2022-05-14,2022,5,216.0,daily,Elm Ridge Hike+Bike RAW (1).csv,aggregated,0,0,aggregated_daily_from_hourly; source_records=24
Elm Ridge,2022-05-15,2022-05-15,2022,5,70.0,daily,Elm Ridge Hike+Bike RAW (1).csv,aggregated,0,0,aggregated_daily_from_hourly; source_records=24
Elm Ridge,2022-05-16,2022-05-16,2022,5,18.0,daily,Elm Ridge Hike+Bike RAW (1).csv,aggregated,0,0,aggregated_daily_from_hourly; source_records=24
Elm Ridge,2022-05-17,2022-05-17,2022,5,48.0,daily,Elm Ridge Hike+Bike RAW (1).csv,aggregated,0,0,aggregated_daily_from_hourly; source_records=24
Elm Ridge,2022-05-18,2022-05-18,2022,5,41.0,daily,Elm Ridge Hike+Bike RAW (1).csv,aggregated,0,0,aggregated_daily_from_hourly; source_records=24
Elm Ridge,2022-05-19,2022-05-19,2022,5,14.0,daily,Elm Ridge Hike+Bike RAW (1).csv,aggregated,0,0,aggregated_daily_from_hourly; source_records=24
Elm Ridge,2022-05-20,2022-05-20,2022,5,53.0,daily,Elm Ridge Hike+Bike RAW (1).csv,aggregated,0,0,aggregated_daily_from_hourly; source_records=23
Elm Ridge,2022-05-21,2022-05-21,2022,5,147.0,daily,Elm Ridge Hike+Bike RAW (1).csv,aggregated,0,0,aggregated_daily_from_hourly; source_records=24
Elm Ridge,2022-05-22,2022-05-22,2022,5,128.0,daily,Elm Ridge Hike+Bike RAW (1).csv,aggregated,0,0,aggregated_daily_from_hourly; source_records=24
Elm Ridge,2022-05-23,2022-05-23,2022,5,49.0,daily,Elm Ridge Hike+Bike RAW (1).csv,aggregated,0,0,aggregated_daily_from_hourly; source_records=24
Elm Ridge,2022-05-24,2022-05-24,2022,5,54.0,daily,Elm Ridge Hike+Bike RAW (1).csv,aggregated,0,0,aggregated_daily_from_hourly; source_records=24
Elm Ridge,2022-05-25,2022-05-25,2022,5,67.0,daily,Elm Ridge Hike+Bike RAW (1).csv,aggregated,0,0,aggregated_daily_from_hourly; source_records=24
Elm Ridge,2022-05-26,2022-05-26,2022,5,80.0,daily,Elm Ridge Hike+Bike RAW (1).csv,aggregated,0,0,aggregated_daily_from_hourly; source_records=24
Elm Ridge,2022-05-27,2022-05-27,2022,5,56.0,daily,Elm Ridge Hike+Bike RAW (1).csv,aggregated,0,0,aggregated_daily_from_hourly; source_records=24
Elm Ridge,2022-05-28,2022-05-28,2022,5,154.0,daily,Elm Ridge Hike+Bike RAW (1).csv,aggregated,0,0,aggregated_daily_from_hourly; source_records=24
Elm Ridge,2022-05-29,2022-05-29,2022,5,478.0,daily,Elm Ridge Hike+Bike RAW (1).csv,aggregated,0,0,aggregated_daily_from_hourly; source_records=24
Elm Ridge,2022-05-30,2022-05-30,2022,5,212.0,daily,Elm Ridge Hike+Bike RAW (1).csv,aggregated,0,0,aggregated_daily_from_hourly; source_records=24
Elm Ridge,2022-05-31,2022-05-31,2022,5,51.0,daily,Elm Ridge Hike+Bike RAW (1).csv,aggregated,0,0,aggregated_daily_from_hourly; source_records=24
Elm Ridge,2022-06-01,2022-06-01,2022,6,21.0,daily,Elm Ridge Hike+Bike RAW (1).csv,aggregated,0,0,aggregated_daily_from_hourly; source_records=24
Elm Ridge,2022-06-02,2022-06-02,2022,6,26.0,daily,Elm Ridge Hike+Bike RAW (1).csv,aggregated,0,0,aggregated_daily_from_hourly; source_records=24
Elm Ridge,2022-06-03,2022-06-03,2022,6,69.0,daily,Elm Ridge Hike+Bike RAW (1).csv,aggregated,0,0,aggregated_daily_from_hourly; source_records=24
Elm Ridge,2022-06-04,2022-06-04,2022,6,239.0,daily,Elm Ridge Hike+Bike RAW (1).csv,aggregated,0,0,aggregated_daily_from_hourly; source_records=24
Elm Ridge,2022-06-05,2022-06-05,2022,6,165.0,daily,Elm Ridge Hike+Bike RAW (1).csv,aggregated,0,0,aggregated_daily_from_hourly; source_records=24
Elm Ridge,2022-06-06,2022-06-06,2022,6,68.0,daily,Elm Ridge Hike+Bike RAW (1).csv,aggregated,0,0,aggregated_daily_from_hourly; source_records=24
Elm Ridge,2022-06-07,2022-06-07,2022,6,21.0,daily,Elm Ridge Hike+Bike RAW (1).csv,aggregated,0,0,aggregated_daily_from_hourly; source_records=24
Elm Ridge,2022-06-08,2022-06-08,2022,6,62.0,daily,Elm Ridge Hike+Bike RAW (1).csv,aggregated,0,0,aggregated_daily_from_hourly; source_records=24
Elm Ridge,2022-06-09,2022-06-09,2022,6,54.0,daily,Elm Ridge Hike+Bike RAW (1).csv,aggregated,0,0,aggregated_daily_from_hourly; source_records=24
Elm Ridge,2022-06-10,2022-06-10,2022,6,114.0,daily,Elm Ridge Hike+Bike RAW (1).csv,aggregated,0,0,aggregated_daily_from_hourly; source_records=24
Elm Ridge,2022-06-11,2022-06-11,2022,6,216.0,daily,Elm Ridge Hike+Bike RAW (1).csv,aggregated,0,0,aggregated_daily_from_hourly; source_records=24
Elm Ridge,2022-06-12,2022-06-12,2022,6,133.0,daily,Elm Ridge Hike+Bike RAW (1).csv,aggregated,0,0,aggregated_daily_from_hourly; source_records=24
Elm Ridge,2022-06-13,2022-06-13,2022,6,61.0,daily,Elm Ridge Hike+Bike RAW (1).csv,aggregated,0,0,aggregated_daily_from_hourly; source_records=24
Elm Ridge,2022-06-14,2022-06-14,2022,6,49.0,daily,Elm Ridge Hike+Bike RAW (1).csv,aggregated,0,0,aggregated_daily_from_hourly; source_records=24
Elm Ridge,2022-06-15,2022-06-15,2022,6,87.0,daily,Elm Ridge Hike+Bike RAW (1).csv,aggregated,0,0,aggregated_daily_from_hourly; source_records=24
Elm Ridge,2022-06-16,2022-06-16,2022,6,38.0,daily,Elm Ridge Hike+Bike RAW (1).csv,aggregated,0,0,aggregated_daily_from_hourly; source_records=24
Elm Ridge,2022-06-17,2022-06-17,2022,6,82.0,daily,Elm Ridge Hike+Bike RAW (1).csv,aggregated,0,0,aggregated_daily_from_hourly; source_records=24
Elm Ridge,2022-06-18,2022-06-18,2022,6,115.0,daily,Elm Ridge Hike+Bike RAW (1).csv,aggregated,0,0,aggregated_daily_from_hourly; source_records=24
Elm Ridge,2022-06-19,2022-06-19,2022,6,231.0,daily,Elm Ridge Hike+Bike RAW (1).csv,aggregated,0,0,aggregated_daily_from_hourly; source_records=24
Elm Ridge,2022-06-20,2022-06-20,2022,6,113.0,daily,Elm Ridge Hike+Bike RAW (1).csv,aggregated,0,0,aggregated_daily_from_hourly; source_records=24
Elm Ridge,2022-06-21,2022-06-21,2022,6,28.0,daily,Elm Ridge Hike+Bike RAW (1).csv,aggregated,0,0,aggregated_daily_from_hourly; source_records=23
Elm Ridge,2022-06-22,2022-06-22,2022,6,59.0,daily,Elm Ridge Hike+Bike RAW (1).csv,aggregated,0,0,aggregated_daily_from_hourly; source_records=24
Elm Ridge,2022-06-23,2022-06-23,2022,6,20.0,daily,Elm Ridge Hike+Bike RAW (1).csv,aggregated,0,0,aggregated_daily_from_hourly; source_records=24
Elm Ridge,2022-06-24,2022-06-24,2022,6,143.0,daily,Elm Ridge Hike+Bike RAW (1).csv,aggregated,0,0,aggregated_daily_from_hourly; source_records=24
Elm Ridge,2022-06-25,2022-06-25,2022,6,145.0,daily,Elm Ridge Hike+Bike RAW (1).csv,aggregated,0,0,aggregated_daily_from_hourly; source_records=24
Elm Ridge,2022-06-26,2022-06-26,2022,6,90.0,daily,Elm Ridge Hike+Bike RAW (1).csv,aggregated,0,0,aggregated_daily_from_hourly; source_records=24
Elm Ridge,2022-06-27,2022-06-27,2022,6,30.0,daily,Elm Ridge Hike+Bike RAW (1).csv,aggregated,0,0,aggregated_daily_from_hourly; source_records=24
Elm Ridge,2022-06-28,2022-06-28,2022,6,74.0,daily,Elm Ridge Hike+Bike RAW (1).csv,aggregated,0,0,aggregated_daily_from_hourly; source_records=24
Elm Ridge,2022-06-29,2022-06-29,2022,6,86.0,daily,Elm Ridge Hike+Bike RAW (1).csv,aggregated,0,0,aggregated_daily_from_hourly; source_records=24
Elm Ridge,2022-06-30,2022-06-30,2022,6,77.0,daily,Elm Ridge Hike+Bike RAW (1).csv,aggregated,0,0,aggregated_daily_from_hourly; source_records=24
Elm Ridge,2022-07-01,2022-07-01,2022,7,56.0,daily,Elm Ridge Hike+Bike RAW (1).csv,aggregated,0,0,aggregated_daily_from_hourly; source_records=24
Elm Ridge,2022-07-02,2022-07-02,2022,7,129.0,daily,Elm Ridge Hike+Bike RAW (1).csv,aggregated,0,0,aggregated_daily_from_hourly; source_records=24
Elm Ridge,2022-07-03,2022-07-03,2022,7,433.0,daily,Elm Ridge Hike+Bike RAW (1).csv,aggregated,0,0,aggregated_daily_from_hourly; source_records=24
Elm Ridge,2022-07-04,2022-07-04,2022,7,265.0,daily,Elm Ridge Hike+Bike RAW (1).csv,aggregated,0,0,aggregated_daily_from_hourly; source_records=24
Elm Ridge,2022-07-05,2022-07-05,2022,7,52.0,daily,Elm Ridge Hike+Bike RAW (1).csv,aggregated,0,0,aggregated_daily_from_hourly; source_records=24
Elm Ridge,2022-07-06,2022-07-06,2022,7,77.0,daily,Elm Ridge Hike+Bike RAW (1).csv,aggregated,0,0,aggregated_daily_from_hourly; source_records=24
Elm Ridge,2022-07-07,2022-07-07,2022,7,81.0,daily,Elm Ridge Hike+Bike RAW (1).csv,aggregated,0,0,aggregated_daily_from_hourly; source_records=23
Elm Ridge,2022-07-08,2022-07-08,2022,7,83.0,daily,Elm Ridge Hike+Bike RAW (1).csv,aggregated,0,0,aggregated_daily_from_hourly; source_records=24
Elm Ridge,2022-07-09,2022-07-09,2022,7,210.0,daily,Elm Ridge Hike+Bike RAW (1).csv,aggregated,0,0,aggregated_daily_from_hourly; source_records=24
Elm Ridge,2022-07-10,2022-07-10,2022,7,178.0,daily,Elm Ridge Hike+Bike RAW (1).csv,aggregated,0,0,aggregated_daily_from_hourly; source_records=24
Elm Ridge,2022-07-11,2022-07-11,2022,7,55.0,daily,Elm Ridge Hike+Bike RAW (1).csv,aggregated,0,0,aggregated_daily_from_hourly; source_records=24
Elm Ridge,2022-07-12,2022-07-12,2022,7,36.0,daily,Elm Ridge Hike+Bike RAW (1).csv,aggregated,0,0,aggregated_daily_from_hourly; source_records=24
Elm Ridge,2022-07-13,2022-07-13,2022,7,54.0,daily,Elm Ridge Hike+Bike RAW (1).csv,aggregated,0,0,aggregated_daily_from_hourly; source_records=24
Elm Ridge,2022-07-14,2022-07-14,2022,7,90.0,daily,Elm Ridge Hike+Bike RAW (1).csv,aggregated,0,0,aggregated_daily_from_hourly; source_records=24
Elm Ridge,2022-07-15,2022-07-15,2022,7,70.0,daily,Elm Ridge Hike+Bike RAW (1).csv,aggregated,0,0,aggregated_daily_from_hourly; source_records=24
Elm Ridge,2022-07-16,2022-07-16,2022,7,229.0,daily,Elm Ridge Hike+Bike RAW (1).csv,aggregated,0,0,aggregated_daily_from_hourly; source_records=24
Elm Ridge,2022-07-17,2022-07-17,2022,7,147.0,daily,Elm Ridge Hike+Bike RAW (1).csv,aggregated,0,0,aggregated_daily_from_hourly; source_records=24
Elm Ridge,2022-07-18,2022-07-18,2022,7,16.0,daily,Elm Ridge Hike+Bike RAW (1).csv,aggregated,0,0,aggregated_daily_from_hourly; source_records=24
Elm Ridge,2022-07-19,2022-07-19,2022,7,67.0,daily,Elm Ridge Hike+Bike RAW (1).csv,aggregated,0,0,aggregated_daily_from_hourly; source_records=23
Elm Ridge,2022-07-20,2022-07-20,2022,7,36.0,daily,Elm Ridge Hike+Bike RAW (1).csv,aggregated,0,0,aggregated_daily_from_hourly; source_records=24
Elm Ridge,2022-07-21,2022-07-21,2022,7,41.0,daily,Elm Ridge Hike+Bike RAW (1).csv,aggregated,0,0,aggregated_daily_from_hourly; source_records=24
Elm Ridge,2022-07-22,2022-07-22,2022,7,93.0,daily,Elm Ridge Hike+Bike RAW (1).csv,aggregated,0,0,aggregated_daily_from_hourly; source_records=24
Elm Ridge,2022-07-23,2022-07-23,2022,7,114.0,daily,Elm Ridge Hike+Bike RAW (1).csv,aggregated,0,0,aggregated_daily_from_hourly; source_records=24
Elm Ridge,2022-07-24,2022-07-24,2022,7,88.0,daily,Elm Ridge Hike+Bike RAW (1).csv,aggregated,0,0,aggregated_daily_from_hourly; source_records=24
Elm Ridge,2022-07-25,2022-07-25,2022,7,44.0,daily,Elm Ridge Hike+Bike RAW (1).csv,aggregated,0,0,aggregated_daily_from_hourly; source_records=24
Elm Ridge,2022-07-26,2022-07-26,2022,7,76.0,daily,Elm Ridge Hike+Bike RAW (1).csv,aggregated,0,0,aggregated_daily_from_hourly; source_records=24
Elm Ridge,2022-07-27,2022-07-27,2022,7,67.0,daily,Elm Ridge Hike+Bike RAW (1).csv,aggregated,0,0,aggregated_daily_from_hourly; source_records=24
Elm Ridge,2022-07-28,2022-07-28,2022,7,57.0,daily,Elm Ridge Hike+Bike RAW (1).csv,aggregated,0,0,aggregated_daily_from_hourly; source_records=24
Elm Ridge,2022-07-29,2022-07-29,2022,7,117.0,daily,Elm Ridge Hike+Bike RAW (1).csv,aggregated,0,0,aggregated_daily_from_hourly; source_records=24
Elm Ridge,2022-07-30,2022-07-30,2022,7,232.0,daily,Elm Ridge Hike+Bike RAW (1).csv,aggregated,0,0,aggregated_daily_from_hourly; source_records=24
Elm Ridge,2022-07-31,2022-07-31,2022,7,289.0,daily,Elm Ridge Hike+Bike RAW (1).csv,aggregated,0,0,aggregated_daily_from_hourly; source_records=24
Elm Ridge,2022-08-01,2022-08-01,2022,8,72.0,daily,Elm Ridge Hike+Bike RAW (1).csv,aggregated,0,0,aggregated_daily_from_hourly; source_records=24
Elm Ridge,2022-08-02,2022-08-02,2022,8,90.0,daily,Elm Ridge Hike+Bike RAW (1).csv,aggregated,0,0,aggregated_daily_from_hourly; source_records=24
Elm Ridge,2022-08-03,2022-08-03,2022,8,73.0,daily,Elm Ridge Hike+Bike RAW (1).csv,aggregated,0,0,aggregated_daily_from_hourly; source_records=24
Elm Ridge,2022-08-04,2022-08-04,2022,8,27.0,daily,Elm Ridge Hike+Bike RAW (1).csv,aggregated,0,0,aggregated_daily_from_hourly; source_records=24
Elm Ridge,2022-08-05,2022-08-05,2022,8,50.0,daily,Elm Ridge Hike+Bike RAW (1).csv,aggregated,0,0,aggregated_daily_from_hourly; source_records=24
Elm Ridge,2022-08-06,2022-08-06,2022,8,201.0,daily,Elm Ridge Hike+Bike RAW (1).csv,aggregated,0,0,aggregated_daily_from_hourly; source_records=24
Elm Ridge,2022-08-07,2022-08-07,2022,8,94.0,daily,Elm Ridge Hike+Bike RAW (1).csv,aggregated,0,0,aggregated_daily_from_hourly; source_records=24
Elm Ridge,2022-08-08,2022-08-08,2022,8,30.0,daily,Elm Ridge Hike+Bike RAW (1).csv,aggregated,0,0,aggregated_daily_from_hourly; source_records=24
Elm Ridge,2022-08-09,2022-08-09,2022,8,29.0,daily,Elm Ridge Hike+Bike RAW (1).csv,aggregated,0,0,aggregated_daily_from_hourly; source_records=23
Elm Ridge,2022-08-10,2022-08-10,2022,8,89.0,daily,Elm Ridge Hike+Bike RAW (1).csv,aggregated,0,0,aggregated_daily_from_hourly; source_records=24
Elm Ridge,2022-08-11,2022-08-11,2022,8,85.0,daily,Elm Ridge Hike+Bike RAW (1).csv,aggregated,0,0,aggregated_daily_from_hourly; source_records=24
Elm Ridge,2022-08-12,2022-08-12,2022,8,85.0,daily,Elm Ridge Hike+Bike RAW (1).csv,aggregated,0,0,aggregated_daily_from_hourly; source_records=24
Elm Ridge,2022-08-13,2022-08-13,2022,8,234.0,daily,Elm Ridge Hike+Bike RAW (1).csv,aggregated,0,0,aggregated_daily_from_hourly; source_records=24
Elm Ridge,2022-08-14,2022-08-14,2022,8,176.0,daily,Elm Ridge Hike+Bike RAW (1).csv,aggregated,0,0,aggregated_daily_from_hourly; source_records=24
Elm Ridge,2022-08-15,2022-08-15,2022,8,62.0,daily,Elm Ridge Hike+Bike RAW (1).csv,aggregated,0,0,aggregated_daily_from_hourly; source_records=24
Elm Ridge,2022-08-16,2022-08-16,2022,8,110.0,daily,Elm Ridge Hike+Bike RAW (1).csv,aggregated,0,0,aggregated_daily_from_hourly; source_records=24
Elm Ridge,2022-08-17,2022-08-17,2022,8,97.0,daily,Elm Ridge Hike+Bike RAW (1).csv,aggregated,0,0,aggregated_daily_from_hourly; source_records=24
Elm Ridge,2022-08-18,2022-08-18,2022,8,67.0,daily,Elm Ridge Hike+Bike RAW (1).csv,aggregated,0,0,aggregated_daily_from_hourly; source_records=24
Elm Ridge,2022-08-19,2022-08-19,2022,8,73.0,daily,Elm Ridge Hike+Bike RAW (1).csv,aggregated,0,0,aggregated_daily_from_hourly; source_records=24
Elm Ridge,2022-08-20,2022-08-20,2022,8,194.0,daily,Elm Ridge Hike+Bike RAW (1).csv,aggregated,0,0,aggregated_daily_from_hourly; source_records=24
Elm Ridge,2022-08-21,2022-08-21,2022,8,179.0,daily,Elm Ridge Hike+Bike RAW (1).csv,aggregated,0,0,aggregated_daily_from_hourly; source_records=24
Elm Ridge,2022-08-22,2022-08-22,2022,8,47.0,daily,Elm Ridge Hike+Bike RAW (1).csv,aggregated,0,0,aggregated_daily_from_hourly; source_records=24
Elm Ridge,2022-08-23,2022-08-23,2022,8,20.0,daily,Elm Ridge Hike+Bike RAW (1).csv,aggregated,0,0,aggregated_daily_from_hourly; source_records=24
Elm Ridge,2022-08-24,2022-08-24,2022,8,60.0,daily,Elm Ridge Hike+Bike RAW (1).csv,aggregated,0,0,aggregated_daily_from_hourly; source_records=24
Elm Ridge,2022-08-25,2022-08-25,2022,8,93.0,daily,Elm Ridge Hike+Bike RAW (1).csv,aggregated,0,0,aggregated_daily_from_hourly; source_records=24
Elm Ridge,2022-08-26,2022-08-26,2022,8,72.0,daily,Elm Ridge Hike+Bike RAW (1).csv,aggregated,0,0,aggregated_daily_from_hourly; source_records=24
Elm Ridge,2022-08-27,2022-08-27,2022,8,230.0,daily,Elm Ridge Hike+Bike RAW (1).csv,aggregated,0,0,aggregated_daily_from_hourly; source_records=24
Elm Ridge,2022-08-28,2022-08-28,2022,8,224.0,daily,Elm Ridge Hike+Bike RAW (1).csv,aggregated,0,0,aggregated_daily_from_hourly; source_records=24
Elm Ridge,2022-08-29,2022-08-29,2022,8,53.0,daily,Elm Ridge Hike+Bike RAW (1).csv,aggregated,0,0,aggregated_daily_from_hourly; source_records=24
Elm Ridge,2022-08-30,2022-08-30,2022,8,22.0,daily,Elm Ridge Hike+Bike RAW (1).csv,aggregated,0,0,aggregated_daily_from_hourly; source_records=24
Elm Ridge,2022-08-31,2022-08-31,2022,8,91.0,daily,Elm Ridge Hike+Bike RAW (1).csv,aggregated,0,0,aggregated_daily_from_hourly; source_records=24
Elm Ridge,2022-09-01,2022-09-01,2022,9,58.0,daily,Elm Ridge Hike+Bike RAW (1).csv,aggregated,0,0,aggregated_daily_from_hourly; source_records=24
Elm Ridge,2022-09-02,2022-09-02,2022,9,72.0,daily,Elm Ridge Hike+Bike RAW (1).csv,aggregated,0,0,aggregated_daily_from_hourly; source_records=24
Elm Ridge,2022-09-03,2022-09-03,2022,9,236.0,daily,Elm Ridge Hike+Bike RAW (1).csv,aggregated,0,0,aggregated_daily_from_hourly; source_records=24
Elm Ridge,2022-09-04,2022-09-04,2022,9,255.0,daily,Elm Ridge Hike+Bike RAW (1).csv,aggregated,0,0,aggregated_daily_from_hourly; source_records=24
Elm Ridge,2022-09-05,2022-09-05,2022,9,16.0,daily,Elm Ridge Hike+Bike RAW (1).csv,aggregated,0,0,aggregated_daily_from_hourly; source_records=24
Elm Ridge,2022-09-06,2022-09-06,2022,9,14.0,daily,Elm Ridge Hike+Bike RAW (1).csv,aggregated,0,0,aggregated_daily_from_hourly; source_records=24
Elm Ridge,2022-09-07,2022-09-07,2022,9,40.0,daily,Elm Ridge Hike+Bike RAW (1).csv,aggregated,0,0,aggregated_daily_from_hourly; source_records=24
Elm Ridge,2022-09-08,2022-09-08,2022,9,65.0,daily,Elm Ridge Hike+Bike RAW (1).csv,aggregated,0,0,aggregated_daily_from_hourly; source_records=24
Elm Ridge,2022-09-09,2022-09-09,2022,9,76.0,daily,Elm Ridge Hike+Bike RAW (1).csv,aggregated,0,0,aggregated_daily_from_hourly; source_records=24
Elm Ridge,2022-09-10,2022-09-10,2022,9,124.0,daily,Elm Ridge Hike+Bike RAW (1).csv,aggregated,0,0,aggregated_daily_from_hourly; source_records=24
Elm Ridge,2022-09-11,2022-09-11,2022,9,90.0,daily,Elm Ridge Hike+Bike RAW (1).csv,aggregated,0,0,aggregated_daily_from_hourly; source_records=24
Elm Ridge,2022-09-12,2022-09-12,2022,9,14.0,daily,Elm Ridge Hike+Bike RAW (1).csv,aggregated,0,0,aggregated_daily_from_hourly; source_records=24
Elm Ridge,2022-09-13,2022-09-13,2022,9,4.0,daily,Elm Ridge Hike+Bike RAW (1).csv,aggregated,0,0,aggregated_daily_from_hourly; source_records=24
Elm Ridge,2022-09-14,2022-09-14,2022,9,41.0,daily,Elm Ridge Hike+Bike RAW (1).csv,aggregated,0,0,aggregated_daily_from_hourly; source_records=24
Elm Ridge,2022-09-15,2022-09-15,2022,9,58.0,daily,Elm Ridge Hike+Bike RAW (1).csv,aggregated,0,0,aggregated_daily_from_hourly; source_records=24
Elm Ridge,2022-09-16,2022-09-16,2022,9,92.0,daily,Elm Ridge Hike+Bike RAW (1).csv,aggregated,0,0,aggregated_daily_from_hourly; source_records=24
Elm Ridge,2022-09-17,2022-09-17,2022,9,146.0,daily,Elm Ridge Hike+Bike RAW (1).csv,aggregated,0,0,aggregated_daily_from_hourly; source_records=24
Elm Ridge,2022-09-18,2022-09-18,2022,9,133.0,daily,Elm Ridge Hike+Bike RAW (1).csv,aggregated,0,0,aggregated_daily_from_hourly; source_records=24
Elm Ridge,2022-09-19,2022-09-19,2022,9,23.0,daily,Elm Ridge Hike+Bike RAW (1).csv,aggregated,0,0,aggregated_daily_from_hourly; source_records=24
Elm Ridge,2022-09-20,2022-09-20,2022,9,38.0,daily,Elm Ridge Hike+Bike RAW (1).csv,aggregated,0,0,aggregated_daily_from_hourly; source_records=24
Elm Ridge,2022-09-21,2022-09-21,2022,9,46.0,daily,Elm Ridge Hike+Bike RAW (1).csv,aggregated,0,0,aggregated_daily_from_hourly; source_records=24
Elm Ridge,2022-09-22,2022-09-22,2022,9,18.0,daily,Elm Ridge Hike+Bike RAW (1).csv,aggregated,0,0,aggregated_daily_from_hourly; source_records=24
Elm Ridge,2022-09-23,2022-09-23,2022,9,40.0,daily,Elm Ridge Hike+Bike RAW (1).csv,aggregated,0,0,aggregated_daily_from_hourly; source_records=24
Elm Ridge,2022-09-24,2022-09-24,2022,9,231.0,daily,Elm Ridge Hike+Bike RAW (1).csv,aggregated,0,0,aggregated_daily_from_hourly; source_records=24
Elm Ridge,2022-09-25,2022-09-25,2022,9,124.0,daily,Elm Ridge Hike+Bike RAW (1).csv,aggregated,0,0,aggregated_daily_from_hourly; source_records=24
Elm Ridge,2022-09-26,2022-09-26,2022,9,88.0,daily,Elm Ridge Hike+Bike RAW (1).csv,aggregated,0,0,aggregated_daily_from_hourly; source_records=24
Elm Ridge,2022-09-27,2022-09-27,2022,9,44.0,daily,Elm Ridge Hike+Bike RAW (1).csv,aggregated,0,0,aggregated_daily_from_hourly; source_records=23
Elm Ridge,2022-09-28,2022-09-28,2022,9,24.0,daily,Elm Ridge Hike+Bike RAW (1).csv,aggregated,0,0,aggregated_daily_from_hourly; source_records=24
Elm Ridge,2022-09-29,2022-09-29,2022,9,33.0,daily,Elm Ridge Hike+Bike RAW (1).csv,aggregated,0,0,aggregated_daily_from_hourly; source_records=24
Elm Ridge,2022-09-30,2022-09-30,2022,9,58.0,daily,Elm Ridge Hike+Bike RAW (1).csv,aggregated,0,0,aggregated_daily_from_hourly; source_records=24
Elm Ridge,2022-10-01,2022-10-01,2022,10,103.0,daily,Elm Ridge Hike+Bike RAW (1).csv,aggregated,0,0,aggregated_daily_from_hourly; source_records=24
Elm Ridge,2022-10-02,2022-10-02,2022,10,102.0,daily,Elm Ridge Hike+Bike RAW (1).csv,aggregated,0,0,aggregated_daily_from_hourly; source_records=24
Elm Ridge,2022-10-03,2022-10-03,2022,10,34.0,daily,Elm Ridge Hike+Bike RAW (1).csv,aggregated,0,0,aggregated_daily_from_hourly; source_records=24
Elm Ridge,2022-10-04,2022-10-04,2022,10,40.0,daily,Elm Ridge Hike+Bike RAW (1).csv,aggregated,0,0,aggregated_daily_from_hourly; source_records=24
Elm Ridge,2022-10-05,2022-10-05,2022,10,38.0,daily,Elm Ridge Hike+Bike RAW (1).csv,aggregated,0,0,aggregated_daily_from_hourly; source_records=24
Elm Ridge,2022-10-06,2022-10-06,2022,10,75.0,daily,Elm Ridge Hike+Bike RAW (1).csv,aggregated,0,0,aggregated_daily_from_hourly; source_records=24
Elm Ridge,2022-10-07,2022-10-07,2022,10,98.0,daily,Elm Ridge Hike+Bike RAW (1).csv,aggregated,0,0,aggregated_daily_from_hourly; source_records=24
Elm Ridge,2022-10-08,2022-10-08,2022,10,371.0,daily,Elm Ridge Hike+Bike RAW (1).csv,aggregated,0,0,aggregated_daily_from_hourly; source_records=24
Elm Ridge,2022-10-09,2022-10-09,2022,10,340.0,daily,Elm Ridge Hike+Bike RAW (1).csv,aggregated,0,0,aggregated_daily_from_hourly; source_records=24
Elm Ridge,2022-10-10,2022-10-10,2022,10,162.0,daily,Elm Ridge Hike+Bike RAW (1).csv,aggregated,0,0,aggregated_daily_from_hourly; source_records=24
Elm Ridge,2022-10-11,2022-10-11,2022,10,86.0,daily,Elm Ridge Hike+Bike RAW (1).csv,aggregated,0,0,aggregated_daily_from_hourly; source_records=24
Elm Ridge,2022-10-12,2022-10-12,2022,10,96.0,daily,Elm Ridge Hike+Bike RAW (1).csv,aggregated,0,0,aggregated_daily_from_hourly; source_records=24
Elm Ridge,2022-10-13,2022-10-13,2022,10,8.0,daily,Elm Ridge Hike+Bike RAW (1).csv,aggregated,0,0,aggregated_daily_from_hourly; source_records=24
Elm Ridge,2022-10-14,2022-10-14,2022,10,83.0,daily,Elm Ridge Hike+Bike RAW (1).csv,aggregated,0,0,aggregated_daily_from_hourly; source_records=24
Elm Ridge,2022-10-15,2022-10-15,2022,10,326.0,daily,Elm Ridge Hike+Bike RAW (1).csv,aggregated,0,0,aggregated_daily_from_hourly; source_records=24
Elm Ridge,2022-10-16,2022-10-16,2022,10,199.0,daily,Elm Ridge Hike+Bike RAW (1).csv,aggregated,0,0,aggregated_daily_from_hourly; source_records=24
Elm Ridge,2022-10-17,2022-10-17,2022,10,21.0,daily,Elm Ridge Hike+Bike RAW (1).csv,aggregated,0,0,aggregated_daily_from_hourly; source_records=24
Elm Ridge,2022-10-18,2022-10-18,2022,10,103.0,daily,Elm Ridge Hike+Bike RAW (1).csv,aggregated,0,0,aggregated_daily_from_hourly; source_records=24
Elm Ridge,2022-10-19,2022-10-19,2022,10,46.0,daily,Elm Ridge Hike+Bike RAW (1).csv,aggregated,0,0,aggregated_daily_from_hourly; source_records=24
Elm Ridge,2022-10-20,2022-10-20,2022,10,64.0,daily,Elm Ridge Hike+Bike RAW (1).csv,aggregated,0,0,aggregated_daily_from_hourly; source_records=24
Elm Ridge,2022-10-21,2022-10-21,2022,10,67.0,daily,Elm Ridge Hike+Bike RAW (1).csv,aggregated,0,0,aggregated_daily_from_hourly; source_records=24
Elm Ridge,2022-10-22,2022-10-22,2022,10,395.0,daily,Elm Ridge Hike+Bike RAW (1).csv,aggregated,0,0,aggregated_daily_from_hourly; source_records=24
Elm Ridge,2022-10-23,2022-10-23,2022,10,186.0,daily,Elm Ridge Hike+Bike RAW (1).csv,aggregated,0,0,aggregated_daily_from_hourly; source_records=24
Elm Ridge,2022-10-24,2022-10-24,2022,10,15.0,daily,Elm Ridge Hike+Bike RAW (1).csv,aggregated,0,0,aggregated_daily_from_hourly; source_records=24
Elm Ridge,2022-10-25,2022-10-25,2022,10,27.0,daily,Elm Ridge Hike+Bike RAW (1).csv,aggregated,0,0,aggregated_daily_from_hourly; source_records=24
Elm Ridge,2022-10-26,2022-10-26,2022,10,20.0,daily,Elm Ridge Hike+Bike RAW (1).csv,aggregated,0,0,aggregated_daily_from_hourly; source_records=24
Elm Ridge,2022-10-27,2022-10-27,2022,10,48.0,daily,Elm Ridge Hike+Bike RAW (1).csv,aggregated,0,0,aggregated_daily_from_hourly; source_records=24
Elm Ridge,2022-10-28,2022-10-28,2022,10,31.0,daily,Elm Ridge Hike+Bike RAW (1).csv,aggregated,0,0,aggregated_daily_from_hourly; source_records=24
Elm Ridge,2022-10-29,2022-10-29,2022,10,265.0,daily,Elm Ridge Hike+Bike RAW (1).csv,aggregated,0,0,aggregated_daily_from_hourly; source_records=24
Elm Ridge,2022-10-30,2022-10-30,2022,10,143.0,daily,Elm Ridge Hike+Bike RAW (1).csv,aggregated,0,0,aggregated_daily_from_hourly; source_records=24
Elm Ridge,2022-10-31,2022-10-31,2022,10,60.0,daily,Elm Ridge Hike+Bike RAW (1).csv,aggregated,0,0,aggregated_daily_from_hourly; source_records=24
Elm Ridge,2022-11-01,2022-11-01,2022,11,14.0,daily,Elm Ridge Hike+Bike RAW (1).csv,aggregated,0,0,aggregated_daily_from_hourly; source_records=24
Elm Ridge,2022-11-02,2022-11-02,2022,11,44.0,daily,Elm Ridge Hike+Bike RAW (1).csv,aggregated,0,0,aggregated_daily_from_hourly; source_records=23
Elm Ridge,2022-11-03,2022-11-03,2022,11,74.0,daily,Elm Ridge Hike+Bike RAW (1).csv,aggregated,0,0,aggregated_daily_from_hourly; source_records=24
Elm Ridge,2022-11-04,2022-11-04,2022,11,59.0,daily,Elm Ridge Hike+Bike RAW (1).csv,aggregated,0,0,aggregated_daily_from_hourly; source_records=24
Elm Ridge,2022-11-05,2022-11-05,2022,11,270.0,daily,Elm Ridge Hike+Bike RAW (1).csv,aggregated,0,0,aggregated_daily_from_hourly; source_records=24
Elm Ridge,2022-11-06,2022-11-06,2022,11,85.0,daily,Elm Ridge Hike+Bike RAW (1).csv,aggregated,0,0,aggregated_daily_from_hourly; source_records=24
Elm Ridge,2022-11-07,2022-11-07,2022,11,68.0,daily,Elm Ridge Hike+Bike RAW (1).csv,aggregated,0,0,aggregated_daily_from_hourly; source_records=24
Elm Ridge,2022-11-08,2022-11-08,2022,11,80.0,daily,Elm Ridge Hike+Bike RAW (1).csv,aggregated,0,0,aggregated_daily_from_hourly; source_records=24
Elm Ridge,2022-11-09,2022-11-09,2022,11,55.0,daily,Elm Ridge Hike+Bike RAW (1).csv,aggregated,0,0,aggregated_daily_from_hourly; source_records=24
Elm Ridge,2022-11-10,2022-11-10,2022,11,56.0,daily,Elm Ridge Hike+Bike RAW (1).csv,aggregated,0,0,aggregated_daily_from_hourly; source_records=24
Elm Ridge,2022-11-11,2022-11-11,2022,11,60.0,daily,Elm Ridge Hike+Bike RAW (1).csv,aggregated,0,0,aggregated_daily_from_hourly; source_records=24
Elm Ridge,2022-11-12,2022-11-12,2022,11,87.0,daily,Elm Ridge Hike+Bike RAW (1).csv,aggregated,0,0,aggregated_daily_from_hourly; source_records=24
Elm Ridge,2022-11-13,2022-11-13,2022,11,89.0,daily,Elm Ridge Hike+Bike RAW (1).csv,aggregated,0,0,aggregated_daily_from_hourly; source_records=24
Elm Ridge,2022-11-14,2022-11-14,2022,11,14.0,daily,Elm Ridge Hike+Bike RAW (1).csv,aggregated,0,0,aggregated_daily_from_hourly; source_records=24
Elm Ridge,2022-11-15,2022-11-15,2022,11,16.0,daily,Elm Ridge Hike+Bike RAW (1).csv,aggregated,0,0,aggregated_daily_from_hourly; source_records=24
Elm Ridge,2022-11-16,2022-11-16,2022,11,3.0,daily,Elm Ridge Hike+Bike RAW (1).csv,aggregated,0,0,aggregated_daily_from_hourly; source_records=24
Elm Ridge,2022-11-17,2022-11-17,2022,11,20.0,daily,Elm Ridge Hike+Bike RAW (1).csv,aggregated,0,0,aggregated_daily_from_hourly; source_records=24
Elm Ridge,2022-11-18,2022-11-18,2022,11,36.0,daily,Elm Ridge Hike+Bike RAW (1).csv,aggregated,0,0,aggregated_daily_from_hourly; source_records=24
Elm Ridge,2022-11-19,2022-11-19,2022,11,101.0,daily,Elm Ridge Hike+Bike RAW (1).csv,aggregated,0,0,aggregated_daily_from_hourly; source_records=24
Elm Ridge,2022-11-20,2022-11-20,2022,11,22.0,daily,Elm Ridge Hike+Bike RAW (1).csv,aggregated,0,0,aggregated_daily_from_hourly; source_records=24
Elm Ridge,2022-11-21,2022-11-21,2022,11,6.0,daily,Elm Ridge Hike+Bike RAW (1).csv,aggregated,0,0,aggregated_daily_from_hourly; source_records=24
Elm Ridge,2022-11-22,2022-11-22,2022,11,32.0,daily,Elm Ridge Hike+Bike RAW (1).csv,aggregated,0,0,aggregated_daily_from_hourly; source_records=24
Elm Ridge,2022-11-23,2022-11-23,2022,11,38.0,daily,Elm Ridge Hike+Bike RAW (1).csv,aggregated,0,0,aggregated_daily_from_hourly; source_records=24
Elm Ridge,2022-11-24,2022-11-24,2022,11,108.0,daily,Elm Ridge Hike+Bike RAW (1).csv,aggregated,0,0,aggregated_daily_from_hourly; source_records=24
Elm Ridge,2022-11-25,2022-11-25,2022,11,141.0,daily,Elm Ridge Hike+Bike RAW (1).csv,aggregated,0,0,aggregated_daily_from_hourly; source_records=24
Elm Ridge,2022-11-26,2022-11-26,2022,11,204.0,daily,Elm Ridge Hike+Bike RAW (1).csv,aggregated,0,0,aggregated_daily_from_hourly; source_records=24
Elm Ridge,2022-11-27,2022-11-27,2022,11,34.0,daily,Elm Ridge Hike+Bike RAW (1).csv,aggregated,0,0,aggregated_daily_from_hourly; source_records=24
Elm Ridge,2022-11-28,2022-11-28,2022,11,8.0,daily,Elm Ridge Hike+Bike RAW (1).csv,aggregated,0,0,aggregated_daily_from_hourly; source_records=24
Elm Ridge,2022-11-29,2022-11-29,2022,11,11.0,daily,Elm Ridge Hike+Bike RAW (1).csv,aggregated,0,0,aggregated_daily_from_hourly; source_records=24
Elm Ridge,2022-11-30,2022-11-30,2022,11,9.0,daily,Elm Ridge Hike+Bike RAW (1).csv,aggregated,0,0,aggregated_daily_from_hourly; source_records=24
Elm Ridge,2022-12-01,2022-12-01,2022,12,14.0,daily,Elm Ridge Hike+Bike RAW (1).csv,aggregated,0,0,aggregated_daily_from_hourly; source_records=24
Elm Ridge,2022-12-02,2022-12-02,2022,12,20.0,daily,Elm Ridge Hike+Bike RAW (1).csv,aggregated,0,0,aggregated_daily_from_hourly; source_records=24
Elm Ridge,2022-12-03,2022-12-03,2022,12,25.0,daily,Elm Ridge Hike+Bike RAW (1).csv,aggregated,0,0,aggregated_daily_from_hourly; source_records=24
Elm Ridge,2022-12-04,2022-12-04,2022,12,48.0,daily,Elm Ridge Hike+Bike RAW (1).csv,aggregated,0,0,aggregated_daily_from_hourly; source_records=24
Elm Ridge,2022-12-05,2022-12-05,2022,12,17.0,daily,Elm Ridge Hike+Bike RAW (1).csv,aggregated,0,0,aggregated_daily_from_hourly; source_records=24
Elm Ridge,2022-12-06,2022-12-06,2022,12,4.0,daily,Elm Ridge Hike+Bike RAW (1).csv,aggregated,0,0,aggregated_daily_from_hourly; source_records=24
Elm Ridge,2022-12-07,2022-12-07,2022,12,15.0,daily,Elm Ridge Hike+Bike RAW (1).csv,aggregated,0,0,aggregated_daily_from_hourly; source_records=24
Elm Ridge,2022-12-08,2022-12-08,2022,12,29.0,daily,Elm Ridge Hike+Bike RAW (1).csv,aggregated,0,0,aggregated_daily_from_hourly; source_records=24
Elm Ridge,2022-12-09,2022-12-09,2022,12,15.0,daily,Elm Ridge Hike+Bike RAW (1).csv,aggregated,0,0,aggregated_daily_from_hourly; source_records=24
Elm Ridge,2022-12-10,2022-12-10,2022,12,37.0,daily,Elm Ridge Hike+Bike RAW (1).csv,aggregated,0,0,aggregated_daily_from_hourly; source_records=24
Elm Ridge,2022-12-11,2022-12-11,2022,12,26.0,daily,Elm Ridge Hike+Bike RAW (1).csv,aggregated,0,0,aggregated_daily_from_hourly; source_records=24
Elm Ridge,2022-12-12,2022-12-12,2022,12,8.0,daily,Elm Ridge Hike+Bike RAW (1).csv,aggregated,0,0,aggregated_daily_from_hourly; source_records=24
Elm Ridge,2022-12-13,2022-12-13,2022,12,3.0,daily,Elm Ridge Hike+Bike RAW (1).csv,aggregated,0,0,aggregated_daily_from_hourly; source_records=24
Elm Ridge,2022-12-14,2022-12-14,2022,12,11.0,daily,Elm Ridge Hike+Bike RAW (1).csv,aggregated,0,0,aggregated_daily_from_hourly; source_records=24
Elm Ridge,2022-12-15,2022-12-15,2022,12,6.0,daily,Elm Ridge Hike+Bike RAW (1).csv,aggregated,0,0,aggregated_daily_from_hourly; source_records=24
Elm Ridge,2022-12-16,2022-12-16,2022,12,0.0,daily,Elm Ridge Hike+Bike RAW (1).csv,aggregated,0,0,aggregated_daily_from_hourly; source_records=24
Elm Ridge,2022-12-17,2022-12-17,2022,12,5.0,daily,Elm Ridge Hike+Bike RAW (1).csv,aggregated,0,0,aggregated_daily_from_hourly; source_records=24
Elm Ridge,2022-12-18,2022-12-18,2022,12,26.0,daily,Elm Ridge Hike+Bike RAW (1).csv,aggregated,0,0,aggregated_daily_from_hourly; source_records=24
Elm Ridge,2022-12-19,2022-12-19,2022,12,4.0,daily,Elm Ridge Hike+Bike RAW (1).csv,aggregated,0,0,aggregated_daily_from_hourly; source_records=24
Elm Ridge,2022-12-20,2022-12-20,2022,12,6.0,daily,Elm Ridge Hike+Bike RAW (1).csv,aggregated,0,0,aggregated_daily_from_hourly; source_records=24
Elm Ridge,2022-12-21,2022-12-21,2022,12,13.0,daily,Elm Ridge Hike+Bike RAW (1).csv,aggregated,0,0,aggregated_daily_from_hourly; source_records=24
Elm Ridge,2022-12-22,2022-12-22,2022,12,3.0,daily,Elm Ridge Hike+Bike RAW (1).csv,aggregated,0,0,aggregated_daily_from_hourly; source_records=24
Elm Ridge,2022-12-23,2022-12-23,2022,12,0.0,daily,Elm Ridge Hike+Bike RAW (1).csv,aggregated,0,0,aggregated_daily_from_hourly; source_records=24
Elm Ridge,2022-12-24,2022-12-24,2022,12,6.0,daily,Elm Ridge Hike+Bike RAW (1).csv,aggregated,0,0,aggregated_daily_from_hourly; source_records=24
Elm Ridge,2022-12-25,2022-12-25,2022,12,41.0,daily,Elm Ridge Hike+Bike RAW (1).csv,aggregated,0,0,aggregated_daily_from_hourly; source_records=24
Elm Ridge,2022-12-26,2022-12-26,2022,12,35.0,daily,Elm Ridge Hike+Bike RAW (1).csv,aggregated,0,0,aggregated_daily_from_hourly; source_records=24
Elm Ridge,2022-12-27,2022-12-27,2022,12,68.0,daily,Elm Ridge Hike+Bike RAW (1).csv,aggregated,0,0,aggregated_daily_from_hourly; source_records=24
Elm Ridge,2022-12-28,2022-12-28,2022,12,63.0,daily,Elm Ridge Hike+Bike RAW (1).csv,aggregated,0,0,aggregated_daily_from_hourly; source_records=24
Elm Ridge,2022-12-29,2022-12-29,2022,12,92.0,daily,Elm Ridge Hike+Bike RAW (1).csv,aggregated,0,0,aggregated_daily_from_hourly; source_records=24
Elm Ridge,2022-12-30,2022-12-30,2022,12,107.0,daily,Elm Ridge Hike+Bike RAW (1).csv,aggregated,0,0,aggregated_daily_from_hourly; source_records=23
Elm Ridge,2022-12-31,2022-12-31,2022,12,131.0,daily,Elm Ridge Hike+Bike RAW (1).csv,aggregated,0,0,aggregated_daily_from_hourly; source_records=24
Elm Ridge,2023-01-01,2023-01-01,2023,1,125.0,daily,Elm Ridge Hike+Bike RAW (1).csv,aggregated,0,0,aggregated_daily_from_hourly; source_records=24
Elm Ridge,2023-01-02,2023-01-02,2023,1,85.0,daily,Elm Ridge Hike+Bike RAW (1).csv,aggregated,0,0,aggregated_daily_from_hourly; source_records=24
Elm Ridge,2023-01-03,2023-01-03,2023,1,16.0,daily,Elm Ridge Hike+Bike RAW (1).csv,aggregated,0,0,aggregated_daily_from_hourly; source_records=24
Elm Ridge,2023-01-04,2023-01-04,2023,1,12.0,daily,Elm Ridge Hike+Bike RAW (1).csv,aggregated,0,0,aggregated_daily_from_hourly; source_records=24
Elm Ridge,2023-01-05,2023-01-05,2023,1,19.0,daily,Elm Ridge Hike+Bike RAW (1).csv,aggregated,0,0,aggregated_daily_from_hourly; source_records=24
Elm Ridge,2023-01-06,2023-01-06,2023,1,15.0,daily,Elm Ridge Hike+Bike RAW (1).csv,aggregated,0,0,aggregated_daily_from_hourly; source_records=24
Elm Ridge,2023-01-07,2023-01-07,2023,1,76.0,daily,Elm Ridge Hike+Bike RAW (1).csv,aggregated,0,0,aggregated_daily_from_hourly; source_records=24
Elm Ridge,2023-01-08,2023-01-08,2023,1,71.0,daily,Elm Ridge Hike+Bike RAW (1).csv,aggregated,0,0,aggregated_daily_from_hourly; source_records=24
Elm Ridge,2023-01-09,2023-01-09,2023,1,14.0,daily,Elm Ridge Hike+Bike RAW (1).csv,aggregated,0,0,aggregated_daily_from_hourly; source_records=24
Elm Ridge,2023-01-10,2023-01-10,2023,1,14.0,daily,Elm Ridge Hike+Bike RAW (1).csv,aggregated,0,0,aggregated_daily_from_hourly; source_records=24
Elm Ridge,2023-01-11,2023-01-11,2023,1,25.0,daily,Elm Ridge Hike+Bike RAW (1).csv,aggregated,0,0,aggregated_daily_from_hourly; source_records=24
Elm Ridge,2023-01-12,2023-01-12,2023,1,31.0,daily,Elm Ridge Hike+Bike RAW (1).csv,aggregated,0,0,aggregated_daily_from_hourly; source_records=24
Elm Ridge,2023-01-13,2023-01-13,2023,1,6.0,daily,Elm Ridge Hike+Bike RAW (1).csv,aggregated,0,0,aggregated_daily_from_hourly; source_records=24
Elm Ridge,2023-01-14,2023-01-14,2023,1,79.0,daily,Elm Ridge Hike+Bike RAW (1).csv,aggregated,0,0,aggregated_daily_from_hourly; source_records=24
Elm Ridge,2023-01-15,2023-01-15,2023,1,153.0,daily,Elm Ridge Hike+Bike RAW (1).csv,aggregated,0,0,aggregated_daily_from_hourly; source_records=24
Elm Ridge,2023-01-16,2023-01-16,2023,1,58.0,daily,Elm Ridge Hike+Bike RAW (1).csv,aggregated,0,0,aggregated_daily_from_hourly; source_records=24
Elm Ridge,2023-01-17,2023-01-17,2023,1,7.0,daily,Elm Ridge Hike+Bike RAW (1).csv,aggregated,0,0,aggregated_daily_from_hourly; source_records=24
Elm Ridge,2023-01-18,2023-01-18,2023,1,25.0,daily,Elm Ridge Hike+Bike RAW (1).csv,aggregated,0,0,aggregated_daily_from_hourly; source_records=24
Elm Ridge,2023-01-19,2023-01-19,2023,1,6.0,daily,Elm Ridge Hike+Bike RAW (1).csv,aggregated,0,0,aggregated_daily_from_hourly; source_records=24
Elm Ridge,2023-01-20,2023-01-20,2023,1,16.0,daily,Elm Ridge Hike+Bike RAW (1).csv,aggregated,0,0,aggregated_daily_from_hourly; source_records=24
Elm Ridge,2023-01-21,2023-01-21,2023,1,71.0,daily,Elm Ridge Hike+Bike RAW (1).csv,aggregated,0,0,aggregated_daily_from_hourly; source_records=24
Elm Ridge,2023-01-22,2023-01-22,2023,1,58.0,daily,Elm Ridge Hike+Bike RAW (1).csv,aggregated,0,0,aggregated_daily_from_hourly; source_records=24
Elm Ridge,2023-01-23,2023-01-23,2023,1,4.0,daily,Elm Ridge Hike+Bike RAW (1).csv,aggregated,0,0,aggregated_daily_from_hourly; source_records=24
Elm Ridge,2023-01-24,2023-01-24,2023,1,6.0,daily,Elm Ridge Hike+Bike RAW (1).csv,aggregated,0,0,aggregated_daily_from_hourly; source_records=24
Elm Ridge,2023-01-25,2023-01-25,2023,1,0.0,daily,Elm Ridge Hike+Bike RAW (1).csv,aggregated,0,0,aggregated_daily_from_hourly; source_records=24
Elm Ridge,2023-01-26,2023-01-26,2023,1,17.0,daily,Elm Ridge Hike+Bike RAW (1).csv,aggregated,0,0,aggregated_daily_from_hourly; source_records=24
Elm Ridge,2023-01-27,2023-01-27,2023,1,11.0,daily,Elm Ridge Hike+Bike RAW (1).csv,aggregated,0,0,aggregated_daily_from_hourly; source_records=24
Elm Ridge,2023-01-28,2023-01-28,2023,1,124.0,daily,Elm Ridge Hike+Bike RAW (1).csv,aggregated,0,0,aggregated_daily_from_hourly; source_records=24
Elm Ridge,2023-01-29,2023-01-29,2023,1,29.0,daily,Elm Ridge Hike+Bike RAW (1).csv,aggregated,0,0,aggregated_daily_from_hourly; source_records=24
Elm Ridge,2023-01-30,2023-01-30,2023,1,7.0,daily,Elm Ridge Hike+Bike RAW (1).csv,aggregated,0,0,aggregated_daily_from_hourly; source_records=24
Elm Ridge,2023-01-31,2023-01-31,2023,1,4.0,daily,Elm Ridge Hike+Bike RAW (1).csv,aggregated,0,0,aggregated_daily_from_hourly; source_records=24
Elm Ridge,2023-02-01,2023-02-01,2023,2,23.0,daily,Elm Ridge Hike+Bike RAW (1).csv,aggregated,0,0,aggregated_daily_from_hourly; source_records=24
Elm Ridge,2023-02-02,2023-02-02,2023,2,39.0,daily,Elm Ridge Hike+Bike RAW (1).csv,aggregated,0,0,aggregated_daily_from_hourly; source_records=24
Elm Ridge,2023-02-03,2023-02-03,2023,2,5.0,daily,Elm Ridge Hike+Bike RAW (1).csv,aggregated,0,0,aggregated_daily_from_hourly; source_records=24
Elm Ridge,2023-02-04,2023-02-04,2023,2,20.0,daily,Elm Ridge Hike+Bike RAW (1).csv,aggregated,0,0,aggregated_daily_from_hourly; source_records=24
Elm Ridge,2023-02-05,2023-02-05,2023,2,79.0,daily,Elm Ridge Hike+Bike RAW (1).csv,aggregated,0,0,aggregated_daily_from_hourly; source_records=24
Elm Ridge,2023-02-06,2023-02-06,2023,2,23.0,daily,Elm Ridge Hike+Bike RAW (1).csv,aggregated,0,0,aggregated_daily_from_hourly; source_records=24
Elm Ridge,2023-02-07,2023-02-07,2023,2,15.0,daily,Elm Ridge Hike+Bike RAW (1).csv,aggregated,0,0,aggregated_daily_from_hourly; source_records=24
Elm Ridge,2023-02-08,2023-02-08,2023,2,31.0,daily,Elm Ridge Hike+Bike RAW (1).csv,aggregated,0,0,aggregated_daily_from_hourly; source_records=24
Elm Ridge,2023-02-09,2023-02-09,2023,2,4.0,daily,Elm Ridge Hike+Bike RAW (1).csv,aggregated,0,0,aggregated_daily_from_hourly; source_records=24
Elm Ridge,2023-02-10,2023-02-10,2023,2,38.0,daily,Elm Ridge Hike+Bike RAW (1).csv,aggregated,0,0,aggregated_daily_from_hourly; source_records=24
Elm Ridge,2023-02-11,2023-02-11,2023,2,96.0,daily,Elm Ridge Hike+Bike RAW (1).csv,aggregated,0,0,aggregated_daily_from_hourly; source_records=24
Elm Ridge,2023-02-12,2023-02-12,2023,2,82.0,daily,Elm Ridge Hike+Bike RAW (1).csv,aggregated,0,0,aggregated_daily_from_hourly; source_records=24
Elm Ridge,2023-02-13,2023-02-13,2023,2,34.0,daily,Elm Ridge Hike+Bike RAW (1).csv,aggregated,0,0,aggregated_daily_from_hourly; source_records=24
Elm Ridge,2023-02-14,2023-02-14,2023,2,18.0,daily,Elm Ridge Hike+Bike RAW (1).csv,aggregated,0,0,aggregated_daily_from_hourly; source_records=24
Elm Ridge,2023-02-15,2023-02-15,2023,2,48.0,daily,Elm Ridge Hike+Bike RAW (1).csv,aggregated,0,0,aggregated_daily_from_hourly; source_records=24
Elm Ridge,2023-02-16,2023-02-16,2023,2,22.0,daily,Elm Ridge Hike+Bike RAW (1).csv,aggregated,0,0,aggregated_daily_from_hourly; source_records=24
Elm Ridge,2023-02-17,2023-02-17,2023,2,18.0,daily,Elm Ridge Hike+Bike RAW (1).csv,aggregated,0,0,aggregated_daily_from_hourly; source_records=24
Elm Ridge,2023-02-18,2023-02-18,2023,2,129.0,daily,Elm Ridge Hike+Bike RAW (1).csv,aggregated,0,0,aggregated_daily_from_hourly; source_records=24
Elm Ridge,2023-02-19,2023-02-19,2023,2,161.0,daily,Elm Ridge Hike+Bike RAW (1).csv,aggregated,0,0,aggregated_daily_from_hourly; source_records=24
Elm Ridge,2023-02-20,2023-02-20,2023,2,112.0,daily,Elm Ridge Hike+Bike RAW (1).csv,aggregated,0,0,aggregated_daily_from_hourly; source_records=24
Elm Ridge,2023-02-21,2023-02-21,2023,2,18.0,daily,Elm Ridge Hike+Bike RAW (1).csv,aggregated,0,0,aggregated_daily_from_hourly; source_records=24
Elm Ridge,2023-02-22,2023-02-22,2023,2,18.0,daily,Elm Ridge Hike+Bike RAW (1).csv,aggregated,0,0,aggregated_daily_from_hourly; source_records=24
Elm Ridge,2023-02-23,2023-02-23,2023,2,30.0,daily,Elm Ridge Hike+Bike RAW (1).csv,aggregated,0,0,aggregated_daily_from_hourly; source_records=24
Elm Ridge,2023-02-24,2023-02-24,2023,2,26.0,daily,Elm Ridge Hike+Bike RAW (1).csv,aggregated,0,0,aggregated_daily_from_hourly; source_records=24
Elm Ridge,2023-02-25,2023-02-25,2023,2,55.0,daily,Elm Ridge Hike+Bike RAW (1).csv,aggregated,0,0,aggregated_daily_from_hourly; source_records=24
Elm Ridge,2023-02-26,2023-02-26,2023,2,88.0,daily,Elm Ridge Hike+Bike RAW (1).csv,aggregated,0,0,aggregated_daily_from_hourly; source_records=24
Elm Ridge,2023-02-27,2023-02-27,2023,2,24.0,daily,Elm Ridge Hike+Bike RAW (1).csv,aggregated,0,0,aggregated_daily_from_hourly; source_records=24
Elm Ridge,2023-02-28,2023-02-28,2023,2,2.0,daily,Elm Ridge Hike+Bike RAW (1).csv,aggregated,0,0,aggregated_daily_from_hourly; source_records=24
Elm Ridge,2023-03-01,2023-03-01,2023,3,12.0,daily,Elm Ridge Hike+Bike RAW (1).csv,aggregated,0,0,aggregated_daily_from_hourly; source_records=24
Elm Ridge,2023-03-02,2023-03-02,2023,3,4.0,daily,Elm Ridge Hike+Bike RAW (1).csv,aggregated,0,0,aggregated_daily_from_hourly; source_records=24
Elm Ridge,2023-03-03,2023-03-03,2023,3,6.0,daily,Elm Ridge Hike+Bike RAW (1).csv,aggregated,0,0,aggregated_daily_from_hourly; source_records=24
Elm Ridge,2023-03-04,2023-03-04,2023,3,35.0,daily,Elm Ridge Hike+Bike RAW (1).csv,aggregated,0,0,aggregated_daily_from_hourly; source_records=24
Elm Ridge,2023-03-05,2023-03-05,2023,3,74.0,daily,Elm Ridge Hike+Bike RAW (1).csv,aggregated,0,0,aggregated_daily_from_hourly; source_records=24
Elm Ridge,2023-03-06,2023-03-06,2023,3,20.0,daily,Elm Ridge Hike+Bike RAW (1).csv,aggregated,0,0,aggregated_daily_from_hourly; source_records=24
Elm Ridge,2023-03-07,2023-03-07,2023,3,6.0,daily,Elm Ridge Hike+Bike RAW (1).csv,aggregated,0,0,aggregated_daily_from_hourly; source_records=24
Elm Ridge,2023-03-08,2023-03-08,2023,3,6.0,daily,Elm Ridge Hike+Bike RAW (1).csv,aggregated,0,0,aggregated_daily_from_hourly; source_records=24
Elm Ridge,2023-03-09,2023-03-09,2023,3,21.0,daily,Elm Ridge Hike+Bike RAW (1).csv,aggregated,0,0,aggregated_daily_from_hourly; source_records=24
Elm Ridge,2023-03-10,2023-03-10,2023,3,12.0,daily,Elm Ridge Hike+Bike RAW (1).csv,aggregated,0,0,aggregated_daily_from_hourly; source_records=24
Elm Ridge,2023-03-11,2023-03-11,2023,3,76.0,daily,Elm Ridge Hike+Bike RAW (1).csv,aggregated,0,0,aggregated_daily_from_hourly; source_records=24
Elm Ridge,2023-03-12,2023-03-12,2023,3,77.0,daily,Elm Ridge Hike+Bike RAW (1).csv,aggregated,0,0,aggregated_daily_from_hourly; source_records=24
Elm Ridge,2023-03-13,2023-03-13,2023,3,3.0,daily,Elm Ridge Hike+Bike RAW (1).csv,aggregated,0,0,aggregated_daily_from_hourly; source_records=24
Elm Ridge,2023-03-14,2023-03-14,2023,3,0.0,daily,Elm Ridge Hike+Bike RAW (1).csv,aggregated,0,0,aggregated_daily_from_hourly; source_records=24
Elm Ridge,2023-03-15,2023-03-15,2023,3,10.0,daily,Elm Ridge Hike+Bike RAW (1).csv,aggregated,0,0,aggregated_daily_from_hourly; source_records=24
Elm Ridge,2023-03-16,2023-03-16,2023,3,44.0,daily,Elm Ridge Hike+Bike RAW (1).csv,aggregated,0,0,aggregated_daily_from_hourly; source_records=24
Elm Ridge,2023-03-17,2023-03-17,2023,3,8.0,daily,Elm Ridge Hike+Bike RAW (1).csv,aggregated,0,0,aggregated_daily_from_hourly; source_records=24
Elm Ridge,2023-03-18,2023-03-18,2023,3,30.0,daily,Elm Ridge Hike+Bike RAW (1).csv,aggregated,0,0,aggregated_daily_from_hourly; source_records=24
Elm Ridge,2023-03-19,2023-03-19,2023,3,26.0,daily,Elm Ridge Hike+Bike RAW (1).csv,aggregated,0,0,aggregated_daily_from_hourly; source_records=24
Elm Ridge,2023-03-20,2023-03-20,2023,3,4.0,daily,Elm Ridge Hike+Bike RAW (1).csv,aggregated,0,0,aggregated_daily_from_hourly; source_records=24
Elm Ridge,2023-03-21,2023-03-21,2023,3,29.0,daily,Elm Ridge Hike+Bike RAW (1).csv,aggregated,0,0,aggregated_daily_from_hourly; source_records=24
Elm Ridge,2023-03-22,2023-03-22,2023,3,17.0,daily,Elm Ridge Hike+Bike RAW (1).csv,aggregated,0,0,aggregated_daily_from_hourly; source_records=24
Elm Ridge,2023-03-23,2023-03-23,2023,3,0.0,daily,Elm Ridge Hike+Bike RAW (1).csv,aggregated,0,0,aggregated_daily_from_hourly; source_records=24
Elm Ridge,2023-03-24,2023-03-24,2023,3,20.0,daily,Elm Ridge Hike+Bike RAW (1).csv,aggregated,0,0,aggregated_daily_from_hourly; source_records=24
Elm Ridge,2023-03-25,2023-03-25,2023,3,18.0,daily,Elm Ridge Hike+Bike RAW (1).csv,aggregated,0,0,aggregated_daily_from_hourly; source_records=24
Elm Ridge,2023-03-26,2023-03-26,2023,3,33.0,daily,Elm Ridge Hike+Bike RAW (1).csv,aggregated,0,0,aggregated_daily_from_hourly; source_records=24
Elm Ridge,2023-03-27,2023-03-27,2023,3,11.0,daily,Elm Ridge Hike+Bike RAW (1).csv,aggregated,0,0,aggregated_daily_from_hourly; source_records=24
Elm Ridge,2023-03-28,2023-03-28,2023,3,7.0,daily,Elm Ridge Hike+Bike RAW (1).csv,aggregated,0,0,aggregated_daily_from_hourly; source_records=22
Elm Ridge,2023-03-29,2023-03-29,2023,3,7.0,daily,Elm Ridge Hike+Bike RAW (1).csv,aggregated,0,0,aggregated_daily_from_hourly; source_records=24
Elm Ridge,2023-03-30,2023-03-30,2023,3,13.0,daily,Elm Ridge Hike+Bike RAW (1).csv,aggregated,0,0,aggregated_daily_from_hourly; source_records=24
Elm Ridge,2023-03-31,2023-03-31,2023,3,38.0,daily,Elm Ridge Hike+Bike RAW (1).csv,aggregated,0,0,aggregated_daily_from_hourly; source_records=24
Elm Ridge,2023-04-01,2023-04-01,2023,4,77.0,daily,Elm Ridge Hike+Bike RAW (1).csv,aggregated,0,0,aggregated_daily_from_hourly; source_records=24
Elm Ridge,2023-04-02,2023-04-02,2023,4,77.0,daily,Elm Ridge Hike+Bike RAW (1).csv,aggregated,0,0,aggregated_daily_from_hourly; source_records=24
Elm Ridge,2023-04-03,2023-04-03,2023,4,29.0,daily,Elm Ridge Hike+Bike RAW (1).csv,aggregated,0,0,aggregated_daily_from_hourly; source_records=24
Elm Ridge,2023-04-04,2023-04-04,2023,4,19.0,daily,Elm Ridge Hike+Bike RAW (1).csv,aggregated,0,0,aggregated_daily_from_hourly; source_records=24
Elm Ridge,2023-04-05,2023-04-05,2023,4,10.0,daily,Elm Ridge Hike+Bike RAW (1).csv,aggregated,0,0,aggregated_daily_from_hourly; source_records=24
Elm Ridge,2023-04-06,2023-04-06,2023,4,11.0,daily,Elm Ridge Hike+Bike RAW (1).csv,aggregated,0,0,aggregated_daily_from_hourly; source_records=24
Elm Ridge,2023-04-07,2023-04-07,2023,4,55.0,daily,Elm Ridge Hike+Bike RAW (1).csv,aggregated,0,0,aggregated_daily_from_hourly; source_records=24
Elm Ridge,2023-04-08,2023-04-08,2023,4,135.0,daily,Elm Ridge Hike+Bike RAW (1).csv,aggregated,0,0,aggregated_daily_from_hourly; source_records=24
Elm Ridge,2023-04-09,2023-04-09,2023,4,100.0,daily,Elm Ridge Hike+Bike RAW (1).csv,aggregated,0,0,aggregated_daily_from_hourly; source_records=24
Elm Ridge,2023-04-10,2023-04-10,2023,4,76.0,daily,Elm Ridge Hike+Bike RAW (1).csv,aggregated,0,0,aggregated_daily_from_hourly; source_records=24
Elm Ridge,2023-04-11,2023-04-11,2023,4,86.0,daily,Elm Ridge Hike+Bike RAW (1).csv,aggregated,0,0,aggregated_daily_from_hourly; source_records=24
Elm Ridge,2023-04-12,2023-04-12,2023,4,78.0,daily,Elm Ridge Hike+Bike RAW (1).csv,aggregated,0,0,aggregated_daily_from_hourly; source_records=24
Elm Ridge,2023-04-13,2023-04-13,2023,4,50.0,daily,Elm Ridge Hike+Bike RAW (1).csv,aggregated,0,0,aggregated_daily_from_hourly; source_records=24
Elm Ridge,2023-04-14,2023-04-14,2023,4,63.0,daily,Elm Ridge Hike+Bike RAW (1).csv,aggregated,0,0,aggregated_daily_from_hourly; source_records=24
Elm Ridge,2023-04-15,2023-04-15,2023,4,164.0,daily,Elm Ridge Hike+Bike RAW (1).csv,aggregated,0,0,aggregated_daily_from_hourly; source_records=24
Elm Ridge,2023-04-16,2023-04-16,2023,4,115.0,daily,Elm Ridge Hike+Bike RAW (1).csv,aggregated,0,0,aggregated_daily_from_hourly; source_records=24
Elm Ridge,2023-04-17,2023-04-17,2023,4,0.0,daily,Elm Ridge Hike+Bike RAW (1).csv,aggregated,0,0,aggregated_daily_from_hourly; source_records=24
Elm Ridge,2023-04-18,2023-04-18,2023,4,23.0,daily,Elm Ridge Hike+Bike RAW (1).csv,aggregated,0,0,aggregated_daily_from_hourly; source_records=24
Elm Ridge,2023-04-19,2023-04-19,2023,4,43.0,daily,Elm Ridge Hike+Bike RAW (1).csv,aggregated,0,0,aggregated_daily_from_hourly; source_records=24
Elm Ridge,2023-04-20,2023-04-20,2023,4,42.0,daily,Elm Ridge Hike+Bike RAW (1).csv,aggregated,0,0,aggregated_daily_from_hourly; source_records=24
Elm Ridge,2023-04-21,2023-04-21,2023,4,35.0,daily,Elm Ridge Hike+Bike RAW (1).csv,aggregated,0,0,aggregated_daily_from_hourly; source_records=24
Elm Ridge,2023-04-22,2023-04-22,2023,4,142.0,daily,Elm Ridge Hike+Bike RAW (1).csv,aggregated,0,0,aggregated_daily_from_hourly; source_records=24
Elm Ridge,2023-04-23,2023-04-23,2023,4,15.0,daily,Elm Ridge Hike+Bike RAW (1).csv,aggregated,0,0,aggregated_daily_from_hourly; source_records=24
Elm Ridge,2023-04-24,2023-04-24,2023,4,33.0,daily,Elm Ridge Hike+Bike RAW (1).csv,aggregated,0,0,aggregated_daily_from_hourly; source_records=24
Elm Ridge,2023-04-25,2023-04-25,2023,4,28.0,daily,Elm Ridge Hike+Bike RAW (1).csv,aggregated,0,0,aggregated_daily_from_hourly; source_records=24
Elm Ridge,2023-04-26,2023-04-26,2023,4,19.0,daily,Elm Ridge Hike+Bike RAW (1).csv,aggregated,0,0,aggregated_daily_from_hourly; source_records=24
Elm Ridge,2023-04-27,2023-04-27,2023,4,50.0,daily,Elm Ridge Hike+Bike RAW (1).csv,aggregated,0,0,aggregated_daily_from_hourly; source_records=24
Elm Ridge,2023-04-28,2023-04-28,2023,4,62.0,daily,Elm Ridge Hike+Bike RAW (1).csv,aggregated,0,0,aggregated_daily_from_hourly; source_records=24
Elm Ridge,2023-04-29,2023-04-29,2023,4,11.0,daily,Elm Ridge Hike+Bike RAW (1).csv,aggregated,0,0,aggregated_daily_from_hourly; source_records=24
Elm Ridge,2023-04-30,2023-04-30,2023,4,10.0,daily,Elm Ridge Hike+Bike RAW (1).csv,aggregated,0,0,aggregated_daily_from_hourly; source_records=24
Elm Ridge,2023-05-01,2023-05-01,2023,5,6.0,daily,Elm Ridge Hike+Bike RAW (1).csv,aggregated,0,0,aggregated_daily_from_hourly; source_records=24
Elm Ridge,2023-05-02,2023-05-02,2023,5,19.0,daily,Elm Ridge Hike+Bike RAW (1).csv,aggregated,0,0,aggregated_daily_from_hourly; source_records=23
Elm Ridge,2023-05-03,2023-05-03,2023,5,6.0,daily,Elm Ridge Hike+Bike RAW (1).csv,aggregated,0,0,aggregated_daily_from_hourly; source_records=24
Elm Ridge,2023-05-04,2023-05-04,2023,5,15.0,daily,Elm Ridge Hike+Bike RAW (1).csv,aggregated,0,0,aggregated_daily_from_hourly; source_records=24
Elm Ridge,2023-05-05,2023-05-05,2023,5,49.0,daily,Elm Ridge Hike+Bike RAW (1).csv,aggregated,0,0,aggregated_daily_from_hourly; source_records=24
Elm Ridge,2023-05-06,2023-05-06,2023,5,157.0,daily,Elm Ridge Hike+Bike RAW (1).csv,aggregated,0,0,aggregated_daily_from_hourly; source_records=24
Elm Ridge,2023-05-07,2023-05-07,2023,5,158.0,daily,Elm Ridge Hike+Bike RAW (1).csv,aggregated,0,0,aggregated_daily_from_hourly; source_records=24
Elm Ridge,2023-05-08,2023-05-08,2023,5,40.0,daily,Elm Ridge Hike+Bike RAW (1).csv,aggregated,0,0,aggregated_daily_from_hourly; source_records=24
Elm Ridge,2023-05-09,2023-05-09,2023,5,79.0,daily,Elm Ridge Hike+Bike RAW (1).csv,aggregated,0,0,aggregated_daily_from_hourly; source_records=24
Elm Ridge,2023-05-10,2023-05-10,2023,5,45.0,daily,Elm Ridge Hike+Bike RAW (1).csv,aggregated,0,0,aggregated_daily_from_hourly; source_records=24
Elm Ridge,2023-05-11,2023-05-11,2023,5,71.0,daily,Elm Ridge Hike+Bike RAW (1).csv,aggregated,0,0,aggregated_daily_from_hourly; source_records=24
Elm Ridge,2023-05-12,2023-05-12,2023,5,86.0,daily,Elm Ridge Hike+Bike RAW (1).csv,aggregated,0,0,aggregated_daily_from_hourly; source_records=24
Elm Ridge,2023-05-13,2023-05-13,2023,5,176.0,daily,Elm Ridge Hike+Bike RAW (1).csv,aggregated,0,0,aggregated_daily_from_hourly; source_records=24
Elm Ridge,2023-05-14,2023-05-14,2023,5,115.0,daily,Elm Ridge Hike+Bike RAW (1).csv,aggregated,0,0,aggregated_daily_from_hourly; source_records=24
Elm Ridge,2023-05-15,2023-05-15,2023,5,70.0,daily,Elm Ridge Hike+Bike RAW (1).csv,aggregated,0,0,aggregated_daily_from_hourly; source_records=24
Elm Ridge,2023-05-16,2023-05-16,2023,5,38.0,daily,Elm Ridge Hike+Bike RAW (1).csv,aggregated,0,0,aggregated_daily_from_hourly; source_records=24
Elm Ridge,2023-05-17,2023-05-17,2023,5,48.0,daily,Elm Ridge Hike+Bike RAW (1).csv,aggregated,0,0,aggregated_daily_from_hourly; source_records=24
Elm Ridge,2023-05-18,2023-05-18,2023,5,34.0,daily,Elm Ridge Hike+Bike RAW (1).csv,aggregated,0,0,aggregated_daily_from_hourly; source_records=24
Elm Ridge,2023-05-19,2023-05-19,2023,5,95.0,daily,Elm Ridge Hike+Bike RAW (1).csv,aggregated,0,0,aggregated_daily_from_hourly; source_records=24
Elm Ridge,2023-05-20,2023-05-20,2023,5,144.0,daily,Elm Ridge Hike+Bike RAW (1).csv,aggregated,0,0,aggregated_daily_from_hourly; source_records=24
Elm Ridge,2023-05-21,2023-05-21,2023,5,158.0,daily,Elm Ridge Hike+Bike RAW (1).csv,aggregated,0,0,aggregated_daily_from_hourly; source_records=24
Elm Ridge,2023-05-22,2023-05-22,2023,5,46.0,daily,Elm Ridge Hike+Bike RAW (1).csv,aggregated,0,0,aggregated_daily_from_hourly; source_records=24
Elm Ridge,2023-05-23,2023-05-23,2023,5,72.0,daily,Elm Ridge Hike+Bike RAW (1).csv,aggregated,0,0,aggregated_daily_from_hourly; source_records=24
Elm Ridge,2023-05-24,2023-05-24,2023,5,33.0,daily,Elm Ridge Hike+Bike RAW (1).csv,aggregated,0,0,aggregated_daily_from_hourly; source_records=24
Elm Ridge,2023-05-25,2023-05-25,2023,5,73.0,daily,Elm Ridge Hike+Bike RAW (1).csv,aggregated,0,0,aggregated_daily_from_hourly; source_records=24
Elm Ridge,2023-05-26,2023-05-26,2023,5,100.0,daily,Elm Ridge Hike+Bike RAW (1).csv,aggregated,0,0,aggregated_daily_from_hourly; source_records=24
Elm Ridge,2023-05-27,2023-05-27,2023,5,403.0,daily,Elm Ridge Hike+Bike RAW (1).csv,aggregated,0,0,aggregated_daily_from_hourly; source_records=24
Elm Ridge,2023-05-28,2023-05-28,2023,5,437.0,daily,Elm Ridge Hike+Bike RAW (1).csv,aggregated,0,0,aggregated_daily_from_hourly; source_records=24
Elm Ridge,2023-05-29,2023-05-29,2023,5,235.0,daily,Elm Ridge Hike+Bike RAW (1).csv,aggregated,0,0,aggregated_daily_from_hourly; source_records=24
Elm Ridge,2023-05-30,2023-05-30,2023,5,75.0,daily,Elm Ridge Hike+Bike RAW (1).csv,aggregated,0,0,aggregated_daily_from_hourly; source_records=24
Elm Ridge,2023-05-31,2023-05-31,2023,5,51.0,daily,Elm Ridge Hike+Bike RAW (1).csv,aggregated,0,0,aggregated_daily_from_hourly; source_records=24
Elm Ridge,2023-06-01,2023-06-01,2023,6,40.0,daily,Elm Ridge Hike+Bike RAW (1).csv,aggregated,0,0,aggregated_daily_from_hourly; source_records=24
Elm Ridge,2023-06-02,2023-06-02,2023,6,40.0,daily,Elm Ridge Hike+Bike RAW (1).csv,aggregated,0,0,aggregated_daily_from_hourly; source_records=24
Elm Ridge,2023-06-03,2023-06-03,2023,6,101.0,daily,Elm Ridge Hike+Bike RAW (1).csv,aggregated,0,0,aggregated_daily_from_hourly; source_records=24
Elm Ridge,2023-06-04,2023-06-04,2023,6,230.0,daily,Elm Ridge Hike+Bike RAW (1).csv,aggregated,0,0,aggregated_daily_from_hourly; source_records=24
Elm Ridge,2023-06-05,2023-06-05,2023,6,40.0,daily,Elm Ridge Hike+Bike RAW (1).csv,aggregated,0,0,aggregated_daily_from_hourly; source_records=24
Elm Ridge,2023-06-06,2023-06-06,2023,6,59.0,daily,Elm Ridge Hike+Bike RAW (1).csv,aggregated,0,0,aggregated_daily_from_hourly; source_records=24
Elm Ridge,2023-06-07,2023-06-07,2023,6,27.0,daily,Elm Ridge Hike+Bike RAW (1).csv,aggregated,0,0,aggregated_daily_from_hourly; source_records=24
Elm Ridge,2023-06-08,2023-06-08,2023,6,17.0,daily,Elm Ridge Hike+Bike RAW (1).csv,aggregated,0,0,aggregated_daily_from_hourly; source_records=24
Elm Ridge,2023-06-09,2023-06-09,2023,6,27.0,daily,Elm Ridge Hike+Bike RAW (1).csv,aggregated,0,0,aggregated_daily_from_hourly; source_records=24
Elm Ridge,2023-06-10,2023-06-10,2023,6,169.0,daily,Elm Ridge Hike+Bike RAW (1).csv,aggregated,0,0,aggregated_daily_from_hourly; source_records=24
Elm Ridge,2023-06-11,2023-06-11,2023,6,125.0,daily,Elm Ridge Hike+Bike RAW (1).csv,aggregated,0,0,aggregated_daily_from_hourly; source_records=24
Elm Ridge,2023-06-12,2023-06-12,2023,6,68.0,daily,Elm Ridge Hike+Bike RAW (1).csv,aggregated,0,0,aggregated_daily_from_hourly; source_records=24
Elm Ridge,2023-06-13,2023-06-13,2023,6,37.0,daily,Elm Ridge Hike+Bike RAW (1).csv,aggregated,0,0,aggregated_daily_from_hourly; source_records=24
Elm Ridge,2023-06-14,2023-06-14,2023,6,23.0,daily,Elm Ridge Hike+Bike RAW (1).csv,aggregated,0,0,aggregated_daily_from_hourly; source_records=24
Elm Ridge,2023-06-15,2023-06-15,2023,6,53.0,daily,Elm Ridge Hike+Bike RAW (1).csv,aggregated,0,0,aggregated_daily_from_hourly; source_records=23
Elm Ridge,2023-06-16,2023-06-16,2023,6,22.0,daily,Elm Ridge Hike+Bike RAW (1).csv,aggregated,0,0,aggregated_daily_from_hourly; source_records=24
Elm Ridge,2023-06-17,2023-06-17,2023,6,110.0,daily,Elm Ridge Hike+Bike RAW (1).csv,aggregated,0,0,aggregated_daily_from_hourly; source_records=24
Elm Ridge,2023-06-18,2023-06-18,2023,6,179.0,daily,Elm Ridge Hike+Bike RAW (1).csv,aggregated,0,0,aggregated_daily_from_hourly; source_records=24
Elm Ridge,2023-06-19,2023-06-19,2023,6,127.0,daily,Elm Ridge Hike+Bike RAW (1).csv,aggregated,0,0,aggregated_daily_from_hourly; source_records=24
Elm Ridge,2023-06-20,2023-06-20,2023,6,62.0,daily,Elm Ridge Hike+Bike RAW (1).csv,aggregated,0,0,aggregated_daily_from_hourly; source_records=24
Elm Ridge,2023-06-21,2023-06-21,2023,6,78.0,daily,Elm Ridge Hike+Bike RAW (1).csv,aggregated,0,0,aggregated_daily_from_hourly; source_records=24
Elm Ridge,2023-06-22,2023-06-22,2023,6,52.0,daily,Elm Ridge Hike+Bike RAW (1).csv,aggregated,0,0,aggregated_daily_from_hourly; source_records=24
Elm Ridge,2023-06-23,2023-06-23,2023,6,41.0,daily,Elm Ridge Hike+Bike RAW (1).csv,aggregated,0,0,aggregated_daily_from_hourly; source_records=24
Elm Ridge,2023-06-24,2023-06-24,2023,6,52.0,daily,Elm Ridge Hike+Bike RAW (1).csv,aggregated,0,0,aggregated_daily_from_hourly; source_records=24
Elm Ridge,2023-06-25,2023-06-25,2023,6,103.0,daily,Elm Ridge Hike+Bike RAW (1).csv,aggregated,0,0,aggregated_daily_from_hourly; source_records=24
Elm Ridge,2023-06-26,2023-06-26,2023,6,33.0,daily,Elm Ridge Hike+Bike RAW (1).csv,aggregated,0,0,aggregated_daily_from_hourly; source_records=24
Elm Ridge,2023-06-27,2023-06-27,2023,6,40.0,daily,Elm Ridge Hike+Bike RAW (1).csv,aggregated,0,0,aggregated_daily_from_hourly; source_records=24
Elm Ridge,2023-06-28,2023-06-28,2023,6,50.0,daily,Elm Ridge Hike+Bike RAW (1).csv,aggregated,0,0,aggregated_daily_from_hourly; source_records=24
Elm Ridge,2023-06-29,2023-06-29,2023,6,47.0,daily,Elm Ridge Hike+Bike RAW (1).csv,aggregated,0,0,aggregated_daily_from_hourly; source_records=24
Elm Ridge,2023-06-30,2023-06-30,2023,6,77.0,daily,Elm Ridge Hike+Bike RAW (1).csv,aggregated,0,0,aggregated_daily_from_hourly; source_records=24
Elm Ridge,2023-07-01,2023-07-01,2023,7,186.0,daily,Elm Ridge Hike+Bike RAW (1).csv,aggregated,0,0,aggregated_daily_from_hourly; source_records=24
Elm Ridge,2023-07-02,2023-07-02,2023,7,143.0,daily,Elm Ridge Hike+Bike RAW (1).csv,aggregated,0,0,aggregated_daily_from_hourly; source_records=24
Elm Ridge,2023-07-03,2023-07-03,2023,7,166.0,daily,Elm Ridge Hike+Bike RAW (1).csv,aggregated,0,0,aggregated_daily_from_hourly; source_records=24
Elm Ridge,2023-07-04,2023-07-04,2023,7,118.0,daily,Elm Ridge Hike+Bike RAW (1).csv,aggregated,0,0,aggregated_daily_from_hourly; source_records=24
Elm Ridge,2023-07-05,2023-07-05,2023,7,69.0,daily,Elm Ridge Hike+Bike RAW (1).csv,aggregated,0,0,aggregated_daily_from_hourly; source_records=24
Elm Ridge,2023-07-06,2023-07-06,2023,7,88.0,daily,Elm Ridge Hike+Bike RAW (1).csv,aggregated,0,0,aggregated_daily_from_hourly; source_records=24
Elm Ridge,2023-07-07,2023-07-07,2023,7,32.0,daily,Elm Ridge Hike+Bike RAW (1).csv,aggregated,0,0,aggregated_daily_from_hourly; source_records=24
Elm Ridge,2023-07-08,2023-07-08,2023,7,175.0,daily,Elm Ridge Hike+Bike RAW (1).csv,aggregated,0,0,aggregated_daily_from_hourly; source_records=24
Elm Ridge,2023-07-09,2023-07-09,2023,7,77.0,daily,Elm Ridge Hike+Bike RAW (1).csv,aggregated,0,0,aggregated_daily_from_hourly; source_records=24
Elm Ridge,2023-07-10,2023-07-10,2023,7,46.0,daily,Elm Ridge Hike+Bike RAW (1).csv,aggregated,0,0,aggregated_daily_from_hourly; source_records=24
Elm Ridge,2023-07-11,2023-07-11,2023,7,49.0,daily,Elm Ridge Hike+Bike RAW (1).csv,aggregated,0,0,aggregated_daily_from_hourly; source_records=24
Elm Ridge,2023-07-12,2023-07-12,2023,7,55.0,daily,Elm Ridge Hike+Bike RAW (1).csv,aggregated,0,0,aggregated_daily_from_hourly; source_records=23
Elm Ridge,2023-07-13,2023-07-13,2023,7,44.0,daily,Elm Ridge Hike+Bike RAW (1).csv,aggregated,0,0,aggregated_daily_from_hourly; source_records=24
Elm Ridge,2023-07-14,2023-07-14,2023,7,37.0,daily,Elm Ridge Hike+Bike RAW (1).csv,aggregated,0,0,aggregated_daily_from_hourly; source_records=24
Elm Ridge,2023-07-15,2023-07-15,2023,7,210.0,daily,Elm Ridge Hike+Bike RAW (1).csv,aggregated,0,0,aggregated_daily_from_hourly; source_records=24
Elm Ridge,2023-07-16,2023-07-16,2023,7,57.0,daily,Elm Ridge Hike+Bike RAW (1).csv,aggregated,0,0,aggregated_daily_from_hourly; source_records=24
Elm Ridge,2023-07-17,2023-07-17,2023,7,48.0,daily,Elm Ridge Hike+Bike RAW (1).csv,aggregated,0,0,aggregated_daily_from_hourly; source_records=24
Elm Ridge,2023-07-18,2023-07-18,2023,7,93.0,daily,Elm Ridge Hike+Bike RAW (1).csv,aggregated,0,0,aggregated_daily_from_hourly; source_records=24
Elm Ridge,2023-07-19,2023-07-19,2023,7,66.0,daily,Elm Ridge Hike+Bike RAW (1).csv,aggregated,0,0,aggregated_daily_from_hourly; source_records=24
Elm Ridge,2023-07-20,2023-07-20,2023,7,56.0,daily,Elm Ridge Hike+Bike RAW (1).csv,aggregated,0,0,aggregated_daily_from_hourly; source_records=24
Elm Ridge,2023-07-21,2023-07-21,2023,7,39.0,daily,Elm Ridge Hike+Bike RAW (1).csv,aggregated,0,0,aggregated_daily_from_hourly; source_records=24
Elm Ridge,2023-07-22,2023-07-22,2023,7,177.0,daily,Elm Ridge Hike+Bike RAW (1).csv,aggregated,0,0,aggregated_daily_from_hourly; source_records=24
Elm Ridge,2023-07-23,2023-07-23,2023,7,187.0,daily,Elm Ridge Hike+Bike RAW (1).csv,aggregated,0,0,aggregated_daily_from_hourly; source_records=24
Elm Ridge,2023-07-24,2023-07-24,2023,7,70.0,daily,Elm Ridge Hike+Bike RAW (1).csv,aggregated,0,0,aggregated_daily_from_hourly; source_records=24
Elm Ridge,2023-07-25,2023-07-25,2023,7,66.0,daily,Elm Ridge Hike+Bike RAW (1).csv,aggregated,0,0,aggregated_daily_from_hourly; source_records=24
Elm Ridge,2023-07-26,2023-07-26,2023,7,77.0,daily,Elm Ridge Hike+Bike RAW (1).csv,aggregated,0,0,aggregated_daily_from_hourly; source_records=24
Elm Ridge,2023-07-27,2023-07-27,2023,7,52.0,daily,Elm Ridge Hike+Bike RAW (1).csv,aggregated,0,0,aggregated_daily_from_hourly; source_records=24
Elm Ridge,2023-07-28,2023-07-28,2023,7,50.0,daily,Elm Ridge Hike+Bike RAW (1).csv,aggregated,0,0,aggregated_daily_from_hourly; source_records=24
Elm Ridge,2023-07-29,2023-07-29,2023,7,201.0,daily,Elm Ridge Hike+Bike RAW (1).csv,aggregated,0,0,aggregated_daily_from_hourly; source_records=24
Elm Ridge,2023-07-30,2023-07-30,2023,7,393.0,daily,Elm Ridge Hike+Bike RAW (1).csv,aggregated,0,0,aggregated_daily_from_hourly; source_records=24
Elm Ridge,2023-07-31,2023-07-31,2023,7,89.0,daily,Elm Ridge Hike+Bike RAW (1).csv,aggregated,0,0,aggregated_daily_from_hourly; source_records=24
Elm Ridge,2023-08-01,2023-08-01,2023,8,83.0,daily,Elm Ridge Hike+Bike RAW (1).csv,aggregated,0,0,aggregated_daily_from_hourly; source_records=24
Elm Ridge,2023-08-02,2023-08-02,2023,8,81.0,daily,Elm Ridge Hike+Bike RAW (1).csv,aggregated,0,0,aggregated_daily_from_hourly; source_records=24
Elm Ridge,2023-08-03,2023-08-03,2023,8,62.0,daily,Elm Ridge Hike+Bike RAW (1).csv,aggregated,0,0,aggregated_daily_from_hourly; source_records=24
Elm Ridge,2023-08-04,2023-08-04,2023,8,47.0,daily,Elm Ridge Hike+Bike RAW (1).csv,aggregated,0,0,aggregated_daily_from_hourly; source_records=24
Elm Ridge,2023-08-05,2023-08-05,2023,8,265.0,daily,Elm Ridge Hike+Bike RAW (1).csv,aggregated,0,0,aggregated_daily_from_hourly; source_records=24
Elm Ridge,2023-08-06,2023-08-06,2023,8,200.0,daily,Elm Ridge Hike+Bike RAW (1).csv,aggregated,0,0,aggregated_daily_from_hourly; source_records=24
Elm Ridge,2023-08-07,2023-08-07,2023,8,49.0,daily,Elm Ridge Hike+Bike RAW (1).csv,aggregated,0,0,aggregated_daily_from_hourly; source_records=24
Elm Ridge,2023-08-08,2023-08-08,2023,8,35.0,daily,Elm Ridge Hike+Bike RAW (1).csv,aggregated,0,0,aggregated_daily_from_hourly; source_records=24
Elm Ridge,2023-08-09,2023-08-09,2023,8,82.0,daily,Elm Ridge Hike+Bike RAW (1).csv,aggregated,0,0,aggregated_daily_from_hourly; source_records=24
Elm Ridge,2023-08-10,2023-08-10,2023,8,49.0,daily,Elm Ridge Hike+Bike RAW (1).csv,aggregated,0,0,aggregated_daily_from_hourly; source_records=24
Elm Ridge,2023-08-11,2023-08-11,2023,8,86.0,daily,Elm Ridge Hike+Bike RAW (1).csv,aggregated,0,0,aggregated_daily_from_hourly; source_records=24
Elm Ridge,2023-08-12,2023-08-12,2023,8,238.0,daily,Elm Ridge Hike+Bike RAW (1).csv,aggregated,0,0,aggregated_daily_from_hourly; source_records=24
Elm Ridge,2023-08-13,2023-08-13,2023,8,200.0,daily,Elm Ridge Hike+Bike RAW (1).csv,aggregated,0,0,aggregated_daily_from_hourly; source_records=24
Elm Ridge,2023-08-14,2023-08-14,2023,8,48.0,daily,Elm Ridge Hike+Bike RAW (1).csv,aggregated,0,0,aggregated_daily_from_hourly; source_records=24
Elm Ridge,2023-08-15,2023-08-15,2023,8,25.0,daily,Elm Ridge Hike+Bike RAW (1).csv,aggregated,0,0,aggregated_daily_from_hourly; source_records=24
Elm Ridge,2023-08-16,2023-08-16,2023,8,39.0,daily,Elm Ridge Hike+Bike RAW (1).csv,aggregated,0,0,aggregated_daily_from_hourly; source_records=24
Elm Ridge,2023-08-17,2023-08-17,2023,8,58.0,daily,Elm Ridge Hike+Bike RAW (1).csv,aggregated,0,0,aggregated_daily_from_hourly; source_records=24
Elm Ridge,2023-08-18,2023-08-18,2023,8,73.0,daily,Elm Ridge Hike+Bike RAW (1).csv,aggregated,0,0,aggregated_daily_from_hourly; source_records=24
Elm Ridge,2023-08-19,2023-08-19,2023,8,189.0,daily,Elm Ridge Hike+Bike RAW (1).csv,aggregated,0,0,aggregated_daily_from_hourly; source_records=24
Elm Ridge,2023-08-20,2023-08-20,2023,8,121.0,daily,Elm Ridge Hike+Bike RAW (1).csv,aggregated,0,0,aggregated_daily_from_hourly; source_records=24
Elm Ridge,2023-08-21,2023-08-21,2023,8,89.0,daily,Elm Ridge Hike+Bike RAW (1).csv,aggregated,0,0,aggregated_daily_from_hourly; source_records=24
Elm Ridge,2023-08-22,2023-08-22,2023,8,98.0,daily,Elm Ridge Hike+Bike RAW (1).csv,aggregated,0,0,aggregated_daily_from_hourly; source_records=24
Elm Ridge,2023-08-23,2023-08-23,2023,8,135.0,daily,Elm Ridge Hike+Bike RAW (1).csv,aggregated,0,0,aggregated_daily_from_hourly; source_records=24
Elm Ridge,2023-08-24,2023-08-24,2023,8,46.0,daily,Elm Ridge Hike+Bike RAW (1).csv,aggregated,0,0,aggregated_daily_from_hourly; source_records=24
Elm Ridge,2023-08-25,2023-08-25,2023,8,46.0,daily,Elm Ridge Hike+Bike RAW (1).csv,aggregated,0,0,aggregated_daily_from_hourly; source_records=24
Elm Ridge,2023-08-26,2023-08-26,2023,8,215.0,daily,Elm Ridge Hike+Bike RAW (1).csv,aggregated,0,0,aggregated_daily_from_hourly; source_records=24
Elm Ridge,2023-08-27,2023-08-27,2023,8,143.0,daily,Elm Ridge Hike+Bike RAW (1).csv,aggregated,0,0,aggregated_daily_from_hourly; source_records=24
Elm Ridge,2023-08-28,2023-08-28,2023,8,44.0,daily,Elm Ridge Hike+Bike RAW (1).csv,aggregated,0,0,aggregated_daily_from_hourly; source_records=24
Elm Ridge,2023-08-29,2023-08-29,2023,8,80.0,daily,Elm Ridge Hike+Bike RAW (1).csv,aggregated,0,0,aggregated_daily_from_hourly; source_records=24
Elm Ridge,2023-08-30,2023-08-30,2023,8,15.0,daily,Elm Ridge Hike+Bike RAW (1).csv,aggregated,0,0,aggregated_daily_from_hourly; source_records=24
Elm Ridge,2023-08-31,2023-08-31,2023,8,92.0,daily,Elm Ridge Hike+Bike RAW (1).csv,aggregated,0,0,aggregated_daily_from_hourly; source_records=24
Elm Ridge,2023-09-01,2023-09-01,2023,9,115.0,daily,Elm Ridge Hike+Bike RAW (1).csv,aggregated,0,0,aggregated_daily_from_hourly; source_records=24
Elm Ridge,2023-09-02,2023-09-02,2023,9,361.0,daily,Elm Ridge Hike+Bike RAW (1).csv,aggregated,0,0,aggregated_daily_from_hourly; source_records=24
Elm Ridge,2023-09-03,2023-09-03,2023,9,301.0,daily,Elm Ridge Hike+Bike RAW (1).csv,aggregated,0,0,aggregated_daily_from_hourly; source_records=24
Elm Ridge,2023-09-04,2023-09-04,2023,9,172.0,daily,Elm Ridge Hike+Bike RAW (1).csv,aggregated,0,0,aggregated_daily_from_hourly; source_records=24
Elm Ridge,2023-09-05,2023-09-05,2023,9,29.0,daily,Elm Ridge Hike+Bike RAW (1).csv,aggregated,0,0,aggregated_daily_from_hourly; source_records=24
Elm Ridge,2023-09-06,2023-09-06,2023,9,30.0,daily,Elm Ridge Hike+Bike RAW (1).csv,aggregated,0,0,aggregated_daily_from_hourly; source_records=24
Elm Ridge,2023-09-07,2023-09-07,2023,9,44.0,daily,Elm Ridge Hike+Bike RAW (1).csv,aggregated,0,0,aggregated_daily_from_hourly; source_records=24
Elm Ridge,2023-09-08,2023-09-08,2023,9,13.0,daily,Elm Ridge Hike+Bike RAW (1).csv,aggregated,0,0,aggregated_daily_from_hourly; source_records=24
Elm Ridge,2023-09-09,2023-09-09,2023,9,81.0,daily,Elm Ridge Hike+Bike RAW (1).csv,aggregated,0,0,aggregated_daily_from_hourly; source_records=24
Elm Ridge,2023-09-10,2023-09-10,2023,9,70.0,daily,Elm Ridge Hike+Bike RAW (1).csv,aggregated,0,0,aggregated_daily_from_hourly; source_records=24
Elm Ridge,2023-09-11,2023-09-11,2023,9,7.0,daily,Elm Ridge Hike+Bike RAW (1).csv,aggregated,0,0,aggregated_daily_from_hourly; source_records=24
Elm Ridge,2023-09-12,2023-09-12,2023,9,38.0,daily,Elm Ridge Hike+Bike RAW (1).csv,aggregated,0,0,aggregated_daily_from_hourly; source_records=23
Elm Ridge,2023-09-13,2023-09-13,2023,9,4.0,daily,Elm Ridge Hike+Bike RAW (1).csv,aggregated,0,0,aggregated_daily_from_hourly; source_records=24
Elm Ridge,2023-09-14,2023-09-14,2023,9,68.0,daily,Elm Ridge Hike+Bike RAW (1).csv,aggregated,0,0,aggregated_daily_from_hourly; source_records=24
Elm Ridge,2023-09-15,2023-09-15,2023,9,75.0,daily,Elm Ridge Hike+Bike RAW (1).csv,aggregated,0,0,aggregated_daily_from_hourly; source_records=24
Elm Ridge,2023-09-16,2023-09-16,2023,9,221.0,daily,Elm Ridge Hike+Bike RAW (1).csv,aggregated,0,0,aggregated_daily_from_hourly; source_records=24
Elm Ridge,2023-09-17,2023-09-17,2023,9,110.0,daily,Elm Ridge Hike+Bike RAW (1).csv,aggregated,0,0,aggregated_daily_from_hourly; source_records=24
Elm Ridge,2023-09-18,2023-09-18,2023,9,0.0,daily,Elm Ridge Hike+Bike RAW (1).csv,aggregated,0,0,aggregated_daily_from_hourly; source_records=24
Elm Ridge,2023-09-19,2023-09-19,2023,9,27.0,daily,Elm Ridge Hike+Bike RAW (1).csv,aggregated,0,0,aggregated_daily_from_hourly; source_records=24
Elm Ridge,2023-09-20,2023-09-20,2023,9,73.0,daily,Elm Ridge Hike+Bike RAW (1).csv,aggregated,0,0,aggregated_daily_from_hourly; source_records=24
Elm Ridge,2023-09-21,2023-09-21,2023,9,65.0,daily,Elm Ridge Hike+Bike RAW (1).csv,aggregated,0,0,aggregated_daily_from_hourly; source_records=24
Elm Ridge,2023-09-22,2023-09-22,2023,9,67.0,daily,Elm Ridge Hike+Bike RAW (1).csv,aggregated,0,0,aggregated_daily_from_hourly; source_records=24
Elm Ridge,2023-09-23,2023-09-23,2023,9,124.0,daily,Elm Ridge Hike+Bike RAW (1).csv,aggregated,0,0,aggregated_daily_from_hourly; source_records=24
Elm Ridge,2023-09-24,2023-09-24,2023,9,37.0,daily,Elm Ridge Hike+Bike RAW (1).csv,aggregated,0,0,aggregated_daily_from_hourly; source_records=24
Elm Ridge,2023-09-25,2023-09-25,2023,9,4.0,daily,Elm Ridge Hike+Bike RAW (1).csv,aggregated,0,0,aggregated_daily_from_hourly; source_records=24
Elm Ridge,2023-09-26,2023-09-26,2023,9,31.0,daily,Elm Ridge Hike+Bike RAW (1).csv,aggregated,0,0,aggregated_daily_from_hourly; source_records=24
Elm Ridge,2023-09-27,2023-09-27,2023,9,39.0,daily,Elm Ridge Hike+Bike RAW (1).csv,aggregated,0,0,aggregated_daily_from_hourly; source_records=24
Elm Ridge,2023-09-28,2023-09-28,2023,9,71.0,daily,Elm Ridge Hike+Bike RAW (1).csv,aggregated,0,0,aggregated_daily_from_hourly; source_records=24
Elm Ridge,2023-09-29,2023-09-29,2023,9,17.0,daily,Elm Ridge Hike+Bike RAW (1).csv,aggregated,0,0,aggregated_daily_from_hourly; source_records=24
Elm Ridge,2023-09-30,2023-09-30,2023,9,92.0,daily,Elm Ridge Hike+Bike RAW (1).csv,aggregated,0,0,aggregated_daily_from_hourly; source_records=24
Elm Ridge,2023-10-01,2023-10-01,2023,10,155.0,daily,Elm Ridge Hike+Bike RAW (1).csv,aggregated,0,0,aggregated_daily_from_hourly; source_records=24
Elm Ridge,2023-10-02,2023-10-02,2023,10,54.0,daily,Elm Ridge Hike+Bike RAW (1).csv,aggregated,0,0,aggregated_daily_from_hourly; source_records=24
Elm Ridge,2023-10-03,2023-10-03,2023,10,69.0,daily,Elm Ridge Hike+Bike RAW (1).csv,aggregated,0,0,aggregated_daily_from_hourly; source_records=24
Elm Ridge,2023-10-04,2023-10-04,2023,10,61.0,daily,Elm Ridge Hike+Bike RAW (1).csv,aggregated,0,0,aggregated_daily_from_hourly; source_records=24
Elm Ridge,2023-10-05,2023-10-05,2023,10,96.0,daily,Elm Ridge Hike+Bike RAW (1).csv,aggregated,0,0,aggregated_daily_from_hourly; source_records=24
Elm Ridge,2023-10-06,2023-10-06,2023,10,72.0,daily,Elm Ridge Hike+Bike RAW (1).csv,aggregated,0,0,aggregated_daily_from_hourly; source_records=24
Elm Ridge,2023-10-07,2023-10-07,2023,10,12.0,daily,Elm Ridge Hike+Bike RAW (1).csv,aggregated,0,0,aggregated_daily_from_hourly; source_records=24
Elm Ridge,2023-10-08,2023-10-08,2023,10,331.0,daily,Elm Ridge Hike+Bike RAW (1).csv,aggregated,0,0,aggregated_daily_from_hourly; source_records=24
Elm Ridge,2023-10-09,2023-10-09,2023,10,119.0,daily,Elm Ridge Hike+Bike RAW (1).csv,aggregated,0,0,aggregated_daily_from_hourly; source_records=24
Elm Ridge,2023-10-10,2023-10-10,2023,10,45.0,daily,Elm Ridge Hike+Bike RAW (1).csv,aggregated,0,0,aggregated_daily_from_hourly; source_records=24
Elm Ridge,2023-10-11,2023-10-11,2023,10,64.0,daily,Elm Ridge Hike+Bike RAW (1).csv,aggregated,0,0,aggregated_daily_from_hourly; source_records=24
Elm Ridge,2023-10-12,2023-10-12,2023,10,110.0,daily,Elm Ridge Hike+Bike RAW (1).csv,aggregated,0,0,aggregated_daily_from_hourly; source_records=24
Elm Ridge,2023-10-13,2023-10-13,2023,10,133.0,daily,Elm Ridge Hike+Bike RAW (1).csv,aggregated,0,0,aggregated_daily_from_hourly; source_records=24
Elm Ridge,2023-10-14,2023-10-14,2023,10,143.0,daily,Elm Ridge Hike+Bike RAW (1).csv,aggregated,0,0,aggregated_daily_from_hourly; source_records=24
Elm Ridge,2023-10-15,2023-10-15,2023,10,145.0,daily,Elm Ridge Hike+Bike RAW (1).csv,aggregated,0,0,aggregated_daily_from_hourly; source_records=24
Elm Ridge,2023-10-16,2023-10-16,2023,10,25.0,daily,Elm Ridge Hike+Bike RAW (1).csv,aggregated,0,0,aggregated_daily_from_hourly; source_records=24
Elm Ridge,2023-10-17,2023-10-17,2023,10,42.0,daily,Elm Ridge Hike+Bike RAW (1).csv,aggregated,0,0,aggregated_daily_from_hourly; source_records=24
Elm Ridge,2023-10-18,2023-10-18,2023,10,51.0,daily,Elm Ridge Hike+Bike RAW (1).csv,aggregated,0,0,aggregated_daily_from_hourly; source_records=24
Elm Ridge,2023-10-19,2023-10-19,2023,10,56.0,daily,Elm Ridge Hike+Bike RAW (1).csv,aggregated,0,0,aggregated_daily_from_hourly; source_records=24
Elm Ridge,2023-10-20,2023-10-20,2023,10,79.0,daily,Elm Ridge Hike+Bike RAW (1).csv,aggregated,0,0,aggregated_daily_from_hourly; source_records=24
Elm Ridge,2023-10-21,2023-10-21,2023,10,115.0,daily,Elm Ridge Hike+Bike RAW (1).csv,aggregated,0,0,aggregated_daily_from_hourly; source_records=24
Elm Ridge,2023-10-22,2023-10-22,2023,10,113.0,daily,Elm Ridge Hike+Bike RAW (1).csv,aggregated,0,0,aggregated_daily_from_hourly; source_records=24
Elm Ridge,2023-10-23,2023-10-23,2023,10,34.0,daily,Elm Ridge Hike+Bike RAW (1).csv,aggregated,0,0,aggregated_daily_from_hourly; source_records=24
Elm Ridge,2023-10-24,2023-10-24,2023,10,42.0,daily,Elm Ridge Hike+Bike RAW (1).csv,aggregated,0,0,aggregated_daily_from_hourly; source_records=24
Elm Ridge,2023-10-25,2023-10-25,2023,10,118.0,daily,Elm Ridge Hike+Bike RAW (1).csv,aggregated,0,0,aggregated_daily_from_hourly; source_records=24
Elm Ridge,2023-10-26,2023-10-26,2023,10,74.0,daily,Elm Ridge Hike+Bike RAW (1).csv,aggregated,0,0,aggregated_daily_from_hourly; source_records=24
Elm Ridge,2023-10-27,2023-10-27,2023,10,104.0,daily,Elm Ridge Hike+Bike RAW (1).csv,aggregated,0,0,aggregated_daily_from_hourly; source_records=24
Elm Ridge,2023-10-28,2023-10-28,2023,10,294.0,daily,Elm Ridge Hike+Bike RAW (1).csv,aggregated,0,0,aggregated_daily_from_hourly; source_records=24
Elm Ridge,2023-10-29,2023-10-29,2023,10,32.0,daily,Elm Ridge Hike+Bike RAW (1).csv,aggregated,0,0,aggregated_daily_from_hourly; source_records=24
Elm Ridge,2023-10-30,2023-10-30,2023,10,2.0,daily,Elm Ridge Hike+Bike RAW (1).csv,aggregated,0,0,aggregated_daily_from_hourly; source_records=24
Elm Ridge,2023-10-31,2023-10-31,2023,10,17.0,daily,Elm Ridge Hike+Bike RAW (1).csv,aggregated,0,0,aggregated_daily_from_hourly; source_records=24
Elm Ridge,2023-11-01,2023-11-01,2023,11,18.0,daily,Elm Ridge Hike+Bike RAW (1).csv,aggregated,0,0,aggregated_daily_from_hourly; source_records=24
Elm Ridge,2023-11-02,2023-11-02,2023,11,32.0,daily,Elm Ridge Hike+Bike RAW (1).csv,aggregated,0,0,aggregated_daily_from_hourly; source_records=24
Elm Ridge,2023-11-03,2023-11-03,2023,11,33.0,daily,Elm Ridge Hike+Bike RAW (1).csv,aggregated,0,0,aggregated_daily_from_hourly; source_records=24
Elm Ridge,2023-11-04,2023-11-04,2023,11,213.0,daily,Elm Ridge Hike+Bike RAW (1).csv,aggregated,0,0,aggregated_daily_from_hourly; source_records=24
Elm Ridge,2023-11-05,2023-11-05,2023,11,94.0,daily,Elm Ridge Hike+Bike RAW (1).csv,aggregated,0,0,aggregated_daily_from_hourly; source_records=24
Elm Ridge,2023-11-06,2023-11-06,2023,11,30.0,daily,Elm Ridge Hike+Bike RAW (1).csv,aggregated,0,0,aggregated_daily_from_hourly; source_records=24
Elm Ridge,2023-11-07,2023-11-07,2023,11,68.0,daily,Elm Ridge Hike+Bike RAW (1).csv,aggregated,0,0,aggregated_daily_from_hourly; source_records=24
Elm Ridge,2023-11-08,2023-11-08,2023,11,26.0,daily,Elm Ridge Hike+Bike RAW (1).csv,aggregated,0,0,aggregated_daily_from_hourly; source_records=24
Elm Ridge,2023-11-09,2023-11-09,2023,11,21.0,daily,Elm Ridge Hike+Bike RAW (1).csv,aggregated,0,0,aggregated_daily_from_hourly; source_records=24
Elm Ridge,2023-11-10,2023-11-10,2023,11,64.0,daily,Elm Ridge Hike+Bike RAW (1).csv,aggregated,0,0,aggregated_daily_from_hourly; source_records=24
Elm Ridge,2023-11-11,2023-11-11,2023,11,172.0,daily,Elm Ridge Hike+Bike RAW (1).csv,aggregated,0,0,aggregated_daily_from_hourly; source_records=24
Elm Ridge,2023-11-12,2023-11-12,2023,11,49.0,daily,Elm Ridge Hike+Bike RAW (1).csv,aggregated,0,0,aggregated_daily_from_hourly; source_records=24
Elm Ridge,2023-11-13,2023-11-13,2023,11,18.0,daily,Elm Ridge Hike+Bike RAW (1).csv,aggregated,0,0,aggregated_daily_from_hourly; source_records=24
Elm Ridge,2023-11-14,2023-11-14,2023,11,24.0,daily,Elm Ridge Hike+Bike RAW (1).csv,aggregated,0,0,aggregated_daily_from_hourly; source_records=24
Elm Ridge,2023-11-15,2023-11-15,2023,11,29.0,daily,Elm Ridge Hike+Bike RAW (1).csv,aggregated,0,0,aggregated_daily_from_hourly; source_records=24
Elm Ridge,2023-11-16,2023-11-16,2023,11,52.0,daily,Elm Ridge Hike+Bike RAW (1).csv,aggregated,0,0,aggregated_daily_from_hourly; source_records=24
Elm Ridge,2023-11-17,2023-11-17,2023,11,63.0,daily,Elm Ridge Hike+Bike RAW (1).csv,aggregated,0,0,aggregated_daily_from_hourly; source_records=24
Elm Ridge,2023-11-18,2023-11-18,2023,11,108.0,daily,Elm Ridge Hike+Bike RAW (1).csv,aggregated,0,0,aggregated_daily_from_hourly; source_records=24
Elm Ridge,2023-11-19,2023-11-19,2023,11,97.0,daily,Elm Ridge Hike+Bike RAW (1).csv,aggregated,0,0,aggregated_daily_from_hourly; source_records=24
Elm Ridge,2023-11-20,2023-11-20,2023,11,22.0,daily,Elm Ridge Hike+Bike RAW (1).csv,aggregated,0,0,aggregated_daily_from_hourly; source_records=24
Elm Ridge,2023-11-21,2023-11-21,2023,11,13.0,daily,Elm Ridge Hike+Bike RAW (1).csv,aggregated,0,0,aggregated_daily_from_hourly; source_records=24
Elm Ridge,2023-11-22,2023-11-22,2023,11,32.0,daily,Elm Ridge Hike+Bike RAW (1).csv,aggregated,0,0,aggregated_daily_from_hourly; source_records=24
Elm Ridge,2023-11-23,2023-11-23,2023,11,107.0,daily,Elm Ridge Hike+Bike RAW (1).csv,aggregated,0,0,aggregated_daily_from_hourly; source_records=24
Elm Ridge,2023-11-24,2023-11-24,2023,11,162.0,daily,Elm Ridge Hike+Bike RAW (1).csv,aggregated,0,0,aggregated_daily_from_hourly; source_records=24
Elm Ridge,2023-11-25,2023-11-25,2023,11,136.0,daily,Elm Ridge Hike+Bike RAW (1).csv,aggregated,0,0,aggregated_daily_from_hourly; source_records=24
Elm Ridge,2023-11-26,2023-11-26,2023,11,57.0,daily,Elm Ridge Hike+Bike RAW (1).csv,aggregated,0,0,aggregated_daily_from_hourly; source_records=24
Elm Ridge,2023-11-27,2023-11-27,2023,11,22.0,daily,Elm Ridge Hike+Bike RAW (1).csv,aggregated,0,0,aggregated_daily_from_hourly; source_records=24
Elm Ridge,2023-11-28,2023-11-28,2023,11,20.0,daily,Elm Ridge Hike+Bike RAW (1).csv,aggregated,0,0,aggregated_daily_from_hourly; source_records=24
Elm Ridge,2023-11-29,2023-11-29,2023,11,23.0,daily,Elm Ridge Hike+Bike RAW (1).csv,aggregated,0,0,aggregated_daily_from_hourly; source_records=24
Elm Ridge,2023-11-30,2023-11-30,2023,11,34.0,daily,Elm Ridge Hike+Bike RAW (1).csv,aggregated,0,0,aggregated_daily_from_hourly; source_records=24
Elm Ridge,2023-12-01,2023-12-01,2023,12,6.0,daily,Elm Ridge Hike+Bike RAW (1).csv,aggregated,0,0,aggregated_daily_from_hourly; source_records=13
Elm Ridge,2023-12-19,2023-12-19,2023,12,3.0,daily,Elm Ridge Hike+Bike RAW (1).csv,aggregated,0,0,aggregated_daily_from_hourly; source_records=12
Elm Ridge,2023-12-20,2023-12-20,2023,12,23.0,daily,Elm Ridge Hike+Bike RAW (1).csv,aggregated,0,0,aggregated_daily_from_hourly; source_records=24
Elm Ridge,2023-12-21,2023-12-21,2023,12,14.0,daily,Elm Ridge Hike+Bike RAW (1).csv,aggregated,0,0,aggregated_daily_from_hourly; source_records=24
Elm Ridge,2023-12-22,2023-12-22,2023,12,25.0,daily,Elm Ridge Hike+Bike RAW (1).csv,aggregated,0,0,aggregated_daily_from_hourly; source_records=24
Elm Ridge,2023-12-23,2023-12-23,2023,12,49.0,daily,Elm Ridge Hike+Bike RAW (1).csv,aggregated,0,0,aggregated_daily_from_hourly; source_records=24
Elm Ridge,2023-12-24,2023-12-24,2023,12,52.0,daily,Elm Ridge Hike+Bike RAW (1).csv,aggregated,0,0,aggregated_daily_from_hourly; source_records=24
Elm Ridge,2023-12-25,2023-12-25,2023,12,107.0,daily,Elm Ridge Hike+Bike RAW (1).csv,aggregated,0,0,aggregated_daily_from_hourly; source_records=24
Elm Ridge,2023-12-26,2023-12-26,2023,12,173.0,daily,Elm Ridge Hike+Bike RAW (1).csv,aggregated,0,0,aggregated_daily_from_hourly; source_records=24
Elm Ridge,2023-12-27,2023-12-27,2023,12,57.0,daily,Elm Ridge Hike+Bike RAW (1).csv,aggregated,0,0,aggregated_daily_from_hourly; source_records=24
Elm Ridge,2023-12-28,2023-12-28,2023,12,51.0,daily,Elm Ridge Hike+Bike RAW (1).csv,aggregated,0,0,aggregated_daily_from_hourly; source_records=24
Elm Ridge,2023-12-29,2023-12-29,2023,12,65.0,daily,Elm Ridge Hike+Bike RAW (1).csv,aggregated,0,0,aggregated_daily_from_hourly; source_records=24
Elm Ridge,2023-12-30,2023-12-30,2023,12,107.0,daily,Elm Ridge Hike+Bike RAW (1).csv,aggregated,0,0,aggregated_daily_from_hourly; source_records=24
Elm Ridge,2023-12-31,2023-12-31,2023,12,146.0,daily,Elm Ridge Hike+Bike RAW (1).csv,aggregated,0,0,aggregated_daily_from_hourly; source_records=24
Elm Ridge,2024-01-01,2024-01-01,2024,1,128.0,daily,Elm Ridge Hike+Bike RAW (1).csv,aggregated,0,0,aggregated_daily_from_hourly; source_records=24
Elm Ridge,2024-01-02,2024-01-02,2024,1,33.0,daily,Elm Ridge Hike+Bike RAW (1).csv,aggregated,0,0,aggregated_daily_from_hourly; source_records=24
Elm Ridge,2024-01-03,2024-01-03,2024,1,34.0,daily,Elm Ridge Hike+Bike RAW (1).csv,aggregated,0,0,aggregated_daily_from_hourly; source_records=24
Elm Ridge,2024-01-04,2024-01-04,2024,1,17.0,daily,Elm Ridge Hike+Bike RAW (1).csv,aggregated,0,0,aggregated_daily_from_hourly; source_records=24
Elm Ridge,2024-01-05,2024-01-05,2024,1,18.0,daily,Elm Ridge Hike+Bike RAW (1).csv,aggregated,0,0,aggregated_daily_from_hourly; source_records=24
Elm Ridge,2024-01-06,2024-01-06,2024,1,58.0,daily,Elm Ridge Hike+Bike RAW (1).csv,aggregated,0,0,aggregated_daily_from_hourly; source_records=24
Elm Ridge,2024-01-07,2024-01-07,2024,1,20.0,daily,Elm Ridge Hike+Bike RAW (1).csv,aggregated,0,0,aggregated_daily_from_hourly; source_records=24
Elm Ridge,2024-01-08,2024-01-08,2024,1,11.0,daily,Elm Ridge Hike+Bike RAW (1).csv,aggregated,0,0,aggregated_daily_from_hourly; source_records=24
Elm Ridge,2024-01-09,2024-01-09,2024,1,4.0,daily,Elm Ridge Hike+Bike RAW (1).csv,aggregated,0,0,aggregated_daily_from_hourly; source_records=24
Elm Ridge,2024-01-10,2024-01-10,2024,1,2.0,daily,Elm Ridge Hike+Bike RAW (1).csv,aggregated,0,0,aggregated_daily_from_hourly; source_records=24
Elm Ridge,2024-01-11,2024-01-11,2024,1,8.0,daily,Elm Ridge Hike+Bike RAW (1).csv,aggregated,0,0,aggregated_daily_from_hourly; source_records=24
Elm Ridge,2024-01-12,2024-01-12,2024,1,19.0,daily,Elm Ridge Hike+Bike RAW (1).csv,aggregated,0,0,aggregated_daily_from_hourly; source_records=24
Elm Ridge,2024-01-13,2024-01-13,2024,1,47.0,daily,Elm Ridge Hike+Bike RAW (1).csv,aggregated,0,0,aggregated_daily_from_hourly; source_records=24
Elm Ridge,2024-01-14,2024-01-14,2024,1,75.0,daily,Elm Ridge Hike+Bike RAW (1).csv,aggregated,0,0,aggregated_daily_from_hourly; source_records=24
Elm Ridge,2024-01-15,2024-01-15,2024,1,45.0,daily,Elm Ridge Hike+Bike RAW (1).csv,aggregated,0,0,aggregated_daily_from_hourly; source_records=24
Elm Ridge,2024-01-16,2024-01-16,2024,1,2.0,daily,Elm Ridge Hike+Bike RAW (1).csv,aggregated,0,0,aggregated_daily_from_hourly; source_records=24
Elm Ridge,2024-01-17,2024-01-17,2024,1,7.0,daily,Elm Ridge Hike+Bike RAW (1).csv,aggregated,0,0,aggregated_daily_from_hourly; source_records=24
Elm Ridge,2024-01-18,2024-01-18,2024,1,2.0,daily,Elm Ridge Hike+Bike RAW (1).csv,aggregated,0,0,aggregated_daily_from_hourly; source_records=24
Elm Ridge,2024-01-19,2024-01-19,2024,1,6.0,daily,Elm Ridge Hike+Bike RAW (1).csv,aggregated,0,0,aggregated_daily_from_hourly; source_records=24
Elm Ridge,2024-01-20,2024-01-20,2024,1,38.0,daily,Elm Ridge Hike+Bike RAW (1).csv,aggregated,0,0,aggregated_daily_from_hourly; source_records=24
Elm Ridge,2024-01-21,2024-01-21,2024,1,22.0,daily,Elm Ridge Hike+Bike RAW (1).csv,aggregated,0,0,aggregated_daily_from_hourly; source_records=24
Elm Ridge,2024-01-22,2024-01-22,2024,1,10.0,daily,Elm Ridge Hike+Bike RAW (1).csv,aggregated,0,0,aggregated_daily_from_hourly; source_records=24
Elm Ridge,2024-01-23,2024-01-23,2024,1,10.0,daily,Elm Ridge Hike+Bike RAW (1).csv,aggregated,0,0,aggregated_daily_from_hourly; source_records=24
Elm Ridge,2024-01-24,2024-01-24,2024,1,2.0,daily,Elm Ridge Hike+Bike RAW (1).csv,aggregated,0,0,aggregated_daily_from_hourly; source_records=24
Elm Ridge,2024-01-25,2024-01-25,2024,1,3.0,daily,Elm Ridge Hike+Bike RAW (1).csv,aggregated,0,0,aggregated_daily_from_hourly; source_records=24
Elm Ridge,2024-01-26,2024-01-26,2024,1,19.0,daily,Elm Ridge Hike+Bike RAW (1).csv,aggregated,0,0,aggregated_daily_from_hourly; source_records=24
Elm Ridge,2024-01-27,2024-01-27,2024,1,49.0,daily,Elm Ridge Hike+Bike RAW (1).csv,aggregated,0,0,aggregated_daily_from_hourly; source_records=24
Elm Ridge,2024-01-28,2024-01-28,2024,1,18.0,daily,Elm Ridge Hike+Bike RAW (1).csv,aggregated,0,0,aggregated_daily_from_hourly; source_records=24
Elm Ridge,2024-01-29,2024-01-29,2024,1,23.0,daily,Elm Ridge Hike+Bike RAW (1).csv,aggregated,0,0,aggregated_daily_from_hourly; source_records=24
Elm Ridge,2024-01-30,2024-01-30,2024,1,10.0,daily,Elm Ridge Hike+Bike RAW (1).csv,aggregated,0,0,aggregated_daily_from_hourly; source_records=24
Elm Ridge,2024-01-31,2024-01-31,2024,1,13.0,daily,Elm Ridge Hike+Bike RAW (1).csv,aggregated,0,0,aggregated_daily_from_hourly; source_records=24
Elm Ridge,2024-02-01,2024-02-01,2024,2,7.0,daily,Elm Ridge Hike+Bike RAW (1).csv,aggregated,0,0,aggregated_daily_from_hourly; source_records=24
Elm Ridge,2024-02-02,2024-02-02,2024,2,17.0,daily,Elm Ridge Hike+Bike RAW (1).csv,aggregated,0,0,aggregated_daily_from_hourly; source_records=24
Elm Ridge,2024-02-03,2024-02-03,2024,2,86.0,daily,Elm Ridge Hike+Bike RAW (1).csv,aggregated,0,0,aggregated_daily_from_hourly; source_records=24
Elm Ridge,2024-02-04,2024-02-04,2024,2,103.0,daily,Elm Ridge Hike+Bike RAW (1).csv,aggregated,0,0,aggregated_daily_from_hourly; source_records=24
Elm Ridge,2024-02-05,2024-02-05,2024,2,25.0,daily,Elm Ridge Hike+Bike RAW (1).csv,aggregated,0,0,aggregated_daily_from_hourly; source_records=24
Elm Ridge,2024-02-06,2024-02-06,2024,2,0.0,daily,Elm Ridge Hike+Bike RAW (1).csv,aggregated,0,0,aggregated_daily_from_hourly; source_records=24
Elm Ridge,2024-02-07,2024-02-07,2024,2,8.0,daily,Elm Ridge Hike+Bike RAW (1).csv,aggregated,0,0,aggregated_daily_from_hourly; source_records=24
Elm Ridge,2024-02-08,2024-02-08,2024,2,27.0,daily,Elm Ridge Hike+Bike RAW (1).csv,aggregated,0,0,aggregated_daily_from_hourly; source_records=24
Elm Ridge,2024-02-09,2024-02-09,2024,2,20.0,daily,Elm Ridge Hike+Bike RAW (1).csv,aggregated,0,0,aggregated_daily_from_hourly; source_records=24
Elm Ridge,2024-02-10,2024-02-10,2024,2,73.0,daily,Elm Ridge Hike+Bike RAW (1).csv,aggregated,0,0,aggregated_daily_from_hourly; source_records=24
Elm Ridge,2024-02-11,2024-02-11,2024,2,54.0,daily,Elm Ridge Hike+Bike RAW (1).csv,aggregated,0,0,aggregated_daily_from_hourly; source_records=24
Elm Ridge,2024-02-12,2024-02-12,2024,2,7.0,daily,Elm Ridge Hike+Bike RAW (1).csv,aggregated,0,0,aggregated_daily_from_hourly; source_records=24
Elm Ridge,2024-02-13,2024-02-13,2024,2,10.0,daily,Elm Ridge Hike+Bike RAW (1).csv,aggregated,0,0,aggregated_daily_from_hourly; source_records=24
Elm Ridge,2024-02-14,2024-02-14,2024,2,21.0,daily,Elm Ridge Hike+Bike RAW (1).csv,aggregated,0,0,aggregated_daily_from_hourly; source_records=24
Elm Ridge,2024-02-15,2024-02-15,2024,2,28.0,daily,Elm Ridge Hike+Bike RAW (1).csv,aggregated,0,0,aggregated_daily_from_hourly; source_records=24
Elm Ridge,2024-02-16,2024-02-16,2024,2,6.0,daily,Elm Ridge Hike+Bike RAW (1).csv,aggregated,0,0,aggregated_daily_from_hourly; source_records=24
Elm Ridge,2024-02-17,2024-02-17,2024,2,79.0,daily,Elm Ridge Hike+Bike RAW (1).csv,aggregated,0,0,aggregated_daily_from_hourly; source_records=24
Elm Ridge,2024-02-18,2024-02-18,2024,2,91.0,daily,Elm Ridge Hike+Bike RAW (1).csv,aggregated,0,0,aggregated_daily_from_hourly; source_records=24
Elm Ridge,2024-02-19,2024-02-19,2024,2,55.0,daily,Elm Ridge Hike+Bike RAW (1).csv,aggregated,0,0,aggregated_daily_from_hourly; source_records=24
Elm Ridge,2024-02-20,2024-02-20,2024,2,17.0,daily,Elm Ridge Hike+Bike RAW (1).csv,aggregated,0,0,aggregated_daily_from_hourly; source_records=24
Elm Ridge,2024-02-21,2024-02-21,2024,2,23.0,daily,Elm Ridge Hike+Bike RAW (1).csv,aggregated,0,0,aggregated_daily_from_hourly; source_records=24
Elm Ridge,2024-02-22,2024-02-22,2024,2,11.0,daily,Elm Ridge Hike+Bike RAW (1).csv,aggregated,0,0,aggregated_daily_from_hourly; source_records=23
Elm Ridge,2024-02-23,2024-02-23,2024,2,60.0,daily,Elm Ridge Hike+Bike RAW (1).csv,aggregated,0,0,aggregated_daily_from_hourly; source_records=24
Elm Ridge,2024-02-24,2024-02-24,2024,2,113.0,daily,Elm Ridge Hike+Bike RAW (1).csv,aggregated,0,0,aggregated_daily_from_hourly; source_records=24
Elm Ridge,2024-02-25,2024-02-25,2024,2,61.0,daily,Elm Ridge Hike+Bike RAW (1).csv,aggregated,0,0,aggregated_daily_from_hourly; source_records=24
Elm Ridge,2024-02-26,2024-02-26,2024,2,20.0,daily,Elm Ridge Hike+Bike RAW (1).csv,aggregated,0,0,aggregated_daily_from_hourly; source_records=24
Elm Ridge,2024-02-27,2024-02-27,2024,2,23.0,daily,Elm Ridge Hike+Bike RAW (1).csv,aggregated,0,0,aggregated_daily_from_hourly; source_records=24
Elm Ridge,2024-02-28,2024-02-28,2024,2,6.0,daily,Elm Ridge Hike+Bike RAW (1).csv,aggregated,0,0,aggregated_daily_from_hourly; source_records=24
Elm Ridge,2024-02-29,2024-02-29,2024,2,6.0,daily,Elm Ridge Hike+Bike RAW (1).csv,aggregated,0,0,aggregated_daily_from_hourly; source_records=24
Elm Ridge,2024-03-01,2024-03-01,2024,3,7.0,daily,Elm Ridge Hike+Bike RAW (1).csv,aggregated,0,0,aggregated_daily_from_hourly; source_records=24
Elm Ridge,2024-03-02,2024-03-02,2024,3,23.0,daily,Elm Ridge Hike+Bike RAW (1).csv,aggregated,0,0,aggregated_daily_from_hourly; source_records=24
Elm Ridge,2024-03-03,2024-03-03,2024,3,96.0,daily,Elm Ridge Hike+Bike RAW (1).csv,aggregated,0,0,aggregated_daily_from_hourly; source_records=24
Elm Ridge,2024-03-04,2024-03-04,2024,3,8.0,daily,Elm Ridge Hike+Bike RAW (1).csv,aggregated,0,0,aggregated_daily_from_hourly; source_records=24
Elm Ridge,2024-03-05,2024-03-05,2024,3,0.0,daily,Elm Ridge Hike+Bike RAW (1).csv,aggregated,0,0,aggregated_daily_from_hourly; source_records=24
Elm Ridge,2024-03-06,2024-03-06,2024,3,6.0,daily,Elm Ridge Hike+Bike RAW (1).csv,aggregated,0,0,aggregated_daily_from_hourly; source_records=24
Elm Ridge,2024-03-07,2024-03-07,2024,3,6.0,daily,Elm Ridge Hike+Bike RAW (1).csv,aggregated,0,0,aggregated_daily_from_hourly; source_records=24
Elm Ridge,2024-03-08,2024-03-08,2024,3,72.0,daily,Elm Ridge Hike+Bike RAW (1).csv,aggregated,0,0,aggregated_daily_from_hourly; source_records=24
Elm Ridge,2024-03-09,2024-03-09,2024,3,56.0,daily,Elm Ridge Hike+Bike RAW (1).csv,aggregated,0,0,aggregated_daily_from_hourly; source_records=24
Elm Ridge,2024-03-10,2024-03-10,2024,3,40.0,daily,Elm Ridge Hike+Bike RAW (1).csv,aggregated,0,0,aggregated_daily_from_hourly; source_records=24
Elm Ridge,2024-03-11,2024-03-11,2024,3,12.0,daily,Elm Ridge Hike+Bike RAW (1).csv,aggregated,0,0,aggregated_daily_from_hourly; source_records=24
Elm Ridge,2024-03-12,2024-03-12,2024,3,37.0,daily,Elm Ridge Hike+Bike RAW (1).csv,aggregated,0,0,aggregated_daily_from_hourly; source_records=24
Elm Ridge,2024-03-13,2024-03-13,2024,3,23.0,daily,Elm Ridge Hike+Bike RAW (1).csv,aggregated,0,0,aggregated_daily_from_hourly; source_records=24
Elm Ridge,2024-03-14,2024-03-14,2024,3,32.0,daily,Elm Ridge Hike+Bike RAW (1).csv,aggregated,0,0,aggregated_daily_from_hourly; source_records=24
Elm Ridge,2024-03-15,2024-03-15,2024,3,14.0,daily,Elm Ridge Hike+Bike RAW (1).csv,aggregated,0,0,aggregated_daily_from_hourly; source_records=24
Elm Ridge,2024-03-16,2024-03-16,2024,3,95.0,daily,Elm Ridge Hike+Bike RAW (1).csv,aggregated,0,0,aggregated_daily_from_hourly; source_records=24
Elm Ridge,2024-03-17,2024-03-17,2024,3,14.0,daily,Elm Ridge Hike+Bike RAW (1).csv,aggregated,0,0,aggregated_daily_from_hourly; source_records=24
Elm Ridge,2024-03-18,2024-03-18,2024,3,9.0,daily,Elm Ridge Hike+Bike RAW (1).csv,aggregated,0,0,aggregated_daily_from_hourly; source_records=21
Elm Ridge,2024-03-19,2024-03-19,2024,3,10.0,daily,Elm Ridge Hike+Bike RAW (1).csv,aggregated,0,0,aggregated_daily_from_hourly; source_records=24
Elm Ridge,2024-03-20,2024-03-20,2024,3,22.0,daily,Elm Ridge Hike+Bike RAW (1).csv,aggregated,0,0,aggregated_daily_from_hourly; source_records=24
Elm Ridge,2024-03-21,2024-03-21,2024,3,8.0,daily,Elm Ridge Hike+Bike RAW (1).csv,aggregated,0,0,aggregated_daily_from_hourly; source_records=24
Elm Ridge,2024-03-22,2024-03-22,2024,3,8.0,daily,Elm Ridge Hike+Bike RAW (1).csv,aggregated,0,0,aggregated_daily_from_hourly; source_records=24
Elm Ridge,2024-03-23,2024-03-23,2024,3,4.0,daily,Elm Ridge Hike+Bike RAW (1).csv,aggregated,0,0,aggregated_daily_from_hourly; source_records=24
Elm Ridge,2024-03-24,2024-03-24,2024,3,54.0,daily,Elm Ridge Hike+Bike RAW (1).csv,aggregated,0,0,aggregated_daily_from_hourly; source_records=24
Elm Ridge,2024-03-25,2024-03-25,2024,3,23.0,daily,Elm Ridge Hike+Bike RAW (1).csv,aggregated,0,0,aggregated_daily_from_hourly; source_records=24
Elm Ridge,2024-03-26,2024-03-26,2024,3,12.0,daily,Elm Ridge Hike+Bike RAW (1).csv,aggregated,0,0,aggregated_daily_from_hourly; source_records=24
Elm Ridge,2024-03-27,2024-03-27,2024,3,0.0,daily,Elm Ridge Hike+Bike RAW (1).csv,aggregated,0,0,aggregated_daily_from_hourly; source_records=24
Elm Ridge,2024-03-28,2024-03-28,2024,3,13.0,daily,Elm Ridge Hike+Bike RAW (1).csv,aggregated,0,0,aggregated_daily_from_hourly; source_records=24
Elm Ridge,2024-03-29,2024-03-29,2024,3,55.0,daily,Elm Ridge Hike+Bike RAW (1).csv,aggregated,0,0,aggregated_daily_from_hourly; source_records=24
Elm Ridge,2024-03-30,2024-03-30,2024,3,155.0,daily,Elm Ridge Hike+Bike RAW (1).csv,aggregated,0,0,aggregated_daily_from_hourly; source_records=24
Elm Ridge,2024-03-31,2024-03-31,2024,3,68.0,daily,Elm Ridge Hike+Bike RAW (1).csv,aggregated,0,0,aggregated_daily_from_hourly; source_records=24
Elm Ridge,2024-04-01,2024-04-01,2024,4,8.0,daily,Elm Ridge Hike+Bike RAW (1).csv,aggregated,0,0,aggregated_daily_from_hourly; source_records=24
Elm Ridge,2024-04-02,2024-04-02,2024,4,0.0,daily,Elm Ridge Hike+Bike RAW (1).csv,aggregated,0,0,aggregated_daily_from_hourly; source_records=24
Elm Ridge,2024-04-03,2024-04-03,2024,4,0.0,daily,Elm Ridge Hike+Bike RAW (1).csv,aggregated,0,0,aggregated_daily_from_hourly; source_records=24
Elm Ridge,2024-04-04,2024-04-04,2024,4,8.0,daily,Elm Ridge Hike+Bike RAW (1).csv,aggregated,0,0,aggregated_daily_from_hourly; source_records=24
Elm Ridge,2024-04-05,2024-04-05,2024,4,5.0,daily,Elm Ridge Hike+Bike RAW (1).csv,aggregated,0,0,aggregated_daily_from_hourly; source_records=24
Elm Ridge,2024-04-06,2024-04-06,2024,4,42.0,daily,Elm Ridge Hike+Bike RAW (1).csv,aggregated,0,0,aggregated_daily_from_hourly; source_records=24
Elm Ridge,2024-04-07,2024-04-07,2024,4,67.0,daily,Elm Ridge Hike+Bike RAW (1).csv,aggregated,0,0,aggregated_daily_from_hourly; source_records=24
Elm Ridge,2024-04-08,2024-04-08,2024,4,34.0,daily,Elm Ridge Hike+Bike RAW (1).csv,aggregated,0,0,aggregated_daily_from_hourly; source_records=24
Elm Ridge,2024-04-09,2024-04-09,2024,4,11.0,daily,Elm Ridge Hike+Bike RAW (1).csv,aggregated,0,0,aggregated_daily_from_hourly; source_records=24
Elm Ridge,2024-04-10,2024-04-10,2024,4,11.0,daily,Elm Ridge Hike+Bike RAW (1).csv,aggregated,0,0,aggregated_daily_from_hourly; source_records=24
Elm Ridge,2024-04-11,2024-04-11,2024,4,3.0,daily,Elm Ridge Hike+Bike RAW (1).csv,aggregated,0,0,aggregated_daily_from_hourly; source_records=24
Elm Ridge,2024-04-12,2024-04-12,2024,4,4.0,daily,Elm Ridge Hike+Bike RAW (1).csv,aggregated,0,0,aggregated_daily_from_hourly; source_records=24
Elm Ridge,2024-04-13,2024-04-13,2024,4,33.0,daily,Elm Ridge Hike+Bike RAW (1).csv,aggregated,0,0,aggregated_daily_from_hourly; source_records=24
Elm Ridge,2024-04-14,2024-04-14,2024,4,42.0,daily,Elm Ridge Hike+Bike RAW (1).csv,aggregated,0,0,aggregated_daily_from_hourly; source_records=24
Elm Ridge,2024-04-15,2024-04-15,2024,4,33.0,daily,Elm Ridge Hike+Bike RAW (1).csv,aggregated,0,0,aggregated_daily_from_hourly; source_records=24
Elm Ridge,2024-04-16,2024-04-16,2024,4,46.0,daily,Elm Ridge Hike+Bike RAW (1).csv,aggregated,0,0,aggregated_daily_from_hourly; source_records=24
Elm Ridge,2024-04-17,2024-04-17,2024,4,8.0,daily,Elm Ridge Hike+Bike RAW (1).csv,aggregated,0,0,aggregated_daily_from_hourly; source_records=24
Elm Ridge,2024-04-18,2024-04-18,2024,4,6.0,daily,Elm Ridge Hike+Bike RAW (1).csv,aggregated,0,0,aggregated_daily_from_hourly; source_records=24
Elm Ridge,2024-04-19,2024-04-19,2024,4,14.0,daily,Elm Ridge Hike+Bike RAW (1).csv,aggregated,0,0,aggregated_daily_from_hourly; source_records=24
Elm Ridge,2024-04-20,2024-04-20,2024,4,134.0,daily,Elm Ridge Hike+Bike RAW (1).csv,aggregated,0,0,aggregated_daily_from_hourly; source_records=24
Elm Ridge,2024-04-21,2024-04-21,2024,4,85.0,daily,Elm Ridge Hike+Bike RAW (1).csv,aggregated,0,0,aggregated_daily_from_hourly; source_records=24
Elm Ridge,2024-04-22,2024-04-22,2024,4,79.0,daily,Elm Ridge Hike+Bike RAW (1).csv,aggregated,0,0,aggregated_daily_from_hourly; source_records=24
Elm Ridge,2024-04-23,2024-04-23,2024,4,101.0,daily,Elm Ridge Hike+Bike RAW (1).csv,aggregated,0,0,aggregated_daily_from_hourly; source_records=24
Elm Ridge,2024-04-24,2024-04-24,2024,4,23.0,daily,Elm Ridge Hike+Bike RAW (1).csv,aggregated,0,0,aggregated_daily_from_hourly; source_records=24
Elm Ridge,2024-04-25,2024-04-25,2024,4,50.0,daily,Elm Ridge Hike+Bike RAW (1).csv,aggregated,0,0,aggregated_daily_from_hourly; source_records=24
Elm Ridge,2024-04-26,2024-04-26,2024,4,112.0,daily,Elm Ridge Hike+Bike RAW (1).csv,aggregated,0,0,aggregated_daily_from_hourly; source_records=24
Elm Ridge,2024-04-27,2024-04-27,2024,4,181.0,daily,Elm Ridge Hike+Bike RAW (1).csv,aggregated,0,0,aggregated_daily_from_hourly; source_records=24
Elm Ridge,2024-04-28,2024-04-28,2024,4,115.0,daily,Elm Ridge Hike+Bike RAW (1).csv,aggregated,0,0,aggregated_daily_from_hourly; source_records=24
Elm Ridge,2024-04-29,2024-04-29,2024,4,41.0,daily,Elm Ridge Hike+Bike RAW (1).csv,aggregated,0,0,aggregated_daily_from_hourly; source_records=24
Elm Ridge,2024-04-30,2024-04-30,2024,4,27.0,daily,Elm Ridge Hike+Bike RAW (1).csv,aggregated,0,0,aggregated_daily_from_hourly; source_records=24
Elm Ridge,2024-05-01,2024-05-01,2024,5,28.0,daily,Elm Ridge Hike+Bike RAW (1).csv,aggregated,0,0,aggregated_daily_from_hourly; source_records=24
Elm Ridge,2024-05-02,2024-05-02,2024,5,37.0,daily,Elm Ridge Hike+Bike RAW (1).csv,aggregated,0,0,aggregated_daily_from_hourly; source_records=23
Elm Ridge,2024-05-03,2024-05-03,2024,5,69.0,daily,Elm Ridge Hike+Bike RAW (1).csv,aggregated,0,0,aggregated_daily_from_hourly; source_records=24
Elm Ridge,2024-05-04,2024-05-04,2024,5,111.0,daily,Elm Ridge Hike+Bike RAW (1).csv,aggregated,0,0,aggregated_daily_from_hourly; source_records=24
Elm Ridge,2024-05-05,2024-05-05,2024,5,17.0,daily,Elm Ridge Hike+Bike RAW (1).csv,aggregated,0,0,aggregated_daily_from_hourly; source_records=24
Elm Ridge,2024-05-06,2024-05-06,2024,5,32.0,daily,Elm Ridge Hike+Bike RAW (1).csv,aggregated,0,0,aggregated_daily_from_hourly; source_records=24
Elm Ridge,2024-05-07,2024-05-07,2024,5,58.0,daily,Elm Ridge Hike+Bike RAW (1).csv,aggregated,0,0,aggregated_daily_from_hourly; source_records=24
Elm Ridge,2024-05-08,2024-05-08,2024,5,14.0,daily,Elm Ridge Hike+Bike RAW (1).csv,aggregated,0,0,aggregated_daily_from_hourly; source_records=24
Elm Ridge,2024-05-09,2024-05-09,2024,5,35.0,daily,Elm Ridge Hike+Bike RAW (1).csv,aggregated,0,0,aggregated_daily_from_hourly; source_records=24
Elm Ridge,2024-05-10,2024-05-10,2024,5,29.0,daily,Elm Ridge Hike+Bike RAW (1).csv,aggregated,0,0,aggregated_daily_from_hourly; source_records=24
Elm Ridge,2024-05-11,2024-05-11,2024,5,113.0,daily,Elm Ridge Hike+Bike RAW (1).csv,aggregated,0,0,aggregated_daily_from_hourly; source_records=24
Elm Ridge,2024-05-12,2024-05-12,2024,5,54.0,daily,Elm Ridge Hike+Bike RAW (1).csv,aggregated,0,0,aggregated_daily_from_hourly; source_records=24
Elm Ridge,2024-05-13,2024-05-13,2024,5,34.0,daily,Elm Ridge Hike+Bike RAW (1).csv,aggregated,0,0,aggregated_daily_from_hourly; source_records=24
Elm Ridge,2024-05-14,2024-05-14,2024,5,49.0,daily,Elm Ridge Hike+Bike RAW (1).csv,aggregated,0,0,aggregated_daily_from_hourly; source_records=24
Elm Ridge,2024-05-15,2024-05-15,2024,5,9.0,daily,Elm Ridge Hike+Bike RAW (1).csv,aggregated,0,0,aggregated_daily_from_hourly; source_records=24
Elm Ridge,2024-05-16,2024-05-16,2024,5,18.0,daily,Elm Ridge Hike+Bike RAW (1).csv,aggregated,0,0,aggregated_daily_from_hourly; source_records=24
Elm Ridge,2024-05-17,2024-05-17,2024,5,56.0,daily,Elm Ridge Hike+Bike RAW (1).csv,aggregated,0,0,aggregated_daily_from_hourly; source_records=24
Elm Ridge,2024-05-18,2024-05-18,2024,5,159.0,daily,Elm Ridge Hike+Bike RAW (1).csv,aggregated,0,0,aggregated_daily_from_hourly; source_records=24
Elm Ridge,2024-05-19,2024-05-19,2024,5,130.0,daily,Elm Ridge Hike+Bike RAW (1).csv,aggregated,0,0,aggregated_daily_from_hourly; source_records=24
Elm Ridge,2024-05-20,2024-05-20,2024,5,38.0,daily,Elm Ridge Hike+Bike RAW (1).csv,aggregated,0,0,aggregated_daily_from_hourly; source_records=24
Elm Ridge,2024-05-21,2024-05-21,2024,5,39.0,daily,Elm Ridge Hike+Bike RAW (1).csv,aggregated,0,0,aggregated_daily_from_hourly; source_records=24
Elm Ridge,2024-05-22,2024-05-22,2024,5,31.0,daily,Elm Ridge Hike+Bike RAW (1).csv,aggregated,0,0,aggregated_daily_from_hourly; source_records=24
Elm Ridge,2024-05-23,2024-05-23,2024,5,24.0,daily,Elm Ridge Hike+Bike RAW (1).csv,aggregated,0,0,aggregated_daily_from_hourly; source_records=24
Elm Ridge,2024-05-24,2024-05-24,2024,5,76.0,daily,Elm Ridge Hike+Bike RAW (1).csv,aggregated,0,0,aggregated_daily_from_hourly; source_records=24
Elm Ridge,2024-05-25,2024-05-25,2024,5,248.0,daily,Elm Ridge Hike+Bike RAW (1).csv,aggregated,0,0,aggregated_daily_from_hourly; source_records=24
Elm Ridge,2024-05-26,2024-05-26,2024,5,326.0,daily,Elm Ridge Hike+Bike RAW (1).csv,aggregated,0,0,aggregated_daily_from_hourly; source_records=24
Elm Ridge,2024-05-27,2024-05-27,2024,5,66.0,daily,Elm Ridge Hike+Bike RAW (1).csv,aggregated,0,0,aggregated_daily_from_hourly; source_records=24
Elm Ridge,2024-05-28,2024-05-28,2024,5,35.0,daily,Elm Ridge Hike+Bike RAW (1).csv,aggregated,0,0,aggregated_daily_from_hourly; source_records=24
Elm Ridge,2024-05-29,2024-05-29,2024,5,30.0,daily,Elm Ridge Hike+Bike RAW (1).csv,aggregated,0,0,aggregated_daily_from_hourly; source_records=24
Elm Ridge,2024-05-30,2024-05-30,2024,5,35.0,daily,Elm Ridge Hike+Bike RAW (1).csv,aggregated,0,0,aggregated_daily_from_hourly; source_records=24
Elm Ridge,2024-05-31,2024-05-31,2024,5,39.0,daily,Elm Ridge Hike+Bike RAW (1).csv,aggregated,0,0,aggregated_daily_from_hourly; source_records=23
Elm Ridge,2024-06-01,2024-06-01,2024,6,148.0,daily,Elm Ridge Hike+Bike RAW (1).csv,aggregated,0,0,aggregated_daily_from_hourly; source_records=24
Elm Ridge,2024-06-02,2024-06-02,2024,6,149.0,daily,Elm Ridge Hike+Bike RAW (1).csv,aggregated,0,0,aggregated_daily_from_hourly; source_records=24
Elm Ridge,2024-06-03,2024-06-03,2024,6,25.0,daily,Elm Ridge Hike+Bike RAW (1).csv,aggregated,0,0,aggregated_daily_from_hourly; source_records=24
Elm Ridge,2024-06-04,2024-06-04,2024,6,44.0,daily,Elm Ridge Hike+Bike RAW (1).csv,aggregated,0,0,aggregated_daily_from_hourly; source_records=24
Elm Ridge,2024-06-05,2024-06-05,2024,6,40.0,daily,Elm Ridge Hike+Bike RAW (1).csv,aggregated,0,0,aggregated_daily_from_hourly; source_records=24
Elm Ridge,2024-06-06,2024-06-06,2024,6,19.0,daily,Elm Ridge Hike+Bike RAW (1).csv,aggregated,0,0,aggregated_daily_from_hourly; source_records=24
Elm Ridge,2024-06-07,2024-06-07,2024,6,59.0,daily,Elm Ridge Hike+Bike RAW (1).csv,aggregated,0,0,aggregated_daily_from_hourly; source_records=24
Elm Ridge,2024-06-08,2024-06-08,2024,6,195.0,daily,Elm Ridge Hike+Bike RAW (1).csv,aggregated,0,0,aggregated_daily_from_hourly; source_records=24
Elm Ridge,2024-06-09,2024-06-09,2024,6,56.0,daily,Elm Ridge Hike+Bike RAW (1).csv,aggregated,0,0,aggregated_daily_from_hourly; source_records=24
Elm Ridge,2024-06-10,2024-06-10,2024,6,48.0,daily,Elm Ridge Hike+Bike RAW (1).csv,aggregated,0,0,aggregated_daily_from_hourly; source_records=24
Elm Ridge,2024-06-11,2024-06-11,2024,6,47.0,daily,Elm Ridge Hike+Bike RAW (1).csv,aggregated,0,0,aggregated_daily_from_hourly; source_records=24
Elm Ridge,2024-06-12,2024-06-12,2024,6,49.0,daily,Elm Ridge Hike+Bike RAW (1).csv,aggregated,0,0,aggregated_daily_from_hourly; source_records=24
Elm Ridge,2024-06-13,2024-06-13,2024,6,67.0,daily,Elm Ridge Hike+Bike RAW (1).csv,aggregated,0,0,aggregated_daily_from_hourly; source_records=24
Elm Ridge,2024-06-14,2024-06-14,2024,6,29.0,daily,Elm Ridge Hike+Bike RAW (1).csv,aggregated,0,0,aggregated_daily_from_hourly; source_records=24
Elm Ridge,2024-06-15,2024-06-15,2024,6,161.0,daily,Elm Ridge Hike+Bike RAW (1).csv,aggregated,0,0,aggregated_daily_from_hourly; source_records=24
Elm Ridge,2024-06-16,2024-06-16,2024,6,155.0,daily,Elm Ridge Hike+Bike RAW (1).csv,aggregated,0,0,aggregated_daily_from_hourly; source_records=24
Elm Ridge,2024-06-17,2024-06-17,2024,6,28.0,daily,Elm Ridge Hike+Bike RAW (1).csv,aggregated,0,0,aggregated_daily_from_hourly; source_records=24
Elm Ridge,2024-06-18,2024-06-18,2024,6,13.0,daily,Elm Ridge Hike+Bike RAW (1).csv,aggregated,0,0,aggregated_daily_from_hourly; source_records=24
Elm Ridge,2024-06-19,2024-06-19,2024,6,41.0,daily,Elm Ridge Hike+Bike RAW (1).csv,aggregated,0,0,aggregated_daily_from_hourly; source_records=24
Elm Ridge,2024-06-20,2024-06-20,2024,6,6.0,daily,Elm Ridge Hike+Bike RAW (1).csv,aggregated,0,0,aggregated_daily_from_hourly; source_records=24
Elm Ridge,2024-06-21,2024-06-21,2024,6,60.0,daily,Elm Ridge Hike+Bike RAW (1).csv,aggregated,0,0,aggregated_daily_from_hourly; source_records=24
Elm Ridge,2024-06-22,2024-06-22,2024,6,102.0,daily,Elm Ridge Hike+Bike RAW (1).csv,aggregated,0,0,aggregated_daily_from_hourly; source_records=24
Elm Ridge,2024-06-23,2024-06-23,2024,6,72.0,daily,Elm Ridge Hike+Bike RAW (1).csv,aggregated,0,0,aggregated_daily_from_hourly; source_records=24
Elm Ridge,2024-06-24,2024-06-24,2024,6,18.0,daily,Elm Ridge Hike+Bike RAW (1).csv,aggregated,0,0,aggregated_daily_from_hourly; source_records=24
Elm Ridge,2024-06-25,2024-06-25,2024,6,42.0,daily,Elm Ridge Hike+Bike RAW (1).csv,aggregated,0,0,aggregated_daily_from_hourly; source_records=24
Elm Ridge,2024-06-26,2024-06-26,2024,6,41.0,daily,Elm Ridge Hike+Bike RAW (1).csv,aggregated,0,0,aggregated_daily_from_hourly; source_records=24
Elm Ridge,2024-06-27,2024-06-27,2024,6,66.0,daily,Elm Ridge Hike+Bike RAW (1).csv,aggregated,0,0,aggregated_daily_from_hourly; source_records=24
Elm Ridge,2024-06-28,2024-06-28,2024,6,87.0,daily,Elm Ridge Hike+Bike RAW (1).csv,aggregated,0,0,aggregated_daily_from_hourly; source_records=24
Elm Ridge,2024-06-29,2024-06-29,2024,6,70.0,daily,Elm Ridge Hike+Bike RAW (1).csv,aggregated,0,0,aggregated_daily_from_hourly; source_records=24
Elm Ridge,2024-06-30,2024-06-30,2024,6,142.0,daily,Elm Ridge Hike+Bike RAW (1).csv,aggregated,0,0,aggregated_daily_from_hourly; source_records=24
Elm Ridge,2024-07-01,2024-07-01,2024,7,61.0,daily,Elm Ridge Hike+Bike RAW (1).csv,aggregated,0,0,aggregated_daily_from_hourly; source_records=24
Elm Ridge,2024-07-02,2024-07-02,2024,7,87.0,daily,Elm Ridge Hike+Bike RAW (1).csv,aggregated,0,0,aggregated_daily_from_hourly; source_records=24
Elm Ridge,2024-07-03,2024-07-03,2024,7,53.0,daily,Elm Ridge Hike+Bike RAW (1).csv,aggregated,0,0,aggregated_daily_from_hourly; source_records=23
Elm Ridge,2024-07-04,2024-07-04,2024,7,127.0,daily,Elm Ridge Hike+Bike RAW (1).csv,aggregated,0,0,aggregated_daily_from_hourly; source_records=24
Elm Ridge,2024-07-05,2024-07-05,2024,7,136.0,daily,Elm Ridge Hike+Bike RAW (1).csv,aggregated,0,0,aggregated_daily_from_hourly; source_records=24
Elm Ridge,2024-07-06,2024-07-06,2024,7,147.0,daily,Elm Ridge Hike+Bike RAW (1).csv,aggregated,0,0,aggregated_daily_from_hourly; source_records=24
Elm Ridge,2024-07-07,2024-07-07,2024,7,111.0,daily,Elm Ridge Hike+Bike RAW (1).csv,aggregated,0,0,aggregated_daily_from_hourly; source_records=24
Elm Ridge,2024-07-08,2024-07-08,2024,7,32.0,daily,Elm Ridge Hike+Bike RAW (1).csv,aggregated,0,0,aggregated_daily_from_hourly; source_records=24
Elm Ridge,2024-07-09,2024-07-09,2024,7,25.0,daily,Elm Ridge Hike+Bike RAW (1).csv,aggregated,0,0,aggregated_daily_from_hourly; source_records=24
Elm Ridge,2024-07-10,2024-07-10,2024,7,16.0,daily,Elm Ridge Hike+Bike RAW (1).csv,aggregated,0,0,aggregated_daily_from_hourly; source_records=24
Elm Ridge,2024-07-11,2024-07-11,2024,7,91.0,daily,Elm Ridge Hike+Bike RAW (1).csv,aggregated,0,0,aggregated_daily_from_hourly; source_records=24
Elm Ridge,2024-07-12,2024-07-12,2024,7,47.0,daily,Elm Ridge Hike+Bike RAW (1).csv,aggregated,0,0,aggregated_daily_from_hourly; source_records=24
Elm Ridge,2024-07-13,2024-07-13,2024,7,102.0,daily,Elm Ridge Hike+Bike RAW (1).csv,aggregated,0,0,aggregated_daily_from_hourly; source_records=24
Elm Ridge,2024-07-14,2024-07-14,2024,7,87.0,daily,Elm Ridge Hike+Bike RAW (1).csv,aggregated,0,0,aggregated_daily_from_hourly; source_records=24
Elm Ridge,2024-07-15,2024-07-15,2024,7,19.0,daily,Elm Ridge Hike+Bike RAW (1).csv,aggregated,0,0,aggregated_daily_from_hourly; source_records=24
Elm Ridge,2024-07-16,2024-07-16,2024,7,7.0,daily,Elm Ridge Hike+Bike RAW (1).csv,aggregated,0,0,aggregated_daily_from_hourly; source_records=24
Elm Ridge,2024-07-17,2024-07-17,2024,7,12.0,daily,Elm Ridge Hike+Bike RAW (1).csv,aggregated,0,0,aggregated_daily_from_hourly; source_records=24
Elm Ridge,2024-07-18,2024-07-18,2024,7,55.0,daily,Elm Ridge Hike+Bike RAW (1).csv,aggregated,0,0,aggregated_daily_from_hourly; source_records=24
Elm Ridge,2024-07-19,2024-07-19,2024,7,52.0,daily,Elm Ridge Hike+Bike RAW (1).csv,aggregated,0,0,aggregated_daily_from_hourly; source_records=24
Elm Ridge,2024-07-20,2024-07-20,2024,7,137.0,daily,Elm Ridge Hike+Bike RAW (1).csv,aggregated,0,0,aggregated_daily_from_hourly; source_records=24
Elm Ridge,2024-07-21,2024-07-21,2024,7,76.0,daily,Elm Ridge Hike+Bike RAW (1).csv,aggregated,0,0,aggregated_daily_from_hourly; source_records=24
Elm Ridge,2024-07-22,2024-07-22,2024,7,45.0,daily,Elm Ridge Hike+Bike RAW (1).csv,aggregated,0,0,aggregated_daily_from_hourly; source_records=24
Elm Ridge,2024-07-23,2024-07-23,2024,7,13.0,daily,Elm Ridge Hike+Bike RAW (1).csv,aggregated,0,0,aggregated_daily_from_hourly; source_records=24
Elm Ridge,2024-07-24,2024-07-24,2024,7,31.0,daily,Elm Ridge Hike+Bike RAW (1).csv,aggregated,0,0,aggregated_daily_from_hourly; source_records=24
Elm Ridge,2024-07-25,2024-07-25,2024,7,79.0,daily,Elm Ridge Hike+Bike RAW (1).csv,aggregated,0,0,aggregated_daily_from_hourly; source_records=24
Elm Ridge,2024-07-26,2024-07-26,2024,7,73.0,daily,Elm Ridge Hike+Bike RAW (1).csv,aggregated,0,0,aggregated_daily_from_hourly; source_records=24
Elm Ridge,2024-07-27,2024-07-27,2024,7,180.0,daily,Elm Ridge Hike+Bike RAW (1).csv,aggregated,0,0,aggregated_daily_from_hourly; source_records=24
Elm Ridge,2024-07-28,2024-07-28,2024,7,178.0,daily,Elm Ridge Hike+Bike RAW (1).csv,aggregated,0,0,aggregated_daily_from_hourly; source_records=24
Elm Ridge,2024-07-29,2024-07-29,2024,7,43.0,daily,Elm Ridge Hike+Bike RAW (1).csv,aggregated,0,0,aggregated_daily_from_hourly; source_records=24
Elm Ridge,2024-07-30,2024-07-30,2024,7,26.0,daily,Elm Ridge Hike+Bike RAW (1).csv,aggregated,0,0,aggregated_daily_from_hourly; source_records=24
Elm Ridge,2024-07-31,2024-07-31,2024,7,29.0,daily,Elm Ridge Hike+Bike RAW (1).csv,aggregated,0,0,aggregated_daily_from_hourly; source_records=24
Elm Ridge,2024-08-01,2024-08-01,2024,8,25.0,daily,Elm Ridge Hike+Bike RAW (1).csv,aggregated,0,0,aggregated_daily_from_hourly; source_records=24
Elm Ridge,2024-08-02,2024-08-02,2024,8,43.0,daily,Elm Ridge Hike+Bike RAW (1).csv,aggregated,0,0,aggregated_daily_from_hourly; source_records=24
Elm Ridge,2024-08-03,2024-08-03,2024,8,89.0,daily,Elm Ridge Hike+Bike RAW (1).csv,aggregated,0,0,aggregated_daily_from_hourly; source_records=24
Elm Ridge,2024-08-04,2024-08-04,2024,8,52.0,daily,Elm Ridge Hike+Bike RAW (1).csv,aggregated,0,0,aggregated_daily_from_hourly; source_records=24
Elm Ridge,2024-08-05,2024-08-05,2024,8,58.0,daily,Elm Ridge Hike+Bike RAW (1).csv,aggregated,0,0,aggregated_daily_from_hourly; source_records=24
Elm Ridge,2024-08-06,2024-08-06,2024,8,65.0,daily,Elm Ridge Hike+Bike RAW (1).csv,aggregated,0,0,aggregated_daily_from_hourly; source_records=24
Elm Ridge,2024-08-07,2024-08-07,2024,8,32.0,daily,Elm Ridge Hike+Bike RAW (1).csv,aggregated,0,0,aggregated_daily_from_hourly; source_records=24
Elm Ridge,2024-08-08,2024-08-08,2024,8,30.0,daily,Elm Ridge Hike+Bike RAW (1).csv,aggregated,0,0,aggregated_daily_from_hourly; source_records=24
Elm Ridge,2024-08-09,2024-08-09,2024,8,2.0,daily,Elm Ridge Hike+Bike RAW (1).csv,aggregated,0,0,aggregated_daily_from_hourly; source_records=24
Elm Ridge,2024-08-10,2024-08-10,2024,8,117.0,daily,Elm Ridge Hike+Bike RAW (1).csv,aggregated,0,0,aggregated_daily_from_hourly; source_records=24
Elm Ridge,2024-08-11,2024-08-11,2024,8,110.0,daily,Elm Ridge Hike+Bike RAW (1).csv,aggregated,0,0,aggregated_daily_from_hourly; source_records=24
Elm Ridge,2024-08-12,2024-08-12,2024,8,53.0,daily,Elm Ridge Hike+Bike RAW (1).csv,aggregated,0,0,aggregated_daily_from_hourly; source_records=24
Elm Ridge,2024-08-13,2024-08-13,2024,8,72.0,daily,Elm Ridge Hike+Bike RAW (1).csv,aggregated,0,0,aggregated_daily_from_hourly; source_records=24
Elm Ridge,2024-08-14,2024-08-14,2024,8,43.0,daily,Elm Ridge Hike+Bike RAW (1).csv,aggregated,0,0,aggregated_daily_from_hourly; source_records=23
Elm Ridge,2024-08-15,2024-08-15,2024,8,63.0,daily,Elm Ridge Hike+Bike RAW (1).csv,aggregated,0,0,aggregated_daily_from_hourly; source_records=24
Elm Ridge,2024-08-16,2024-08-16,2024,8,69.0,daily,Elm Ridge Hike+Bike RAW (1).csv,aggregated,0,0,aggregated_daily_from_hourly; source_records=24
Elm Ridge,2024-08-17,2024-08-17,2024,8,118.0,daily,Elm Ridge Hike+Bike RAW (1).csv,aggregated,0,0,aggregated_daily_from_hourly; source_records=24
Elm Ridge,2024-08-18,2024-08-18,2024,8,48.0,daily,Elm Ridge Hike+Bike RAW (1).csv,aggregated,0,0,aggregated_daily_from_hourly; source_records=24
Elm Ridge,2024-08-19,2024-08-19,2024,8,56.0,daily,Elm Ridge Hike+Bike RAW (1).csv,aggregated,0,0,aggregated_daily_from_hourly; source_records=24
Elm Ridge,2024-08-20,2024-08-20,2024,8,68.0,daily,Elm Ridge Hike+Bike RAW (1).csv,aggregated,0,0,aggregated_daily_from_hourly; source_records=24
Elm Ridge,2024-08-21,2024-08-21,2024,8,51.0,daily,Elm Ridge Hike+Bike RAW (1).csv,aggregated,0,0,aggregated_daily_from_hourly; source_records=24
Elm Ridge,2024-08-22,2024-08-22,2024,8,64.0,daily,Elm Ridge Hike+Bike RAW (1).csv,aggregated,0,0,aggregated_daily_from_hourly; source_records=24
Elm Ridge,2024-08-23,2024-08-23,2024,8,78.0,daily,Elm Ridge Hike+Bike RAW (1).csv,aggregated,0,0,aggregated_daily_from_hourly; source_records=24
Elm Ridge,2024-08-24,2024-08-24,2024,8,169.0,daily,Elm Ridge Hike+Bike RAW (1).csv,aggregated,0,0,aggregated_daily_from_hourly; source_records=24
Elm Ridge,2024-08-25,2024-08-25,2024,8,132.0,daily,Elm Ridge Hike+Bike RAW (1).csv,aggregated,0,0,aggregated_daily_from_hourly; source_records=24
Elm Ridge,2024-08-26,2024-08-26,2024,8,62.0,daily,Elm Ridge Hike+Bike RAW (1).csv,aggregated,0,0,aggregated_daily_from_hourly; source_records=24
Elm Ridge,2024-08-27,2024-08-27,2024,8,51.0,daily,Elm Ridge Hike+Bike RAW (1).csv,aggregated,0,0,aggregated_daily_from_hourly; source_records=24
Elm Ridge,2024-08-28,2024-08-28,2024,8,36.0,daily,Elm Ridge Hike+Bike RAW (1).csv,aggregated,0,0,aggregated_daily_from_hourly; source_records=24
Elm Ridge,2024-08-29,2024-08-29,2024,8,61.0,daily,Elm Ridge Hike+Bike RAW (1).csv,aggregated,0,0,aggregated_daily_from_hourly; source_records=24
Elm Ridge,2024-08-30,2024-08-30,2024,8,68.0,daily,Elm Ridge Hike+Bike RAW (1).csv,aggregated,0,0,aggregated_daily_from_hourly; source_records=23
Elm Ridge,2024-08-31,2024-08-31,2024,8,178.0,daily,Elm Ridge Hike+Bike RAW (1).csv,aggregated,0,0,aggregated_daily_from_hourly; source_records=24
Elm Ridge,2024-09-01,2024-09-01,2024,9,186.0,daily,Elm Ridge Hike+Bike RAW (1).csv,aggregated,0,0,aggregated_daily_from_hourly; source_records=24
Elm Ridge,2024-09-02,2024-09-02,2024,9,185.0,daily,Elm Ridge Hike+Bike RAW (1).csv,aggregated,0,0,aggregated_daily_from_hourly; source_records=24
Elm Ridge,2024-09-03,2024-09-03,2024,9,54.0,daily,Elm Ridge Hike+Bike RAW (1).csv,aggregated,0,0,aggregated_daily_from_hourly; source_records=24
Elm Ridge,2024-09-04,2024-09-04,2024,9,56.0,daily,Elm Ridge Hike+Bike RAW (1).csv,aggregated,0,0,aggregated_daily_from_hourly; source_records=24
Elm Ridge,2024-09-05,2024-09-05,2024,9,37.0,daily,Elm Ridge Hike+Bike RAW (1).csv,aggregated,0,0,aggregated_daily_from_hourly; source_records=24
Elm Ridge,2024-09-06,2024-09-06,2024,9,66.0,daily,Elm Ridge Hike+Bike RAW (1).csv,aggregated,0,0,aggregated_daily_from_hourly; source_records=24
Elm Ridge,2024-09-07,2024-09-07,2024,9,52.0,daily,Elm Ridge Hike+Bike RAW (1).csv,aggregated,0,0,aggregated_daily_from_hourly; source_records=24
Elm Ridge,2024-09-08,2024-09-08,2024,9,154.0,daily,Elm Ridge Hike+Bike RAW (1).csv,aggregated,0,0,aggregated_daily_from_hourly; source_records=24
Elm Ridge,2024-09-09,2024-09-09,2024,9,53.0,daily,Elm Ridge Hike+Bike RAW (1).csv,aggregated,0,0,aggregated_daily_from_hourly; source_records=24
Elm Ridge,2024-09-10,2024-09-10,2024,9,39.0,daily,Elm Ridge Hike+Bike RAW (1).csv,aggregated,0,0,aggregated_daily_from_hourly; source_records=24
Elm Ridge,2024-09-11,2024-09-11,2024,9,27.0,daily,Elm Ridge Hike+Bike RAW (1).csv,aggregated,0,0,aggregated_daily_from_hourly; source_records=24
Elm Ridge,2024-09-12,2024-09-12,2024,9,41.0,daily,Elm Ridge Hike+Bike RAW (1).csv,aggregated,0,0,aggregated_daily_from_hourly; source_records=24
Elm Ridge,2024-09-13,2024-09-13,2024,9,33.0,daily,Elm Ridge Hike+Bike RAW (1).csv,aggregated,0,0,aggregated_daily_from_hourly; source_records=24
Elm Ridge,2024-09-14,2024-09-14,2024,9,117.0,daily,Elm Ridge Hike+Bike RAW (1).csv,aggregated,0,0,aggregated_daily_from_hourly; source_records=24
Elm Ridge,2024-09-15,2024-09-15,2024,9,111.0,daily,Elm Ridge Hike+Bike RAW (1).csv,aggregated,0,0,aggregated_daily_from_hourly; source_records=24
Elm Ridge,2024-09-16,2024-09-16,2024,9,29.0,daily,Elm Ridge Hike+Bike RAW (1).csv,aggregated,0,0,aggregated_daily_from_hourly; source_records=24
Elm Ridge,2024-09-17,2024-09-17,2024,9,36.0,daily,Elm Ridge Hike+Bike RAW (1).csv,aggregated,0,0,aggregated_daily_from_hourly; source_records=24
Elm Ridge,2024-09-18,2024-09-18,2024,9,25.0,daily,Elm Ridge Hike+Bike RAW (1).csv,aggregated,0,0,aggregated_daily_from_hourly; source_records=24
Elm Ridge,2024-09-19,2024-09-19,2024,9,62.0,daily,Elm Ridge Hike+Bike RAW (1).csv,aggregated,0,0,aggregated_daily_from_hourly; source_records=24
Elm Ridge,2024-09-20,2024-09-20,2024,9,49.0,daily,Elm Ridge Hike+Bike RAW (1).csv,aggregated,0,0,aggregated_daily_from_hourly; source_records=24
Elm Ridge,2024-09-21,2024-09-21,2024,9,169.0,daily,Elm Ridge Hike+Bike RAW (1).csv,aggregated,0,0,aggregated_daily_from_hourly; source_records=24
Elm Ridge,2024-09-22,2024-09-22,2024,9,116.0,daily,Elm Ridge Hike+Bike RAW (1).csv,aggregated,0,0,aggregated_daily_from_hourly; source_records=24
Elm Ridge,2024-09-23,2024-09-23,2024,9,50.0,daily,Elm Ridge Hike+Bike RAW (1).csv,aggregated,0,0,aggregated_daily_from_hourly; source_records=24
Elm Ridge,2024-09-24,2024-09-24,2024,9,49.0,daily,Elm Ridge Hike+Bike RAW (1).csv,aggregated,0,0,aggregated_daily_from_hourly; source_records=24
Elm Ridge,2024-09-25,2024-09-25,2024,9,20.0,daily,Elm Ridge Hike+Bike RAW (1).csv,aggregated,0,0,aggregated_daily_from_hourly; source_records=24
Elm Ridge,2024-09-26,2024-09-26,2024,9,12.0,daily,Elm Ridge Hike+Bike RAW (1).csv,aggregated,0,0,aggregated_daily_from_hourly; source_records=24
Elm Ridge,2024-09-27,2024-09-27,2024,9,59.0,daily,Elm Ridge Hike+Bike RAW (1).csv,aggregated,0,0,aggregated_daily_from_hourly; source_records=24
Elm Ridge,2024-09-28,2024-09-28,2024,9,128.0,daily,Elm Ridge Hike+Bike RAW (1).csv,aggregated,0,0,aggregated_daily_from_hourly; source_records=24
Elm Ridge,2024-09-29,2024-09-29,2024,9,84.0,daily,Elm Ridge Hike+Bike RAW (1).csv,aggregated,0,0,aggregated_daily_from_hourly; source_records=24
Elm Ridge,2024-09-30,2024-09-30,2024,9,69.0,daily,Elm Ridge Hike+Bike RAW (1).csv,aggregated,0,0,aggregated_daily_from_hourly; source_records=24
Elm Ridge,2024-10-01,2024-10-01,2024,10,59.0,daily,Elm Ridge Hike+Bike RAW (1).csv,aggregated,0,0,aggregated_daily_from_hourly; source_records=24
Elm Ridge,2024-10-02,2024-10-02,2024,10,50.0,daily,Elm Ridge Hike+Bike RAW (1).csv,aggregated,0,0,aggregated_daily_from_hourly; source_records=24
Elm Ridge,2024-10-03,2024-10-03,2024,10,93.0,daily,Elm Ridge Hike+Bike RAW (1).csv,aggregated,0,0,aggregated_daily_from_hourly; source_records=24
Elm Ridge,2024-10-04,2024-10-04,2024,10,94.0,daily,Elm Ridge Hike+Bike RAW (1).csv,aggregated,0,0,aggregated_daily_from_hourly; source_records=24
Elm Ridge,2024-10-05,2024-10-05,2024,10,247.0,daily,Elm Ridge Hike+Bike RAW (1).csv,aggregated,0,0,aggregated_daily_from_hourly; source_records=24
Elm Ridge,2024-10-06,2024-10-06,2024,10,160.0,daily,Elm Ridge Hike+Bike RAW (1).csv,aggregated,0,0,aggregated_daily_from_hourly; source_records=24
Elm Ridge,2024-10-07,2024-10-07,2024,10,69.0,daily,Elm Ridge Hike+Bike RAW (1).csv,aggregated,0,0,aggregated_daily_from_hourly; source_records=24
Elm Ridge,2024-10-08,2024-10-08,2024,10,61.0,daily,Elm Ridge Hike+Bike RAW (1).csv,aggregated,0,0,aggregated_daily_from_hourly; source_records=24
Elm Ridge,2024-10-09,2024-10-09,2024,10,43.0,daily,Elm Ridge Hike+Bike RAW (1).csv,aggregated,0,0,aggregated_daily_from_hourly; source_records=24
Elm Ridge,2024-10-10,2024-10-10,2024,10,86.0,daily,Elm Ridge Hike+Bike RAW (1).csv,aggregated,0,0,aggregated_daily_from_hourly; source_records=24
Elm Ridge,2024-10-11,2024-10-11,2024,10,90.0,daily,Elm Ridge Hike+Bike RAW (1).csv,aggregated,0,0,aggregated_daily_from_hourly; source_records=24
Elm Ridge,2024-10-12,2024-10-12,2024,10,410.0,daily,Elm Ridge Hike+Bike RAW (1).csv,aggregated,0,0,aggregated_daily_from_hourly; source_records=24
Elm Ridge,2024-10-13,2024-10-13,2024,10,0.0,daily,Elm Ridge Hike+Bike RAW (1).csv,aggregated,0,0,aggregated_daily_from_hourly; source_records=5
Elm Ridge,2024-10-16,2024-10-16,2024,10,17.0,daily,Elm Ridge Hike+Bike RAW (1).csv,aggregated,0,0,aggregated_daily_from_hourly; source_records=10
Elm Ridge,2024-10-17,2024-10-17,2024,10,56.0,daily,Elm Ridge Hike+Bike RAW (1).csv,aggregated,0,0,aggregated_daily_from_hourly; source_records=24
Elm Ridge,2024-10-18,2024-10-18,2024,10,111.0,daily,Elm Ridge Hike+Bike RAW (1).csv,aggregated,0,0,aggregated_daily_from_hourly; source_records=24
Elm Ridge,2024-10-19,2024-10-19,2024,10,253.0,daily,Elm Ridge Hike+Bike RAW (1).csv,aggregated,0,0,aggregated_daily_from_hourly; source_records=24
Elm Ridge,2024-10-20,2024-10-20,2024,10,176.0,daily,Elm Ridge Hike+Bike RAW (1).csv,aggregated,0,0,aggregated_daily_from_hourly; source_records=24
Elm Ridge,2024-10-21,2024-10-21,2024,10,39.0,daily,Elm Ridge Hike+Bike RAW (1).csv,aggregated,0,0,aggregated_daily_from_hourly; source_records=24
Elm Ridge,2024-10-22,2024-10-22,2024,10,54.0,daily,Elm Ridge Hike+Bike RAW (1).csv,aggregated,0,0,aggregated_daily_from_hourly; source_records=24
Elm Ridge,2024-10-23,2024-10-23,2024,10,24.0,daily,Elm Ridge Hike+Bike RAW (1).csv,aggregated,0,0,aggregated_daily_from_hourly; source_records=24
Elm Ridge,2024-10-24,2024-10-24,2024,10,27.0,daily,Elm Ridge Hike+Bike RAW (1).csv,aggregated,0,0,aggregated_daily_from_hourly; source_records=24
Elm Ridge,2024-10-25,2024-10-25,2024,10,77.0,daily,Elm Ridge Hike+Bike RAW (1).csv,aggregated,0,0,aggregated_daily_from_hourly; source_records=24
Elm Ridge,2024-10-26,2024-10-26,2024,10,167.0,daily,Elm Ridge Hike+Bike RAW (1).csv,aggregated,0,0,aggregated_daily_from_hourly; source_records=24
Elm Ridge,2024-10-27,2024-10-27,2024,10,97.0,daily,Elm Ridge Hike+Bike RAW (1).csv,aggregated,0,0,aggregated_daily_from_hourly; source_records=24
Elm Ridge,2024-10-28,2024-10-28,2024,10,20.0,daily,Elm Ridge Hike+Bike RAW (1).csv,aggregated,0,0,aggregated_daily_from_hourly; source_records=24
Elm Ridge,2024-10-29,2024-10-29,2024,10,21.0,daily,Elm Ridge Hike+Bike RAW (1).csv,aggregated,0,0,aggregated_daily_from_hourly; source_records=24
Elm Ridge,2024-10-30,2024-10-30,2024,10,34.0,daily,Elm Ridge Hike+Bike RAW (1).csv,aggregated,0,0,aggregated_daily_from_hourly; source_records=24
Elm Ridge,2024-10-31,2024-10-31,2024,10,60.0,daily,Elm Ridge Hike+Bike RAW (1).csv,aggregated,0,0,aggregated_daily_from_hourly; source_records=24
Elm Ridge,2024-11-01,2024-11-01,2024,11,77.0,daily,Elm Ridge Hike+Bike RAW (1).csv,aggregated,0,0,aggregated_daily_from_hourly; source_records=24
Elm Ridge,2024-11-02,2024-11-02,2024,11,210.0,daily,Elm Ridge Hike+Bike RAW (1).csv,aggregated,0,0,aggregated_daily_from_hourly; source_records=24
Elm Ridge,2024-11-03,2024-11-03,2024,11,117.0,daily,Elm Ridge Hike+Bike RAW (1).csv,aggregated,0,0,aggregated_daily_from_hourly; source_records=24
Elm Ridge,2024-11-04,2024-11-04,2024,11,40.0,daily,Elm Ridge Hike+Bike RAW (1).csv,aggregated,0,0,aggregated_daily_from_hourly; source_records=24
Elm Ridge,2024-11-05,2024-11-05,2024,11,39.0,daily,Elm Ridge Hike+Bike RAW (1).csv,aggregated,0,0,aggregated_daily_from_hourly; source_records=24
Elm Ridge,2024-11-06,2024-11-06,2024,11,32.0,daily,Elm Ridge Hike+Bike RAW (1).csv,aggregated,0,0,aggregated_daily_from_hourly; source_records=24
Elm Ridge,2024-11-07,2024-11-07,2024,11,23.0,daily,Elm Ridge Hike+Bike RAW (1).csv,aggregated,0,0,aggregated_daily_from_hourly; source_records=24
Elm Ridge,2024-11-08,2024-11-08,2024,11,68.0,daily,Elm Ridge Hike+Bike RAW (1).csv,aggregated,0,0,aggregated_daily_from_hourly; source_records=24
Elm Ridge,2024-11-09,2024-11-09,2024,11,180.0,daily,Elm Ridge Hike+Bike RAW (1).csv,aggregated,0,0,aggregated_daily_from_hourly; source_records=24
Elm Ridge,2024-11-10,2024-11-10,2024,11,133.0,daily,Elm Ridge Hike+Bike RAW (1).csv,aggregated,0,0,aggregated_daily_from_hourly; source_records=24
Elm Ridge,2024-11-11,2024-11-11,2024,11,91.0,daily,Elm Ridge Hike+Bike RAW (1).csv,aggregated,0,0,aggregated_daily_from_hourly; source_records=24
Elm Ridge,2024-11-12,2024-11-12,2024,11,6.0,daily,Elm Ridge Hike+Bike RAW (1).csv,aggregated,0,0,aggregated_daily_from_hourly; source_records=24
Elm Ridge,2024-11-13,2024-11-13,2024,11,16.0,daily,Elm Ridge Hike+Bike RAW (1).csv,aggregated,0,0,aggregated_daily_from_hourly; source_records=24
Elm Ridge,2024-11-14,2024-11-14,2024,11,13.0,daily,Elm Ridge Hike+Bike RAW (1).csv,aggregated,0,0,aggregated_daily_from_hourly; source_records=24
Elm Ridge,2024-11-15,2024-11-15,2024,11,36.0,daily,Elm Ridge Hike+Bike RAW (1).csv,aggregated,0,0,aggregated_daily_from_hourly; source_records=24
Elm Ridge,2024-11-16,2024-11-16,2024,11,125.0,daily,Elm Ridge Hike+Bike RAW (1).csv,aggregated,0,0,aggregated_daily_from_hourly; source_records=24
Elm Ridge,2024-11-17,2024-11-17,2024,11,80.0,daily,Elm Ridge Hike+Bike RAW (1).csv,aggregated,0,0,aggregated_daily_from_hourly; source_records=24
Elm Ridge,2024-11-18,2024-11-18,2024,11,19.0,daily,Elm Ridge Hike+Bike RAW (1).csv,aggregated,0,0,aggregated_daily_from_hourly; source_records=24
Elm Ridge,2024-11-19,2024-11-19,2024,11,26.0,daily,Elm Ridge Hike+Bike RAW (1).csv,aggregated,0,0,aggregated_daily_from_hourly; source_records=24
Elm Ridge,2024-11-20,2024-11-20,2024,11,12.0,daily,Elm Ridge Hike+Bike RAW (1).csv,aggregated,0,0,aggregated_daily_from_hourly; source_records=24
Elm Ridge,2024-11-21,2024-11-21,2024,11,0.0,daily,Elm Ridge Hike+Bike RAW (1).csv,aggregated,0,0,aggregated_daily_from_hourly; source_records=24
Elm Ridge,2024-11-22,2024-11-22,2024,11,5.0,daily,Elm Ridge Hike+Bike RAW (1).csv,aggregated,0,0,aggregated_daily_from_hourly; source_records=24
Elm Ridge,2024-11-23,2024-11-23,2024,11,20.0,daily,Elm Ridge Hike+Bike RAW (1).csv,aggregated,0,0,aggregated_daily_from_hourly; source_records=24
Elm Ridge,2024-11-24,2024-11-24,2024,11,45.0,daily,Elm Ridge Hike+Bike RAW (1).csv,aggregated,0,0,aggregated_daily_from_hourly; source_records=24
Elm Ridge,2024-11-25,2024-11-25,2024,11,34.0,daily,Elm Ridge Hike+Bike RAW (1).csv,aggregated,0,0,aggregated_daily_from_hourly; source_records=24
Elm Ridge,2024-11-26,2024-11-26,2024,11,7.0,daily,Elm Ridge Hike+Bike RAW (1).csv,aggregated,0,0,aggregated_daily_from_hourly; source_records=24
Elm Ridge,2024-11-27,2024-11-27,2024,11,31.0,daily,Elm Ridge Hike+Bike RAW (1).csv,aggregated,0,0,aggregated_daily_from_hourly; source_records=24
Elm Ridge,2024-11-28,2024-11-28,2024,11,6.0,daily,Elm Ridge Hike+Bike RAW (1).csv,aggregated,0,0,aggregated_daily_from_hourly; source_records=24
Elm Ridge,2024-11-29,2024-11-29,2024,11,131.0,daily,Elm Ridge Hike+Bike RAW (1).csv,aggregated,0,0,aggregated_daily_from_hourly; source_records=24
Elm Ridge,2024-11-30,2024-11-30,2024,11,106.0,daily,Elm Ridge Hike+Bike RAW (1).csv,aggregated,0,0,aggregated_daily_from_hourly; source_records=24
Elm Ridge,2024-12-01,2024-12-01,2024,12,36.0,daily,Elm Ridge Hike+Bike RAW (1).csv,aggregated,0,0,aggregated_daily_from_hourly; source_records=24
Elm Ridge,2024-12-02,2024-12-02,2024,12,26.0,daily,Elm Ridge Hike+Bike RAW (1).csv,aggregated,0,0,aggregated_daily_from_hourly; source_records=24
Elm Ridge,2024-12-03,2024-12-03,2024,12,16.0,daily,Elm Ridge Hike+Bike RAW (1).csv,aggregated,0,0,aggregated_daily_from_hourly; source_records=24
Elm Ridge,2024-12-04,2024-12-04,2024,12,17.0,daily,Elm Ridge Hike+Bike RAW (1).csv,aggregated,0,0,aggregated_daily_from_hourly; source_records=24
Elm Ridge,2024-12-05,2024-12-05,2024,12,11.0,daily,Elm Ridge Hike+Bike RAW (1).csv,aggregated,0,0,aggregated_daily_from_hourly; source_records=24
Elm Ridge,2024-12-06,2024-12-06,2024,12,8.0,daily,Elm Ridge Hike+Bike RAW (1).csv,aggregated,0,0,aggregated_daily_from_hourly; source_records=24
Elm Ridge,2024-12-07,2024-12-07,2024,12,34.0,daily,Elm Ridge Hike+Bike RAW (1).csv,aggregated,0,0,aggregated_daily_from_hourly; source_records=24
Elm Ridge,2024-12-08,2024-12-08,2024,12,91.0,daily,Elm Ridge Hike+Bike RAW (1).csv,aggregated,0,0,aggregated_daily_from_hourly; source_records=24
Elm Ridge,2024-12-09,2024-12-09,2024,12,8.0,daily,Elm Ridge Hike+Bike RAW (1).csv,aggregated,0,0,aggregated_daily_from_hourly; source_records=24
Elm Ridge,2024-12-10,2024-12-10,2024,12,4.0,daily,Elm Ridge Hike+Bike RAW (1).csv,aggregated,0,0,aggregated_daily_from_hourly; source_records=24
Elm Ridge,2024-12-11,2024-12-11,2024,12,2.0,daily,Elm Ridge Hike+Bike RAW (1).csv,aggregated,0,0,aggregated_daily_from_hourly; source_records=24
Elm Ridge,2024-12-12,2024-12-12,2024,12,2.0,daily,Elm Ridge Hike+Bike RAW (1).csv,aggregated,0,0,aggregated_daily_from_hourly; source_records=24
Elm Ridge,2024-12-13,2024-12-13,2024,12,4.0,daily,Elm Ridge Hike+Bike RAW (1).csv,aggregated,0,0,aggregated_daily_from_hourly; source_records=24
Elm Ridge,2024-12-14,2024-12-14,2024,12,33.0,daily,Elm Ridge Hike+Bike RAW (1).csv,aggregated,0,0,aggregated_daily_from_hourly; source_records=24
Elm Ridge,2024-12-15,2024-12-15,2024,12,33.0,daily,Elm Ridge Hike+Bike RAW (1).csv,aggregated,0,0,aggregated_daily_from_hourly; source_records=24
Elm Ridge,2024-12-16,2024-12-16,2024,12,5.0,daily,Elm Ridge Hike+Bike RAW (1).csv,aggregated,0,0,aggregated_daily_from_hourly; source_records=23
Elm Ridge,2024-12-17,2024-12-17,2024,12,24.0,daily,Elm Ridge Hike+Bike RAW (1).csv,aggregated,0,0,aggregated_daily_from_hourly; source_records=24
Elm Ridge,2024-12-18,2024-12-18,2024,12,21.0,daily,Elm Ridge Hike+Bike RAW (1).csv,aggregated,0,0,aggregated_daily_from_hourly; source_records=24
Elm Ridge,2024-12-19,2024-12-19,2024,12,24.0,daily,Elm Ridge Hike+Bike RAW (1).csv,aggregated,0,0,aggregated_daily_from_hourly; source_records=24
Elm Ridge,2024-12-20,2024-12-20,2024,12,10.0,daily,Elm Ridge Hike+Bike RAW (1).csv,aggregated,0,0,aggregated_daily_from_hourly; source_records=23
Elm Ridge,2024-12-21,2024-12-21,2024,12,17.0,daily,Elm Ridge Hike+Bike RAW (1).csv,aggregated,0,0,aggregated_daily_from_hourly; source_records=24
Elm Ridge,2024-12-22,2024-12-22,2024,12,31.0,daily,Elm Ridge Hike+Bike RAW (1).csv,aggregated,0,0,aggregated_daily_from_hourly; source_records=24
Elm Ridge,2024-12-23,2024-12-23,2024,12,26.0,daily,Elm Ridge Hike+Bike RAW (1).csv,aggregated,0,0,aggregated_daily_from_hourly; source_records=24
Elm Ridge,2024-12-24,2024-12-24,2024,12,36.0,daily,Elm Ridge Hike+Bike RAW (1).csv,aggregated,0,0,aggregated_daily_from_hourly; source_records=24
Elm Ridge,2024-12-25,2024-12-25,2024,12,45.0,daily,Elm Ridge Hike+Bike RAW (1).csv,aggregated,0,0,aggregated_daily_from_hourly; source_records=24
Elm Ridge,2024-12-26,2024-12-26,2024,12,60.0,daily,Elm Ridge Hike+Bike RAW (1).csv,aggregated,0,0,aggregated_daily_from_hourly; source_records=24
Elm Ridge,2024-12-27,2024-12-27,2024,12,76.0,daily,Elm Ridge Hike+Bike RAW (1).csv,aggregated,0,0,aggregated_daily_from_hourly; source_records=24
Elm Ridge,2024-12-28,2024-12-28,2024,12,104.0,daily,Elm Ridge Hike+Bike RAW (1).csv,aggregated,0,0,aggregated_daily_from_hourly; source_records=24
Elm Ridge,2024-12-29,2024-12-29,2024,12,44.0,daily,Elm Ridge Hike+Bike RAW (1).csv,aggregated,0,0,aggregated_daily_from_hourly; source_records=24
Elm Ridge,2024-12-30,2024-12-30,2024,12,50.0,daily,Elm Ridge Hike+Bike RAW (1).csv,aggregated,0,0,aggregated_daily_from_hourly; source_records=24
Elm Ridge,2024-12-31,2024-12-31,2024,12,134.0,daily,Elm Ridge Hike+Bike RAW (1).csv,aggregated,0,0,aggregated_daily_from_hourly; source_records=24
Elm Ridge,2025-01-01,2025-01-01,2025,1,50.0,daily,Elm Ridge Hike+Bike RAW (1).csv,aggregated,0,0,aggregated_daily_from_hourly; source_records=24
Elm Ridge,2025-01-02,2025-01-02,2025,1,21.0,daily,Elm Ridge Hike+Bike RAW (1).csv,aggregated,0,0,aggregated_daily_from_hourly; source_records=24
Elm Ridge,2025-01-03,2025-01-03,2025,1,40.0,daily,Elm Ridge Hike+Bike RAW (1).csv,aggregated,0,0,aggregated_daily_from_hourly; source_records=24
Elm Ridge,2025-01-04,2025-01-04,2025,1,69.0,daily,Elm Ridge Hike+Bike RAW (1).csv,aggregated,0,0,aggregated_daily_from_hourly; source_records=24
Elm Ridge,2025-01-05,2025-01-05,2025,1,28.0,daily,Elm Ridge Hike+Bike RAW (1).csv,aggregated,0,0,aggregated_daily_from_hourly; source_records=24
Elm Ridge,2025-01-06,2025-01-06,2025,1,7.0,daily,Elm Ridge Hike+Bike RAW (1).csv,aggregated,0,0,aggregated_daily_from_hourly; source_records=24
Elm Ridge,2025-01-07,2025-01-07,2025,1,8.0,daily,Elm Ridge Hike+Bike RAW (1).csv,aggregated,0,0,aggregated_daily_from_hourly; source_records=24
Elm Ridge,2025-01-08,2025-01-08,2025,1,9.0,daily,Elm Ridge Hike+Bike RAW (1).csv,aggregated,0,0,aggregated_daily_from_hourly; source_records=24
Elm Ridge,2025-01-09,2025-01-09,2025,1,6.0,daily,Elm Ridge Hike+Bike RAW (1).csv,aggregated,0,0,aggregated_daily_from_hourly; source_records=24
Elm Ridge,2025-01-10,2025-01-10,2025,1,10.0,daily,Elm Ridge Hike+Bike RAW (1).csv,aggregated,0,0,aggregated_daily_from_hourly; source_records=24
Elm Ridge,2025-01-11,2025-01-11,2025,1,35.0,daily,Elm Ridge Hike+Bike RAW (1).csv,aggregated,0,0,aggregated_daily_from_hourly; source_records=24
Elm Ridge,2025-01-12,2025-01-12,2025,1,51.0,daily,Elm Ridge Hike+Bike RAW (1).csv,aggregated,0,0,aggregated_daily_from_hourly; source_records=24
Elm Ridge,2025-01-13,2025-01-13,2025,1,10.0,daily,Elm Ridge Hike+Bike RAW (1).csv,aggregated,0,0,aggregated_daily_from_hourly; source_records=24
Elm Ridge,2025-01-14,2025-01-14,2025,1,9.0,daily,Elm Ridge Hike+Bike RAW (1).csv,aggregated,0,0,aggregated_daily_from_hourly; source_records=24
Elm Ridge,2025-01-15,2025-01-15,2025,1,9.0,daily,Elm Ridge Hike+Bike RAW (1).csv,aggregated,0,0,aggregated_daily_from_hourly; source_records=24
Elm Ridge,2025-01-16,2025-01-16,2025,1,2.0,daily,Elm Ridge Hike+Bike RAW (1).csv,aggregated,0,0,aggregated_daily_from_hourly; source_records=24
Elm Ridge,2025-01-17,2025-01-17,2025,1,10.0,daily,Elm Ridge Hike+Bike RAW (1).csv,aggregated,0,0,aggregated_daily_from_hourly; source_records=24
Elm Ridge,2025-01-18,2025-01-18,2025,1,94.0,daily,Elm Ridge Hike+Bike RAW (1).csv,aggregated,0,0,aggregated_daily_from_hourly; source_records=24
Elm Ridge,2025-01-19,2025-01-19,2025,1,66.0,daily,Elm Ridge Hike+Bike RAW (1).csv,aggregated,0,0,aggregated_daily_from_hourly; source_records=24
Elm Ridge,2025-01-20,2025-01-20,2025,1,15.0,daily,Elm Ridge Hike+Bike RAW (1).csv,aggregated,0,0,aggregated_daily_from_hourly; source_records=24
Elm Ridge,2025-01-21,2025-01-21,2025,1,4.0,daily,Elm Ridge Hike+Bike RAW (1).csv,aggregated,0,0,aggregated_daily_from_hourly; source_records=24
Elm Ridge,2025-01-22,2025-01-22,2025,1,6.0,daily,Elm Ridge Hike+Bike RAW (1).csv,aggregated,0,0,aggregated_daily_from_hourly; source_records=24
Elm Ridge,2025-01-23,2025-01-23,2025,1,22.0,daily,Elm Ridge Hike+Bike RAW (1).csv,aggregated,0,0,aggregated_daily_from_hourly; source_records=24
Elm Ridge,2025-01-24,2025-01-24,2025,1,18.0,daily,Elm Ridge Hike+Bike RAW (1).csv,aggregated,0,0,aggregated_daily_from_hourly; source_records=24
Elm Ridge,2025-01-25,2025-01-25,2025,1,70.0,daily,Elm Ridge Hike+Bike RAW (1).csv,aggregated,0,0,aggregated_daily_from_hourly; source_records=24
Elm Ridge,2025-01-26,2025-01-26,2025,1,75.0,daily,Elm Ridge Hike+Bike RAW (1).csv,aggregated,0,0,aggregated_daily_from_hourly; source_records=24
Elm Ridge,2025-01-27,2025-01-27,2025,1,3.0,daily,Elm Ridge Hike+Bike RAW (1).csv,aggregated,0,0,aggregated_daily_from_hourly; source_records=24
Elm Ridge,2025-01-28,2025-01-28,2025,1,10.0,daily,Elm Ridge Hike+Bike RAW (1).csv,aggregated,0,0,aggregated_daily_from_hourly; source_records=24
Elm Ridge,2025-01-29,2025-01-29,2025,1,7.0,daily,Elm Ridge Hike+Bike RAW (1).csv,aggregated,0,0,aggregated_daily_from_hourly; source_records=24
Elm Ridge,2025-01-30,2025-01-30,2025,1,19.0,daily,Elm Ridge Hike+Bike RAW (1).csv,aggregated,0,0,aggregated_daily_from_hourly; source_records=24
Elm Ridge,2025-01-31,2025-01-31,2025,1,11.0,daily,Elm Ridge Hike+Bike RAW (1).csv,aggregated,0,0,aggregated_daily_from_hourly; source_records=24
Elm Ridge,2025-02-01,2025-02-01,2025,2,58.0,daily,Elm Ridge Hike+Bike RAW (1).csv,aggregated,0,0,aggregated_daily_from_hourly; source_records=24
Elm Ridge,2025-02-02,2025-02-02,2025,2,23.0,daily,Elm Ridge Hike+Bike RAW (1).csv,aggregated,0,0,aggregated_daily_from_hourly; source_records=24
Elm Ridge,2025-02-03,2025-02-03,2025,2,12.0,daily,Elm Ridge Hike+Bike RAW (1).csv,aggregated,0,0,aggregated_daily_from_hourly; source_records=24
Elm Ridge,2025-02-04,2025-02-04,2025,2,8.0,daily,Elm Ridge Hike+Bike RAW (1).csv,aggregated,0,0,aggregated_daily_from_hourly; source_records=24
Elm Ridge,2025-02-05,2025-02-05,2025,2,2.0,daily,Elm Ridge Hike+Bike RAW (1).csv,aggregated,0,0,aggregated_daily_from_hourly; source_records=24
Elm Ridge,2025-02-06,2025-02-06,2025,2,0.0,daily,Elm Ridge Hike+Bike RAW (1).csv,aggregated,0,0,aggregated_daily_from_hourly; source_records=24
Elm Ridge,2025-02-07,2025-02-07,2025,2,16.0,daily,Elm Ridge Hike+Bike RAW (1).csv,aggregated,0,0,aggregated_daily_from_hourly; source_records=22
Elm Ridge,2025-02-08,2025-02-08,2025,2,45.0,daily,Elm Ridge Hike+Bike RAW (1).csv,aggregated,0,0,aggregated_daily_from_hourly; source_records=24
Elm Ridge,2025-02-09,2025-02-09,2025,2,31.0,daily,Elm Ridge Hike+Bike RAW (1).csv,aggregated,0,0,aggregated_daily_from_hourly; source_records=24
Elm Ridge,2025-02-10,2025-02-10,2025,2,6.0,daily,Elm Ridge Hike+Bike RAW (1).csv,aggregated,0,0,aggregated_daily_from_hourly; source_records=24
Elm Ridge,2025-02-11,2025-02-11,2025,2,15.0,daily,Elm Ridge Hike+Bike RAW (1).csv,aggregated,0,0,aggregated_daily_from_hourly; source_records=24
Elm Ridge,2025-02-12,2025-02-12,2025,2,13.0,daily,Elm Ridge Hike+Bike RAW (1).csv,aggregated,0,0,aggregated_daily_from_hourly; source_records=24
Elm Ridge,2025-02-13,2025-02-13,2025,2,4.0,daily,Elm Ridge Hike+Bike RAW (1).csv,aggregated,0,0,aggregated_daily_from_hourly; source_records=24
Elm Ridge,2025-02-14,2025-02-14,2025,2,17.0,daily,Elm Ridge Hike+Bike RAW (1).csv,aggregated,0,0,aggregated_daily_from_hourly; source_records=24
Elm Ridge,2025-02-15,2025-02-15,2025,2,61.0,daily,Elm Ridge Hike+Bike RAW (1).csv,aggregated,0,0,aggregated_daily_from_hourly; source_records=24
Elm Ridge,2025-02-16,2025-02-16,2025,2,25.0,daily,Elm Ridge Hike+Bike RAW (1).csv,aggregated,0,0,aggregated_daily_from_hourly; source_records=24
Elm Ridge,2025-02-17,2025-02-17,2025,2,18.0,daily,Elm Ridge Hike+Bike RAW (1).csv,aggregated,0,0,aggregated_daily_from_hourly; source_records=24
Elm Ridge,2025-02-18,2025-02-18,2025,2,0.0,daily,Elm Ridge Hike+Bike RAW (1).csv,aggregated,0,0,aggregated_daily_from_hourly; source_records=24
Elm Ridge,2025-02-19,2025-02-19,2025,2,5.0,daily,Elm Ridge Hike+Bike RAW (1).csv,aggregated,0,0,aggregated_daily_from_hourly; source_records=24
Elm Ridge,2025-02-20,2025-02-20,2025,2,16.0,daily,Elm Ridge Hike+Bike RAW (1).csv,aggregated,0,0,aggregated_daily_from_hourly; source_records=24
Elm Ridge,2025-02-21,2025-02-21,2025,2,17.0,daily,Elm Ridge Hike+Bike RAW (1).csv,aggregated,0,0,aggregated_daily_from_hourly; source_records=24
Elm Ridge,2025-02-22,2025-02-22,2025,2,88.0,daily,Elm Ridge Hike+Bike RAW (1).csv,aggregated,0,0,aggregated_daily_from_hourly; source_records=24
Elm Ridge,2025-02-23,2025-02-23,2025,2,21.0,daily,Elm Ridge Hike+Bike RAW (1).csv,aggregated,0,0,aggregated_daily_from_hourly; source_records=24
Elm Ridge,2025-02-24,2025-02-24,2025,2,24.0,daily,Elm Ridge Hike+Bike RAW (1).csv,aggregated,0,0,aggregated_daily_from_hourly; source_records=24
Elm Ridge,2025-02-25,2025-02-25,2025,2,7.0,daily,Elm Ridge Hike+Bike RAW (1).csv,aggregated,0,0,aggregated_daily_from_hourly; source_records=24
Elm Ridge,2025-02-26,2025-02-26,2025,2,10.0,daily,Elm Ridge Hike+Bike RAW (1).csv,aggregated,0,0,aggregated_daily_from_hourly; source_records=24
Elm Ridge,2025-02-27,2025-02-27,2025,2,12.0,daily,Elm Ridge Hike+Bike RAW (1).csv,aggregated,0,0,aggregated_daily_from_hourly; source_records=24
Elm Ridge,2025-02-28,2025-02-28,2025,2,10.0,daily,Elm Ridge Hike+Bike RAW (1).csv,aggregated,0,0,aggregated_daily_from_hourly; source_records=24
Elm Ridge,2025-03-01,2025-03-01,2025,3,86.0,daily,Elm Ridge Hike+Bike RAW (1).csv,aggregated,0,0,aggregated_daily_from_hourly; source_records=24
Elm Ridge,2025-03-02,2025-03-02,2025,3,8.0,daily,Elm Ridge Hike+Bike RAW (1).csv,aggregated,0,0,aggregated_daily_from_hourly; source_records=24
Elm Ridge,2025-03-03,2025-03-03,2025,3,0.0,daily,Elm Ridge Hike+Bike RAW (1).csv,aggregated,0,0,aggregated_daily_from_hourly; source_records=24
Elm Ridge,2025-03-04,2025-03-04,2025,3,22.0,daily,Elm Ridge Hike+Bike RAW (1).csv,aggregated,0,0,aggregated_daily_from_hourly; source_records=24
Elm Ridge,2025-03-05,2025-03-05,2025,3,4.0,daily,Elm Ridge Hike+Bike RAW (1).csv,aggregated,0,0,aggregated_daily_from_hourly; source_records=24
Elm Ridge,2025-03-06,2025-03-06,2025,3,8.0,daily,Elm Ridge Hike+Bike RAW (1).csv,aggregated,0,0,aggregated_daily_from_hourly; source_records=24
Elm Ridge,2025-03-07,2025-03-07,2025,3,13.0,daily,Elm Ridge Hike+Bike RAW (1).csv,aggregated,0,0,aggregated_daily_from_hourly; source_records=24
Elm Ridge,2025-03-08,2025-03-08,2025,3,40.0,daily,Elm Ridge Hike+Bike RAW (1).csv,aggregated,0,0,aggregated_daily_from_hourly; source_records=24
Elm Ridge,2025-03-09,2025-03-09,2025,3,26.0,daily,Elm Ridge Hike+Bike RAW (1).csv,aggregated,0,0,aggregated_daily_from_hourly; source_records=24
Elm Ridge,2025-03-10,2025-03-10,2025,3,24.0,daily,Elm Ridge Hike+Bike RAW (1).csv,aggregated,0,0,aggregated_daily_from_hourly; source_records=24
Elm Ridge,2025-03-11,2025-03-11,2025,3,12.0,daily,Elm Ridge Hike+Bike RAW (1).csv,aggregated,0,0,aggregated_daily_from_hourly; source_records=24
Elm Ridge,2025-03-12,2025-03-12,2025,3,25.0,daily,Elm Ridge Hike+Bike RAW (1).csv,aggregated,0,0,aggregated_daily_from_hourly; source_records=24
Elm Ridge,2025-03-13,2025-03-13,2025,3,4.0,daily,Elm Ridge Hike+Bike RAW (1).csv,aggregated,0,0,aggregated_daily_from_hourly; source_records=24
Elm Ridge,2025-03-14,2025-03-14,2025,3,32.0,daily,Elm Ridge Hike+Bike RAW (1).csv,aggregated,0,0,aggregated_daily_from_hourly; source_records=22
Elm Ridge,2025-03-15,2025-03-15,2025,3,120.0,daily,Elm Ridge Hike+Bike RAW (1).csv,aggregated,0,0,aggregated_daily_from_hourly; source_records=24
Elm Ridge,2025-03-16,2025-03-16,2025,3,22.0,daily,Elm Ridge Hike+Bike RAW (1).csv,aggregated,0,0,aggregated_daily_from_hourly; source_records=24
Elm Ridge,2025-03-17,2025-03-17,2025,3,5.0,daily,Elm Ridge Hike+Bike RAW (1).csv,aggregated,0,0,aggregated_daily_from_hourly; source_records=24
Elm Ridge,2025-03-18,2025-03-18,2025,3,45.0,daily,Elm Ridge Hike+Bike RAW (1).csv,aggregated,0,0,aggregated_daily_from_hourly; source_records=24
Elm Ridge,2025-03-19,2025-03-19,2025,3,28.0,daily,Elm Ridge Hike+Bike RAW (1).csv,aggregated,0,0,aggregated_daily_from_hourly; source_records=24
Elm Ridge,2025-03-20,2025-03-20,2025,3,12.0,daily,Elm Ridge Hike+Bike RAW (1).csv,aggregated,0,0,aggregated_daily_from_hourly; source_records=24
Elm Ridge,2025-03-21,2025-03-21,2025,3,4.0,daily,Elm Ridge Hike+Bike RAW (1).csv,aggregated,0,0,aggregated_daily_from_hourly; source_records=24
Elm Ridge,2025-03-22,2025-03-22,2025,3,60.0,daily,Elm Ridge Hike+Bike RAW (1).csv,aggregated,0,0,aggregated_daily_from_hourly; source_records=24
Elm Ridge,2025-03-23,2025-03-23,2025,3,32.0,daily,Elm Ridge Hike+Bike RAW (1).csv,aggregated,0,0,aggregated_daily_from_hourly; source_records=24
Elm Ridge,2025-03-24,2025-03-24,2025,3,11.0,daily,Elm Ridge Hike+Bike RAW (1).csv,aggregated,0,0,aggregated_daily_from_hourly; source_records=24
Elm Ridge,2025-03-25,2025-03-25,2025,3,14.0,daily,Elm Ridge Hike+Bike RAW (1).csv,aggregated,0,0,aggregated_daily_from_hourly; source_records=24
Elm Ridge,2025-03-26,2025-03-26,2025,3,5.0,daily,Elm Ridge Hike+Bike RAW (1).csv,aggregated,0,0,aggregated_daily_from_hourly; source_records=24
Elm Ridge,2025-03-27,2025-03-27,2025,3,12.0,daily,Elm Ridge Hike+Bike RAW (1).csv,aggregated,0,0,aggregated_daily_from_hourly; source_records=24
Elm Ridge,2025-03-28,2025-03-28,2025,3,60.0,daily,Elm Ridge Hike+Bike RAW (1).csv,aggregated,0,0,aggregated_daily_from_hourly; source_records=24
Elm Ridge,2025-03-29,2025-03-29,2025,3,35.0,daily,Elm Ridge Hike+Bike RAW (1).csv,aggregated,0,0,aggregated_daily_from_hourly; source_records=24
Elm Ridge,2025-03-30,2025-03-30,2025,3,45.0,daily,Elm Ridge Hike+Bike RAW (1).csv,aggregated,0,0,aggregated_daily_from_hourly; source_records=24
Elm Ridge,2025-03-31,2025-03-31,2025,3,12.0,daily,Elm Ridge Hike+Bike RAW (1).csv,aggregated,0,0,aggregated_daily_from_hourly; source_records=24
Elm Ridge,2025-04-01,2025-04-01,2025,4,5.0,daily,Elm Ridge Hike+Bike RAW (1).csv,aggregated,0,0,aggregated_daily_from_hourly; source_records=24
Elm Ridge,2025-04-02,2025-04-02,2025,4,11.0,daily,Elm Ridge Hike+Bike RAW (1).csv,aggregated,0,0,aggregated_daily_from_hourly; source_records=24
Elm Ridge,2025-04-03,2025-04-03,2025,4,9.0,daily,Elm Ridge Hike+Bike RAW (1).csv,aggregated,0,0,aggregated_daily_from_hourly; source_records=24
Elm Ridge,2025-04-04,2025-04-04,2025,4,21.0,daily,Elm Ridge Hike+Bike RAW (1).csv,aggregated,0,0,aggregated_daily_from_hourly; source_records=24
Elm Ridge,2025-04-05,2025-04-05,2025,4,4.0,daily,Elm Ridge Hike+Bike RAW (1).csv,aggregated,0,0,aggregated_daily_from_hourly; source_records=24
Elm Ridge,2025-04-06,2025-04-06,2025,4,34.0,daily,Elm Ridge Hike+Bike RAW (1).csv,aggregated,0,0,aggregated_daily_from_hourly; source_records=24
Elm Ridge,2025-04-07,2025-04-07,2025,4,5.0,daily,Elm Ridge Hike+Bike RAW (1).csv,aggregated,0,0,aggregated_daily_from_hourly; source_records=24
Elm Ridge,2025-04-08,2025-04-08,2025,4,11.0,daily,Elm Ridge Hike+Bike RAW (1).csv,aggregated,0,0,aggregated_daily_from_hourly; source_records=24
Elm Ridge,2025-04-09,2025-04-09,2025,4,20.0,daily,Elm Ridge Hike+Bike RAW (1).csv,aggregated,0,0,aggregated_daily_from_hourly; source_records=24
Elm Ridge,2025-04-10,2025-04-10,2025,4,12.0,daily,Elm Ridge Hike+Bike RAW (1).csv,aggregated,0,0,aggregated_daily_from_hourly; source_records=24
Elm Ridge,2025-04-11,2025-04-11,2025,4,19.0,daily,Elm Ridge Hike+Bike RAW (1).csv,aggregated,0,0,aggregated_daily_from_hourly; source_records=24
Elm Ridge,2025-04-12,2025-04-12,2025,4,36.0,daily,Elm Ridge Hike+Bike RAW (1).csv,aggregated,0,0,aggregated_daily_from_hourly; source_records=24
Elm Ridge,2025-04-13,2025-04-13,2025,4,37.0,daily,Elm Ridge Hike+Bike RAW (1).csv,aggregated,0,0,aggregated_daily_from_hourly; source_records=24
Elm Ridge,2025-04-14,2025-04-14,2025,4,66.0,daily,Elm Ridge Hike+Bike RAW (1).csv,aggregated,0,0,aggregated_daily_from_hourly; source_records=24
Elm Ridge,2025-04-15,2025-04-15,2025,4,28.0,daily,Elm Ridge Hike+Bike RAW (1).csv,aggregated,0,0,aggregated_daily_from_hourly; source_records=24
Elm Ridge,2025-04-16,2025-04-16,2025,4,13.0,daily,Elm Ridge Hike+Bike RAW (1).csv,aggregated,0,0,aggregated_daily_from_hourly; source_records=24
Elm Ridge,2025-04-17,2025-04-17,2025,4,110.0,daily,Elm Ridge Hike+Bike RAW (1).csv,aggregated,0,0,aggregated_daily_from_hourly; source_records=24
Elm Ridge,2025-04-18,2025-04-18,2025,4,112.0,daily,Elm Ridge Hike+Bike RAW (1).csv,aggregated,0,0,aggregated_daily_from_hourly; source_records=24
Elm Ridge,2025-04-19,2025-04-19,2025,4,161.0,daily,Elm Ridge Hike+Bike RAW (1).csv,aggregated,0,0,aggregated_daily_from_hourly; source_records=24
Elm Ridge,2025-04-20,2025-04-20,2025,4,71.0,daily,Elm Ridge Hike+Bike RAW (1).csv,aggregated,0,0,aggregated_daily_from_hourly; source_records=24
Elm Ridge,2025-04-21,2025-04-21,2025,4,9.0,daily,Elm Ridge Hike+Bike RAW (1).csv,aggregated,0,0,aggregated_daily_from_hourly; source_records=24
Elm Ridge,2025-04-22,2025-04-22,2025,4,35.0,daily,Elm Ridge Hike+Bike RAW (1).csv,aggregated,0,0,aggregated_daily_from_hourly; source_records=24
Elm Ridge,2025-04-23,2025-04-23,2025,4,39.0,daily,Elm Ridge Hike+Bike RAW (1).csv,aggregated,0,0,aggregated_daily_from_hourly; source_records=24
Elm Ridge,2025-04-24,2025-04-24,2025,4,26.0,daily,Elm Ridge Hike+Bike RAW (1).csv,aggregated,0,0,aggregated_daily_from_hourly; source_records=24
Elm Ridge,2025-04-25,2025-04-25,2025,4,45.0,daily,Elm Ridge Hike+Bike RAW (1).csv,aggregated,0,0,aggregated_daily_from_hourly; source_records=23
Elm Ridge,2025-04-26,2025-04-26,2025,4,18.0,daily,Elm Ridge Hike+Bike RAW (1).csv,aggregated,0,0,aggregated_daily_from_hourly; source_records=24
Elm Ridge,2025-04-27,2025-04-27,2025,4,46.0,daily,Elm Ridge Hike+Bike RAW (1).csv,aggregated,0,0,aggregated_daily_from_hourly; source_records=24
Elm Ridge,2025-04-28,2025-04-28,2025,4,32.0,daily,Elm Ridge Hike+Bike RAW (1).csv,aggregated,0,0,aggregated_daily_from_hourly; source_records=24
Elm Ridge,2025-04-29,2025-04-29,2025,4,41.0,daily,Elm Ridge Hike+Bike RAW (1).csv,aggregated,0,0,aggregated_daily_from_hourly; source_records=24
Elm Ridge,2025-04-30,2025-04-30,2025,4,29.0,daily,Elm Ridge Hike+Bike RAW (1).csv,aggregated,0,0,aggregated_daily_from_hourly; source_records=24
Elm Ridge,2025-05-01,2025-05-01,2025,5,30.0,daily,Elm Ridge Hike+Bike RAW (1).csv,aggregated,0,0,aggregated_daily_from_hourly; source_records=24
Elm Ridge,2025-05-02,2025-05-02,2025,5,44.0,daily,Elm Ridge Hike+Bike RAW (1).csv,aggregated,0,0,aggregated_daily_from_hourly; source_records=24
Elm Ridge,2025-05-03,2025-05-03,2025,5,49.0,daily,Elm Ridge Hike+Bike RAW (1).csv,aggregated,0,0,aggregated_daily_from_hourly; source_records=24
Elm Ridge,2025-05-04,2025-05-04,2025,5,20.0,daily,Elm Ridge Hike+Bike RAW (1).csv,aggregated,0,0,aggregated_daily_from_hourly; source_records=24
Elm Ridge,2025-05-05,2025-05-05,2025,5,16.0,daily,Elm Ridge Hike+Bike RAW (1).csv,aggregated,0,0,aggregated_daily_from_hourly; source_records=24
Elm Ridge,2025-05-06,2025-05-06,2025,5,21.0,daily,Elm Ridge Hike+Bike RAW (1).csv,aggregated,0,0,aggregated_daily_from_hourly; source_records=24
Elm Ridge,2025-05-07,2025-05-07,2025,5,18.0,daily,Elm Ridge Hike+Bike RAW (1).csv,aggregated,0,0,aggregated_daily_from_hourly; source_records=24
Elm Ridge,2025-05-08,2025-05-08,2025,5,9.0,daily,Elm Ridge Hike+Bike RAW (1).csv,aggregated,0,0,aggregated_daily_from_hourly; source_records=24
Elm Ridge,2025-05-09,2025-05-09,2025,5,0.0,daily,Elm Ridge Hike+Bike RAW (1).csv,aggregated,0,0,aggregated_daily_from_hourly; source_records=24
Elm Ridge,2025-05-10,2025-05-10,2025,5,73.0,daily,Elm Ridge Hike+Bike RAW (1).csv,aggregated,0,0,aggregated_daily_from_hourly; source_records=24
Elm Ridge,2025-05-11,2025-05-11,2025,5,132.0,daily,Elm Ridge Hike+Bike RAW (1).csv,aggregated,0,0,aggregated_daily_from_hourly; source_records=24
Elm Ridge,2025-05-12,2025-05-12,2025,5,57.0,daily,Elm Ridge Hike+Bike RAW (1).csv,aggregated,0,0,aggregated_daily_from_hourly; source_records=24
Elm Ridge,2025-05-13,2025-05-13,2025,5,36.0,daily,Elm Ridge Hike+Bike RAW (1).csv,aggregated,0,0,aggregated_daily_from_hourly; source_records=24
Elm Ridge,2025-05-14,2025-05-14,2025,5,18.0,daily,Elm Ridge Hike+Bike RAW (1).csv,aggregated,0,0,aggregated_daily_from_hourly; source_records=24
Elm Ridge,2025-05-15,2025-05-15,2025,5,42.0,daily,Elm Ridge Hike+Bike RAW (1).csv,aggregated,0,0,aggregated_daily_from_hourly; source_records=24
Elm Ridge,2025-05-16,2025-05-16,2025,5,32.0,daily,Elm Ridge Hike+Bike RAW (1).csv,aggregated,0,0,aggregated_daily_from_hourly; source_records=24
Elm Ridge,2025-05-17,2025-05-17,2025,5,85.0,daily,Elm Ridge Hike+Bike RAW (1).csv,aggregated,0,0,aggregated_daily_from_hourly; source_records=24
Elm Ridge,2025-05-18,2025-05-18,2025,5,80.0,daily,Elm Ridge Hike+Bike RAW (1).csv,aggregated,0,0,aggregated_daily_from_hourly; source_records=24
Elm Ridge,2025-05-19,2025-05-19,2025,5,47.0,daily,Elm Ridge Hike+Bike RAW (1).csv,aggregated,0,0,aggregated_daily_from_hourly; source_records=24
Elm Ridge,2025-05-20,2025-05-20,2025,5,29.0,daily,Elm Ridge Hike+Bike RAW (1).csv,aggregated,0,0,aggregated_daily_from_hourly; source_records=24
Elm Ridge,2025-05-21,2025-05-21,2025,5,2.0,daily,Elm Ridge Hike+Bike RAW (1).csv,aggregated,0,0,aggregated_daily_from_hourly; source_records=24
Elm Ridge,2025-05-22,2025-05-22,2025,5,2.0,daily,Elm Ridge Hike+Bike RAW (1).csv,aggregated,0,0,aggregated_daily_from_hourly; source_records=9
Elm Ridge,2025-05-27,2025-05-27,2025,5,11.0,daily,Elm Ridge Hike+Bike RAW (1).csv,aggregated,0,0,aggregated_daily_from_hourly; source_records=11
Elm Ridge,2025-05-28,2025-05-28,2025,5,46.0,daily,Elm Ridge Hike+Bike RAW (1).csv,aggregated,0,0,aggregated_daily_from_hourly; source_records=24
Elm Ridge,2025-05-29,2025-05-29,2025,5,19.0,daily,Elm Ridge Hike+Bike RAW (1).csv,aggregated,0,0,aggregated_daily_from_hourly; source_records=24
Elm Ridge,2025-05-30,2025-05-30,2025,5,45.0,daily,Elm Ridge Hike+Bike RAW (1).csv,aggregated,0,0,aggregated_daily_from_hourly; source_records=24
Elm Ridge,2025-05-31,2025-05-31,2025,5,9.0,daily,Elm Ridge Hike+Bike RAW (1).csv,aggregated,0,0,aggregated_daily_from_hourly; source_records=24
Elm Ridge,2025-06-01,2025-06-01,2025,6,66.0,daily,Elm Ridge Hike+Bike RAW (1).csv,aggregated,0,0,aggregated_daily_from_hourly; source_records=24
Elm Ridge,2025-06-02,2025-06-02,2025,6,49.0,daily,Elm Ridge Hike+Bike RAW (1).csv,aggregated,0,0,aggregated_daily_from_hourly; source_records=24
Elm Ridge,2025-06-03,2025-06-03,2025,6,47.0,daily,Elm Ridge Hike+Bike RAW (1).csv,aggregated,0,0,aggregated_daily_from_hourly; source_records=24
Elm Ridge,2025-06-04,2025-06-04,2025,6,43.0,daily,Elm Ridge Hike+Bike RAW (1).csv,aggregated,0,0,aggregated_daily_from_hourly; source_records=24
Elm Ridge,2025-06-05,2025-06-05,2025,6,35.0,daily,Elm Ridge Hike+Bike RAW (1).csv,aggregated,0,0,aggregated_daily_from_hourly; source_records=24
Elm Ridge,2025-06-06,2025-06-06,2025,6,29.0,daily,Elm Ridge Hike+Bike RAW (1).csv,aggregated,0,0,aggregated_daily_from_hourly; source_records=24
Elm Ridge,2025-06-07,2025-06-07,2025,6,17.0,daily,Elm Ridge Hike+Bike RAW (1).csv,aggregated,0,0,aggregated_daily_from_hourly; source_records=24
Elm Ridge,2025-06-08,2025-06-08,2025,6,103.0,daily,Elm Ridge Hike+Bike RAW (1).csv,aggregated,0,0,aggregated_daily_from_hourly; source_records=24
Elm Ridge,2025-06-09,2025-06-09,2025,6,20.0,daily,Elm Ridge Hike+Bike RAW (1).csv,aggregated,0,0,aggregated_daily_from_hourly; source_records=24
Elm Ridge,2025-06-10,2025-06-10,2025,6,16.0,daily,Elm Ridge Hike+Bike RAW (1).csv,aggregated,0,0,aggregated_daily_from_hourly; source_records=24
Elm Ridge,2025-06-11,2025-06-11,2025,6,44.0,daily,Elm Ridge Hike+Bike RAW (1).csv,aggregated,0,0,aggregated_daily_from_hourly; source_records=24
Elm Ridge,2025-06-12,2025-06-12,2025,6,55.0,daily,Elm Ridge Hike+Bike RAW (1).csv,aggregated,0,0,aggregated_daily_from_hourly; source_records=24
Elm Ridge,2025-06-13,2025-06-13,2025,6,73.0,daily,Elm Ridge Hike+Bike RAW (1).csv,aggregated,0,0,aggregated_daily_from_hourly; source_records=24
Elm Ridge,2025-06-14,2025-06-14,2025,6,55.0,daily,Elm Ridge Hike+Bike RAW (1).csv,aggregated,0,0,aggregated_daily_from_hourly; source_records=24
Elm Ridge,2025-06-15,2025-06-15,2025,6,89.0,daily,Elm Ridge Hike+Bike RAW (1).csv,aggregated,0,0,aggregated_daily_from_hourly; source_records=24
Elm Ridge,2025-06-16,2025-06-16,2025,6,35.0,daily,Elm Ridge Hike+Bike RAW (1).csv,aggregated,0,0,aggregated_daily_from_hourly; source_records=24
Elm Ridge,2025-06-17,2025-06-17,2025,6,18.0,daily,Elm Ridge Hike+Bike RAW (1).csv,aggregated,0,0,aggregated_daily_from_hourly; source_records=24
Elm Ridge,2025-06-18,2025-06-18,2025,6,14.0,daily,Elm Ridge Hike+Bike RAW (1).csv,aggregated,0,0,aggregated_daily_from_hourly; source_records=24
Elm Ridge,2025-06-19,2025-06-19,2025,6,49.0,daily,Elm Ridge Hike+Bike RAW (1).csv,aggregated,0,0,aggregated_daily_from_hourly; source_records=24
Elm Ridge,2025-06-20,2025-06-20,2025,6,119.0,daily,Elm Ridge Hike+Bike RAW (1).csv,aggregated,0,0,aggregated_daily_from_hourly; source_records=24
Elm Ridge,2025-06-21,2025-06-21,2025,6,147.0,daily,Elm Ridge Hike+Bike RAW (1).csv,aggregated,0,0,aggregated_daily_from_hourly; source_records=24
Elm Ridge,2025-06-22,2025-06-22,2025,6,74.0,daily,Elm Ridge Hike+Bike RAW (1).csv,aggregated,0,0,aggregated_daily_from_hourly; source_records=24
Elm Ridge,2025-06-23,2025-06-23,2025,6,16.0,daily,Elm Ridge Hike+Bike RAW (1).csv,aggregated,0,0,aggregated_daily_from_hourly; source_records=24
Elm Ridge,2025-06-24,2025-06-24,2025,6,20.0,daily,Elm Ridge Hike+Bike RAW (1).csv,aggregated,0,0,aggregated_daily_from_hourly; source_records=24
Elm Ridge,2025-06-25,2025-06-25,2025,6,7.0,daily,Elm Ridge Hike+Bike RAW (1).csv,aggregated,0,0,aggregated_daily_from_hourly; source_records=14
Elm Ridge,2025-06-26,2025-06-26,2025,6,25.0,daily,Elm Ridge Hike+Bike RAW (1).csv,aggregated,0,0,aggregated_daily_from_hourly; source_records=10
Elm Ridge,2025-06-27,2025-06-27,2025,6,106.0,daily,Elm Ridge Hike+Bike RAW (1).csv,aggregated,0,0,aggregated_daily_from_hourly; source_records=24
Elm Ridge,2025-06-28,2025-06-28,2025,6,90.0,daily,Elm Ridge Hike+Bike RAW (1).csv,aggregated,0,0,aggregated_daily_from_hourly; source_records=24
Elm Ridge,2025-06-29,2025-06-29,2025,6,155.0,daily,Elm Ridge Hike+Bike RAW (1).csv,aggregated,0,0,aggregated_daily_from_hourly; source_records=24
Elm Ridge,2025-06-30,2025-06-30,2025,6,52.0,daily,Elm Ridge Hike+Bike RAW (1).csv,aggregated,0,0,aggregated_daily_from_hourly; source_records=24
Elm Ridge,2025-07-01,2025-07-01,2025,7,21.0,daily,Elm Ridge Hike+Bike RAW (1).csv,aggregated,0,0,aggregated_daily_from_hourly; source_records=24
Elm Ridge,2025-07-02,2025-07-02,2025,7,68.0,daily,Elm Ridge Hike+Bike RAW (1).csv,aggregated,0,0,aggregated_daily_from_hourly; source_records=24
Elm Ridge,2025-07-03,2025-07-03,2025,7,55.0,daily,Elm Ridge Hike+Bike RAW (1).csv,aggregated,0,0,aggregated_daily_from_hourly; source_records=24
Elm Ridge,2025-07-04,2025-07-04,2025,7,297.0,daily,Elm Ridge Hike+Bike RAW (1).csv,aggregated,0,0,aggregated_daily_from_hourly; source_records=24
Elm Ridge,2025-07-05,2025-07-05,2025,7,263.0,daily,Elm Ridge Hike+Bike RAW (1).csv,aggregated,0,0,aggregated_daily_from_hourly; source_records=24
Elm Ridge,2025-07-06,2025-07-06,2025,7,122.0,daily,Elm Ridge Hike+Bike RAW (1).csv,aggregated,0,0,aggregated_daily_from_hourly; source_records=24
Elm Ridge,2025-07-07,2025-07-07,2025,7,51.0,daily,Elm Ridge Hike+Bike RAW (1).csv,aggregated,0,0,aggregated_daily_from_hourly; source_records=24
Elm Ridge,2025-07-08,2025-07-08,2025,7,45.0,daily,Elm Ridge Hike+Bike RAW (1).csv,aggregated,0,0,aggregated_daily_from_hourly; source_records=24
Elm Ridge,2025-07-09,2025-07-09,2025,7,44.0,daily,Elm Ridge Hike+Bike RAW (1).csv,aggregated,0,0,aggregated_daily_from_hourly; source_records=24
Elm Ridge,2025-07-10,2025-07-10,2025,7,38.0,daily,Elm Ridge Hike+Bike RAW (1).csv,aggregated,0,0,aggregated_daily_from_hourly; source_records=24
Elm Ridge,2025-07-11,2025-07-11,2025,7,74.0,daily,Elm Ridge Hike+Bike RAW (1).csv,aggregated,0,0,aggregated_daily_from_hourly; source_records=24
Elm Ridge,2025-07-12,2025-07-12,2025,7,148.0,daily,Elm Ridge Hike+Bike RAW (1).csv,aggregated,0,0,aggregated_daily_from_hourly; source_records=24
Elm Ridge,2025-07-13,2025-07-13,2025,7,88.0,daily,Elm Ridge Hike+Bike RAW (1).csv,aggregated,0,0,aggregated_daily_from_hourly; source_records=24
Elm Ridge,2025-07-14,2025-07-14,2025,7,32.0,daily,Elm Ridge Hike+Bike RAW (1).csv,aggregated,0,0,aggregated_daily_from_hourly; source_records=24
Elm Ridge,2025-07-15,2025-07-15,2025,7,26.0,daily,Elm Ridge Hike+Bike RAW (1).csv,aggregated,0,0,aggregated_daily_from_hourly; source_records=24
Elm Ridge,2025-07-16,2025-07-16,2025,7,36.0,daily,Elm Ridge Hike+Bike RAW (1).csv,aggregated,0,0,aggregated_daily_from_hourly; source_records=24
Elm Ridge,2025-07-17,2025-07-17,2025,7,39.0,daily,Elm Ridge Hike+Bike RAW (1).csv,aggregated,0,0,aggregated_daily_from_hourly; source_records=24
Elm Ridge,2025-07-18,2025-07-18,2025,7,115.0,daily,Elm Ridge Hike+Bike RAW (1).csv,aggregated,0,0,aggregated_daily_from_hourly; source_records=24
Elm Ridge,2025-07-19,2025-07-19,2025,7,186.0,daily,Elm Ridge Hike+Bike RAW (1).csv,aggregated,0,0,aggregated_daily_from_hourly; source_records=24
Elm Ridge,2025-07-20,2025-07-20,2025,7,111.0,daily,Elm Ridge Hike+Bike RAW (1).csv,aggregated,0,0,aggregated_daily_from_hourly; source_records=24
Elm Ridge,2025-07-21,2025-07-21,2025,7,46.0,daily,Elm Ridge Hike+Bike RAW (1).csv,aggregated,0,0,aggregated_daily_from_hourly; source_records=23
Elm Ridge,2025-07-22,2025-07-22,2025,7,96.0,daily,Elm Ridge Hike+Bike RAW (1).csv,aggregated,0,0,aggregated_daily_from_hourly; source_records=24
Elm Ridge,2025-07-23,2025-07-23,2025,7,36.0,daily,Elm Ridge Hike+Bike RAW (1).csv,aggregated,0,0,aggregated_daily_from_hourly; source_records=24
Elm Ridge,2025-07-24,2025-07-24,2025,7,65.0,daily,Elm Ridge Hike+Bike RAW (1).csv,aggregated,0,0,aggregated_daily_from_hourly; source_records=24
Elm Ridge,2025-07-25,2025-07-25,2025,7,57.0,daily,Elm Ridge Hike+Bike RAW (1).csv,aggregated,0,0,aggregated_daily_from_hourly; source_records=24
Elm Ridge,2025-07-26,2025-07-26,2025,7,173.0,daily,Elm Ridge Hike+Bike RAW (1).csv,aggregated,0,0,aggregated_daily_from_hourly; source_records=24
Elm Ridge,2025-07-27,2025-07-27,2025,7,205.0,daily,Elm Ridge Hike+Bike RAW (1).csv,aggregated,0,0,aggregated_daily_from_hourly; source_records=24
Elm Ridge,2025-07-28,2025-07-28,2025,7,48.0,daily,Elm Ridge Hike+Bike RAW (1).csv,aggregated,0,0,aggregated_daily_from_hourly; source_records=24
Elm Ridge,2025-07-29,2025-07-29,2025,7,52.0,daily,Elm Ridge Hike+Bike RAW (1).csv,aggregated,0,0,aggregated_daily_from_hourly; source_records=24
Elm Ridge,2025-07-30,2025-07-30,2025,7,36.0,daily,Elm Ridge Hike+Bike RAW (1).csv,aggregated,0,0,aggregated_daily_from_hourly; source_records=24
Elm Ridge,2025-07-31,2025-07-31,2025,7,20.0,daily,Elm Ridge Hike+Bike RAW (1).csv,aggregated,0,0,aggregated_daily_from_hourly; source_records=24
Elm Ridge,2025-08-01,2025-08-01,2025,8,89.0,daily,Elm Ridge Hike+Bike RAW (1).csv,aggregated,0,0,aggregated_daily_from_hourly; source_records=24
Elm Ridge,2025-08-02,2025-08-02,2025,8,223.0,daily,Elm Ridge Hike+Bike RAW (1).csv,aggregated,0,0,aggregated_daily_from_hourly; source_records=24
Elm Ridge,2025-08-03,2025-08-03,2025,8,163.0,daily,Elm Ridge Hike+Bike RAW (1).csv,aggregated,0,0,aggregated_daily_from_hourly; source_records=24
Elm Ridge,2025-08-04,2025-08-04,2025,8,74.0,daily,Elm Ridge Hike+Bike RAW (1).csv,aggregated,0,0,aggregated_daily_from_hourly; source_records=24
Elm Ridge,2025-08-05,2025-08-05,2025,8,81.0,daily,Elm Ridge Hike+Bike RAW (1).csv,aggregated,0,0,aggregated_daily_from_hourly; source_records=24
Elm Ridge,2025-08-06,2025-08-06,2025,8,72.0,daily,Elm Ridge Hike+Bike RAW (1).csv,aggregated,0,0,aggregated_daily_from_hourly; source_records=24
Elm Ridge,2025-08-07,2025-08-07,2025,8,60.0,daily,Elm Ridge Hike+Bike RAW (1).csv,aggregated,0,0,aggregated_daily_from_hourly; source_records=24
Elm Ridge,2025-08-08,2025-08-08,2025,8,65.0,daily,Elm Ridge Hike+Bike RAW (1).csv,aggregated,0,0,aggregated_daily_from_hourly; source_records=24
Elm Ridge,2025-08-09,2025-08-09,2025,8,167.0,daily,Elm Ridge Hike+Bike RAW (1).csv,aggregated,0,0,aggregated_daily_from_hourly; source_records=24
Elm Ridge,2025-08-10,2025-08-10,2025,8,130.0,daily,Elm Ridge Hike+Bike RAW (1).csv,aggregated,0,0,aggregated_daily_from_hourly; source_records=24
Elm Ridge,2025-08-11,2025-08-11,2025,8,95.0,daily,Elm Ridge Hike+Bike RAW (1).csv,aggregated,0,0,aggregated_daily_from_hourly; source_records=24
Elm Ridge,2025-08-12,2025-08-12,2025,8,47.0,daily,Elm Ridge Hike+Bike RAW (1).csv,aggregated,0,0,aggregated_daily_from_hourly; source_records=24
Elm Ridge,2025-08-13,2025-08-13,2025,8,56.0,daily,Elm Ridge Hike+Bike RAW (1).csv,aggregated,0,0,aggregated_daily_from_hourly; source_records=24
Elm Ridge,2025-08-14,2025-08-14,2025,8,26.0,daily,Elm Ridge Hike+Bike RAW (1).csv,aggregated,0,0,aggregated_daily_from_hourly; source_records=24
Elm Ridge,2025-08-15,2025-08-15,2025,8,75.0,daily,Elm Ridge Hike+Bike RAW (1).csv,aggregated,0,0,aggregated_daily_from_hourly; source_records=24
Elm Ridge,2025-08-16,2025-08-16,2025,8,168.0,daily,Elm Ridge Hike+Bike RAW (1).csv,aggregated,0,0,aggregated_daily_from_hourly; source_records=24
Elm Ridge,2025-08-17,2025-08-17,2025,8,95.0,daily,Elm Ridge Hike+Bike RAW (1).csv,aggregated,0,0,aggregated_daily_from_hourly; source_records=24
Elm Ridge,2025-08-18,2025-08-18,2025,8,107.0,daily,Elm Ridge Hike+Bike RAW (1).csv,aggregated,0,0,aggregated_daily_from_hourly; source_records=23
Elm Ridge,2025-08-19,2025-08-19,2025,8,102.0,daily,Elm Ridge Hike+Bike RAW (1).csv,aggregated,0,0,aggregated_daily_from_hourly; source_records=24
Elm Ridge,2025-08-20,2025-08-20,2025,8,0.0,daily,Elm Ridge Hike+Bike RAW (1).csv,aggregated,0,0,aggregated_daily_from_hourly; source_records=24
Elm Ridge,2025-08-21,2025-08-21,2025,8,85.0,daily,Elm Ridge Hike+Bike RAW (1).csv,aggregated,0,0,aggregated_daily_from_hourly; source_records=24
Elm Ridge,2025-08-22,2025-08-22,2025,8,121.0,daily,Elm Ridge Hike+Bike RAW (1).csv,aggregated,0,0,aggregated_daily_from_hourly; source_records=24
Elm Ridge,2025-08-23,2025-08-23,2025,8,176.0,daily,Elm Ridge Hike+Bike RAW (1).csv,aggregated,0,0,aggregated_daily_from_hourly; source_records=24
Elm Ridge,2025-08-24,2025-08-24,2025,8,139.0,daily,Elm Ridge Hike+Bike RAW (1).csv,aggregated,0,0,aggregated_daily_from_hourly; source_records=24
Elm Ridge,2025-08-25,2025-08-25,2025,8,70.0,daily,Elm Ridge Hike+Bike RAW (1).csv,aggregated,0,0,aggregated_daily_from_hourly; source_records=24
Elm Ridge,2025-08-26,2025-08-26,2025,8,64.0,daily,Elm Ridge Hike+Bike RAW (1).csv,aggregated,0,0,aggregated_daily_from_hourly; source_records=24
Elm Ridge,2025-08-27,2025-08-27,2025,8,71.0,daily,Elm Ridge Hike+Bike RAW (1).csv,aggregated,0,0,aggregated_daily_from_hourly; source_records=24
Elm Ridge,2025-08-28,2025-08-28,2025,8,91.0,daily,Elm Ridge Hike+Bike RAW (1).csv,aggregated,0,0,aggregated_daily_from_hourly; source_records=24
Elm Ridge,2025-08-29,2025-08-29,2025,8,66.0,daily,Elm Ridge Hike+Bike RAW (1).csv,aggregated,0,0,aggregated_daily_from_hourly; source_records=24
Elm Ridge,2025-08-30,2025-08-30,2025,8,311.0,daily,Elm Ridge Hike+Bike RAW (1).csv,aggregated,0,0,aggregated_daily_from_hourly; source_records=24
Elm Ridge,2025-08-31,2025-08-31,2025,8,216.0,daily,Elm Ridge Hike+Bike RAW (1).csv,aggregated,0,0,aggregated_daily_from_hourly; source_records=24
Elm Ridge,2025-09-01,2025-09-01,2025,9,155.0,daily,Elm Ridge Hike+Bike RAW (1).csv,aggregated,0,0,aggregated_daily_from_hourly; source_records=24
Elm Ridge,2025-09-02,2025-09-02,2025,9,55.0,daily,Elm Ridge Hike+Bike RAW (1).csv,aggregated,0,0,aggregated_daily_from_hourly; source_records=24
Elm Ridge,2025-09-03,2025-09-03,2025,9,58.0,daily,Elm Ridge Hike+Bike RAW (1).csv,aggregated,0,0,aggregated_daily_from_hourly; source_records=24
Elm Ridge,2025-09-04,2025-09-04,2025,9,44.0,daily,Elm Ridge Hike+Bike RAW (1).csv,aggregated,0,0,aggregated_daily_from_hourly; source_records=24
Elm Ridge,2025-09-05,2025-09-05,2025,9,36.0,daily,Elm Ridge Hike+Bike RAW (1).csv,aggregated,0,0,aggregated_daily_from_hourly; source_records=24
Elm Ridge,2025-09-06,2025-09-06,2025,9,91.0,daily,Elm Ridge Hike+Bike RAW (1).csv,aggregated,0,0,aggregated_daily_from_hourly; source_records=24
Elm Ridge,2025-09-07,2025-09-07,2025,9,106.0,daily,Elm Ridge Hike+Bike RAW (1).csv,aggregated,0,0,aggregated_daily_from_hourly; source_records=24
Elm Ridge,2025-09-08,2025-09-08,2025,9,65.0,daily,Elm Ridge Hike+Bike RAW (1).csv,aggregated,0,0,aggregated_daily_from_hourly; source_records=24
Elm Ridge,2025-09-09,2025-09-09,2025,9,42.0,daily,Elm Ridge Hike+Bike RAW (1).csv,aggregated,0,0,aggregated_daily_from_hourly; source_records=24
Elm Ridge,2025-09-10,2025-09-10,2025,9,48.0,daily,Elm Ridge Hike+Bike RAW (1).csv,aggregated,0,0,aggregated_daily_from_hourly; source_records=24
Elm Ridge,2025-09-11,2025-09-11,2025,9,39.0,daily,Elm Ridge Hike+Bike RAW (1).csv,aggregated,0,0,aggregated_daily_from_hourly; source_records=24
Elm Ridge,2025-09-12,2025-09-12,2025,9,66.0,daily,Elm Ridge Hike+Bike RAW (1).csv,aggregated,0,0,aggregated_daily_from_hourly; source_records=24
Elm Ridge,2025-09-13,2025-09-13,2025,9,179.0,daily,Elm Ridge Hike+Bike RAW (1).csv,aggregated,0,0,aggregated_daily_from_hourly; source_records=24
Elm Ridge,2025-09-14,2025-09-14,2025,9,103.0,daily,Elm Ridge Hike+Bike RAW (1).csv,aggregated,0,0,aggregated_daily_from_hourly; source_records=24
Elm Ridge,2025-09-15,2025-09-15,2025,9,32.0,daily,Elm Ridge Hike+Bike RAW (1).csv,aggregated,0,0,aggregated_daily_from_hourly; source_records=24
Elm Ridge,2025-09-16,2025-09-16,2025,9,28.0,daily,Elm Ridge Hike+Bike RAW (1).csv,aggregated,0,0,aggregated_daily_from_hourly; source_records=24
Elm Ridge,2025-09-17,2025-09-17,2025,9,34.0,daily,Elm Ridge Hike+Bike RAW (1).csv,aggregated,0,0,aggregated_daily_from_hourly; source_records=24
Elm Ridge,2025-09-18,2025-09-18,2025,9,53.0,daily,Elm Ridge Hike+Bike RAW (1).csv,aggregated,0,0,aggregated_daily_from_hourly; source_records=24
Elm Ridge,2025-09-19,2025-09-19,2025,9,67.0,daily,Elm Ridge Hike+Bike RAW (1).csv,aggregated,0,0,aggregated_daily_from_hourly; source_records=24
Elm Ridge,2025-09-20,2025-09-20,2025,9,240.0,daily,Elm Ridge Hike+Bike RAW (1).csv,aggregated,0,0,aggregated_daily_from_hourly; source_records=24
Elm Ridge,2025-09-21,2025-09-21,2025,9,146.0,daily,Elm Ridge Hike+Bike RAW (1).csv,aggregated,0,0,aggregated_daily_from_hourly; source_records=24
Elm Ridge,2025-09-22,2025-09-22,2025,9,53.0,daily,Elm Ridge Hike+Bike RAW (1).csv,aggregated,0,0,aggregated_daily_from_hourly; source_records=23
Elm Ridge,2025-09-23,2025-09-23,2025,9,37.0,daily,Elm Ridge Hike+Bike RAW (1).csv,aggregated,0,0,aggregated_daily_from_hourly; source_records=24
Elm Ridge,2025-09-24,2025-09-24,2025,9,13.0,daily,Elm Ridge Hike+Bike RAW (1).csv,aggregated,0,0,aggregated_daily_from_hourly; source_records=24
Elm Ridge,2025-09-25,2025-09-25,2025,9,9.0,daily,Elm Ridge Hike+Bike RAW (1).csv,aggregated,0,0,aggregated_daily_from_hourly; source_records=24
Elm Ridge,2025-09-26,2025-09-26,2025,9,50.0,daily,Elm Ridge Hike+Bike RAW (1).csv,aggregated,0,0,aggregated_daily_from_hourly; source_records=24
Elm Ridge,2025-09-27,2025-09-27,2025,9,159.0,daily,Elm Ridge Hike+Bike RAW (1).csv,aggregated,0,0,aggregated_daily_from_hourly; source_records=24
Elm Ridge,2025-09-28,2025-09-28,2025,9,183.0,daily,Elm Ridge Hike+Bike RAW (1).csv,aggregated,0,0,aggregated_daily_from_hourly; source_records=24
Elm Ridge,2025-09-29,2025-09-29,2025,9,30.0,daily,Elm Ridge Hike+Bike RAW (1).csv,aggregated,0,0,aggregated_daily_from_hourly; source_records=24
Elm Ridge,2025-09-30,2025-09-30,2025,9,29.0,daily,Elm Ridge Hike+Bike RAW (1).csv,aggregated,0,0,aggregated_daily_from_hourly; source_records=24
Elm Ridge,2025-10-01,2025-10-01,2025,10,39.0,daily,Elm Ridge Hike+Bike RAW (1).csv,aggregated,0,0,aggregated_daily_from_hourly; source_records=24
Elm Ridge,2025-10-02,2025-10-02,2025,10,52.0,daily,Elm Ridge Hike+Bike RAW (1).csv,aggregated,0,0,aggregated_daily_from_hourly; source_records=24
Elm Ridge,2025-10-03,2025-10-03,2025,10,87.0,daily,Elm Ridge Hike+Bike RAW (1).csv,aggregated,0,0,aggregated_daily_from_hourly; source_records=24
Elm Ridge,2025-10-04,2025-10-04,2025,10,172.0,daily,Elm Ridge Hike+Bike RAW (1).csv,aggregated,0,0,aggregated_daily_from_hourly; source_records=24
Elm Ridge,2025-10-05,2025-10-05,2025,10,116.0,daily,Elm Ridge Hike+Bike RAW (1).csv,aggregated,0,0,aggregated_daily_from_hourly; source_records=24
Elm Ridge,2025-10-06,2025-10-06,2025,10,43.0,daily,Elm Ridge Hike+Bike RAW (1).csv,aggregated,0,0,aggregated_daily_from_hourly; source_records=24
Elm Ridge,2025-10-07,2025-10-07,2025,10,53.0,daily,Elm Ridge Hike+Bike RAW (1).csv,aggregated,0,0,aggregated_daily_from_hourly; source_records=24
Elm Ridge,2025-10-08,2025-10-08,2025,10,41.0,daily,Elm Ridge Hike+Bike RAW (1).csv,aggregated,0,0,aggregated_daily_from_hourly; source_records=24
Elm Ridge,2025-10-09,2025-10-09,2025,10,48.0,daily,Elm Ridge Hike+Bike RAW (1).csv,aggregated,0,0,aggregated_daily_from_hourly; source_records=24
Elm Ridge,2025-10-10,2025-10-10,2025,10,74.0,daily,Elm Ridge Hike+Bike RAW (1).csv,aggregated,0,0,aggregated_daily_from_hourly; source_records=24
Elm Ridge,2025-10-11,2025-10-11,2025,10,298.0,daily,Elm Ridge Hike+Bike RAW (1).csv,aggregated,0,0,aggregated_daily_from_hourly; source_records=24
Elm Ridge,2025-10-12,2025-10-12,2025,10,143.0,daily,Elm Ridge Hike+Bike RAW (1).csv,aggregated,0,0,aggregated_daily_from_hourly; source_records=24
Elm Ridge,2025-10-13,2025-10-13,2025,10,3.0,daily,Elm Ridge Hike+Bike RAW (1).csv,aggregated,0,0,aggregated_daily_from_hourly; source_records=24
Elm Ridge,2025-10-14,2025-10-14,2025,10,45.0,daily,Elm Ridge Hike+Bike RAW (1).csv,aggregated,0,0,aggregated_daily_from_hourly; source_records=24
Elm Ridge,2025-10-15,2025-10-15,2025,10,42.0,daily,Elm Ridge Hike+Bike RAW (1).csv,aggregated,0,0,aggregated_daily_from_hourly; source_records=24
Elm Ridge,2025-10-16,2025-10-16,2025,10,30.0,daily,Elm Ridge Hike+Bike RAW (1).csv,aggregated,0,0,aggregated_daily_from_hourly; source_records=24
Elm Ridge,2025-10-17,2025-10-17,2025,10,77.0,daily,Elm Ridge Hike+Bike RAW (1).csv,aggregated,0,0,aggregated_daily_from_hourly; source_records=24
Elm Ridge,2025-10-18,2025-10-18,2025,10,283.0,daily,Elm Ridge Hike+Bike RAW (1).csv,aggregated,0,0,aggregated_daily_from_hourly; source_records=24
Elm Ridge,2025-10-19,2025-10-19,2025,10,178.0,daily,Elm Ridge Hike+Bike RAW (1).csv,aggregated,0,0,aggregated_daily_from_hourly; source_records=24
Elm Ridge,2025-10-20,2025-10-20,2025,10,9.0,daily,Elm Ridge Hike+Bike RAW (1).csv,aggregated,0,0,aggregated_daily_from_hourly; source_records=24
Elm Ridge,2025-10-21,2025-10-21,2025,10,75.0,daily,Elm Ridge Hike+Bike RAW (1).csv,aggregated,0,0,aggregated_daily_from_hourly; source_records=24
Elm Ridge,2025-10-22,2025-10-22,2025,10,15.0,daily,Elm Ridge Hike+Bike RAW (1).csv,aggregated,0,0,aggregated_daily_from_hourly; source_records=24
Elm Ridge,2025-10-23,2025-10-23,2025,10,35.0,daily,Elm Ridge Hike+Bike RAW (1).csv,aggregated,0,0,aggregated_daily_from_hourly; source_records=24
Elm Ridge,2025-10-24,2025-10-24,2025,10,41.0,daily,Elm Ridge Hike+Bike RAW (1).csv,aggregated,0,0,aggregated_daily_from_hourly; source_records=24
Elm Ridge,2025-10-25,2025-10-25,2025,10,181.0,daily,Elm Ridge Hike+Bike RAW (1).csv,aggregated,0,0,aggregated_daily_from_hourly; source_records=24
Elm Ridge,2025-10-26,2025-10-26,2025,10,129.0,daily,Elm Ridge Hike+Bike RAW (1).csv,aggregated,0,0,aggregated_daily_from_hourly; source_records=24
Elm Ridge,2025-10-27,2025-10-27,2025,10,56.0,daily,Elm Ridge Hike+Bike RAW (1).csv,aggregated,0,0,aggregated_daily_from_hourly; source_records=24
Elm Ridge,2025-10-28,2025-10-28,2025,10,37.0,daily,Elm Ridge Hike+Bike RAW (1).csv,aggregated,0,0,aggregated_daily_from_hourly; source_records=24
Elm Ridge,2025-10-29,2025-10-29,2025,10,30.0,daily,Elm Ridge Hike+Bike RAW (1).csv,aggregated,0,0,aggregated_daily_from_hourly; source_records=24
Elm Ridge,2025-10-30,2025-10-30,2025,10,0.0,daily,Elm Ridge Hike+Bike RAW (1).csv,aggregated,0,0,aggregated_daily_from_hourly; source_records=24
Elm Ridge,2025-10-31,2025-10-31,2025,10,3.0,daily,Elm Ridge Hike+Bike RAW (1).csv,aggregated,0,0,aggregated_daily_from_hourly; source_records=24
Elm Ridge,2025-11-01,2025-11-01,2025,11,84.0,daily,Elm Ridge Hike+Bike RAW (1).csv,aggregated,0,0,aggregated_daily_from_hourly; source_records=24
Elm Ridge,2025-11-02,2025-11-02,2025,11,78.0,daily,Elm Ridge Hike+Bike RAW (1).csv,aggregated,0,0,aggregated_daily_from_hourly; source_records=24
Elm Ridge,2025-11-03,2025-11-03,2025,11,27.0,daily,Elm Ridge Hike+Bike RAW (1).csv,aggregated,0,0,aggregated_daily_from_hourly; source_records=24
Elm Ridge,2025-11-04,2025-11-04,2025,11,44.0,daily,Elm Ridge Hike+Bike RAW (1).csv,aggregated,0,0,aggregated_daily_from_hourly; source_records=24
Elm Ridge,2025-11-05,2025-11-05,2025,11,41.0,daily,Elm Ridge Hike+Bike RAW (1).csv,aggregated,0,0,aggregated_daily_from_hourly; source_records=24
Elm Ridge,2025-11-06,2025-11-06,2025,11,20.0,daily,Elm Ridge Hike+Bike RAW (1).csv,aggregated,0,0,aggregated_daily_from_hourly; source_records=24
Elm Ridge,2025-11-07,2025-11-07,2025,11,80.0,daily,Elm Ridge Hike+Bike RAW (1).csv,aggregated,0,0,aggregated_daily_from_hourly; source_records=24
Elm Ridge,2025-11-08,2025-11-08,2025,11,228.0,daily,Elm Ridge Hike+Bike RAW (1).csv,aggregated,0,0,aggregated_daily_from_hourly; source_records=24
Elm Ridge,2025-11-09,2025-11-09,2025,11,21.0,daily,Elm Ridge Hike+Bike RAW (1).csv,aggregated,0,0,aggregated_daily_from_hourly; source_records=24
Elm Ridge,2025-11-10,2025-11-10,2025,11,10.0,daily,Elm Ridge Hike+Bike RAW (1).csv,aggregated,0,0,aggregated_daily_from_hourly; source_records=24
Elm Ridge,2025-11-11,2025-11-11,2025,11,14.0,daily,Elm Ridge Hike+Bike RAW (1).csv,aggregated,0,0,aggregated_daily_from_hourly; source_records=24
Elm Ridge,2025-11-12,2025-11-12,2025,11,8.0,daily,Elm Ridge Hike+Bike RAW (1).csv,aggregated,0,0,aggregated_daily_from_hourly; source_records=24
Elm Ridge,2025-11-13,2025-11-13,2025,11,0.0,daily,Elm Ridge Hike+Bike RAW (1).csv,aggregated,0,0,aggregated_daily_from_hourly; source_records=24
Elm Ridge,2025-11-14,2025-11-14,2025,11,29.0,daily,Elm Ridge Hike+Bike RAW (1).csv,aggregated,0,0,aggregated_daily_from_hourly; source_records=24
Elm Ridge,2025-11-15,2025-11-15,2025,11,138.0,daily,Elm Ridge Hike+Bike RAW (1).csv,aggregated,0,0,aggregated_daily_from_hourly; source_records=24
Elm Ridge,2025-11-16,2025-11-16,2025,11,15.0,daily,Elm Ridge Hike+Bike RAW (1).csv,aggregated,0,0,aggregated_daily_from_hourly; source_records=24
Elm Ridge,2025-11-17,2025-11-17,2025,11,19.0,daily,Elm Ridge Hike+Bike RAW (1).csv,aggregated,0,0,aggregated_daily_from_hourly; source_records=24
Elm Ridge,2025-11-18,2025-11-18,2025,11,15.0,daily,Elm Ridge Hike+Bike RAW (1).csv,aggregated,0,0,aggregated_daily_from_hourly; source_records=24
Elm Ridge,2025-11-19,2025-11-19,2025,11,10.0,daily,Elm Ridge Hike+Bike RAW (1).csv,aggregated,0,0,aggregated_daily_from_hourly; source_records=24
Elm Ridge,2025-11-20,2025-11-20,2025,11,26.0,daily,Elm Ridge Hike+Bike RAW (1).csv,aggregated,0,0,aggregated_daily_from_hourly; source_records=24
Elm Ridge,2025-11-21,2025-11-21,2025,11,16.0,daily,Elm Ridge Hike+Bike RAW (1).csv,aggregated,0,0,aggregated_daily_from_hourly; source_records=24
Elm Ridge,2025-11-22,2025-11-22,2025,11,66.0,daily,Elm Ridge Hike+Bike RAW (1).csv,aggregated,0,0,aggregated_daily_from_hourly; source_records=24
Elm Ridge,2025-11-23,2025-11-23,2025,11,45.0,daily,Elm Ridge Hike+Bike RAW (1).csv,aggregated,0,0,aggregated_daily_from_hourly; source_records=24
Elm Ridge,2025-11-24,2025-11-24,2025,11,35.0,daily,Elm Ridge Hike+Bike RAW (1).csv,aggregated,0,0,aggregated_daily_from_hourly; source_records=24
Elm Ridge,2025-11-25,2025-11-25,2025,11,14.0,daily,Elm Ridge Hike+Bike RAW (1).csv,aggregated,0,0,aggregated_daily_from_hourly; source_records=24
Elm Ridge,2025-11-26,2025-11-26,2025,11,39.0,daily,Elm Ridge Hike+Bike RAW (1).csv,aggregated,0,0,aggregated_daily_from_hourly; source_records=24
Elm Ridge,2025-11-27,2025-11-27,2025,11,101.0,daily,Elm Ridge Hike+Bike RAW (1).csv,aggregated,0,0,aggregated_daily_from_hourly; source_records=24
Elm Ridge,2025-11-28,2025-11-28,2025,11,58.0,daily,Elm Ridge Hike+Bike RAW (1).csv,aggregated,0,0,aggregated_daily_from_hourly; source_records=24
Elm Ridge,2025-11-29,2025-11-29,2025,11,115.0,daily,Elm Ridge Hike+Bike RAW (1).csv,aggregated,0,0,aggregated_daily_from_hourly; source_records=24
Elm Ridge,2025-11-30,2025-11-30,2025,11,25.0,daily,Elm Ridge Hike+Bike RAW (1).csv,aggregated,0,0,aggregated_daily_from_hourly; source_records=24
Elm Ridge,2025-12-01,2025-12-01,2025,12,13.0,daily,Elm Ridge Hike+Bike RAW (1).csv,aggregated,0,0,aggregated_daily_from_hourly; source_records=24
Elm Ridge,2025-12-02,2025-12-02,2025,12,0.0,daily,Elm Ridge Hike+Bike RAW (1).csv,aggregated,0,0,aggregated_daily_from_hourly; source_records=24
Elm Ridge,2025-12-03,2025-12-03,2025,12,2.0,daily,Elm Ridge Hike+Bike RAW (1).csv,aggregated,0,0,aggregated_daily_from_hourly; source_records=24
Elm Ridge,2025-12-04,2025-12-04,2025,12,7.0,daily,Elm Ridge Hike+Bike RAW (1).csv,aggregated,0,0,aggregated_daily_from_hourly; source_records=24
Elm Ridge,2025-12-05,2025-12-05,2025,12,11.0,daily,Elm Ridge Hike+Bike RAW (1).csv,aggregated,0,0,aggregated_daily_from_hourly; source_records=24
Elm Ridge,2025-12-06,2025-12-06,2025,12,24.0,daily,Elm Ridge Hike+Bike RAW (1).csv,aggregated,0,0,aggregated_daily_from_hourly; source_records=24
Elm Ridge,2025-12-07,2025-12-07,2025,12,22.0,daily,Elm Ridge Hike+Bike RAW (1).csv,aggregated,0,0,aggregated_daily_from_hourly; source_records=24
Elm Ridge,2025-12-08,2025-12-08,2025,12,3.0,daily,Elm Ridge Hike+Bike RAW (1).csv,aggregated,0,0,aggregated_daily_from_hourly; source_records=24
Elm Ridge,2025-12-09,2025-12-09,2025,12,4.0,daily,Elm Ridge Hike+Bike RAW (1).csv,aggregated,0,0,aggregated_daily_from_hourly; source_records=24
Elm Ridge,2025-12-10,2025-12-10,2025,12,0.0,daily,Elm Ridge Hike+Bike RAW (1).csv,aggregated,0,0,aggregated_daily_from_hourly; source_records=24
Elm Ridge,2025-12-11,2025-12-11,2025,12,8.0,daily,Elm Ridge Hike+Bike RAW (1).csv,aggregated,0,0,aggregated_daily_from_hourly; source_records=24
Elm Ridge,2025-12-12,2025-12-12,2025,12,5.0,daily,Elm Ridge Hike+Bike RAW (1).csv,aggregated,0,0,aggregated_daily_from_hourly; source_records=24
Elm Ridge,2025-12-13,2025-12-13,2025,12,72.0,daily,Elm Ridge Hike+Bike RAW (1).csv,aggregated,0,0,aggregated_daily_from_hourly; source_records=24
Elm Ridge,2025-12-14,2025-12-14,2025,12,20.0,daily,Elm Ridge Hike+Bike RAW (1).csv,aggregated,0,0,aggregated_daily_from_hourly; source_records=24
Elm Ridge,2025-12-15,2025-12-15,2025,12,6.0,daily,Elm Ridge Hike+Bike RAW (1).csv,aggregated,0,0,aggregated_daily_from_hourly; source_records=24
Elm Ridge,2025-12-16,2025-12-16,2025,12,0.0,daily,Elm Ridge Hike+Bike RAW (1).csv,aggregated,0,0,aggregated_daily_from_hourly; source_records=24
Elm Ridge,2025-12-17,2025-12-17,2025,12,2.0,daily,Elm Ridge Hike+Bike RAW (1).csv,aggregated,0,0,aggregated_daily_from_hourly; source_records=24
Elm Ridge,2025-12-18,2025-12-18,2025,12,16.0,daily,Elm Ridge Hike+Bike RAW (1).csv,aggregated,0,0,aggregated_daily_from_hourly; source_records=24
Elm Ridge,2025-12-19,2025-12-19,2025,12,0.0,daily,Elm Ridge Hike+Bike RAW (1).csv,aggregated,0,0,aggregated_daily_from_hourly; source_records=24
Elm Ridge,2025-12-20,2025-12-20,2025,12,14.0,daily,Elm Ridge Hike+Bike RAW (1).csv,aggregated,0,0,aggregated_daily_from_hourly; source_records=24
Elm Ridge,2025-12-21,2025-12-21,2025,12,28.0,daily,Elm Ridge Hike+Bike RAW (1).csv,aggregated,0,0,aggregated_daily_from_hourly; source_records=24
Elm Ridge,2025-12-22,2025-12-22,2025,12,19.0,daily,Elm Ridge Hike+Bike RAW (1).csv,aggregated,0,0,aggregated_daily_from_hourly; source_records=24
Elm Ridge,2025-12-23,2025-12-23,2025,12,22.0,daily,Elm Ridge Hike+Bike RAW (1).csv,aggregated,0,0,aggregated_daily_from_hourly; source_records=24
Elm Ridge,2025-12-24,2025-12-24,2025,12,9.0,daily,Elm Ridge Hike+Bike RAW (1).csv,aggregated,0,0,aggregated_daily_from_hourly; source_records=24
Elm Ridge,2025-12-25,2025-12-25,2025,12,51.0,daily,Elm Ridge Hike+Bike RAW (1).csv,aggregated,0,0,aggregated_daily_from_hourly; source_records=24
Elm Ridge,2025-12-26,2025-12-26,2025,12,45.0,daily,Elm Ridge Hike+Bike RAW (1).csv,aggregated,0,0,aggregated_daily_from_hourly; source_records=24
Elm Ridge,2025-12-27,2025-12-27,2025,12,29.0,daily,Elm Ridge Hike+Bike RAW (1).csv,aggregated,0,0,aggregated_daily_from_hourly; source_records=24
Elm Ridge,2025-12-28,2025-12-28,2025,12,74.0,daily,Elm Ridge Hike+Bike RAW (1).csv,aggregated,0,0,aggregated_daily_from_hourly; source_records=24
Elm Ridge,2025-12-29,2025-12-29,2025,12,18.0,daily,Elm Ridge Hike+Bike RAW (1).csv,aggregated,0,0,aggregated_daily_from_hourly; source_records=24
Elm Ridge,2025-12-30,2025-12-30,2025,12,7.0,daily,Elm Ridge Hike+Bike RAW (1).csv,aggregated,0,0,aggregated_daily_from_hourly; source_records=24
Elm Ridge,2025-12-31,2025-12-31,2025,12,29.0,daily,Elm Ridge Hike+Bike RAW (1).csv,aggregated,0,0,aggregated_daily_from_hourly; source_records=24
Elm Ridge,2026-01-01,2026-01-01,2026,1,26.0,daily,Elm Ridge Hike+Bike RAW (1).csv,aggregated,0,0,aggregated_daily_from_hourly; source_records=24
Elm Ridge,2026-01-02,2026-01-02,2026,1,42.0,daily,Elm Ridge Hike+Bike RAW (1).csv,aggregated,0,0,aggregated_daily_from_hourly; source_records=24
Elm Ridge,2026-01-03,2026-01-03,2026,1,52.0,daily,Elm Ridge Hike+Bike RAW (1).csv,aggregated,0,0,aggregated_daily_from_hourly; source_records=24
Elm Ridge,2026-01-04,2026-01-04,2026,1,62.0,daily,Elm Ridge Hike+Bike RAW (1).csv,aggregated,0,0,aggregated_daily_from_hourly; source_records=24
Elm Ridge,2026-01-05,2026-01-05,2026,1,8.0,daily,Elm Ridge Hike+Bike RAW (1).csv,aggregated,0,0,aggregated_daily_from_hourly; source_records=24
Elm Ridge,2026-01-06,2026-01-06,2026,1,3.0,daily,Elm Ridge Hike+Bike RAW (1).csv,aggregated,0,0,aggregated_daily_from_hourly; source_records=23
Elm Ridge,2026-01-07,2026-01-07,2026,1,22.0,daily,Elm Ridge Hike+Bike RAW (1).csv,aggregated,0,0,aggregated_daily_from_hourly; source_records=24
Elm Ridge,2026-01-08,2026-01-08,2026,1,11.0,daily,Elm Ridge Hike+Bike RAW (1).csv,aggregated,0,0,aggregated_daily_from_hourly; source_records=24
Elm Ridge,2026-01-09,2026-01-09,2026,1,8.0,daily,Elm Ridge Hike+Bike RAW (1).csv,aggregated,0,0,aggregated_daily_from_hourly; source_records=24
Elm Ridge,2026-01-10,2026-01-10,2026,1,25.0,daily,Elm Ridge Hike+Bike RAW (1).csv,aggregated,0,0,aggregated_daily_from_hourly; source_records=24
Elm Ridge,2026-01-11,2026-01-11,2026,1,50.0,daily,Elm Ridge Hike+Bike RAW (1).csv,aggregated,0,0,aggregated_daily_from_hourly; source_records=24
Elm Ridge,2026-01-12,2026-01-12,2026,1,6.0,daily,Elm Ridge Hike+Bike RAW (1).csv,aggregated,0,0,aggregated_daily_from_hourly; source_records=24
Elm Ridge,2026-01-13,2026-01-13,2026,1,12.0,daily,Elm Ridge Hike+Bike RAW (1).csv,aggregated,0,0,aggregated_daily_from_hourly; source_records=24
Elm Ridge,2026-01-14,2026-01-14,2026,1,12.0,daily,Elm Ridge Hike+Bike RAW (1).csv,aggregated,0,0,aggregated_daily_from_hourly; source_records=24
Elm Ridge,2026-01-15,2026-01-15,2026,1,13.0,daily,Elm Ridge Hike+Bike RAW (1).csv,aggregated,0,0,aggregated_daily_from_hourly; source_records=24
Elm Ridge,2026-01-16,2026-01-16,2026,1,16.0,daily,Elm Ridge Hike+Bike RAW (1).csv,aggregated,0,0,aggregated_daily_from_hourly; source_records=24
Elm Ridge,2026-01-17,2026-01-17,2026,1,79.0,daily,Elm Ridge Hike+Bike RAW (1).csv,aggregated,0,0,aggregated_daily_from_hourly; source_records=24
Elm Ridge,2026-01-18,2026-01-18,2026,1,83.0,daily,Elm Ridge Hike+Bike RAW (1).csv,aggregated,0,0,aggregated_daily_from_hourly; source_records=24
Elm Ridge,2026-01-19,2026-01-19,2026,1,23.0,daily,Elm Ridge Hike+Bike RAW (1).csv,aggregated,0,0,aggregated_daily_from_hourly; source_records=24
Elm Ridge,2026-01-20,2026-01-20,2026,1,4.0,daily,Elm Ridge Hike+Bike RAW (1).csv,aggregated,0,0,aggregated_daily_from_hourly; source_records=24
Elm Ridge,2026-01-21,2026-01-21,2026,1,2.0,daily,Elm Ridge Hike+Bike RAW (1).csv,aggregated,0,0,aggregated_daily_from_hourly; source_records=24
Elm Ridge,2026-01-22,2026-01-22,2026,1,22.0,daily,Elm Ridge Hike+Bike RAW (1).csv,aggregated,0,0,aggregated_daily_from_hourly; source_records=24
Elm Ridge,2026-01-23,2026-01-23,2026,1,12.0,daily,Elm Ridge Hike+Bike RAW (1).csv,aggregated,0,0,aggregated_daily_from_hourly; source_records=24
Elm Ridge,2026-01-24,2026-01-24,2026,1,2.0,daily,Elm Ridge Hike+Bike RAW (1).csv,aggregated,0,0,aggregated_daily_from_hourly; source_records=24
Elm Ridge,2026-01-25,2026-01-25,2026,1,6.0,daily,Elm Ridge Hike+Bike RAW (1).csv,aggregated,0,0,aggregated_daily_from_hourly; source_records=24
Elm Ridge,2026-01-26,2026-01-26,2026,1,0.0,daily,Elm Ridge Hike+Bike RAW (1).csv,aggregated,0,0,aggregated_daily_from_hourly; source_records=24
Elm Ridge,2026-01-27,2026-01-27,2026,1,2.0,daily,Elm Ridge Hike+Bike RAW (1).csv,aggregated,0,0,aggregated_daily_from_hourly; source_records=24
Elm Ridge,2026-01-28,2026-01-28,2026,1,7.0,daily,Elm Ridge Hike+Bike RAW (1).csv,aggregated,0,0,aggregated_daily_from_hourly; source_records=24
Elm Ridge,2026-01-29,2026-01-29,2026,1,24.0,daily,Elm Ridge Hike+Bike RAW (1).csv,aggregated,0,0,aggregated_daily_from_hourly; source_records=24
Elm Ridge,2026-01-30,2026-01-30,2026,1,2.0,daily,Elm Ridge Hike+Bike RAW (1).csv,aggregated,0,0,aggregated_daily_from_hourly; source_records=24
Elm Ridge,2026-01-31,2026-01-31,2026,1,39.0,daily,Elm Ridge Hike+Bike RAW (1).csv,aggregated,0,0,aggregated_daily_from_hourly; source_records=24
Elm Ridge,2026-02-01,2026-02-01,2026,2,26.0,daily,Elm Ridge Hike+Bike RAW (1).csv,aggregated,0,0,aggregated_daily_from_hourly; source_records=24
Elm Ridge,2026-02-02,2026-02-02,2026,2,6.0,daily,Elm Ridge Hike+Bike RAW (1).csv,aggregated,0,0,aggregated_daily_from_hourly; source_records=24
Elm Ridge,2026-02-03,2026-02-03,2026,2,8.0,daily,Elm Ridge Hike+Bike RAW (1).csv,aggregated,0,0,aggregated_daily_from_hourly; source_records=24
Elm Ridge,2026-02-04,2026-02-04,2026,2,26.0,daily,Elm Ridge Hike+Bike RAW (1).csv,aggregated,0,0,aggregated_daily_from_hourly; source_records=24
Elm Ridge,2026-02-05,2026-02-05,2026,2,0.0,daily,Elm Ridge Hike+Bike RAW (1).csv,aggregated,0,0,aggregated_daily_from_hourly; source_records=23
Elm Ridge,2026-02-06,2026-02-06,2026,2,10.0,daily,Elm Ridge Hike+Bike RAW (1).csv,aggregated,0,0,aggregated_daily_from_hourly; source_records=24
Elm Ridge,2026-02-07,2026-02-07,2026,2,6.0,daily,Elm Ridge Hike+Bike RAW (1).csv,aggregated,0,0,aggregated_daily_from_hourly; source_records=24
Elm Ridge,2026-02-08,2026-02-08,2026,2,8.0,daily,Elm Ridge Hike+Bike RAW (1).csv,aggregated,0,0,aggregated_daily_from_hourly; source_records=24
Elm Ridge,2026-02-09,2026-02-09,2026,2,4.0,daily,Elm Ridge Hike+Bike RAW (1).csv,aggregated,0,0,aggregated_daily_from_hourly; source_records=24
Elm Ridge,2026-02-10,2026-02-10,2026,2,13.0,daily,Elm Ridge Hike+Bike RAW (1).csv,aggregated,0,0,aggregated_daily_from_hourly; source_records=24
Elm Ridge,2026-02-11,2026-02-11,2026,2,10.0,daily,Elm Ridge Hike+Bike RAW (1).csv,aggregated,0,0,aggregated_daily_from_hourly; source_records=24
Elm Ridge,2026-02-12,2026-02-12,2026,2,32.0,daily,Elm Ridge Hike+Bike RAW (1).csv,aggregated,0,0,aggregated_daily_from_hourly; source_records=24
Elm Ridge,2026-02-13,2026-02-13,2026,2,13.0,daily,Elm Ridge Hike+Bike RAW (1).csv,aggregated,0,0,aggregated_daily_from_hourly; source_records=24
Elm Ridge,2026-02-14,2026-02-14,2026,2,79.0,daily,Elm Ridge Hike+Bike RAW (1).csv,aggregated,0,0,aggregated_daily_from_hourly; source_records=24
Elm Ridge,2026-02-15,2026-02-15,2026,2,49.0,daily,Elm Ridge Hike+Bike RAW (1).csv,aggregated,0,0,aggregated_daily_from_hourly; source_records=24
Elm Ridge,2026-02-16,2026-02-16,2026,2,43.0,daily,Elm Ridge Hike+Bike RAW (1).csv,aggregated,0,0,aggregated_daily_from_hourly; source_records=24
Elm Ridge,2026-02-17,2026-02-17,2026,2,27.0,daily,Elm Ridge Hike+Bike RAW (1).csv,aggregated,0,0,aggregated_daily_from_hourly; source_records=24
Elm Ridge,2026-02-18,2026-02-18,2026,2,4.0,daily,Elm Ridge Hike+Bike RAW (1).csv,aggregated,0,0,aggregated_daily_from_hourly; source_records=24
Elm Ridge,2026-02-19,2026-02-19,2026,2,16.0,daily,Elm Ridge Hike+Bike RAW (1).csv,aggregated,0,0,aggregated_daily_from_hourly; source_records=24
Elm Ridge,2026-02-20,2026-02-20,2026,2,2.0,daily,Elm Ridge Hike+Bike RAW (1).csv,aggregated,0,0,aggregated_daily_from_hourly; source_records=24
Elm Ridge,2026-02-21,2026-02-21,2026,2,20.0,daily,Elm Ridge Hike+Bike RAW (1).csv,aggregated,0,0,aggregated_daily_from_hourly; source_records=24
Elm Ridge,2026-02-22,2026-02-22,2026,2,23.0,daily,Elm Ridge Hike+Bike RAW (1).csv,aggregated,0,0,aggregated_daily_from_hourly; source_records=24
Elm Ridge,2026-02-23,2026-02-23,2026,2,0.0,daily,Elm Ridge Hike+Bike RAW (1).csv,aggregated,0,0,aggregated_daily_from_hourly; source_records=24
Elm Ridge,2026-02-24,2026-02-24,2026,2,19.0,daily,Elm Ridge Hike+Bike RAW (1).csv,aggregated,0,0,aggregated_daily_from_hourly; source_records=24
Elm Ridge,2026-02-25,2026-02-25,2026,2,11.0,daily,Elm Ridge Hike+Bike RAW (1).csv,aggregated,0,0,aggregated_daily_from_hourly; source_records=24
Elm Ridge,2026-02-26,2026-02-26,2026,2,4.0,daily,Elm Ridge Hike+Bike RAW (1).csv,aggregated,0,0,aggregated_daily_from_hourly; source_records=24
Elm Ridge,2026-02-27,2026-02-27,2026,2,13.0,daily,Elm Ridge Hike+Bike RAW (1).csv,aggregated,0,0,aggregated_daily_from_hourly; source_records=24
Elm Ridge,2026-02-28,2026-02-28,2026,2,35.0,daily,Elm Ridge Hike+Bike RAW (1).csv,aggregated,0,0,aggregated_daily_from_hourly; source_records=24
Elm Ridge,2026-03-01,2026-03-01,2026,3,30.0,daily,Elm Ridge Hike+Bike RAW (1).csv,aggregated,0,0,aggregated_daily_from_hourly; source_records=24
Elm Ridge,2026-03-02,2026-03-02,2026,3,7.0,daily,Elm Ridge Hike+Bike RAW (1).csv,aggregated,0,0,aggregated_daily_from_hourly; source_records=24
Elm Ridge,2026-03-03,2026-03-03,2026,3,0.0,daily,Elm Ridge Hike+Bike RAW (1).csv,aggregated,0,0,aggregated_daily_from_hourly; source_records=24
Elm Ridge,2026-03-04,2026-03-04,2026,3,0.0,daily,Elm Ridge Hike+Bike RAW (1).csv,aggregated,0,0,aggregated_daily_from_hourly; source_records=24
Elm Ridge,2026-03-05,2026-03-05,2026,3,0.0,daily,Elm Ridge Hike+Bike RAW (1).csv,aggregated,0,0,aggregated_daily_from_hourly; source_records=24
Elm Ridge,2026-03-06,2026-03-06,2026,3,18.0,daily,Elm Ridge Hike+Bike RAW (1).csv,aggregated,0,0,aggregated_daily_from_hourly; source_records=24
Elm Ridge,2026-03-07,2026-03-07,2026,3,69.0,daily,Elm Ridge Hike+Bike RAW (1).csv,aggregated,0,0,aggregated_daily_from_hourly; source_records=24
Elm Ridge,2026-03-08,2026-03-08,2026,3,8.0,daily,Elm Ridge Hike+Bike RAW (1).csv,aggregated,0,0,aggregated_daily_from_hourly; source_records=24
Elm Ridge,2026-03-09,2026-03-09,2026,3,23.0,daily,Elm Ridge Hike+Bike RAW (1).csv,aggregated,0,0,aggregated_daily_from_hourly; source_records=24
Elm Ridge,2026-03-10,2026-03-10,2026,3,21.0,daily,Elm Ridge Hike+Bike RAW (1).csv,aggregated,0,0,aggregated_daily_from_hourly; source_records=24
Elm Ridge,2026-03-11,2026-03-11,2026,3,22.0,daily,Elm Ridge Hike+Bike RAW (1).csv,aggregated,0,0,aggregated_daily_from_hourly; source_records=22
Elm Ridge,2026-03-12,2026-03-12,2026,3,0.0,daily,Elm Ridge Hike+Bike RAW (1).csv,aggregated,0,0,aggregated_daily_from_hourly; source_records=24
Elm Ridge,2026-03-13,2026-03-13,2026,3,8.0,daily,Elm Ridge Hike+Bike RAW (1).csv,aggregated,0,0,aggregated_daily_from_hourly; source_records=24
Elm Ridge,2026-03-14,2026-03-14,2026,3,52.0,daily,Elm Ridge Hike+Bike RAW (1).csv,aggregated,0,0,aggregated_daily_from_hourly; source_records=24
Elm Ridge,2026-03-15,2026-03-15,2026,3,68.0,daily,Elm Ridge Hike+Bike RAW (1).csv,aggregated,0,0,aggregated_daily_from_hourly; source_records=24
Elm Ridge,2026-03-16,2026-03-16,2026,3,2.0,daily,Elm Ridge Hike+Bike RAW (1).csv,aggregated,0,0,aggregated_daily_from_hourly; source_records=24
Elm Ridge,2026-03-17,2026-03-17,2026,3,5.0,daily,Elm Ridge Hike+Bike RAW (1).csv,aggregated,0,0,aggregated_daily_from_hourly; source_records=24
Elm Ridge,2026-03-18,2026-03-18,2026,3,13.0,daily,Elm Ridge Hike+Bike RAW (1).csv,aggregated,0,0,aggregated_daily_from_hourly; source_records=24
Elm Ridge,2026-03-19,2026-03-19,2026,3,6.0,daily,Elm Ridge Hike+Bike RAW (1).csv,aggregated,0,0,aggregated_daily_from_hourly; source_records=24
Elm Ridge,2026-03-20,2026-03-20,2026,3,23.0,daily,Elm Ridge Hike+Bike RAW (1).csv,aggregated,0,0,aggregated_daily_from_hourly; source_records=24
Elm Ridge,2026-03-21,2026-03-21,2026,3,79.0,daily,Elm Ridge Hike+Bike RAW (1).csv,aggregated,0,0,aggregated_daily_from_hourly; source_records=24
Elm Ridge,2026-03-22,2026-03-22,2026,3,13.0,daily,Elm Ridge Hike+Bike RAW (1).csv,aggregated,0,0,aggregated_daily_from_hourly; source_records=24
Elm Ridge,2026-03-23,2026-03-23,2026,3,2.0,daily,Elm Ridge Hike+Bike RAW (1).csv,aggregated,0,0,aggregated_daily_from_hourly; source_records=24
Elm Ridge,2026-03-24,2026-03-24,2026,3,10.0,daily,Elm Ridge Hike+Bike RAW (1).csv,aggregated,0,0,aggregated_daily_from_hourly; source_records=24
Elm Ridge,2026-03-25,2026-03-25,2026,3,6.0,daily,Elm Ridge Hike+Bike RAW (1).csv,aggregated,0,0,aggregated_daily_from_hourly; source_records=24
Elm Ridge,2026-03-26,2026-03-26,2026,3,9.0,daily,Elm Ridge Hike+Bike RAW (1).csv,aggregated,0,0,aggregated_daily_from_hourly; source_records=24
Elm Ridge,2026-03-27,2026-03-27,2026,3,8.0,daily,Elm Ridge Hike+Bike RAW (1).csv,aggregated,0,0,aggregated_daily_from_hourly; source_records=24
Elm Ridge,2026-03-28,2026-03-28,2026,3,62.0,daily,Elm Ridge Hike+Bike RAW (1).csv,aggregated,0,0,aggregated_daily_from_hourly; source_records=24
Elm Ridge,2026-03-29,2026-03-29,2026,3,80.0,daily,Elm Ridge Hike+Bike RAW (1).csv,aggregated,0,0,aggregated_daily_from_hourly; source_records=24
Elm Ridge,2026-03-30,2026-03-30,2026,3,51.0,daily,Elm Ridge Hike+Bike RAW (1).csv,aggregated,0,0,aggregated_daily_from_hourly; source_records=24
Elm Ridge,2026-03-31,2026-03-31,2026,3,13.0,daily,Elm Ridge Hike+Bike RAW (1).csv,aggregated,0,0,aggregated_daily_from_hourly; source_records=24
Elm Ridge,2026-04-01,2026-04-01,2026,4,6.0,daily,Elm Ridge Hike+Bike RAW (1).csv,aggregated,0,0,aggregated_daily_from_hourly; source_records=14
