location,start_date,end_date,year,month,visitation_count,frequency,source_file,source_sheet,source_row,source_col,target_processing
Acra Point,1996-01-01,1996-12-31,1996,,682.0,annual,Trail Register Database R4(1).xlsx,aggregated,0,0,aggregated_annual_from_monthly; source_records=8
Acra Point,1997-01-01,1997-12-31,1997,,1102.0,annual,Trail Register Database R4(1).xlsx,aggregated,0,0,aggregated_annual_from_monthly; source_records=12
Acra Point,1998-01-01,1998-12-31,1998,,1284.0,annual,Trail Register Database R4(1).xlsx,aggregated,0,0,aggregated_annual_from_monthly; source_records=11
Acra Point,1999-01-01,1999-12-31,1999,,1170.0,annual,Trail Register Database R4(1).xlsx,aggregated,0,0,aggregated_annual_from_monthly; source_records=12
Acra Point,2000-01-01,2000-12-31,2000,,1106.0,annual,Trail Register Database R4(1).xlsx,aggregated,0,0,aggregated_annual_from_monthly; source_records=12
Acra Point,2004-01-01,2004-12-31,2004,,675.0,annual,Trail Register Database R4(1).xlsx,aggregated,0,0,aggregated_annual_from_monthly; source_records=9
Acra Point,2005-01-01,2005-12-31,2005,,774.0,annual,Trail Register Database R4(1).xlsx,aggregated,0,0,aggregated_annual_from_monthly; source_records=12
Acra Point,2006-01-01,2006-12-31,2006,,860.0,annual,Trail Register Database R4(1).xlsx,aggregated,0,0,aggregated_annual_from_monthly; source_records=12
Acra Point,2007-01-01,2007-12-31,2007,,212.0,annual,Trail Register Database R4(1).xlsx,aggregated,0,0,aggregated_annual_from_monthly; source_records=6
Acra Point,2008-01-01,2008-12-31,2008,,799.0,annual,Trail Register Database R4(1).xlsx,aggregated,0,0,aggregated_annual_from_monthly; source_records=12
Acra Point,2009-01-01,2009-12-31,2009,,925.0,annual,Trail Register Database R4(1).xlsx,aggregated,0,0,aggregated_annual_from_monthly; source_records=12
Acra Point,2010-01-01,2010-12-31,2010,,1027.0,annual,Trail Register Database R4(1).xlsx,aggregated,0,0,aggregated_annual_from_monthly; source_records=12
Acra Point,2011-01-01,2011-12-31,2011,,887.0,annual,Trail Register Database R4(1).xlsx,aggregated,0,0,aggregated_annual_from_monthly; source_records=12
Acra Point,2012-01-01,2012-12-31,2012,,674.0,annual,Trail Register Database R4(1).xlsx,aggregated,0,0,aggregated_annual_from_monthly; source_records=9
Acra Point,2013-01-01,2013-12-31,2013,,888.0,annual,Trail Register Database R4(1).xlsx,aggregated,0,0,aggregated_annual_from_monthly; source_records=9
Acra Point,2014-01-01,2014-12-31,2014,,743.0,annual,Trail Register Database R4(1).xlsx,aggregated,0,0,aggregated_annual_from_monthly; source_records=12
Acra Point,2015-01-01,2015-12-31,2015,,867.0,annual,Trail Register Database R4(1).xlsx,aggregated,0,0,aggregated_annual_from_monthly; source_records=12
Acra Point,2016-01-01,2016-12-31,2016,,1207.0,annual,Trail Register Database R4(1).xlsx,aggregated,0,0,aggregated_annual_from_monthly; source_records=12
Acra Point,2017-01-01,2017-12-31,2017,,1328.0,annual,Trail Register Database R4(1).xlsx,aggregated,0,0,aggregated_annual_from_monthly; source_records=12
Acra Point,2018-01-01,2018-12-31,2018,,1026.0,annual,Trail Register Database R4(1).xlsx,aggregated,0,0,aggregated_annual_from_monthly; source_records=12
Acra Point,2019-01-01,2019-12-31,2019,,1617.0,annual,Trail Register Database R4(1).xlsx,aggregated,0,0,aggregated_annual_from_monthly; source_records=12
Acra Point,2020-01-01,2020-12-31,2020,,2057.0,annual,Trail Register Database R4(1).xlsx,aggregated,0,0,aggregated_annual_from_monthly; source_records=12
Acra Point,2021-01-01,2021-12-31,2021,,2057.0,annual,Trail Register Database R4(1).xlsx,aggregated,0,0,aggregated_annual_from_monthly; source_records=12
Acra Point,2022-01-01,2022-12-31,2022,,1533.0,annual,Trail Register Database R4(1).xlsx,aggregated,0,0,aggregated_annual_from_monthly; source_records=11
Acra Point,2023-01-01,2023-12-31,2023,,601.0,annual,Trail Register Database R4(1).xlsx,aggregated,0,0,aggregated_annual_from_monthly; source_records=8
Acra Point,2024-01-01,2024-12-31,2024,,1341.0,annual,Trail Register Database R4(1).xlsx,aggregated,0,0,aggregated_annual_from_monthly; source_records=12
Acra Point,2025-01-01,2025-12-31,2025,,1243.0,annual,Trail Register Database R4(1).xlsx,aggregated,0,0,aggregated_annual_from_monthly; source_records=11
Alder Lake,1991-01-01,1991-12-31,1991,,1348.0,annual,Trail Register Tally_8_9_24_(1).xlsx,aggregated,0,0,aggregated_annual_from_monthly; source_records=9
Alder Lake,1992-01-01,1992-12-31,1992,,823.0,annual,Trail Register Tally_8_9_24_(1).xlsx,aggregated,0,0,aggregated_annual_from_monthly; source_records=12
Alder Lake,1993-01-01,1993-12-31,1993,,1170.0,annual,Trail Register Tally_8_9_24_(1).xlsx,aggregated,0,0,aggregated_annual_from_monthly; source_records=12
Alder Lake,1994-01-01,1994-12-31,1994,,826.0,annual,Trail Register Tally_8_9_24_(1).xlsx,aggregated,0,0,aggregated_annual_from_monthly; source_records=12
Alder Lake,1995-01-01,1995-12-31,1995,,1296.0,annual,Trail Register Tally_8_9_24_(1).xlsx,aggregated,0,0,aggregated_annual_from_monthly; source_records=12
Alder Lake,1996-01-01,1996-12-31,1996,,1151.0,annual,Trail Register Tally_8_9_24_(1).xlsx,aggregated,0,0,aggregated_annual_from_monthly; source_records=12
Alder Lake,1997-01-01,1997-12-31,1997,,1250.0,annual,Trail Register Tally_8_9_24_(1).xlsx,aggregated,0,0,aggregated_annual_from_monthly; source_records=12
Alder Lake,1998-01-01,1998-12-31,1998,,2013.0,annual,Trail Register Tally_8_9_24_(1).xlsx,aggregated,0,0,aggregated_annual_from_monthly; source_records=12
Alder Lake,1999-01-01,1999-12-31,1999,,2135.0,annual,Trail Register Tally_8_9_24_(1).xlsx,aggregated,0,0,aggregated_annual_from_monthly; source_records=12
Alder Lake,2000-01-01,2000-12-31,2000,,1472.0,annual,Trail Register Tally_8_9_24_(1).xlsx,aggregated,0,0,aggregated_annual_from_monthly; source_records=12
Alder Lake,2008-01-01,2008-12-31,2008,,1630.666665,annual,Trail Register Tally_8_9_24_(1).xlsx,aggregated,0,0,aggregated_annual_from_monthly; source_records=12
Alder Lake,2009-01-01,2009-12-31,2009,,1567.625,annual,Trail Register Tally_8_9_24_(1).xlsx,aggregated,0,0,aggregated_annual_from_monthly; source_records=12
Alder Lake,2011-01-01,2011-12-31,2011,,1607.142857,annual,Trail Register Tally_8_9_24_(1).xlsx,aggregated,0,0,aggregated_annual_from_monthly; source_records=12
Alder Lake,2013-01-01,2013-12-31,2013,,1580.499999,annual,Trail Register Tally_8_9_24_(1).xlsx,aggregated,0,0,aggregated_annual_from_monthly; source_records=12
Alder Lake,2016-01-01,2016-12-31,2016,,2678.0,annual,Trail Register Tally_8_9_24_(1).xlsx,aggregated,0,0,aggregated_annual_from_monthly; source_records=12
Alder Lake,2017-01-01,2017-12-31,2017,,2316.0,annual,Trail Register Tally_8_9_24_(1).xlsx,aggregated,0,0,aggregated_annual_from_monthly; source_records=12
Alder Lake,2018-01-01,2018-12-31,2018,,2058.0,annual,Trail Register Tally_8_9_24_(1).xlsx,aggregated,0,0,aggregated_annual_from_monthly; source_records=12
Alder Lake,2019-01-01,2019-12-31,2019,,2242.0,annual,Trail Register Tally_8_9_24_(1).xlsx,aggregated,0,0,aggregated_annual_from_monthly; source_records=12
Alder Lake,2020-01-01,2020-12-31,2020,,2476.0,annual,Trail Register Tally_8_9_24_(1).xlsx,aggregated,0,0,aggregated_annual_from_monthly; source_records=12
Alder Lake,2024-01-01,2024-12-31,2024,,127.555556,annual,Trail Register Tally_8_9_24_(1).xlsx,aggregated,0,0,aggregated_annual_from_monthly; source_records=2
Alder Lake,2025-01-01,2025-12-31,2025,,2120.027777,annual,Trail Register Tally_8_9_24_(1).xlsx,aggregated,0,0,aggregated_annual_from_monthly; source_records=12
Alder Lake,2026-01-01,2026-12-31,2026,,1101.125,annual,Trail Register Tally_8_9_24_(1).xlsx,aggregated,0,0,aggregated_annual_from_monthly; source_records=7
All Canister Peaks,2019-01-01,2019-12-31,2019,,9314.0,annual,Canister sign in charts R3 and R4 2025.xlsx,aggregated,0,0,aggregated_annual_from_monthly; source_records=12
Ashokan HP,1996-01-01,1996-12-31,1996,,1274.0,annual,Trail Register Tally_8_9_24_(1).xlsx,aggregated,0,0,aggregated_annual_from_monthly; source_records=12
Ashokan HP,1997-01-01,1997-12-31,1997,,1705.0,annual,Trail Register Tally_8_9_24_(1).xlsx,aggregated,0,0,aggregated_annual_from_monthly; source_records=12
Ashokan HP,1998-01-01,1998-12-31,1998,,2141.0,annual,Trail Register Tally_8_9_24_(1).xlsx,aggregated,0,0,aggregated_annual_from_monthly; source_records=12
Ashokan HP,1999-01-01,1999-12-31,1999,,1579.0,annual,Trail Register Tally_8_9_24_(1).xlsx,aggregated,0,0,aggregated_annual_from_monthly; source_records=12
Ashokan HP,2000-01-01,2000-12-31,2000,,1461.0,annual,Trail Register Tally_8_9_24_(1).xlsx,aggregated,0,0,aggregated_annual_from_monthly; source_records=12
Ashokan HP,2008-01-01,2008-12-31,2008,,1653.555557,annual,Trail Register Tally_8_9_24_(1).xlsx,aggregated,0,0,aggregated_annual_from_monthly; source_records=12
Ashokan HP,2009-01-01,2009-12-31,2009,,1662.875,annual,Trail Register Tally_8_9_24_(1).xlsx,aggregated,0,0,aggregated_annual_from_monthly; source_records=12
Ashokan HP,2011-01-01,2011-12-31,2011,,1691.000001,annual,Trail Register Tally_8_9_24_(1).xlsx,aggregated,0,0,aggregated_annual_from_monthly; source_records=12
Ashokan HP,2015-01-01,2015-12-31,2015,,1985.0,annual,Trail Register Tally_8_9_24_(1).xlsx,aggregated,0,0,aggregated_annual_from_monthly; source_records=12
Ashokan HP,2016-01-01,2016-12-31,2016,,1846.0,annual,Trail Register Tally_8_9_24_(1).xlsx,aggregated,0,0,aggregated_annual_from_monthly; source_records=12
Ashokan HP,2017-01-01,2017-12-31,2017,,2051.0,annual,Trail Register Tally_8_9_24_(1).xlsx,aggregated,0,0,aggregated_annual_from_monthly; source_records=12
Ashokan HP,2018-01-01,2018-12-31,2018,,1733.0,annual,Trail Register Tally_8_9_24_(1).xlsx,aggregated,0,0,aggregated_annual_from_monthly; source_records=12
Ashokan HP,2019-01-01,2019-12-31,2019,,1827.0,annual,Trail Register Tally_8_9_24_(1).xlsx,aggregated,0,0,aggregated_annual_from_monthly; source_records=12
Ashokan HP,2020-01-01,2020-12-31,2020,,2537.0,annual,Trail Register Tally_8_9_24_(1).xlsx,aggregated,0,0,aggregated_annual_from_monthly; source_records=12
Ashokan HP,2025-01-01,2025-12-31,2025,,191.444444,annual,Trail Register Tally_8_9_24_(1).xlsx,aggregated,0,0,aggregated_annual_from_monthly; source_records=2
Ashokan HP,2026-01-01,2026-12-31,2026,,954.222223,annual,Trail Register Tally_8_9_24_(1).xlsx,aggregated,0,0,aggregated_annual_from_monthly; source_records=7
Balsam Cap,2008-01-01,2008-12-31,2008,,179.0,annual,Canister sign in charts R3 and R4 2025.xlsx,Sheet1,10,2,observed_annual_from_canister_location_block | duplicate_agreement_collapsed; considered: Canister sign in charts R3 and R4 2025.xlsx; 2008-2025 Total Canister Sign-In.xlsx
Balsam Cap,2009-01-01,2009-12-31,2009,,221.0,annual,Canister sign in charts R3 and R4 2025.xlsx,Sheet1,11,2,observed_annual_from_canister_location_block | duplicate_agreement_collapsed; considered: Canister sign in charts R3 and R4 2025.xlsx; 2008-2025 Total Canister Sign-In.xlsx
Balsam Cap,2010-01-01,2010-12-31,2010,,216.0,annual,Canister sign in charts R3 and R4 2025.xlsx,Sheet1,12,2,observed_annual_from_canister_location_block | duplicate_agreement_collapsed; considered: Canister sign in charts R3 and R4 2025.xlsx; 2008-2025 Total Canister Sign-In.xlsx
Balsam Cap,2011-01-01,2011-12-31,2011,,296.0,annual,Canister sign in charts R3 and R4 2025.xlsx,Sheet1,13,2,observed_annual_from_canister_location_block | duplicate_agreement_collapsed; considered: Canister sign in charts R3 and R4 2025.xlsx; 2008-2025 Total Canister Sign-In.xlsx
Balsam Cap,2012-01-01,2012-12-31,2012,,426.0,annual,Canister sign in charts R3 and R4 2025.xlsx,Sheet1,14,2,observed_annual_from_canister_location_block | duplicate_agreement_collapsed; considered: Canister sign in charts R3 and R4 2025.xlsx; 2008-2025 Total Canister Sign-In.xlsx
Balsam Cap,2013-01-01,2013-12-31,2013,,366.0,annual,Canister sign in charts R3 and R4 2025.xlsx,Sheet1,15,2,observed_annual_from_canister_location_block | duplicate_agreement_collapsed; considered: Canister sign in charts R3 and R4 2025.xlsx; 2008-2025 Total Canister Sign-In.xlsx
Balsam Cap,2014-01-01,2014-12-31,2014,,512.0,annual,Canister sign in charts R3 and R4 2025.xlsx,Sheet1,16,2,observed_annual_from_canister_location_block | duplicate_agreement_collapsed; considered: Canister sign in charts R3 and R4 2025.xlsx; 2008-2025 Total Canister Sign-In.xlsx
Balsam Cap,2015-01-01,2015-12-31,2015,,576.0,annual,Canister sign in charts R3 and R4 2025.xlsx,Sheet1,17,2,observed_annual_from_canister_location_block | duplicate_agreement_collapsed; considered: Canister sign in charts R3 and R4 2025.xlsx; 2008-2025 Total Canister Sign-In.xlsx
Balsam Cap,2016-01-01,2016-12-31,2016,,681.0,annual,Canister sign in charts R3 and R4 2025.xlsx,Sheet1,18,2,observed_annual_from_canister_location_block | duplicate_agreement_collapsed; considered: Canister sign in charts R3 and R4 2025.xlsx; 2008-2025 Total Canister Sign-In.xlsx
Balsam Cap,2017-01-01,2017-12-31,2017,,657.0,annual,Canister sign in charts R3 and R4 2025.xlsx,Sheet1,19,2,observed_annual_from_canister_location_block | duplicate_agreement_collapsed; considered: Canister sign in charts R3 and R4 2025.xlsx; 2008-2025 Total Canister Sign-In.xlsx
Balsam Cap,2018-01-01,2018-12-31,2018,,490.0,annual,Canister sign in charts R3 and R4 2025.xlsx,Sheet1,20,2,observed_annual_from_canister_location_block | duplicate_agreement_collapsed; considered: Canister sign in charts R3 and R4 2025.xlsx; 2008-2025 Total Canister Sign-In.xlsx
Balsam Cap,2019-01-01,2019-12-31,2019,,805.0,annual,Canister sign in charts R3 and R4 2025.xlsx,Sheet1,21,2,observed_annual_from_canister_location_block | duplicate_agreement_collapsed; considered: Canister sign in charts R3 and R4 2025.xlsx; 2008-2025 Total Canister Sign-In.xlsx
Balsam Cap,2020-01-01,2020-12-31,2020,,1249.0,annual,Canister sign in charts R3 and R4 2025.xlsx,Sheet1,22,2,observed_annual_from_canister_location_block | duplicate_agreement_collapsed; considered: Canister sign in charts R3 and R4 2025.xlsx; 2008-2025 Total Canister Sign-In.xlsx
Balsam Cap,2021-01-01,2021-12-31,2021,,1151.0,annual,Canister sign in charts R3 and R4 2025.xlsx,Sheet1,23,2,observed_annual_from_canister_location_block | duplicate_agreement_collapsed; considered: Canister sign in charts R3 and R4 2025.xlsx; 2008-2025 Total Canister Sign-In.xlsx
Balsam Cap,2022-01-01,2022-12-31,2022,,1067.0,annual,Canister sign in charts R3 and R4 2025.xlsx,Sheet1,24,2,observed_annual_from_canister_location_block | duplicate_agreement_collapsed; considered: Canister sign in charts R3 and R4 2025.xlsx; 2008-2025 Total Canister Sign-In.xlsx
Balsam Cap,2023-01-01,2023-12-31,2023,,1212.0,annual,Canister sign in charts R3 and R4 2025.xlsx,Sheet1,25,2,observed_annual_from_canister_location_block | duplicate_agreement_collapsed; considered: Canister sign in charts R3 and R4 2025.xlsx; 2008-2025 Total Canister Sign-In.xlsx
Balsam Cap,2024-01-01,2024-12-31,2024,,1023.0,annual,Canister sign in charts R3 and R4 2025.xlsx,Sheet1,26,2,observed_annual_from_canister_location_block | duplicate_agreement_collapsed; considered: Canister sign in charts R3 and R4 2025.xlsx; 2008-2025 Total Canister Sign-In.xlsx
Balsam Cap,2025-01-01,2025-12-31,2025,,934.0,annual,Canister sign in charts R3 and R4 2025.xlsx,aggregated,0,0,aggregated_annual_from_monthly; source_records=12
Balsam Lake Mountain,2026-01-01,2026-12-31,2026,,483.1875,annual,TRAFx+Master+Summary+(2021-2026) 4_22_26.xlsx,aggregated,0,0,aggregated_annual_from_monthly; source_records=3
Bangle Hill,1996-01-01,1996-12-31,1996,,1274.0,annual,Trail Register Tally_8_9_24_(1).xlsx,aggregated,0,0,aggregated_annual_from_monthly; source_records=12
Bangle Hill,1997-01-01,1997-12-31,1997,,1705.0,annual,Trail Register Tally_8_9_24_(1).xlsx,aggregated,0,0,aggregated_annual_from_monthly; source_records=12
Bangle Hill,1998-01-01,1998-12-31,1998,,2141.0,annual,Trail Register Tally_8_9_24_(1).xlsx,aggregated,0,0,aggregated_annual_from_monthly; source_records=12
Bangle Hill,1999-01-01,1999-12-31,1999,,1579.0,annual,Trail Register Tally_8_9_24_(1).xlsx,aggregated,0,0,aggregated_annual_from_monthly; source_records=12
Bangle Hill,2000-01-01,2000-12-31,2000,,1461.0,annual,Trail Register Tally_8_9_24_(1).xlsx,aggregated,0,0,aggregated_annual_from_monthly; source_records=12
Bangle Hill,2008-01-01,2008-12-31,2008,,1653.555557,annual,Trail Register Tally_8_9_24_(1).xlsx,aggregated,0,0,aggregated_annual_from_monthly; source_records=12
Bangle Hill,2009-01-01,2009-12-31,2009,,1662.875,annual,Trail Register Tally_8_9_24_(1).xlsx,aggregated,0,0,aggregated_annual_from_monthly; source_records=12
Bangle Hill,2011-01-01,2011-12-31,2011,,1691.000001,annual,Trail Register Tally_8_9_24_(1).xlsx,aggregated,0,0,aggregated_annual_from_monthly; source_records=12
Bangle Hill,2012-01-01,2012-12-31,2012,,1658.0,annual,Trail Register Tally_8_9_24_(1).xlsx,aggregated,0,0,aggregated_annual_from_monthly; source_records=12
Bangle Hill,2013-01-01,2013-12-31,2013,,1672.0,annual,Trail Register Tally_8_9_24_(1).xlsx,aggregated,0,0,aggregated_annual_from_monthly; source_records=12
Bangle Hill,2014-01-01,2014-12-31,2014,,1664.25,annual,Trail Register Tally_8_9_24_(1).xlsx,aggregated,0,0,aggregated_annual_from_monthly; source_records=12
Bangle Hill,2022-01-01,2022-12-31,2022,,132.0,annual,Trail Register Tally_8_9_24_(1).xlsx,aggregated,0,0,aggregated_annual_from_monthly; source_records=12
Bangle Hill,2023-01-01,2023-12-31,2023,,104.0,annual,Trail Register Tally_8_9_24_(1).xlsx,aggregated,0,0,aggregated_annual_from_monthly; source_records=7
Bangle Hill,2024-01-01,2024-12-31,2024,,143.0,annual,Trail Register Tally_8_9_24_(1).xlsx,aggregated,0,0,aggregated_annual_from_monthly; source_records=12
Bangle Hill,2025-01-01,2025-12-31,2025,,143.0,annual,Trail Register Tally_8_9_24_(1).xlsx,aggregated,0,0,aggregated_annual_from_monthly; source_records=12
Bangle Hill,2026-01-01,2026-12-31,2026,,73.0,annual,Trail Register Tally_8_9_24_(1).xlsx,aggregated,0,0,aggregated_annual_from_monthly; source_records=7
Barnum Road,1996-01-01,1996-12-31,1996,,317.0,annual,Trail Register Database R4(1).xlsx,aggregated,0,0,aggregated_annual_from_monthly; source_records=5
Barnum Road,1997-01-01,1997-12-31,1997,,1088.0,annual,Trail Register Database R4(1).xlsx,aggregated,0,0,aggregated_annual_from_monthly; source_records=12
Barnum Road,1998-01-01,1998-12-31,1998,,1236.0,annual,Trail Register Database R4(1).xlsx,aggregated,0,0,aggregated_annual_from_monthly; source_records=12
Barnum Road,1999-01-01,1999-12-31,1999,,1205.0,annual,Trail Register Database R4(1).xlsx,aggregated,0,0,aggregated_annual_from_monthly; source_records=12
Barnum Road,2000-01-01,2000-12-31,2000,,1190.0,annual,Trail Register Database R4(1).xlsx,aggregated,0,0,aggregated_annual_from_monthly; source_records=12
Barnum Road,2004-01-01,2004-12-31,2004,,1014.0,annual,Trail Register Database R4(1).xlsx,aggregated,0,0,aggregated_annual_from_monthly; source_records=9
Barnum Road,2005-01-01,2005-12-31,2005,,1143.0,annual,Trail Register Database R4(1).xlsx,aggregated,0,0,aggregated_annual_from_monthly; source_records=12
Barnum Road,2006-01-01,2006-12-31,2006,,1263.0,annual,Trail Register Database R4(1).xlsx,aggregated,0,0,aggregated_annual_from_monthly; source_records=12
Barnum Road,2007-01-01,2007-12-31,2007,,319.0,annual,Trail Register Database R4(1).xlsx,aggregated,0,0,aggregated_annual_from_monthly; source_records=6
Barnum Road,2008-01-01,2008-12-31,2008,,1207.0,annual,Trail Register Database R4(1).xlsx,aggregated,0,0,aggregated_annual_from_monthly; source_records=12
Barnum Road,2009-01-01,2009-12-31,2009,,1000.0,annual,Trail Register Database R4(1).xlsx,aggregated,0,0,aggregated_annual_from_monthly; source_records=12
Barnum Road,2010-01-01,2010-12-31,2010,,1097.0,annual,Trail Register Database R4(1).xlsx,aggregated,0,0,aggregated_annual_from_monthly; source_records=12
Barnum Road,2011-01-01,2011-12-31,2011,,1013.0,annual,Trail Register Database R4(1).xlsx,aggregated,0,0,aggregated_annual_from_monthly; source_records=12
Barnum Road,2012-01-01,2012-12-31,2012,,486.0,annual,Trail Register Database R4(1).xlsx,aggregated,0,0,aggregated_annual_from_monthly; source_records=6
Barnum Road,2013-01-01,2013-12-31,2013,,763.0,annual,Trail Register Database R4(1).xlsx,aggregated,0,0,aggregated_annual_from_monthly; source_records=9
Barnum Road,2014-01-01,2014-12-31,2014,,969.0,annual,Trail Register Database R4(1).xlsx,aggregated,0,0,aggregated_annual_from_monthly; source_records=12
Barnum Road,2015-01-01,2015-12-31,2015,,1134.0,annual,Trail Register Database R4(1).xlsx,aggregated,0,0,aggregated_annual_from_monthly; source_records=12
Barnum Road,2016-01-01,2016-12-31,2016,,1644.0,annual,Trail Register Database R4(1).xlsx,aggregated,0,0,aggregated_annual_from_monthly; source_records=12
Barnum Road,2017-01-01,2017-12-31,2017,,1095.0,annual,Trail Register Database R4(1).xlsx,aggregated,0,0,aggregated_annual_from_monthly; source_records=10
Barnum Road,2018-01-01,2018-12-31,2018,,1225.0,annual,Trail Register Database R4(1).xlsx,aggregated,0,0,aggregated_annual_from_monthly; source_records=12
Barnum Road,2019-01-01,2019-12-31,2019,,1209.0,annual,Trail Register Database R4(1).xlsx,aggregated,0,0,aggregated_annual_from_monthly; source_records=12
Barnum Road,2020-01-01,2020-12-31,2020,,1788.0,annual,Trail Register Database R4(1).xlsx,aggregated,0,0,aggregated_annual_from_monthly; source_records=12
Barnum Road,2021-01-01,2021-12-31,2021,,1307.0,annual,Trail Register Database R4(1).xlsx,aggregated,0,0,aggregated_annual_from_monthly; source_records=12
Barnum Road,2022-01-01,2022-12-31,2022,,1077.0,annual,Trail Register Database R4(1).xlsx,aggregated,0,0,aggregated_annual_from_monthly; source_records=12
Barnum Road,2023-01-01,2023-12-31,2023,,1122.0,annual,Trail Register Database R4(1).xlsx,aggregated,0,0,aggregated_annual_from_monthly; source_records=12
Barnum Road,2024-01-01,2024-12-31,2024,,999.0,annual,Trail Register Database R4(1).xlsx,aggregated,0,0,aggregated_annual_from_monthly; source_records=12
Barnum Road,2025-01-01,2025-12-31,2025,,466.0,annual,Trail Register Database R4(1).xlsx,aggregated,0,0,aggregated_annual_from_monthly; source_records=7
Batavia Kill,1996-01-01,1996-12-31,1996,,1130.0,annual,Trail Register Database R4(1).xlsx,aggregated,0,0,aggregated_annual_from_monthly; source_records=7
Batavia Kill,1997-01-01,1997-12-31,1997,,2373.0,annual,Trail Register Database R4(1).xlsx,aggregated,0,0,aggregated_annual_from_monthly; source_records=12
Batavia Kill,1998-01-01,1998-12-31,1998,,2616.0,annual,Trail Register Database R4(1).xlsx,aggregated,0,0,aggregated_annual_from_monthly; source_records=12
Batavia Kill,1999-01-01,1999-12-31,1999,,2518.0,annual,Trail Register Database R4(1).xlsx,aggregated,0,0,aggregated_annual_from_monthly; source_records=12
Batavia Kill,2000-01-01,2000-12-31,2000,,2394.0,annual,Trail Register Database R4(1).xlsx,aggregated,0,0,aggregated_annual_from_monthly; source_records=12
Batavia Kill,2004-01-01,2004-12-31,2004,,2202.0,annual,Trail Register Database R4(1).xlsx,aggregated,0,0,aggregated_annual_from_monthly; source_records=12
Batavia Kill,2005-01-01,2005-12-31,2005,,1509.0,annual,Trail Register Database R4(1).xlsx,aggregated,0,0,aggregated_annual_from_monthly; source_records=12
Batavia Kill,2006-01-01,2006-12-31,2006,,2090.0,annual,Trail Register Database R4(1).xlsx,aggregated,0,0,aggregated_annual_from_monthly; source_records=12
Batavia Kill,2007-01-01,2007-12-31,2007,,1997.0,annual,Trail Register Database R4(1).xlsx,aggregated,0,0,aggregated_annual_from_monthly; source_records=12
Batavia Kill,2008-01-01,2008-12-31,2008,,2129.0,annual,Trail Register Database R4(1).xlsx,aggregated,0,0,aggregated_annual_from_monthly; source_records=12
Batavia Kill,2009-01-01,2009-12-31,2009,,2132.0,annual,Trail Register Database R4(1).xlsx,aggregated,0,0,aggregated_annual_from_monthly; source_records=12
Batavia Kill,2010-01-01,2010-12-31,2010,,2197.0,annual,Trail Register Database R4(1).xlsx,aggregated,0,0,aggregated_annual_from_monthly; source_records=12
Batavia Kill,2011-01-01,2011-12-31,2011,,2367.0,annual,Trail Register Database R4(1).xlsx,aggregated,0,0,aggregated_annual_from_monthly; source_records=12
Batavia Kill,2012-01-01,2012-12-31,2012,,1780.0,annual,Trail Register Database R4(1).xlsx,aggregated,0,0,aggregated_annual_from_monthly; source_records=9
Batavia Kill,2013-01-01,2013-12-31,2013,,1918.0,annual,Trail Register Database R4(1).xlsx,aggregated,0,0,aggregated_annual_from_monthly; source_records=10
Batavia Kill,2014-01-01,2014-12-31,2014,,2304.0,annual,Trail Register Database R4(1).xlsx,aggregated,0,0,aggregated_annual_from_monthly; source_records=12
Batavia Kill,2015-01-01,2015-12-31,2015,,2818.0,annual,Trail Register Database R4(1).xlsx,aggregated,0,0,aggregated_annual_from_monthly; source_records=12
Batavia Kill,2016-01-01,2016-12-31,2016,,2974.0,annual,Trail Register Database R4(1).xlsx,aggregated,0,0,aggregated_annual_from_monthly; source_records=12
Batavia Kill,2017-01-01,2017-12-31,2017,,2756.0,annual,Trail Register Database R4(1).xlsx,aggregated,0,0,aggregated_annual_from_monthly; source_records=12
Batavia Kill,2018-01-01,2018-12-31,2018,,2517.0,annual,Trail Register Database R4(1).xlsx,aggregated,0,0,aggregated_annual_from_monthly; source_records=12
Batavia Kill,2019-01-01,2019-12-31,2019,,3690.0,annual,Trail Register Database R4(1).xlsx,aggregated,0,0,aggregated_annual_from_monthly; source_records=12
Batavia Kill,2020-01-01,2020-12-31,2020,,4907.0,annual,Trail Register Database R4(1).xlsx,aggregated,0,0,aggregated_annual_from_monthly; source_records=12
Batavia Kill,2021-01-01,2021-12-31,2021,,3933.0,annual,Trail Register Database R4(1).xlsx,aggregated,0,0,aggregated_annual_from_monthly; source_records=12
Batavia Kill,2022-01-01,2022-12-31,2022,,3528.0,annual,Trail Register Database R4(1).xlsx,aggregated,0,0,aggregated_annual_from_monthly; source_records=12
Batavia Kill,2023-01-01,2023-12-31,2023,,3024.0,annual,Trail Register Database R4(1).xlsx,aggregated,0,0,aggregated_annual_from_monthly; source_records=11
Batavia Kill,2024-01-01,2024-12-31,2024,,1697.0,annual,Trail Register Database R4(1).xlsx,aggregated,0,0,aggregated_annual_from_monthly; source_records=7
Batavia Kill,2025-01-01,2025-12-31,2025,,3063.0,annual,Trail Register Database R4(1).xlsx,aggregated,0,0,aggregated_annual_from_monthly; source_records=11
Beaverkill Road to BLM FT,1994-01-01,1994-12-31,1994,,671.0,annual,Trail Register Tally_8_9_24_(1).xlsx,aggregated,0,0,aggregated_annual_from_monthly; source_records=6
Beaverkill Road to BLM FT,1995-01-01,1995-12-31,1995,,830.0,annual,Trail Register Tally_8_9_24_(1).xlsx,aggregated,0,0,aggregated_annual_from_monthly; source_records=12
Beaverkill Road to BLM FT,1996-01-01,1996-12-31,1996,,617.0,annual,Trail Register Tally_8_9_24_(1).xlsx,aggregated,0,0,aggregated_annual_from_monthly; source_records=12
Beaverkill Road to BLM FT,1997-01-01,1997-12-31,1997,,871.0,annual,Trail Register Tally_8_9_24_(1).xlsx,aggregated,0,0,aggregated_annual_from_monthly; source_records=12
Beaverkill Road to BLM FT,1998-01-01,1998-12-31,1998,,1076.0,annual,Trail Register Tally_8_9_24_(1).xlsx,aggregated,0,0,aggregated_annual_from_monthly; source_records=12
Beaverkill Road to BLM FT,1999-01-01,1999-12-31,1999,,946.0,annual,Trail Register Tally_8_9_24_(1).xlsx,aggregated,0,0,aggregated_annual_from_monthly; source_records=12
Beaverkill Road to BLM FT,2000-01-01,2000-12-31,2000,,944.0,annual,Trail Register Tally_8_9_24_(1).xlsx,aggregated,0,0,aggregated_annual_from_monthly; source_records=12
Beaverkill Road to BLM FT,2008-01-01,2008-12-31,2008,,996.666666,annual,Trail Register Tally_8_9_24_(1).xlsx,aggregated,0,0,aggregated_annual_from_monthly; source_records=12
Beaverkill Road to BLM FT,2009-01-01,2009-12-31,2009,,1003.0,annual,Trail Register Tally_8_9_24_(1).xlsx,aggregated,0,0,aggregated_annual_from_monthly; source_records=12
Beaverkill Road to BLM FT,2011-01-01,2011-12-31,2011,,1067.857144,annual,Trail Register Tally_8_9_24_(1).xlsx,aggregated,0,0,aggregated_annual_from_monthly; source_records=12
Beaverkill Road to BLM FT,2013-01-01,2013-12-31,2013,,1193.666667,annual,Trail Register Tally_8_9_24_(1).xlsx,aggregated,0,0,aggregated_annual_from_monthly; source_records=12
Beaverkill Road to BLM FT,2016-01-01,2016-12-31,2016,,1732.0,annual,Trail Register Tally_8_9_24_(1).xlsx,aggregated,0,0,aggregated_annual_from_monthly; source_records=12
Beaverkill Road to BLM FT,2017-01-01,2017-12-31,2017,,1326.0,annual,Trail Register Tally_8_9_24_(1).xlsx,aggregated,0,0,aggregated_annual_from_monthly; source_records=12
Beaverkill Road to BLM FT,2018-01-01,2018-12-31,2018,,1340.0,annual,Trail Register Tally_8_9_24_(1).xlsx,aggregated,0,0,aggregated_annual_from_monthly; source_records=12
Beaverkill Road to BLM FT,2019-01-01,2019-12-31,2019,,2123.333333,annual,Trail Register Tally_8_9_24_(1).xlsx,aggregated,0,0,aggregated_annual_from_monthly; source_records=12
Beaverkill Road to BLM FT,2020-01-01,2020-12-31,2020,,1960.0,annual,Trail Register Tally_8_9_24_(1).xlsx,aggregated,0,0,aggregated_annual_from_monthly; source_records=12
Beaverkill Road to BLM FT,2024-01-01,2024-12-31,2024,,152.111111,annual,Trail Register Tally_8_9_24_(1).xlsx,aggregated,0,0,aggregated_annual_from_monthly; source_records=2
Beaverkill Road to BLM FT,2025-01-01,2025-12-31,2025,,1737.925927,annual,Trail Register Tally_8_9_24_(1).xlsx,aggregated,0,0,aggregated_annual_from_monthly; source_records=12
Beaverkill Road to BLM FT,2026-01-01,2026-12-31,2026,,863.416667,annual,Trail Register Tally_8_9_24_(1).xlsx,aggregated,0,0,aggregated_annual_from_monthly; source_records=7
Becker Hollow,1996-01-01,1996-12-31,1996,,214.0,annual,Trail Register Database R4(1).xlsx,aggregated,0,0,aggregated_annual_from_monthly; source_records=5
Becker Hollow,1997-01-01,1997-12-31,1997,,1340.0,annual,Trail Register Database R4(1).xlsx,aggregated,0,0,aggregated_annual_from_monthly; source_records=12
Becker Hollow,1998-01-01,1998-12-31,1998,,1642.0,annual,Trail Register Database R4(1).xlsx,aggregated,0,0,aggregated_annual_from_monthly; source_records=12
Becker Hollow,1999-01-01,1999-12-31,1999,,1215.0,annual,Trail Register Database R4(1).xlsx,aggregated,0,0,aggregated_annual_from_monthly; source_records=12
Becker Hollow,2000-01-01,2000-12-31,2000,,1344.0,annual,Trail Register Database R4(1).xlsx,aggregated,0,0,aggregated_annual_from_monthly; source_records=11
Becker Hollow,2004-01-01,2004-12-31,2004,,1372.0,annual,Trail Register Database R4(1).xlsx,aggregated,0,0,aggregated_annual_from_monthly; source_records=12
Becker Hollow,2005-01-01,2005-12-31,2005,,1263.0,annual,Trail Register Database R4(1).xlsx,aggregated,0,0,aggregated_annual_from_monthly; source_records=12
Becker Hollow,2006-01-01,2006-12-31,2006,,1341.0,annual,Trail Register Database R4(1).xlsx,aggregated,0,0,aggregated_annual_from_monthly; source_records=12
Becker Hollow,2007-01-01,2007-12-31,2007,,1485.0,annual,Trail Register Database R4(1).xlsx,aggregated,0,0,aggregated_annual_from_monthly; source_records=12
Becker Hollow,2008-01-01,2008-12-31,2008,,1491.0,annual,Trail Register Database R4(1).xlsx,aggregated,0,0,aggregated_annual_from_monthly; source_records=12
Becker Hollow,2009-01-01,2009-12-31,2009,,1369.0,annual,Trail Register Database R4(1).xlsx,aggregated,0,0,aggregated_annual_from_monthly; source_records=12
Becker Hollow,2010-01-01,2010-12-31,2010,,1605.0,annual,Trail Register Database R4(1).xlsx,aggregated,0,0,aggregated_annual_from_monthly; source_records=12
Becker Hollow,2011-01-01,2011-12-31,2011,,1376.0,annual,Trail Register Database R4(1).xlsx,aggregated,0,0,aggregated_annual_from_monthly; source_records=12
Becker Hollow,2012-01-01,2012-12-31,2012,,1439.0,annual,Trail Register Database R4(1).xlsx,aggregated,0,0,aggregated_annual_from_monthly; source_records=9
Becker Hollow,2013-01-01,2013-12-31,2013,,1738.0,annual,Trail Register Database R4(1).xlsx,aggregated,0,0,aggregated_annual_from_monthly; source_records=9
Becker Hollow,2014-01-01,2014-12-31,2014,,1892.0,annual,Trail Register Database R4(1).xlsx,aggregated,0,0,aggregated_annual_from_monthly; source_records=12
Becker Hollow,2015-01-01,2015-12-31,2015,,1858.0,annual,Trail Register Database R4(1).xlsx,aggregated,0,0,aggregated_annual_from_monthly; source_records=11
Becker Hollow,2016-01-01,2016-12-31,2016,,1519.0,annual,Trail Register Database R4(1).xlsx,aggregated,0,0,aggregated_annual_from_monthly; source_records=12
Becker Hollow,2017-01-01,2017-12-31,2017,,1821.0,annual,Trail Register Database R4(1).xlsx,aggregated,0,0,aggregated_annual_from_monthly; source_records=12
Becker Hollow,2018-01-01,2018-12-31,2018,,1487.0,annual,Trail Register Database R4(1).xlsx,aggregated,0,0,aggregated_annual_from_monthly; source_records=12
Becker Hollow,2019-01-01,2019-12-31,2019,,3319.0,annual,Trail Register Database R4(1).xlsx,aggregated,0,0,aggregated_annual_from_monthly; source_records=12
Becker Hollow,2020-01-01,2020-12-31,2020,,3347.0,annual,Trail Register Database R4(1).xlsx,aggregated,0,0,aggregated_annual_from_monthly; source_records=12
Becker Hollow,2021-01-01,2021-12-31,2021,,2722.0,annual,Trail Register Database R4(1).xlsx,aggregated,0,0,aggregated_annual_from_monthly; source_records=12
Becker Hollow,2022-01-01,2022-12-31,2022,,1935.0,annual,Trail Register Database R4(1).xlsx,aggregated,0,0,aggregated_annual_from_monthly; source_records=11
Becker Hollow,2023-01-01,2023-12-31,2023,,2181.0,annual,Trail Register Database R4(1).xlsx,aggregated,0,0,aggregated_annual_from_monthly; source_records=10
Becker Hollow,2024-01-01,2024-12-31,2024,,1106.0,annual,Trail Register Database R4(1).xlsx,aggregated,0,0,aggregated_annual_from_monthly; source_records=8
Becker Hollow,2025-01-01,2025-12-31,2025,,1229.0,annual,Trail Register Database R4(1).xlsx,aggregated,0,0,aggregated_annual_from_monthly; source_records=8
Beech Hill Rd,1997-01-01,1997-12-31,1997,,137.0,annual,Trail Register Database R4(1).xlsx,aggregated,0,0,aggregated_annual_from_monthly; source_records=11
Beech Hill Rd,1998-01-01,1998-12-31,1998,,179.0,annual,Trail Register Database R4(1).xlsx,aggregated,0,0,aggregated_annual_from_monthly; source_records=12
Beech Hill Rd,1999-01-01,1999-12-31,1999,,148.0,annual,Trail Register Database R4(1).xlsx,aggregated,0,0,aggregated_annual_from_monthly; source_records=12
Beech Hill Rd,2000-01-01,2000-12-31,2000,,226.0,annual,Trail Register Database R4(1).xlsx,aggregated,0,0,aggregated_annual_from_monthly; source_records=12
Beech Hill Rd,2004-01-01,2004-12-31,2004,,167.0,annual,Trail Register Database R4(1).xlsx,aggregated,0,0,aggregated_annual_from_monthly; source_records=12
Beech Hill Rd,2005-01-01,2005-12-31,2005,,220.0,annual,Trail Register Database R4(1).xlsx,aggregated,0,0,aggregated_annual_from_monthly; source_records=11
Beech Hill Rd,2006-01-01,2006-12-31,2006,,154.0,annual,Trail Register Database R4(1).xlsx,aggregated,0,0,aggregated_annual_from_monthly; source_records=12
Beech Hill Rd,2007-01-01,2007-12-31,2007,,161.0,annual,Trail Register Database R4(1).xlsx,aggregated,0,0,aggregated_annual_from_monthly; source_records=12
Beech Hill Rd,2008-01-01,2008-12-31,2008,,215.0,annual,Trail Register Database R4(1).xlsx,aggregated,0,0,aggregated_annual_from_monthly; source_records=12
Beech Hill Rd,2009-01-01,2009-12-31,2009,,195.0,annual,Trail Register Database R4(1).xlsx,aggregated,0,0,aggregated_annual_from_monthly; source_records=12
Beech Hill Rd,2010-01-01,2010-12-31,2010,,140.0,annual,Trail Register Database R4(1).xlsx,aggregated,0,0,aggregated_annual_from_monthly; source_records=12
Beech Hill Rd,2011-01-01,2011-12-31,2011,,211.0,annual,Trail Register Database R4(1).xlsx,aggregated,0,0,aggregated_annual_from_monthly; source_records=12
Beech Hill Rd,2012-01-01,2012-12-31,2012,,159.0,annual,Trail Register Database R4(1).xlsx,aggregated,0,0,aggregated_annual_from_monthly; source_records=9
Beech Hill Rd,2013-01-01,2013-12-31,2013,,119.0,annual,Trail Register Database R4(1).xlsx,aggregated,0,0,aggregated_annual_from_monthly; source_records=8
Beech Hill Rd,2014-01-01,2014-12-31,2014,,118.0,annual,Trail Register Database R4(1).xlsx,aggregated,0,0,aggregated_annual_from_monthly; source_records=12
Beech Hill Rd,2015-01-01,2015-12-31,2015,,196.0,annual,Trail Register Database R4(1).xlsx,aggregated,0,0,aggregated_annual_from_monthly; source_records=12
Beech Hill Rd,2016-01-01,2016-12-31,2016,,180.0,annual,Trail Register Database R4(1).xlsx,aggregated,0,0,aggregated_annual_from_monthly; source_records=12
Beech Hill Rd,2017-01-01,2017-12-31,2017,,168.0,annual,Trail Register Database R4(1).xlsx,aggregated,0,0,aggregated_annual_from_monthly; source_records=11
Beech Hill Rd,2018-01-01,2018-12-31,2018,,149.0,annual,Trail Register Database R4(1).xlsx,aggregated,0,0,aggregated_annual_from_monthly; source_records=10
Beech Hill Rd,2019-01-01,2019-12-31,2019,,238.0,annual,Trail Register Database R4(1).xlsx,aggregated,0,0,aggregated_annual_from_monthly; source_records=11
Beech Hill Rd,2020-01-01,2020-12-31,2020,,295.0,annual,Trail Register Database R4(1).xlsx,aggregated,0,0,aggregated_annual_from_monthly; source_records=12
Beech Hill Rd,2021-01-01,2021-12-31,2021,,210.0,annual,Trail Register Database R4(1).xlsx,aggregated,0,0,aggregated_annual_from_monthly; source_records=12
Beech Hill Rd,2022-01-01,2022-12-31,2022,,205.0,annual,Trail Register Database R4(1).xlsx,aggregated,0,0,aggregated_annual_from_monthly; source_records=12
Beech Hill Rd,2023-01-01,2023-12-31,2023,,146.0,annual,Trail Register Database R4(1).xlsx,aggregated,0,0,aggregated_annual_from_monthly; source_records=11
Beech Hill Rd,2024-01-01,2024-12-31,2024,,121.0,annual,Trail Register Database R4(1).xlsx,aggregated,0,0,aggregated_annual_from_monthly; source_records=11
Beech Hill Rd,2025-01-01,2025-12-31,2025,,153.0,annual,Trail Register Database R4(1).xlsx,aggregated,0,0,aggregated_annual_from_monthly; source_records=11
Beech Hill Rd,2026-01-01,2026-12-31,2026,,3.0,annual,Trail Register Database R4(1).xlsx,aggregated,0,0,aggregated_annual_from_monthly; source_records=1
Big Indian,2008-01-01,2008-12-31,2008,,184.0,annual,Canister sign in charts R3 and R4 2025.xlsx,Sheet1,91,2,observed_annual_from_canister_location_block | duplicate_agreement_collapsed; considered: Canister sign in charts R3 and R4 2025.xlsx; 2008-2025 Total Canister Sign-In.xlsx
Big Indian,2009-01-01,2009-12-31,2009,,334.0,annual,Canister sign in charts R3 and R4 2025.xlsx,Sheet1,92,2,observed_annual_from_canister_location_block | duplicate_agreement_collapsed; considered: Canister sign in charts R3 and R4 2025.xlsx; 2008-2025 Total Canister Sign-In.xlsx
Big Indian,2010-01-01,2010-12-31,2010,,292.0,annual,Canister sign in charts R3 and R4 2025.xlsx,Sheet1,93,2,observed_annual_from_canister_location_block | duplicate_agreement_collapsed; considered: Canister sign in charts R3 and R4 2025.xlsx; 2008-2025 Total Canister Sign-In.xlsx
Big Indian,2011-01-01,2011-12-31,2011,,322.0,annual,Canister sign in charts R3 and R4 2025.xlsx,Sheet1,94,2,observed_annual_from_canister_location_block | duplicate_agreement_collapsed; considered: Canister sign in charts R3 and R4 2025.xlsx; 2008-2025 Total Canister Sign-In.xlsx
Big Indian,2012-01-01,2012-12-31,2012,,518.0,annual,Canister sign in charts R3 and R4 2025.xlsx,Sheet1,95,2,observed_annual_from_canister_location_block | duplicate_agreement_collapsed; considered: Canister sign in charts R3 and R4 2025.xlsx; 2008-2025 Total Canister Sign-In.xlsx
Big Indian,2013-01-01,2013-12-31,2013,,404.0,annual,Canister sign in charts R3 and R4 2025.xlsx,Sheet1,96,2,observed_annual_from_canister_location_block | duplicate_agreement_collapsed; considered: Canister sign in charts R3 and R4 2025.xlsx; 2008-2025 Total Canister Sign-In.xlsx
Big Indian,2014-01-01,2014-12-31,2014,,530.0,annual,Canister sign in charts R3 and R4 2025.xlsx,Sheet1,97,2,observed_annual_from_canister_location_block | duplicate_agreement_collapsed; considered: Canister sign in charts R3 and R4 2025.xlsx; 2008-2025 Total Canister Sign-In.xlsx
Big Indian,2015-01-01,2015-12-31,2015,,619.0,annual,Canister sign in charts R3 and R4 2025.xlsx,Sheet1,98,2,observed_annual_from_canister_location_block | duplicate_agreement_collapsed; considered: Canister sign in charts R3 and R4 2025.xlsx; 2008-2025 Total Canister Sign-In.xlsx
Big Indian,2016-01-01,2016-12-31,2016,,803.0,annual,Canister sign in charts R3 and R4 2025.xlsx,Sheet1,99,2,observed_annual_from_canister_location_block | duplicate_agreement_collapsed; considered: Canister sign in charts R3 and R4 2025.xlsx; 2008-2025 Total Canister Sign-In.xlsx
Big Indian,2017-01-01,2017-12-31,2017,,777.0,annual,Canister sign in charts R3 and R4 2025.xlsx,Sheet1,100,2,observed_annual_from_canister_location_block | duplicate_agreement_collapsed; considered: Canister sign in charts R3 and R4 2025.xlsx; 2008-2025 Total Canister Sign-In.xlsx
Big Indian,2018-01-01,2018-12-31,2018,,602.0,annual,Canister sign in charts R3 and R4 2025.xlsx,Sheet1,101,2,observed_annual_from_canister_location_block | duplicate_agreement_collapsed; considered: Canister sign in charts R3 and R4 2025.xlsx; 2008-2025 Total Canister Sign-In.xlsx
Big Indian,2019-01-01,2019-12-31,2019,,793.0,annual,Canister sign in charts R3 and R4 2025.xlsx,Sheet1,102,2,observed_annual_from_canister_location_block | duplicate_agreement_collapsed; considered: Canister sign in charts R3 and R4 2025.xlsx; 2008-2025 Total Canister Sign-In.xlsx
Big Indian,2020-01-01,2020-12-31,2020,,1240.0,annual,Canister sign in charts R3 and R4 2025.xlsx,Sheet1,103,2,observed_annual_from_canister_location_block | duplicate_agreement_collapsed; considered: Canister sign in charts R3 and R4 2025.xlsx; 2008-2025 Total Canister Sign-In.xlsx
Big Indian,2021-01-01,2021-12-31,2021,,1131.0,annual,Canister sign in charts R3 and R4 2025.xlsx,Sheet1,104,2,observed_annual_from_canister_location_block | duplicate_agreement_collapsed; considered: Canister sign in charts R3 and R4 2025.xlsx; 2008-2025 Total Canister Sign-In.xlsx
Big Indian,2022-01-01,2022-12-31,2022,,1084.0,annual,Canister sign in charts R3 and R4 2025.xlsx,Sheet1,105,2,observed_annual_from_canister_location_block | duplicate_agreement_collapsed; considered: Canister sign in charts R3 and R4 2025.xlsx; 2008-2025 Total Canister Sign-In.xlsx
Big Indian,2023-01-01,2023-12-31,2023,,985.0,annual,Canister sign in charts R3 and R4 2025.xlsx,Sheet1,106,2,observed_annual_from_canister_location_block | duplicate_agreement_collapsed; considered: Canister sign in charts R3 and R4 2025.xlsx; 2008-2025 Total Canister Sign-In.xlsx
Big Indian,2024-01-01,2024-12-31,2024,,927.0,annual,Canister sign in charts R3 and R4 2025.xlsx,Sheet1,107,2,observed_annual_from_canister_location_block | duplicate_agreement_collapsed; considered: Canister sign in charts R3 and R4 2025.xlsx; 2008-2025 Total Canister Sign-In.xlsx
Big Pond East,1997-01-01,1997-12-31,1997,,120.0,annual,Trail Register Database R4(1).xlsx,aggregated,0,0,aggregated_annual_from_monthly; source_records=9
Big Pond East,1998-01-01,1998-12-31,1998,,223.0,annual,Trail Register Database R4(1).xlsx,aggregated,0,0,aggregated_annual_from_monthly; source_records=11
Big Pond East,1999-01-01,1999-12-31,1999,,92.0,annual,Trail Register Database R4(1).xlsx,aggregated,0,0,aggregated_annual_from_monthly; source_records=10
Big Pond East,2000-01-01,2000-12-31,2000,,272.0,annual,Trail Register Database R4(1).xlsx,aggregated,0,0,aggregated_annual_from_monthly; source_records=11
Big Pond East,2004-01-01,2004-12-31,2004,,273.0,annual,Trail Register Database R4(1).xlsx,aggregated,0,0,aggregated_annual_from_monthly; source_records=12
Big Pond East,2005-01-01,2005-12-31,2005,,381.0,annual,Trail Register Database R4(1).xlsx,aggregated,0,0,aggregated_annual_from_monthly; source_records=11
Big Pond East,2006-01-01,2006-12-31,2006,,290.0,annual,Trail Register Database R4(1).xlsx,aggregated,0,0,aggregated_annual_from_monthly; source_records=12
Big Pond East,2007-01-01,2007-12-31,2007,,354.0,annual,Trail Register Database R4(1).xlsx,aggregated,0,0,aggregated_annual_from_monthly; source_records=12
Big Pond East,2008-01-01,2008-12-31,2008,,405.0,annual,Trail Register Database R4(1).xlsx,aggregated,0,0,aggregated_annual_from_monthly; source_records=12
Big Pond East,2009-01-01,2009-12-31,2009,,361.0,annual,Trail Register Database R4(1).xlsx,aggregated,0,0,aggregated_annual_from_monthly; source_records=12
Big Pond East,2010-01-01,2010-12-31,2010,,403.0,annual,Trail Register Database R4(1).xlsx,aggregated,0,0,aggregated_annual_from_monthly; source_records=12
Big Pond East,2011-01-01,2011-12-31,2011,,551.0,annual,Trail Register Database R4(1).xlsx,aggregated,0,0,aggregated_annual_from_monthly; source_records=12
Big Pond East,2012-01-01,2012-12-31,2012,,372.0,annual,Trail Register Database R4(1).xlsx,aggregated,0,0,aggregated_annual_from_monthly; source_records=9
Big Pond East,2013-01-01,2013-12-31,2013,,480.0,annual,Trail Register Database R4(1).xlsx,aggregated,0,0,aggregated_annual_from_monthly; source_records=8
Big Pond East,2014-01-01,2014-12-31,2014,,557.0,annual,Trail Register Database R4(1).xlsx,aggregated,0,0,aggregated_annual_from_monthly; source_records=12
Big Pond East,2015-01-01,2015-12-31,2015,,489.0,annual,Trail Register Database R4(1).xlsx,aggregated,0,0,aggregated_annual_from_monthly; source_records=12
Big Pond East,2016-01-01,2016-12-31,2016,,573.0,annual,Trail Register Database R4(1).xlsx,aggregated,0,0,aggregated_annual_from_monthly; source_records=12
Big Pond East,2017-01-01,2017-12-31,2017,,517.0,annual,Trail Register Database R4(1).xlsx,aggregated,0,0,aggregated_annual_from_monthly; source_records=12
Big Pond East,2018-01-01,2018-12-31,2018,,354.0,annual,Trail Register Database R4(1).xlsx,aggregated,0,0,aggregated_annual_from_monthly; source_records=12
Big Pond East,2019-01-01,2019-12-31,2019,,391.0,annual,Trail Register Database R4(1).xlsx,aggregated,0,0,aggregated_annual_from_monthly; source_records=11
Big Pond East,2020-01-01,2020-12-31,2020,,732.0,annual,Trail Register Database R4(1).xlsx,aggregated,0,0,aggregated_annual_from_monthly; source_records=12
Big Pond East,2021-01-01,2021-12-31,2021,,429.0,annual,Trail Register Database R4(1).xlsx,aggregated,0,0,aggregated_annual_from_monthly; source_records=12
Big Pond East,2022-01-01,2022-12-31,2022,,431.0,annual,Trail Register Database R4(1).xlsx,aggregated,0,0,aggregated_annual_from_monthly; source_records=12
Big Pond East,2023-01-01,2023-12-31,2023,,284.0,annual,Trail Register Database R4(1).xlsx,aggregated,0,0,aggregated_annual_from_monthly; source_records=11
Big Pond East,2024-01-01,2024-12-31,2024,,327.0,annual,Trail Register Database R4(1).xlsx,aggregated,0,0,aggregated_annual_from_monthly; source_records=12
Big Pond East,2025-01-01,2025-12-31,2025,,374.0,annual,Trail Register Database R4(1).xlsx,aggregated,0,0,aggregated_annual_from_monthly; source_records=12
Big Pond East,2026-01-01,2026-12-31,2026,,6.0,annual,Trail Register Database R4(1).xlsx,aggregated,0,0,aggregated_annual_from_monthly; source_records=1
Big Pond West,1997-01-01,1997-12-31,1997,,213.0,annual,Trail Register Database R4(1).xlsx,aggregated,0,0,aggregated_annual_from_monthly; source_records=12
Big Pond West,1998-01-01,1998-12-31,1998,,190.0,annual,Trail Register Database R4(1).xlsx,aggregated,0,0,aggregated_annual_from_monthly; source_records=12
Big Pond West,1999-01-01,1999-12-31,1999,,213.0,annual,Trail Register Database R4(1).xlsx,aggregated,0,0,aggregated_annual_from_monthly; source_records=12
Big Pond West,2000-01-01,2000-12-31,2000,,258.0,annual,Trail Register Database R4(1).xlsx,aggregated,0,0,aggregated_annual_from_monthly; source_records=10
Big Pond West,2004-01-01,2004-12-31,2004,,181.0,annual,Trail Register Database R4(1).xlsx,aggregated,0,0,aggregated_annual_from_monthly; source_records=12
Big Pond West,2005-01-01,2005-12-31,2005,,202.0,annual,Trail Register Database R4(1).xlsx,aggregated,0,0,aggregated_annual_from_monthly; source_records=11
Big Pond West,2006-01-01,2006-12-31,2006,,229.0,annual,Trail Register Database R4(1).xlsx,aggregated,0,0,aggregated_annual_from_monthly; source_records=12
Big Pond West,2007-01-01,2007-12-31,2007,,195.0,annual,Trail Register Database R4(1).xlsx,aggregated,0,0,aggregated_annual_from_monthly; source_records=12
Big Pond West,2008-01-01,2008-12-31,2008,,181.0,annual,Trail Register Database R4(1).xlsx,aggregated,0,0,aggregated_annual_from_monthly; source_records=12
Big Pond West,2009-01-01,2009-12-31,2009,,274.0,annual,Trail Register Database R4(1).xlsx,aggregated,0,0,aggregated_annual_from_monthly; source_records=12
Big Pond West,2010-01-01,2010-12-31,2010,,247.0,annual,Trail Register Database R4(1).xlsx,aggregated,0,0,aggregated_annual_from_monthly; source_records=12
Big Pond West,2011-01-01,2011-12-31,2011,,287.0,annual,Trail Register Database R4(1).xlsx,aggregated,0,0,aggregated_annual_from_monthly; source_records=12
Big Pond West,2012-01-01,2012-12-31,2012,,188.0,annual,Trail Register Database R4(1).xlsx,aggregated,0,0,aggregated_annual_from_monthly; source_records=8
Big Pond West,2013-01-01,2013-12-31,2013,,227.0,annual,Trail Register Database R4(1).xlsx,aggregated,0,0,aggregated_annual_from_monthly; source_records=8
Big Pond West,2014-01-01,2014-12-31,2014,,281.0,annual,Trail Register Database R4(1).xlsx,aggregated,0,0,aggregated_annual_from_monthly; source_records=12
Big Pond West,2015-01-01,2015-12-31,2015,,213.0,annual,Trail Register Database R4(1).xlsx,aggregated,0,0,aggregated_annual_from_monthly; source_records=12
Big Pond West,2016-01-01,2016-12-31,2016,,199.0,annual,Trail Register Database R4(1).xlsx,aggregated,0,0,aggregated_annual_from_monthly; source_records=9
Big Pond West,2017-01-01,2017-12-31,2017,,268.0,annual,Trail Register Database R4(1).xlsx,aggregated,0,0,aggregated_annual_from_monthly; source_records=12
Big Pond West,2018-01-01,2018-12-31,2018,,199.0,annual,Trail Register Database R4(1).xlsx,aggregated,0,0,aggregated_annual_from_monthly; source_records=12
Big Pond West,2019-01-01,2019-12-31,2019,,279.0,annual,Trail Register Database R4(1).xlsx,aggregated,0,0,aggregated_annual_from_monthly; source_records=12
Big Pond West,2020-01-01,2020-12-31,2020,,431.0,annual,Trail Register Database R4(1).xlsx,aggregated,0,0,aggregated_annual_from_monthly; source_records=12
Big Pond West,2021-01-01,2021-12-31,2021,,371.0,annual,Trail Register Database R4(1).xlsx,aggregated,0,0,aggregated_annual_from_monthly; source_records=12
Big Pond West,2022-01-01,2022-12-31,2022,,231.0,annual,Trail Register Database R4(1).xlsx,aggregated,0,0,aggregated_annual_from_monthly; source_records=12
Big Pond West,2023-01-01,2023-12-31,2023,,194.0,annual,Trail Register Database R4(1).xlsx,aggregated,0,0,aggregated_annual_from_monthly; source_records=12
Big Pond West,2024-01-01,2024-12-31,2024,,210.0,annual,Trail Register Database R4(1).xlsx,aggregated,0,0,aggregated_annual_from_monthly; source_records=12
Big Pond West,2025-01-01,2025-12-31,2025,,265.0,annual,Trail Register Database R4(1).xlsx,aggregated,0,0,aggregated_annual_from_monthly; source_records=12
Big Pond West,2026-01-01,2026-12-31,2026,,2.0,annual,Trail Register Database R4(1).xlsx,aggregated,0,0,aggregated_annual_from_monthly; source_records=1
Biscuit Brook,1991-01-01,1991-12-31,1991,,794.0,annual,Trail Register Tally_8_9_24_(1).xlsx,aggregated,0,0,aggregated_annual_from_monthly; source_records=12
Biscuit Brook,1992-01-01,1992-12-31,1992,,747.0,annual,Trail Register Tally_8_9_24_(1).xlsx,aggregated,0,0,aggregated_annual_from_monthly; source_records=12
Biscuit Brook,1993-01-01,1993-12-31,1993,,832.0,annual,Trail Register Tally_8_9_24_(1).xlsx,aggregated,0,0,aggregated_annual_from_monthly; source_records=12
Biscuit Brook,1994-01-01,1994-12-31,1994,,741.0,annual,Trail Register Tally_8_9_24_(1).xlsx,aggregated,0,0,aggregated_annual_from_monthly; source_records=12
Biscuit Brook,1995-01-01,1995-12-31,1995,,790.0,annual,Trail Register Tally_8_9_24_(1).xlsx,aggregated,0,0,aggregated_annual_from_monthly; source_records=12
Biscuit Brook,1996-01-01,1996-12-31,1996,,802.0,annual,Trail Register Tally_8_9_24_(1).xlsx,aggregated,0,0,aggregated_annual_from_monthly; source_records=12
Biscuit Brook,1997-01-01,1997-12-31,1997,,735.0,annual,Trail Register Tally_8_9_24_(1).xlsx,aggregated,0,0,aggregated_annual_from_monthly; source_records=12
Biscuit Brook,1998-01-01,1998-12-31,1998,,1001.0,annual,Trail Register Tally_8_9_24_(1).xlsx,aggregated,0,0,aggregated_annual_from_monthly; source_records=12
Biscuit Brook,1999-01-01,1999-12-31,1999,,741.0,annual,Trail Register Tally_8_9_24_(1).xlsx,aggregated,0,0,aggregated_annual_from_monthly; source_records=12
Biscuit Brook,2000-01-01,2000-12-31,2000,,882.0,annual,Trail Register Tally_8_9_24_(1).xlsx,aggregated,0,0,aggregated_annual_from_monthly; source_records=12
Biscuit Brook,2008-01-01,2008-12-31,2008,,755.999999,annual,Trail Register Tally_8_9_24_(1).xlsx,aggregated,0,0,aggregated_annual_from_monthly; source_records=12
Biscuit Brook,2009-01-01,2009-12-31,2009,,757.875,annual,Trail Register Tally_8_9_24_(1).xlsx,aggregated,0,0,aggregated_annual_from_monthly; source_records=12
Biscuit Brook,2011-01-01,2011-12-31,2011,,708.714285,annual,Trail Register Tally_8_9_24_(1).xlsx,aggregated,0,0,aggregated_annual_from_monthly; source_records=12
Biscuit Brook,2014-01-01,2014-12-31,2014,,954.0,annual,Trail Register Tally_8_9_24_(1).xlsx,aggregated,0,0,aggregated_annual_from_monthly; source_records=12
Biscuit Brook,2015-01-01,2015-12-31,2015,,1096.0,annual,Trail Register Tally_8_9_24_(1).xlsx,aggregated,0,0,aggregated_annual_from_monthly; source_records=12
Biscuit Brook,2016-01-01,2016-12-31,2016,,1283.0,annual,Trail Register Tally_8_9_24_(1).xlsx,aggregated,0,0,aggregated_annual_from_monthly; source_records=12
Biscuit Brook,2017-01-01,2017-12-31,2017,,1014.0,annual,Trail Register Tally_8_9_24_(1).xlsx,aggregated,0,0,aggregated_annual_from_monthly; source_records=12
Biscuit Brook,2018-01-01,2018-12-31,2018,,1039.0,annual,Trail Register Tally_8_9_24_(1).xlsx,aggregated,0,0,aggregated_annual_from_monthly; source_records=12
Biscuit Brook,2019-01-01,2019-12-31,2019,,1206.0,annual,Trail Register Tally_8_9_24_(1).xlsx,aggregated,0,0,aggregated_annual_from_monthly; source_records=12
Biscuit Brook,2020-01-01,2020-12-31,2020,,1842.0,annual,Trail Register Tally_8_9_24_(1).xlsx,aggregated,0,0,aggregated_annual_from_monthly; source_records=12
Biscuit Brook,2023-01-01,2023-12-31,2023,,426.666667,annual,Trail Register Tally_8_9_24_(1).xlsx,aggregated,0,0,aggregated_annual_from_monthly; source_records=4
Biscuit Brook,2024-01-01,2024-12-31,2024,,1290.958333,annual,Trail Register Tally_8_9_24_(1).xlsx,aggregated,0,0,aggregated_annual_from_monthly; source_records=12
Biscuit Brook,2025-01-01,2025-12-31,2025,,1315.821429,annual,Trail Register Tally_8_9_24_(1).xlsx,aggregated,0,0,aggregated_annual_from_monthly; source_records=12
Biscuit Brook,2026-01-01,2026-12-31,2026,,758.285714,annual,Trail Register Tally_8_9_24_(1).xlsx,aggregated,0,0,aggregated_annual_from_monthly; source_records=7
Bouchoux Trail,2000-01-01,2000-12-31,2000,,789.0,annual,Trail Register Database R4(1).xlsx,aggregated,0,0,aggregated_annual_from_monthly; source_records=12
Bouchoux Trail,2004-01-01,2004-12-31,2004,,940.0,annual,Trail Register Database R4(1).xlsx,aggregated,0,0,aggregated_annual_from_monthly; source_records=12
Bouchoux Trail,2005-01-01,2005-12-31,2005,,1047.0,annual,Trail Register Database R4(1).xlsx,aggregated,0,0,aggregated_annual_from_monthly; source_records=11
Bouchoux Trail,2006-01-01,2006-12-31,2006,,997.0,annual,Trail Register Database R4(1).xlsx,aggregated,0,0,aggregated_annual_from_monthly; source_records=12
Bouchoux Trail,2007-01-01,2007-12-31,2007,,832.0,annual,Trail Register Database R4(1).xlsx,aggregated,0,0,aggregated_annual_from_monthly; source_records=11
Bouchoux Trail,2008-01-01,2008-12-31,2008,,852.0,annual,Trail Register Database R4(1).xlsx,aggregated,0,0,aggregated_annual_from_monthly; source_records=12
Bouchoux Trail,2009-01-01,2009-12-31,2009,,1269.0,annual,Trail Register Database R4(1).xlsx,aggregated,0,0,aggregated_annual_from_monthly; source_records=12
Bouchoux Trail,2010-01-01,2010-12-31,2010,,1226.0,annual,Trail Register Database R4(1).xlsx,aggregated,0,0,aggregated_annual_from_monthly; source_records=11
Bouchoux Trail,2011-01-01,2011-12-31,2011,,1141.0,annual,Trail Register Database R4(1).xlsx,aggregated,0,0,aggregated_annual_from_monthly; source_records=12
Bouchoux Trail,2012-01-01,2012-12-31,2012,,1604.0,annual,Trail Register Database R4(1).xlsx,aggregated,0,0,aggregated_annual_from_monthly; source_records=10
Bouchoux Trail,2013-01-01,2013-12-31,2013,,1089.0,annual,Trail Register Database R4(1).xlsx,aggregated,0,0,aggregated_annual_from_monthly; source_records=8
Bouchoux Trail,2014-01-01,2014-12-31,2014,,1432.0,annual,Trail Register Database R4(1).xlsx,aggregated,0,0,aggregated_annual_from_monthly; source_records=12
Bouchoux Trail,2015-01-01,2015-12-31,2015,,1701.0,annual,Trail Register Database R4(1).xlsx,aggregated,0,0,aggregated_annual_from_monthly; source_records=12
Bouchoux Trail,2016-01-01,2016-12-31,2016,,1871.0,annual,Trail Register Database R4(1).xlsx,aggregated,0,0,aggregated_annual_from_monthly; source_records=12
Bouchoux Trail,2017-01-01,2017-12-31,2017,,2356.0,annual,Trail Register Database R4(1).xlsx,aggregated,0,0,aggregated_annual_from_monthly; source_records=12
Bouchoux Trail,2018-01-01,2018-12-31,2018,,1761.0,annual,Trail Register Database R4(1).xlsx,aggregated,0,0,aggregated_annual_from_monthly; source_records=12
Bouchoux Trail,2019-01-01,2019-12-31,2019,,2145.0,annual,Trail Register Database R4(1).xlsx,aggregated,0,0,aggregated_annual_from_monthly; source_records=12
Bouchoux Trail,2020-01-01,2020-12-31,2020,,2324.0,annual,Trail Register Database R4(1).xlsx,aggregated,0,0,aggregated_annual_from_monthly; source_records=12
Bouchoux Trail,2021-01-01,2021-12-31,2021,,1807.0,annual,Trail Register Database R4(1).xlsx,aggregated,0,0,aggregated_annual_from_monthly; source_records=12
Bouchoux Trail,2022-01-01,2022-12-31,2022,,1368.0,annual,Trail Register Database R4(1).xlsx,aggregated,0,0,aggregated_annual_from_monthly; source_records=11
Bouchoux Trail,2023-01-01,2023-12-31,2023,,1386.0,annual,Trail Register Database R4(1).xlsx,aggregated,0,0,aggregated_annual_from_monthly; source_records=12
Bouchoux Trail,2024-01-01,2024-12-31,2024,,1438.0,annual,Trail Register Database R4(1).xlsx,aggregated,0,0,aggregated_annual_from_monthly; source_records=12
Bouchoux Trail,2025-01-01,2025-12-31,2025,,1306.0,annual,Trail Register Database R4(1).xlsx,aggregated,0,0,aggregated_annual_from_monthly; source_records=12
Boulder Rock,1996-01-01,1996-12-31,1996,,1132.0,annual,Trail Register Database R4(1).xlsx,aggregated,0,0,aggregated_annual_from_monthly; source_records=6
Boulder Rock,1997-01-01,1997-12-31,1997,,3351.0,annual,Trail Register Database R4(1).xlsx,aggregated,0,0,aggregated_annual_from_monthly; source_records=11
Boulder Rock,1998-01-01,1998-12-31,1998,,1443.0,annual,Trail Register Database R4(1).xlsx,aggregated,0,0,aggregated_annual_from_monthly; source_records=10
Boulder Rock,1999-01-01,1999-12-31,1999,,1849.0,annual,Trail Register Database R4(1).xlsx,aggregated,0,0,aggregated_annual_from_monthly; source_records=12
Boulder Rock,2000-01-01,2000-12-31,2000,,2303.0,annual,Trail Register Database R4(1).xlsx,aggregated,0,0,aggregated_annual_from_monthly; source_records=12
Boulder Rock,2004-01-01,2004-12-31,2004,,3773.0,annual,Trail Register Database R4(1).xlsx,aggregated,0,0,aggregated_annual_from_monthly; source_records=12
Boulder Rock,2005-01-01,2005-12-31,2005,,3269.0,annual,Trail Register Database R4(1).xlsx,aggregated,0,0,aggregated_annual_from_monthly; source_records=12
Boulder Rock,2006-01-01,2006-12-31,2006,,1808.0,annual,Trail Register Database R4(1).xlsx,aggregated,0,0,aggregated_annual_from_monthly; source_records=12
Boulder Rock,2007-01-01,2007-12-31,2007,,1998.0,annual,Trail Register Database R4(1).xlsx,aggregated,0,0,aggregated_annual_from_monthly; source_records=12
Boulder Rock,2008-01-01,2008-12-31,2008,,2541.0,annual,Trail Register Database R4(1).xlsx,aggregated,0,0,aggregated_annual_from_monthly; source_records=12
Boulder Rock,2009-01-01,2009-12-31,2009,,2590.0,annual,Trail Register Database R4(1).xlsx,aggregated,0,0,aggregated_annual_from_monthly; source_records=12
Boulder Rock,2010-01-01,2010-12-31,2010,,2675.0,annual,Trail Register Database R4(1).xlsx,aggregated,0,0,aggregated_annual_from_monthly; source_records=12
Boulder Rock,2011-01-01,2011-12-31,2011,,2210.0,annual,Trail Register Database R4(1).xlsx,aggregated,0,0,aggregated_annual_from_monthly; source_records=12
Boulder Rock,2012-01-01,2012-12-31,2012,,2032.0,annual,Trail Register Database R4(1).xlsx,aggregated,0,0,aggregated_annual_from_monthly; source_records=9
Boulder Rock,2013-01-01,2013-12-31,2013,,1782.0,annual,Trail Register Database R4(1).xlsx,aggregated,0,0,aggregated_annual_from_monthly; source_records=5
Boulder Rock,2014-01-01,2014-12-31,2014,,2405.0,annual,Trail Register Database R4(1).xlsx,aggregated,0,0,aggregated_annual_from_monthly; source_records=12
Boulder Rock,2015-01-01,2015-12-31,2015,,3307.0,annual,Trail Register Database R4(1).xlsx,aggregated,0,0,aggregated_annual_from_monthly; source_records=12
Boulder Rock,2016-01-01,2016-12-31,2016,,3378.0,annual,Trail Register Database R4(1).xlsx,aggregated,0,0,aggregated_annual_from_monthly; source_records=12
Boulder Rock,2017-01-01,2017-12-31,2017,,2849.0,annual,Trail Register Database R4(1).xlsx,aggregated,0,0,aggregated_annual_from_monthly; source_records=12
Boulder Rock,2018-01-01,2018-12-31,2018,,1948.0,annual,Trail Register Database R4(1).xlsx,aggregated,0,0,aggregated_annual_from_monthly; source_records=12
Boulder Rock,2019-01-01,2019-12-31,2019,,21.0,annual,Trail Register Database R4(1).xlsx,aggregated,0,0,aggregated_annual_from_monthly; source_records=1
Campbell Brook,2004-01-01,2004-12-31,2004,,147.0,annual,Trail Register Database R4(1).xlsx,aggregated,0,0,aggregated_annual_from_monthly; source_records=12
Campbell Brook,2005-01-01,2005-12-31,2005,,198.0,annual,Trail Register Database R4(1).xlsx,aggregated,0,0,aggregated_annual_from_monthly; source_records=12
Campbell Brook,2006-01-01,2006-12-31,2006,,219.0,annual,Trail Register Database R4(1).xlsx,aggregated,0,0,aggregated_annual_from_monthly; source_records=12
Campbell Brook,2008-01-01,2008-12-31,2008,,2.0,annual,Trail Register Database R4(1).xlsx,aggregated,0,0,aggregated_annual_from_monthly; source_records=1
Campbell Brook,2009-01-01,2009-12-31,2009,,310.0,annual,Trail Register Database R4(1).xlsx,aggregated,0,0,aggregated_annual_from_monthly; source_records=12
Campbell Brook,2010-01-01,2010-12-31,2010,,260.0,annual,Trail Register Database R4(1).xlsx,aggregated,0,0,aggregated_annual_from_monthly; source_records=12
Campbell Brook,2011-01-01,2011-12-31,2011,,235.0,annual,Trail Register Database R4(1).xlsx,aggregated,0,0,aggregated_annual_from_monthly; source_records=12
Campbell Brook,2012-01-01,2012-12-31,2012,,122.0,annual,Trail Register Database R4(1).xlsx,aggregated,0,0,aggregated_annual_from_monthly; source_records=9
Campbell Brook,2013-01-01,2013-12-31,2013,,99.0,annual,Trail Register Database R4(1).xlsx,aggregated,0,0,aggregated_annual_from_monthly; source_records=9
Campbell Brook,2014-01-01,2014-12-31,2014,,152.0,annual,Trail Register Database R4(1).xlsx,aggregated,0,0,aggregated_annual_from_monthly; source_records=12
Campbell Brook,2015-01-01,2015-12-31,2015,,176.0,annual,Trail Register Database R4(1).xlsx,aggregated,0,0,aggregated_annual_from_monthly; source_records=12
Campbell Brook,2016-01-01,2016-12-31,2016,,116.0,annual,Trail Register Database R4(1).xlsx,aggregated,0,0,aggregated_annual_from_monthly; source_records=12
Campbell Brook,2017-01-01,2017-12-31,2017,,114.0,annual,Trail Register Database R4(1).xlsx,aggregated,0,0,aggregated_annual_from_monthly; source_records=11
Campbell Brook,2018-01-01,2018-12-31,2018,,150.0,annual,Trail Register Database R4(1).xlsx,aggregated,0,0,aggregated_annual_from_monthly; source_records=12
Campbell Brook,2019-01-01,2019-12-31,2019,,150.0,annual,Trail Register Database R4(1).xlsx,aggregated,0,0,aggregated_annual_from_monthly; source_records=12
Campbell Brook,2020-01-01,2020-12-31,2020,,211.0,annual,Trail Register Database R4(1).xlsx,aggregated,0,0,aggregated_annual_from_monthly; source_records=12
Campbell Brook,2021-01-01,2021-12-31,2021,,166.0,annual,Trail Register Database R4(1).xlsx,aggregated,0,0,aggregated_annual_from_monthly; source_records=12
Campbell Brook,2022-01-01,2022-12-31,2022,,243.0,annual,Trail Register Database R4(1).xlsx,aggregated,0,0,aggregated_annual_from_monthly; source_records=12
Campbell Brook,2023-01-01,2023-12-31,2023,,90.0,annual,Trail Register Database R4(1).xlsx,aggregated,0,0,aggregated_annual_from_monthly; source_records=11
Campbell Brook,2024-01-01,2024-12-31,2024,,107.0,annual,Trail Register Database R4(1).xlsx,aggregated,0,0,aggregated_annual_from_monthly; source_records=12
Campbell Brook,2025-01-01,2025-12-31,2025,,186.0,annual,Trail Register Database R4(1).xlsx,aggregated,0,0,aggregated_annual_from_monthly; source_records=12
Campbell Mt,2018-01-01,2018-12-31,2018,,21.0,annual,Trail Register Database R4(1).xlsx,aggregated,0,0,aggregated_annual_from_monthly; source_records=4
Campbell Mt,2019-01-01,2019-12-31,2019,,72.0,annual,Trail Register Database R4(1).xlsx,aggregated,0,0,aggregated_annual_from_monthly; source_records=12
Campbell Mt,2020-01-01,2020-12-31,2020,,73.0,annual,Trail Register Database R4(1).xlsx,aggregated,0,0,aggregated_annual_from_monthly; source_records=12
Campbell Mt,2021-01-01,2021-12-31,2021,,75.0,annual,Trail Register Database R4(1).xlsx,aggregated,0,0,aggregated_annual_from_monthly; source_records=12
Campbell Mt,2022-01-01,2022-12-31,2022,,80.0,annual,Trail Register Database R4(1).xlsx,aggregated,0,0,aggregated_annual_from_monthly; source_records=12
Campbell Mt,2023-01-01,2023-12-31,2023,,59.0,annual,Trail Register Database R4(1).xlsx,aggregated,0,0,aggregated_annual_from_monthly; source_records=12
Campbell Mt,2024-01-01,2024-12-31,2024,,67.0,annual,Trail Register Database R4(1).xlsx,aggregated,0,0,aggregated_annual_from_monthly; source_records=11
Campbell Mt,2025-01-01,2025-12-31,2025,,60.0,annual,Trail Register Database R4(1).xlsx,aggregated,0,0,aggregated_annual_from_monthly; source_records=12
Cathedral Glen,2021-01-01,2021-12-31,2021,,18.0,annual,Trail Register Tally_8_9_24_(1).xlsx,aggregated,0,0,aggregated_annual_from_monthly; source_records=4
Cathedral Glen,2022-01-01,2022-12-31,2022,,103.0,annual,Trail Register Tally_8_9_24_(1).xlsx,aggregated,0,0,aggregated_annual_from_monthly; source_records=9
Cathedral Glen,2023-01-01,2023-12-31,2023,,1.0,annual,Trail Register Tally_8_9_24_(1).xlsx,aggregated,0,0,aggregated_annual_from_monthly; source_records=1
Cathedral Glen,2024-01-01,2024-12-31,2024,,34.333334,annual,Trail Register Tally_8_9_24_(1).xlsx,aggregated,0,0,aggregated_annual_from_monthly; source_records=4
Cathedral Glen,2025-01-01,2025-12-31,2025,,130.666668,annual,Trail Register Tally_8_9_24_(1).xlsx,aggregated,0,0,aggregated_annual_from_monthly; source_records=12
Cathedral Glen,2026-01-01,2026-12-31,2026,,87.000001,annual,Trail Register Tally_8_9_24_(1).xlsx,aggregated,0,0,aggregated_annual_from_monthly; source_records=7
Catskill Mt. House,2014-01-01,2014-12-31,2014,,2405.0,annual,Trail Register Database R4(1).xlsx,aggregated,0,0,aggregated_annual_from_monthly; source_records=12
Catskill Mt. House,2015-01-01,2015-12-31,2015,,2834.0,annual,Trail Register Database R4(1).xlsx,aggregated,0,0,aggregated_annual_from_monthly; source_records=12
Catskill Mt. House,2016-01-01,2016-12-31,2016,,3388.0,annual,Trail Register Database R4(1).xlsx,aggregated,0,0,aggregated_annual_from_monthly; source_records=12
Catskill Mt. House,2017-01-01,2017-12-31,2017,,2849.0,annual,Trail Register Database R4(1).xlsx,aggregated,0,0,aggregated_annual_from_monthly; source_records=12
Catskill Mt. House,2018-01-01,2018-12-31,2018,,1948.0,annual,Trail Register Database R4(1).xlsx,aggregated,0,0,aggregated_annual_from_monthly; source_records=12
Catskill Mt. House,2019-01-01,2019-12-31,2019,,1746.0,annual,Trail Register Database R4(1).xlsx,aggregated,0,0,aggregated_annual_from_monthly; source_records=12
Catskill Mt. House,2020-01-01,2020-12-31,2020,,1592.0,annual,Trail Register Database R4(1).xlsx,aggregated,0,0,aggregated_annual_from_monthly; source_records=12
Catskill Mt. House,2021-01-01,2021-12-31,2021,,1562.0,annual,Trail Register Database R4(1).xlsx,aggregated,0,0,aggregated_annual_from_monthly; source_records=12
Catskill Mt. House,2022-01-01,2022-12-31,2022,,1537.0,annual,Trail Register Database R4(1).xlsx,aggregated,0,0,aggregated_annual_from_monthly; source_records=12
Catskill Mt. House,2023-01-01,2023-12-31,2023,,1477.0,annual,Trail Register Database R4(1).xlsx,aggregated,0,0,aggregated_annual_from_monthly; source_records=12
Catskill Mt. House,2024-01-01,2024-12-31,2024,,1497.0,annual,Trail Register Database R4(1).xlsx,aggregated,0,0,aggregated_annual_from_monthly; source_records=12
Catskill Mt. House,2025-01-01,2025-12-31,2025,,1673.0,annual,Trail Register Database R4(1).xlsx,aggregated,0,0,aggregated_annual_from_monthly; source_records=12
Colgate Lake (Dutcher Notch),1996-01-01,1996-12-31,1996,,639.0,annual,Trail Register Database R4(1).xlsx,aggregated,0,0,aggregated_annual_from_monthly; source_records=8
Colgate Lake (Dutcher Notch),1997-01-01,1997-12-31,1997,,896.0,annual,Trail Register Database R4(1).xlsx,aggregated,0,0,aggregated_annual_from_monthly; source_records=12
Colgate Lake (Dutcher Notch),1998-01-01,1998-12-31,1998,,1177.0,annual,Trail Register Database R4(1).xlsx,aggregated,0,0,aggregated_annual_from_monthly; source_records=12
Colgate Lake (Dutcher Notch),1999-01-01,1999-12-31,1999,,927.0,annual,Trail Register Database R4(1).xlsx,aggregated,0,0,aggregated_annual_from_monthly; source_records=12
Colgate Lake (Dutcher Notch),2000-01-01,2000-12-31,2000,,819.0,annual,Trail Register Database R4(1).xlsx,aggregated,0,0,aggregated_annual_from_monthly; source_records=12
Colgate Lake (Dutcher Notch),2004-01-01,2004-12-31,2004,,929.0,annual,Trail Register Database R4(1).xlsx,aggregated,0,0,aggregated_annual_from_monthly; source_records=11
Colgate Lake (Dutcher Notch),2005-01-01,2005-12-31,2005,,897.0,annual,Trail Register Database R4(1).xlsx,aggregated,0,0,aggregated_annual_from_monthly; source_records=12
Colgate Lake (Dutcher Notch),2006-01-01,2006-12-31,2006,,746.0,annual,Trail Register Database R4(1).xlsx,aggregated,0,0,aggregated_annual_from_monthly; source_records=12
Colgate Lake (Dutcher Notch),2007-01-01,2007-12-31,2007,,246.0,annual,Trail Register Database R4(1).xlsx,aggregated,0,0,aggregated_annual_from_monthly; source_records=6
Colgate Lake (Dutcher Notch),2008-01-01,2008-12-31,2008,,687.0,annual,Trail Register Database R4(1).xlsx,aggregated,0,0,aggregated_annual_from_monthly; source_records=12
Colgate Lake (Dutcher Notch),2009-01-01,2009-12-31,2009,,776.0,annual,Trail Register Database R4(1).xlsx,aggregated,0,0,aggregated_annual_from_monthly; source_records=12
Colgate Lake (Dutcher Notch),2010-01-01,2010-12-31,2010,,906.0,annual,Trail Register Database R4(1).xlsx,aggregated,0,0,aggregated_annual_from_monthly; source_records=12
Colgate Lake (Dutcher Notch),2011-01-01,2011-12-31,2011,,696.0,annual,Trail Register Database R4(1).xlsx,aggregated,0,0,aggregated_annual_from_monthly; source_records=12
Colgate Lake (Dutcher Notch),2012-01-01,2012-12-31,2012,,442.0,annual,Trail Register Database R4(1).xlsx,aggregated,0,0,aggregated_annual_from_monthly; source_records=8
Colgate Lake (Dutcher Notch),2013-01-01,2013-12-31,2013,,624.0,annual,Trail Register Database R4(1).xlsx,aggregated,0,0,aggregated_annual_from_monthly; source_records=9
Colgate Lake (Dutcher Notch),2014-01-01,2014-12-31,2014,,723.0,annual,Trail Register Database R4(1).xlsx,aggregated,0,0,aggregated_annual_from_monthly; source_records=12
Colgate Lake (Dutcher Notch),2015-01-01,2015-12-31,2015,,866.0,annual,Trail Register Database R4(1).xlsx,aggregated,0,0,aggregated_annual_from_monthly; source_records=11
Colgate Lake (Dutcher Notch),2016-01-01,2016-12-31,2016,,956.0,annual,Trail Register Database R4(1).xlsx,aggregated,0,0,aggregated_annual_from_monthly; source_records=12
Colgate Lake (Dutcher Notch),2017-01-01,2017-12-31,2017,,859.0,annual,Trail Register Database R4(1).xlsx,aggregated,0,0,aggregated_annual_from_monthly; source_records=12
Colgate Lake (Dutcher Notch),2018-01-01,2018-12-31,2018,,740.0,annual,Trail Register Database R4(1).xlsx,aggregated,0,0,aggregated_annual_from_monthly; source_records=12
Colgate Lake (Dutcher Notch),2019-01-01,2019-12-31,2019,,680.0,annual,Trail Register Database R4(1).xlsx,aggregated,0,0,aggregated_annual_from_monthly; source_records=12
Colgate Lake (Dutcher Notch),2020-01-01,2020-12-31,2020,,626.0,annual,Trail Register Database R4(1).xlsx,aggregated,0,0,aggregated_annual_from_monthly; source_records=8
Colgate Lake (Dutcher Notch),2021-01-01,2021-12-31,2021,,802.0,annual,Trail Register Database R4(1).xlsx,aggregated,0,0,aggregated_annual_from_monthly; source_records=12
Colgate Lake (Dutcher Notch),2022-01-01,2022-12-31,2022,,720.0,annual,Trail Register Database R4(1).xlsx,aggregated,0,0,aggregated_annual_from_monthly; source_records=12
Colgate Lake (Dutcher Notch),2023-01-01,2023-12-31,2023,,613.0,annual,Trail Register Database R4(1).xlsx,aggregated,0,0,aggregated_annual_from_monthly; source_records=12
Colgate Lake (Dutcher Notch),2024-01-01,2024-12-31,2024,,709.0,annual,Trail Register Database R4(1).xlsx,aggregated,0,0,aggregated_annual_from_monthly; source_records=12
Colonel's Chair,1996-01-01,1996-12-31,1996,,46.0,annual,Trail Register Database R4(1).xlsx,aggregated,0,0,aggregated_annual_from_monthly; source_records=1
Colonel's Chair,1997-01-01,1997-12-31,1997,,271.0,annual,Trail Register Database R4(1).xlsx,aggregated,0,0,aggregated_annual_from_monthly; source_records=9
Colonel's Chair,1998-01-01,1998-12-31,1998,,326.0,annual,Trail Register Database R4(1).xlsx,aggregated,0,0,aggregated_annual_from_monthly; source_records=12
Colonel's Chair,1999-01-01,1999-12-31,1999,,134.0,annual,Trail Register Database R4(1).xlsx,aggregated,0,0,aggregated_annual_from_monthly; source_records=10
Colonel's Chair,2000-01-01,2000-12-31,2000,,353.0,annual,Trail Register Database R4(1).xlsx,aggregated,0,0,aggregated_annual_from_monthly; source_records=12
Colonel's Chair,2004-01-01,2004-12-31,2004,,54.0,annual,Trail Register Database R4(1).xlsx,aggregated,0,0,aggregated_annual_from_monthly; source_records=5
Colonel's Chair,2005-01-01,2005-12-31,2005,,359.0,annual,Trail Register Database R4(1).xlsx,aggregated,0,0,aggregated_annual_from_monthly; source_records=8
Colonel's Chair,2006-01-01,2006-12-31,2006,,452.0,annual,Trail Register Database R4(1).xlsx,aggregated,0,0,aggregated_annual_from_monthly; source_records=9
Colonel's Chair,2007-01-01,2007-12-31,2007,,546.0,annual,Trail Register Database R4(1).xlsx,aggregated,0,0,aggregated_annual_from_monthly; source_records=12
Colonel's Chair,2008-01-01,2008-12-31,2008,,577.0,annual,Trail Register Database R4(1).xlsx,aggregated,0,0,aggregated_annual_from_monthly; source_records=12
Colonel's Chair,2009-01-01,2009-12-31,2009,,359.0,annual,Trail Register Database R4(1).xlsx,aggregated,0,0,aggregated_annual_from_monthly; source_records=10
Colonel's Chair,2010-01-01,2010-12-31,2010,,169.0,annual,Trail Register Database R4(1).xlsx,aggregated,0,0,aggregated_annual_from_monthly; source_records=11
Colonel's Chair,2011-01-01,2011-12-31,2011,,620.0,annual,Trail Register Database R4(1).xlsx,aggregated,0,0,aggregated_annual_from_monthly; source_records=12
Colonel's Chair,2012-01-01,2012-12-31,2012,,617.0,annual,Trail Register Database R4(1).xlsx,aggregated,0,0,aggregated_annual_from_monthly; source_records=12
Colonel's Chair,2013-01-01,2013-12-31,2013,,604.0,annual,Trail Register Database R4(1).xlsx,aggregated,0,0,aggregated_annual_from_monthly; source_records=12
Colonel's Chair,2014-01-01,2014-12-31,2014,,803.0,annual,Trail Register Database R4(1).xlsx,aggregated,0,0,aggregated_annual_from_monthly; source_records=12
Colonel's Chair,2015-01-01,2015-12-31,2015,,778.0,annual,Trail Register Database R4(1).xlsx,aggregated,0,0,aggregated_annual_from_monthly; source_records=12
Colonel's Chair,2016-01-01,2016-12-31,2016,,1072.0,annual,Trail Register Database R4(1).xlsx,aggregated,0,0,aggregated_annual_from_monthly; source_records=12
Colonel's Chair,2017-01-01,2017-12-31,2017,,1129.0,annual,Trail Register Database R4(1).xlsx,aggregated,0,0,aggregated_annual_from_monthly; source_records=12
Colonel's Chair,2018-01-01,2018-12-31,2018,,1112.0,annual,Trail Register Database R4(1).xlsx,aggregated,0,0,aggregated_annual_from_monthly; source_records=12
Colonel's Chair,2019-01-01,2019-12-31,2019,,1133.0,annual,Trail Register Database R4(1).xlsx,aggregated,0,0,aggregated_annual_from_monthly; source_records=12
Colonel's Chair,2020-01-01,2020-12-31,2020,,13.0,annual,Trail Register Database R4(1).xlsx,aggregated,0,0,aggregated_annual_from_monthly; source_records=2
Colonel's Chair,2021-01-01,2021-12-31,2021,,538.0,annual,Trail Register Database R4(1).xlsx,aggregated,0,0,aggregated_annual_from_monthly; source_records=12
Colonel's Chair,2022-01-01,2022-12-31,2022,,567.0,annual,Trail Register Database R4(1).xlsx,aggregated,0,0,aggregated_annual_from_monthly; source_records=10
Colonel's Chair,2023-01-01,2023-12-31,2023,,81.0,annual,Trail Register Database R4(1).xlsx,aggregated,0,0,aggregated_annual_from_monthly; source_records=7
DRB Margaretville Pakatakan,1997-01-01,1997-12-31,1997,,216.0,annual,Trail Register Database R4(1).xlsx,aggregated,0,0,aggregated_annual_from_monthly; source_records=11
DRB Margaretville Pakatakan,1998-01-01,1998-12-31,1998,,326.0,annual,Trail Register Database R4(1).xlsx,aggregated,0,0,aggregated_annual_from_monthly; source_records=12
DRB Margaretville Pakatakan,1999-01-01,1999-12-31,1999,,350.0,annual,Trail Register Database R4(1).xlsx,aggregated,0,0,aggregated_annual_from_monthly; source_records=12
DRB Margaretville Pakatakan,2000-01-01,2000-12-31,2000,,379.0,annual,Trail Register Database R4(1).xlsx,aggregated,0,0,aggregated_annual_from_monthly; source_records=12
DRB Margaretville Pakatakan,2004-01-01,2004-12-31,2004,,283.0,annual,Trail Register Database R4(1).xlsx,aggregated,0,0,aggregated_annual_from_monthly; source_records=12
DRB Margaretville Pakatakan,2005-01-01,2005-12-31,2005,,286.0,annual,Trail Register Database R4(1).xlsx,aggregated,0,0,aggregated_annual_from_monthly; source_records=12
DRB Margaretville Pakatakan,2006-01-01,2006-12-31,2006,,302.0,annual,Trail Register Database R4(1).xlsx,aggregated,0,0,aggregated_annual_from_monthly; source_records=12
DRB Margaretville Pakatakan,2007-01-01,2007-12-31,2007,,280.0,annual,Trail Register Database R4(1).xlsx,aggregated,0,0,aggregated_annual_from_monthly; source_records=12
DRB Margaretville Pakatakan,2008-01-01,2008-12-31,2008,,360.0,annual,Trail Register Database R4(1).xlsx,aggregated,0,0,aggregated_annual_from_monthly; source_records=12
DRB Margaretville Pakatakan,2009-01-01,2009-12-31,2009,,379.0,annual,Trail Register Database R4(1).xlsx,aggregated,0,0,aggregated_annual_from_monthly; source_records=12
DRB Margaretville Pakatakan,2010-01-01,2010-12-31,2010,,364.0,annual,Trail Register Database R4(1).xlsx,aggregated,0,0,aggregated_annual_from_monthly; source_records=12
DRB Margaretville Pakatakan,2011-01-01,2011-12-31,2011,,286.0,annual,Trail Register Database R4(1).xlsx,aggregated,0,0,aggregated_annual_from_monthly; source_records=12
DRB Margaretville Pakatakan,2012-01-01,2012-12-31,2012,,249.0,annual,Trail Register Database R4(1).xlsx,aggregated,0,0,aggregated_annual_from_monthly; source_records=9
DRB Margaretville Pakatakan,2013-01-01,2013-12-31,2013,,253.0,annual,Trail Register Database R4(1).xlsx,aggregated,0,0,aggregated_annual_from_monthly; source_records=8
DRB Margaretville Pakatakan,2014-01-01,2014-12-31,2014,,431.0,annual,Trail Register Database R4(1).xlsx,aggregated,0,0,aggregated_annual_from_monthly; source_records=12
DRB Margaretville Pakatakan,2015-01-01,2015-12-31,2015,,383.0,annual,Trail Register Database R4(1).xlsx,aggregated,0,0,aggregated_annual_from_monthly; source_records=12
DRB Margaretville Pakatakan,2016-01-01,2016-12-31,2016,,428.0,annual,Trail Register Database R4(1).xlsx,aggregated,0,0,aggregated_annual_from_monthly; source_records=12
DRB Margaretville Pakatakan,2017-01-01,2017-12-31,2017,,421.0,annual,Trail Register Database R4(1).xlsx,aggregated,0,0,aggregated_annual_from_monthly; source_records=12
DRB Margaretville Pakatakan,2018-01-01,2018-12-31,2018,,419.0,annual,Trail Register Database R4(1).xlsx,aggregated,0,0,aggregated_annual_from_monthly; source_records=12
DRB Margaretville Pakatakan,2019-01-01,2019-12-31,2019,,436.0,annual,Trail Register Database R4(1).xlsx,aggregated,0,0,aggregated_annual_from_monthly; source_records=12
DRB Margaretville Pakatakan,2020-01-01,2020-12-31,2020,,573.0,annual,Trail Register Database R4(1).xlsx,aggregated,0,0,aggregated_annual_from_monthly; source_records=12
DRB Margaretville Pakatakan,2021-01-01,2021-12-31,2021,,655.0,annual,Trail Register Database R4(1).xlsx,aggregated,0,0,aggregated_annual_from_monthly; source_records=12
DRB Margaretville Pakatakan,2022-01-01,2022-12-31,2022,,508.0,annual,Trail Register Database R4(1).xlsx,aggregated,0,0,aggregated_annual_from_monthly; source_records=12
DRB Margaretville Pakatakan,2023-01-01,2023-12-31,2023,,451.0,annual,Trail Register Database R4(1).xlsx,aggregated,0,0,aggregated_annual_from_monthly; source_records=12
DRB Margaretville Pakatakan,2024-01-01,2024-12-31,2024,,241.0,annual,Trail Register Database R4(1).xlsx,aggregated,0,0,aggregated_annual_from_monthly; source_records=10
DRB Margaretville Pakatakan,2025-01-01,2025-12-31,2025,,288.0,annual,Trail Register Database R4(1).xlsx,aggregated,0,0,aggregated_annual_from_monthly; source_records=12
DRB Margaretville Pakatakan,2026-01-01,2026-12-31,2026,,7.0,annual,Trail Register Database R4(1).xlsx,aggregated,0,0,aggregated_annual_from_monthly; source_records=1
Denning,1991-01-01,1991-12-31,1991,,2076.0,annual,Trail Register Tally_8_9_24_(1).xlsx,aggregated,0,0,aggregated_annual_from_monthly; source_records=12
Denning,1992-01-01,1992-12-31,1992,,1986.0,annual,Trail Register Tally_8_9_24_(1).xlsx,aggregated,0,0,aggregated_annual_from_monthly; source_records=12
Denning,1993-01-01,1993-12-31,1993,,2214.0,annual,Trail Register Tally_8_9_24_(1).xlsx,aggregated,0,0,aggregated_annual_from_monthly; source_records=12
Denning,1994-01-01,1994-12-31,1994,,1890.0,annual,Trail Register Tally_8_9_24_(1).xlsx,aggregated,0,0,aggregated_annual_from_monthly; source_records=12
Denning,1995-01-01,1995-12-31,1995,,2028.0,annual,Trail Register Tally_8_9_24_(1).xlsx,aggregated,0,0,aggregated_annual_from_monthly; source_records=12
Denning,1996-01-01,1996-12-31,1996,,1630.0,annual,Trail Register Tally_8_9_24_(1).xlsx,aggregated,0,0,aggregated_annual_from_monthly; source_records=12
Denning,1997-01-01,1997-12-31,1997,,1773.0,annual,Trail Register Tally_8_9_24_(1).xlsx,aggregated,0,0,aggregated_annual_from_monthly; source_records=12
Denning,1998-01-01,1998-12-31,1998,,2113.0,annual,Trail Register Tally_8_9_24_(1).xlsx,aggregated,0,0,aggregated_annual_from_monthly; source_records=12
Denning,1999-01-01,1999-12-31,1999,,2021.0,annual,Trail Register Tally_8_9_24_(1).xlsx,aggregated,0,0,aggregated_annual_from_monthly; source_records=12
Denning,2000-01-01,2000-12-31,2000,,1674.0,annual,Trail Register Tally_8_9_24_(1).xlsx,aggregated,0,0,aggregated_annual_from_monthly; source_records=12
Denning,2008-01-01,2008-12-31,2008,,1414.444445,annual,Trail Register Tally_8_9_24_(1).xlsx,aggregated,0,0,aggregated_annual_from_monthly; source_records=12
Denning,2009-01-01,2009-12-31,2009,,1338.625,annual,Trail Register Tally_8_9_24_(1).xlsx,aggregated,0,0,aggregated_annual_from_monthly; source_records=12
Denning,2011-01-01,2011-12-31,2011,,1393.714285,annual,Trail Register Tally_8_9_24_(1).xlsx,aggregated,0,0,aggregated_annual_from_monthly; source_records=12
Denning,2015-01-01,2015-12-31,2015,,2388.0,annual,Trail Register Tally_8_9_24_(1).xlsx,aggregated,0,0,aggregated_annual_from_monthly; source_records=12
Denning,2016-01-01,2016-12-31,2016,,2568.0,annual,Trail Register Tally_8_9_24_(1).xlsx,aggregated,0,0,aggregated_annual_from_monthly; source_records=12
Denning,2017-01-01,2017-12-31,2017,,2565.0,annual,Trail Register Tally_8_9_24_(1).xlsx,aggregated,0,0,aggregated_annual_from_monthly; source_records=12
Denning,2018-01-01,2018-12-31,2018,,2075.0,annual,Trail Register Tally_8_9_24_(1).xlsx,aggregated,0,0,aggregated_annual_from_monthly; source_records=12
Denning,2019-01-01,2019-12-31,2019,,2504.0,annual,Trail Register Tally_8_9_24_(1).xlsx,aggregated,0,0,aggregated_annual_from_monthly; source_records=12
Denning,2020-01-01,2020-12-31,2020,,3533.0,annual,Trail Register Tally_8_9_24_(1).xlsx,aggregated,0,0,aggregated_annual_from_monthly; source_records=12
Denning,2024-01-01,2024-12-31,2024,,88.222222,annual,Trail Register Tally_8_9_24_(1).xlsx,aggregated,0,0,aggregated_annual_from_monthly; source_records=1
Denning,2025-01-01,2025-12-31,2025,,2608.375001,annual,Trail Register Tally_8_9_24_(1).xlsx,aggregated,0,0,aggregated_annual_from_monthly; source_records=12
Denning,2026-01-01,2026-12-31,2026,,1461.375,annual,Trail Register Tally_8_9_24_(1).xlsx,aggregated,0,0,aggregated_annual_from_monthly; source_records=7
Devils Tombstone (Hunter Mtn),1996-01-01,1996-12-31,1996,,416.0,annual,Trail Register Database R4(1).xlsx,aggregated,0,0,aggregated_annual_from_monthly; source_records=5
Devils Tombstone (Hunter Mtn),1997-01-01,1997-12-31,1997,,1223.0,annual,Trail Register Database R4(1).xlsx,aggregated,0,0,aggregated_annual_from_monthly; source_records=12
Devils Tombstone (Hunter Mtn),1998-01-01,1998-12-31,1998,,1247.0,annual,Trail Register Database R4(1).xlsx,aggregated,0,0,aggregated_annual_from_monthly; source_records=12
Devils Tombstone (Hunter Mtn),1999-01-01,1999-12-31,1999,,913.0,annual,Trail Register Database R4(1).xlsx,aggregated,0,0,aggregated_annual_from_monthly; source_records=12
Devils Tombstone (Hunter Mtn),2000-01-01,2000-12-31,2000,,1125.0,annual,Trail Register Database R4(1).xlsx,aggregated,0,0,aggregated_annual_from_monthly; source_records=12
Devils Tombstone (Hunter Mtn),2004-01-01,2004-12-31,2004,,1225.0,annual,Trail Register Database R4(1).xlsx,aggregated,0,0,aggregated_annual_from_monthly; source_records=12
Devils Tombstone (Hunter Mtn),2005-01-01,2005-12-31,2005,,1120.0,annual,Trail Register Database R4(1).xlsx,aggregated,0,0,aggregated_annual_from_monthly; source_records=12
Devils Tombstone (Hunter Mtn),2006-01-01,2006-12-31,2006,,1257.0,annual,Trail Register Database R4(1).xlsx,aggregated,0,0,aggregated_annual_from_monthly; source_records=12
Devils Tombstone (Hunter Mtn),2007-01-01,2007-12-31,2007,,1088.0,annual,Trail Register Database R4(1).xlsx,aggregated,0,0,aggregated_annual_from_monthly; source_records=12
Devils Tombstone (Hunter Mtn),2008-01-01,2008-12-31,2008,,1102.0,annual,Trail Register Database R4(1).xlsx,aggregated,0,0,aggregated_annual_from_monthly; source_records=12
Devils Tombstone (Hunter Mtn),2009-01-01,2009-12-31,2009,,838.0,annual,Trail Register Database R4(1).xlsx,aggregated,0,0,aggregated_annual_from_monthly; source_records=10
Devils Tombstone (Hunter Mtn),2010-01-01,2010-12-31,2010,,1066.0,annual,Trail Register Database R4(1).xlsx,aggregated,0,0,aggregated_annual_from_monthly; source_records=12
Devils Tombstone (Hunter Mtn),2011-01-01,2011-12-31,2011,,1074.0,annual,Trail Register Database R4(1).xlsx,aggregated,0,0,aggregated_annual_from_monthly; source_records=12
Devils Tombstone (Hunter Mtn),2012-01-01,2012-12-31,2012,,1240.0,annual,Trail Register Database R4(1).xlsx,aggregated,0,0,aggregated_annual_from_monthly; source_records=9
Devils Tombstone (Hunter Mtn),2013-01-01,2013-12-31,2013,,1451.0,annual,Trail Register Database R4(1).xlsx,aggregated,0,0,aggregated_annual_from_monthly; source_records=9
Devils Tombstone (Hunter Mtn),2014-01-01,2014-12-31,2014,,1362.0,annual,Trail Register Database R4(1).xlsx,aggregated,0,0,aggregated_annual_from_monthly; source_records=12
Devils Tombstone (Hunter Mtn),2015-01-01,2015-12-31,2015,,1226.0,annual,Trail Register Database R4(1).xlsx,aggregated,0,0,aggregated_annual_from_monthly; source_records=12
Devils Tombstone (Hunter Mtn),2016-01-01,2016-12-31,2016,,1017.0,annual,Trail Register Database R4(1).xlsx,aggregated,0,0,aggregated_annual_from_monthly; source_records=12
Devils Tombstone (Hunter Mtn),2017-01-01,2017-12-31,2017,,947.0,annual,Trail Register Database R4(1).xlsx,aggregated,0,0,aggregated_annual_from_monthly; source_records=10
Devils Tombstone (Hunter Mtn),2018-01-01,2018-12-31,2018,,1127.0,annual,Trail Register Database R4(1).xlsx,aggregated,0,0,aggregated_annual_from_monthly; source_records=7
Devils Tombstone (Hunter Mtn),2019-01-01,2019-12-31,2019,,1331.0,annual,Trail Register Database R4(1).xlsx,aggregated,0,0,aggregated_annual_from_monthly; source_records=12
Devils Tombstone (Hunter Mtn),2020-01-01,2020-12-31,2020,,1925.0,annual,Trail Register Database R4(1).xlsx,aggregated,0,0,aggregated_annual_from_monthly; source_records=12
Devils Tombstone (Hunter Mtn),2021-01-01,2021-12-31,2021,,1214.0,annual,Trail Register Database R4(1).xlsx,aggregated,0,0,aggregated_annual_from_monthly; source_records=12
Devils Tombstone (Hunter Mtn),2022-01-01,2022-12-31,2022,,1325.0,annual,Trail Register Database R4(1).xlsx,aggregated,0,0,aggregated_annual_from_monthly; source_records=12
Devils Tombstone (Hunter Mtn),2023-01-01,2023-12-31,2023,,933.0,annual,Trail Register Database R4(1).xlsx,aggregated,0,0,aggregated_annual_from_monthly; source_records=12
Devils Tombstone (Hunter Mtn),2024-01-01,2024-12-31,2024,,817.0,annual,Trail Register Database R4(1).xlsx,aggregated,0,0,aggregated_annual_from_monthly; source_records=10
Devils Tombstone (Plateau Mtn),1996-01-01,1996-12-31,1996,,546.0,annual,Trail Register Database R4(1).xlsx,aggregated,0,0,aggregated_annual_from_monthly; source_records=8
Devils Tombstone (Plateau Mtn),1997-01-01,1997-12-31,1997,,1683.0,annual,Trail Register Database R4(1).xlsx,aggregated,0,0,aggregated_annual_from_monthly; source_records=11
Devils Tombstone (Plateau Mtn),1998-01-01,1998-12-31,1998,,1655.0,annual,Trail Register Database R4(1).xlsx,aggregated,0,0,aggregated_annual_from_monthly; source_records=11
Devils Tombstone (Plateau Mtn),1999-01-01,1999-12-31,1999,,1349.0,annual,Trail Register Database R4(1).xlsx,aggregated,0,0,aggregated_annual_from_monthly; source_records=12
Devils Tombstone (Plateau Mtn),2000-01-01,2000-12-31,2000,,1470.0,annual,Trail Register Database R4(1).xlsx,aggregated,0,0,aggregated_annual_from_monthly; source_records=12
Devils Tombstone (Plateau Mtn),2004-01-01,2004-12-31,2004,,1324.0,annual,Trail Register Database R4(1).xlsx,aggregated,0,0,aggregated_annual_from_monthly; source_records=12
Devils Tombstone (Plateau Mtn),2005-01-01,2005-12-31,2005,,1249.0,annual,Trail Register Database R4(1).xlsx,aggregated,0,0,aggregated_annual_from_monthly; source_records=12
Devils Tombstone (Plateau Mtn),2006-01-01,2006-12-31,2006,,1122.0,annual,Trail Register Database R4(1).xlsx,aggregated,0,0,aggregated_annual_from_monthly; source_records=12
Devils Tombstone (Plateau Mtn),2007-01-01,2007-12-31,2007,,1420.0,annual,Trail Register Database R4(1).xlsx,aggregated,0,0,aggregated_annual_from_monthly; source_records=12
Devils Tombstone (Plateau Mtn),2008-01-01,2008-12-31,2008,,1029.0,annual,Trail Register Database R4(1).xlsx,aggregated,0,0,aggregated_annual_from_monthly; source_records=10
Devils Tombstone (Plateau Mtn),2009-01-01,2009-12-31,2009,,1515.0,annual,Trail Register Database R4(1).xlsx,aggregated,0,0,aggregated_annual_from_monthly; source_records=12
Devils Tombstone (Plateau Mtn),2010-01-01,2010-12-31,2010,,1377.0,annual,Trail Register Database R4(1).xlsx,aggregated,0,0,aggregated_annual_from_monthly; source_records=12
Devils Tombstone (Plateau Mtn),2011-01-01,2011-12-31,2011,,1264.0,annual,Trail Register Database R4(1).xlsx,aggregated,0,0,aggregated_annual_from_monthly; source_records=12
Devils Tombstone (Plateau Mtn),2012-01-01,2012-12-31,2012,,1169.0,annual,Trail Register Database R4(1).xlsx,aggregated,0,0,aggregated_annual_from_monthly; source_records=8
Devils Tombstone (Plateau Mtn),2013-01-01,2013-12-31,2013,,833.0,annual,Trail Register Database R4(1).xlsx,aggregated,0,0,aggregated_annual_from_monthly; source_records=7
Devils Tombstone (Plateau Mtn),2014-01-01,2014-12-31,2014,,1077.0,annual,Trail Register Database R4(1).xlsx,aggregated,0,0,aggregated_annual_from_monthly; source_records=12
Devils Tombstone (Plateau Mtn),2015-01-01,2015-12-31,2015,,1371.0,annual,Trail Register Database R4(1).xlsx,aggregated,0,0,aggregated_annual_from_monthly; source_records=11
Devils Tombstone (Plateau Mtn),2016-01-01,2016-12-31,2016,,1336.0,annual,Trail Register Database R4(1).xlsx,aggregated,0,0,aggregated_annual_from_monthly; source_records=12
Devils Tombstone (Plateau Mtn),2017-01-01,2017-12-31,2017,,1413.0,annual,Trail Register Database R4(1).xlsx,aggregated,0,0,aggregated_annual_from_monthly; source_records=12
Devils Tombstone (Plateau Mtn),2018-01-01,2018-12-31,2018,,1392.0,annual,Trail Register Database R4(1).xlsx,aggregated,0,0,aggregated_annual_from_monthly; source_records=12
Devils Tombstone (Plateau Mtn),2019-01-01,2019-12-31,2019,,1298.0,annual,Trail Register Database R4(1).xlsx,aggregated,0,0,aggregated_annual_from_monthly; source_records=12
Devils Tombstone (Plateau Mtn),2020-01-01,2020-12-31,2020,,1908.0,annual,Trail Register Database R4(1).xlsx,aggregated,0,0,aggregated_annual_from_monthly; source_records=12
Devils Tombstone (Plateau Mtn),2021-01-01,2021-12-31,2021,,1624.0,annual,Trail Register Database R4(1).xlsx,aggregated,0,0,aggregated_annual_from_monthly; source_records=12
Devils Tombstone (Plateau Mtn),2022-01-01,2022-12-31,2022,,1268.0,annual,Trail Register Database R4(1).xlsx,aggregated,0,0,aggregated_annual_from_monthly; source_records=12
Devils Tombstone (Plateau Mtn),2023-01-01,2023-12-31,2023,,1042.0,annual,Trail Register Database R4(1).xlsx,aggregated,0,0,aggregated_annual_from_monthly; source_records=9
Devils Tombstone (Plateau Mtn),2024-01-01,2024-12-31,2024,,1348.0,annual,Trail Register Database R4(1).xlsx,aggregated,0,0,aggregated_annual_from_monthly; source_records=12
Devils Tombstone (Plateau Mtn),2025-01-01,2025-12-31,2025,,34.0,annual,Trail Register Database R4(1).xlsx,aggregated,0,0,aggregated_annual_from_monthly; source_records=1
Diamond Notch (Lanesville),1996-01-01,1996-12-31,1996,,669.0,annual,Trail Register Database R4(1).xlsx,aggregated,0,0,aggregated_annual_from_monthly; source_records=8
Diamond Notch (Lanesville),1997-01-01,1997-12-31,1997,,999.0,annual,Trail Register Database R4(1).xlsx,aggregated,0,0,aggregated_annual_from_monthly; source_records=12
Diamond Notch (Lanesville),1998-01-01,1998-12-31,1998,,1438.0,annual,Trail Register Database R4(1).xlsx,aggregated,0,0,aggregated_annual_from_monthly; source_records=11
Diamond Notch (Lanesville),1999-01-01,1999-12-31,1999,,1162.0,annual,Trail Register Database R4(1).xlsx,aggregated,0,0,aggregated_annual_from_monthly; source_records=12
Diamond Notch (Lanesville),2000-01-01,2000-12-31,2000,,1850.0,annual,Trail Register Database R4(1).xlsx,aggregated,0,0,aggregated_annual_from_monthly; source_records=12
Diamond Notch (Lanesville),2004-01-01,2004-12-31,2004,,934.0,annual,Trail Register Database R4(1).xlsx,aggregated,0,0,aggregated_annual_from_monthly; source_records=12
Diamond Notch (Lanesville),2005-01-01,2005-12-31,2005,,695.0,annual,Trail Register Database R4(1).xlsx,aggregated,0,0,aggregated_annual_from_monthly; source_records=12
Diamond Notch (Lanesville),2006-01-01,2006-12-31,2006,,601.0,annual,Trail Register Database R4(1).xlsx,aggregated,0,0,aggregated_annual_from_monthly; source_records=12
Diamond Notch (Lanesville),2007-01-01,2007-12-31,2007,,813.0,annual,Trail Register Database R4(1).xlsx,aggregated,0,0,aggregated_annual_from_monthly; source_records=12
Diamond Notch (Lanesville),2008-01-01,2008-12-31,2008,,1120.0,annual,Trail Register Database R4(1).xlsx,aggregated,0,0,aggregated_annual_from_monthly; source_records=12
Diamond Notch (Lanesville),2009-01-01,2009-12-31,2009,,468.0,annual,Trail Register Database R4(1).xlsx,aggregated,0,0,aggregated_annual_from_monthly; source_records=9
Diamond Notch (Lanesville),2010-01-01,2010-12-31,2010,,853.0,annual,Trail Register Database R4(1).xlsx,aggregated,0,0,aggregated_annual_from_monthly; source_records=12
Diamond Notch (Lanesville),2011-01-01,2011-12-31,2011,,790.0,annual,Trail Register Database R4(1).xlsx,aggregated,0,0,aggregated_annual_from_monthly; source_records=12
Diamond Notch (Lanesville),2012-01-01,2012-12-31,2012,,850.0,annual,Trail Register Database R4(1).xlsx,aggregated,0,0,aggregated_annual_from_monthly; source_records=11
Diamond Notch (Lanesville),2013-01-01,2013-12-31,2013,,396.0,annual,Trail Register Database R4(1).xlsx,aggregated,0,0,aggregated_annual_from_monthly; source_records=9
Diamond Notch (Lanesville),2014-01-01,2014-12-31,2014,,925.0,annual,Trail Register Database R4(1).xlsx,aggregated,0,0,aggregated_annual_from_monthly; source_records=12
Diamond Notch (Lanesville),2015-01-01,2015-12-31,2015,,924.0,annual,Trail Register Database R4(1).xlsx,aggregated,0,0,aggregated_annual_from_monthly; source_records=12
Diamond Notch (Lanesville),2016-01-01,2016-12-31,2016,,1092.0,annual,Trail Register Database R4(1).xlsx,aggregated,0,0,aggregated_annual_from_monthly; source_records=12
Diamond Notch (Lanesville),2017-01-01,2017-12-31,2017,,1120.0,annual,Trail Register Database R4(1).xlsx,aggregated,0,0,aggregated_annual_from_monthly; source_records=12
Diamond Notch (Lanesville),2018-01-01,2018-12-31,2018,,1286.0,annual,Trail Register Database R4(1).xlsx,aggregated,0,0,aggregated_annual_from_monthly; source_records=12
Diamond Notch (Lanesville),2019-01-01,2019-12-31,2019,,1816.0,annual,Trail Register Database R4(1).xlsx,aggregated,0,0,aggregated_annual_from_monthly; source_records=12
Diamond Notch (Lanesville),2020-01-01,2020-12-31,2020,,3490.0,annual,Trail Register Database R4(1).xlsx,aggregated,0,0,aggregated_annual_from_monthly; source_records=12
Diamond Notch (Lanesville),2021-01-01,2021-12-31,2021,,3173.0,annual,Trail Register Database R4(1).xlsx,aggregated,0,0,aggregated_annual_from_monthly; source_records=12
Diamond Notch (Lanesville),2022-01-01,2022-12-31,2022,,1872.0,annual,Trail Register Database R4(1).xlsx,aggregated,0,0,aggregated_annual_from_monthly; source_records=8
Diamond Notch (Lanesville),2023-01-01,2023-12-31,2023,,1100.0,annual,Trail Register Database R4(1).xlsx,aggregated,0,0,aggregated_annual_from_monthly; source_records=6
Diamond Notch (Lanesville),2024-01-01,2024-12-31,2024,,1435.0,annual,Trail Register Database R4(1).xlsx,aggregated,0,0,aggregated_annual_from_monthly; source_records=12
Diamond Notch (Lanesville),2025-01-01,2025-12-31,2025,,46.0,annual,Trail Register Database R4(1).xlsx,aggregated,0,0,aggregated_annual_from_monthly; source_records=4
Diamond Notch (Spruceton),1996-01-01,1996-12-31,1996,,190.0,annual,Trail Register Database R4(1).xlsx,aggregated,0,0,aggregated_annual_from_monthly; source_records=4
Diamond Notch (Spruceton),1997-01-01,1997-12-31,1997,,1922.0,annual,Trail Register Database R4(1).xlsx,aggregated,0,0,aggregated_annual_from_monthly; source_records=12
Diamond Notch (Spruceton),1998-01-01,1998-12-31,1998,,1721.0,annual,Trail Register Database R4(1).xlsx,aggregated,0,0,aggregated_annual_from_monthly; source_records=12
Diamond Notch (Spruceton),1999-01-01,1999-12-31,1999,,1678.0,annual,Trail Register Database R4(1).xlsx,aggregated,0,0,aggregated_annual_from_monthly; source_records=12
Diamond Notch (Spruceton),2000-01-01,2000-12-31,2000,,1580.0,annual,Trail Register Database R4(1).xlsx,aggregated,0,0,aggregated_annual_from_monthly; source_records=12
Diamond Notch (Spruceton),2004-01-01,2004-12-31,2004,,2442.0,annual,Trail Register Database R4(1).xlsx,aggregated,0,0,aggregated_annual_from_monthly; source_records=12
Diamond Notch (Spruceton),2005-01-01,2005-12-31,2005,,2029.0,annual,Trail Register Database R4(1).xlsx,aggregated,0,0,aggregated_annual_from_monthly; source_records=12
Diamond Notch (Spruceton),2006-01-01,2006-12-31,2006,,2161.0,annual,Trail Register Database R4(1).xlsx,aggregated,0,0,aggregated_annual_from_monthly; source_records=12
Diamond Notch (Spruceton),2007-01-01,2007-12-31,2007,,2353.0,annual,Trail Register Database R4(1).xlsx,aggregated,0,0,aggregated_annual_from_monthly; source_records=12
Diamond Notch (Spruceton),2008-01-01,2008-12-31,2008,,2391.0,annual,Trail Register Database R4(1).xlsx,aggregated,0,0,aggregated_annual_from_monthly; source_records=12
Diamond Notch (Spruceton),2009-01-01,2009-12-31,2009,,2315.0,annual,Trail Register Database R4(1).xlsx,aggregated,0,0,aggregated_annual_from_monthly; source_records=12
Diamond Notch (Spruceton),2010-01-01,2010-12-31,2010,,2826.0,annual,Trail Register Database R4(1).xlsx,aggregated,0,0,aggregated_annual_from_monthly; source_records=12
Diamond Notch (Spruceton),2011-01-01,2011-12-31,2011,,2100.0,annual,Trail Register Database R4(1).xlsx,aggregated,0,0,aggregated_annual_from_monthly; source_records=12
Diamond Notch (Spruceton),2012-01-01,2012-12-31,2012,,1962.0,annual,Trail Register Database R4(1).xlsx,aggregated,0,0,aggregated_annual_from_monthly; source_records=8
Diamond Notch (Spruceton),2013-01-01,2013-12-31,2013,,1174.0,annual,Trail Register Database R4(1).xlsx,aggregated,0,0,aggregated_annual_from_monthly; source_records=8
Diamond Notch (Spruceton),2014-01-01,2014-12-31,2014,,1381.0,annual,Trail Register Database R4(1).xlsx,aggregated,0,0,aggregated_annual_from_monthly; source_records=12
Diamond Notch (Spruceton),2015-01-01,2015-12-31,2015,,1614.0,annual,Trail Register Database R4(1).xlsx,aggregated,0,0,aggregated_annual_from_monthly; source_records=12
Diamond Notch (Spruceton),2016-01-01,2016-12-31,2016,,1939.0,annual,Trail Register Database R4(1).xlsx,aggregated,0,0,aggregated_annual_from_monthly; source_records=12
Diamond Notch (Spruceton),2017-01-01,2017-12-31,2017,,1571.0,annual,Trail Register Database R4(1).xlsx,aggregated,0,0,aggregated_annual_from_monthly; source_records=12
Diamond Notch (Spruceton),2018-01-01,2018-12-31,2018,,2087.0,annual,Trail Register Database R4(1).xlsx,aggregated,0,0,aggregated_annual_from_monthly; source_records=12
Diamond Notch (Spruceton),2019-01-01,2019-12-31,2019,,5098.0,annual,Trail Register Database R4(1).xlsx,aggregated,0,0,aggregated_annual_from_monthly; source_records=12
Diamond Notch (Spruceton),2020-01-01,2020-12-31,2020,,6636.0,annual,Trail Register Database R4(1).xlsx,aggregated,0,0,aggregated_annual_from_monthly; source_records=12
Diamond Notch (Spruceton),2021-01-01,2021-12-31,2021,,5957.0,annual,Trail Register Database R4(1).xlsx,aggregated,0,0,aggregated_annual_from_monthly; source_records=12
Diamond Notch (Spruceton),2022-01-01,2022-12-31,2022,,5945.0,annual,Trail Register Database R4(1).xlsx,aggregated,0,0,aggregated_annual_from_monthly; source_records=12
Diamond Notch (Spruceton),2023-01-01,2023-12-31,2023,,6470.0,annual,Trail Register Database R4(1).xlsx,aggregated,0,0,aggregated_annual_from_monthly; source_records=12
Diamond Notch (Spruceton),2024-01-01,2024-12-31,2024,,3933.0,annual,Trail Register Database R4(1).xlsx,aggregated,0,0,aggregated_annual_from_monthly; source_records=10
Diamond Notch (Spruceton),2025-01-01,2025-12-31,2025,,411.0,annual,Trail Register Database R4(1).xlsx,aggregated,0,0,aggregated_annual_from_monthly; source_records=4
Dry Brook Ridge to Lean-to,1994-01-01,1994-12-31,1994,,349.0,annual,Trail Register Tally_8_9_24_(1).xlsx,aggregated,0,0,aggregated_annual_from_monthly; source_records=8
Dry Brook Ridge to Lean-to,1995-01-01,1995-12-31,1995,,457.0,annual,Trail Register Tally_8_9_24_(1).xlsx,aggregated,0,0,aggregated_annual_from_monthly; source_records=12
Dry Brook Ridge to Lean-to,1996-01-01,1996-12-31,1996,,313.0,annual,Trail Register Tally_8_9_24_(1).xlsx,aggregated,0,0,aggregated_annual_from_monthly; source_records=12
Dry Brook Ridge to Lean-to,1997-01-01,1997-12-31,1997,,270.0,annual,Trail Register Tally_8_9_24_(1).xlsx,aggregated,0,0,aggregated_annual_from_monthly; source_records=12
Dry Brook Ridge to Lean-to,1998-01-01,1998-12-31,1998,,271.0,annual,Trail Register Tally_8_9_24_(1).xlsx,aggregated,0,0,aggregated_annual_from_monthly; source_records=12
Dry Brook Ridge to Lean-to,1999-01-01,1999-12-31,1999,,257.0,annual,Trail Register Tally_8_9_24_(1).xlsx,aggregated,0,0,aggregated_annual_from_monthly; source_records=12
Dry Brook Ridge to Lean-to,2000-01-01,2000-12-31,2000,,263.0,annual,Trail Register Tally_8_9_24_(1).xlsx,aggregated,0,0,aggregated_annual_from_monthly; source_records=12
Dry Brook Ridge to Lean-to,2001-01-01,2001-12-31,2001,,9.0,annual,Trail Register Tally_8_9_24_(1).xlsx,aggregated,0,0,aggregated_annual_from_monthly; source_records=1
Dry Brook Ridge to Lean-to,2004-01-01,2004-12-31,2004,,5.0,annual,Trail Register Tally_8_9_24_(1).xlsx,aggregated,0,0,aggregated_annual_from_monthly; source_records=1
Dry Brook Ridge to Lean-to,2008-01-01,2008-12-31,2008,,223.222221,annual,Trail Register Tally_8_9_24_(1).xlsx,aggregated,0,0,aggregated_annual_from_monthly; source_records=12
Dry Brook Ridge to Lean-to,2009-01-01,2009-12-31,2009,,219.0,annual,Trail Register Tally_8_9_24_(1).xlsx,aggregated,0,0,aggregated_annual_from_monthly; source_records=12
Dry Brook Ridge to Lean-to,2011-01-01,2011-12-31,2011,,197.857145,annual,Trail Register Tally_8_9_24_(1).xlsx,aggregated,0,0,aggregated_annual_from_monthly; source_records=12
Dry Brook Ridge to Lean-to,2013-01-01,2013-12-31,2013,,10.0,annual,Trail Register Tally_8_9_24_(1).xlsx,aggregated,0,0,aggregated_annual_from_monthly; source_records=2
Dry Brook Ridge to Lean-to,2016-01-01,2016-12-31,2016,,251.0,annual,Trail Register Tally_8_9_24_(1).xlsx,aggregated,0,0,aggregated_annual_from_monthly; source_records=12
Dry Brook Ridge to Lean-to,2017-01-01,2017-12-31,2017,,209.0,annual,Trail Register Tally_8_9_24_(1).xlsx,aggregated,0,0,aggregated_annual_from_monthly; source_records=12
Dry Brook Ridge to Lean-to,2018-01-01,2018-12-31,2018,,320.0,annual,Trail Register Tally_8_9_24_(1).xlsx,aggregated,0,0,aggregated_annual_from_monthly; source_records=12
Dry Brook Ridge to Lean-to,2019-01-01,2019-12-31,2019,,362.000001,annual,Trail Register Tally_8_9_24_(1).xlsx,aggregated,0,0,aggregated_annual_from_monthly; source_records=12
Dry Brook Ridge to Lean-to,2020-01-01,2020-12-31,2020,,297.0,annual,Trail Register Tally_8_9_24_(1).xlsx,aggregated,0,0,aggregated_annual_from_monthly; source_records=12
Dry Brook Ridge to Lean-to,2024-01-01,2024-12-31,2024,,64.814815,annual,Trail Register Tally_8_9_24_(1).xlsx,aggregated,0,0,aggregated_annual_from_monthly; source_records=3
Dry Brook Ridge to Lean-to,2025-01-01,2025-12-31,2025,,285.407406,annual,Trail Register Tally_8_9_24_(1).xlsx,aggregated,0,0,aggregated_annual_from_monthly; source_records=12
Dry Brook Ridge to Lean-to,2026-01-01,2026-12-31,2026,,157.5,annual,Trail Register Tally_8_9_24_(1).xlsx,aggregated,0,0,aggregated_annual_from_monthly; source_records=7
Eagle,2020-01-01,2020-12-31,2020,,1292.0,annual,Canister sign in charts R3 and R4 2025.xlsx,Sheet1,262,2,observed_annual_from_canister_location_block | duplicate_agreement_collapsed; considered: Canister sign in charts R3 and R4 2025.xlsx; 2008-2025 Total Canister Sign-In.xlsx
Eagle,2021-01-01,2021-12-31,2021,,1205.0,annual,Canister sign in charts R3 and R4 2025.xlsx,Sheet1,263,2,observed_annual_from_canister_location_block | duplicate_agreement_collapsed; considered: Canister sign in charts R3 and R4 2025.xlsx; 2008-2025 Total Canister Sign-In.xlsx
Eagle,2022-01-01,2022-12-31,2022,,1026.0,annual,Canister sign in charts R3 and R4 2025.xlsx,Sheet1,264,2,observed_annual_from_canister_location_block | duplicate_agreement_collapsed; considered: Canister sign in charts R3 and R4 2025.xlsx; 2008-2025 Total Canister Sign-In.xlsx
Eagle,2023-01-01,2023-12-31,2023,,1168.0,annual,Canister sign in charts R3 and R4 2025.xlsx,Sheet1,265,2,observed_annual_from_canister_location_block | duplicate_agreement_collapsed; considered: Canister sign in charts R3 and R4 2025.xlsx; 2008-2025 Total Canister Sign-In.xlsx
Eagle,2024-01-01,2024-12-31,2024,,934.0,annual,Canister sign in charts R3 and R4 2025.xlsx,Sheet1,266,2,observed_annual_from_canister_location_block | duplicate_agreement_collapsed; considered: Canister sign in charts R3 and R4 2025.xlsx; 2008-2025 Total Canister Sign-In.xlsx
East Windham,1996-01-01,1996-12-31,1996,,1724.0,annual,Trail Register Database R4(1).xlsx,aggregated,0,0,aggregated_annual_from_monthly; source_records=8
East Windham,1997-01-01,1997-12-31,1997,,2276.0,annual,Trail Register Database R4(1).xlsx,aggregated,0,0,aggregated_annual_from_monthly; source_records=12
East Windham,1998-01-01,1998-12-31,1998,,2490.0,annual,Trail Register Database R4(1).xlsx,aggregated,0,0,aggregated_annual_from_monthly; source_records=12
East Windham,1999-01-01,1999-12-31,1999,,3087.0,annual,Trail Register Database R4(1).xlsx,aggregated,0,0,aggregated_annual_from_monthly; source_records=12
East Windham,2000-01-01,2000-12-31,2000,,2747.0,annual,Trail Register Database R4(1).xlsx,aggregated,0,0,aggregated_annual_from_monthly; source_records=12
East Windham,2004-01-01,2004-12-31,2004,,1862.0,annual,Trail Register Database R4(1).xlsx,aggregated,0,0,aggregated_annual_from_monthly; source_records=11
East Windham,2005-01-01,2005-12-31,2005,,2055.0,annual,Trail Register Database R4(1).xlsx,aggregated,0,0,aggregated_annual_from_monthly; source_records=12
East Windham,2006-01-01,2006-12-31,2006,,2636.0,annual,Trail Register Database R4(1).xlsx,aggregated,0,0,aggregated_annual_from_monthly; source_records=12
East Windham,2007-01-01,2007-12-31,2007,,2218.0,annual,Trail Register Database R4(1).xlsx,aggregated,0,0,aggregated_annual_from_monthly; source_records=12
East Windham,2008-01-01,2008-12-31,2008,,2161.0,annual,Trail Register Database R4(1).xlsx,aggregated,0,0,aggregated_annual_from_monthly; source_records=12
East Windham,2009-01-01,2009-12-31,2009,,2158.0,annual,Trail Register Database R4(1).xlsx,aggregated,0,0,aggregated_annual_from_monthly; source_records=12
East Windham,2010-01-01,2010-12-31,2010,,2328.0,annual,Trail Register Database R4(1).xlsx,aggregated,0,0,aggregated_annual_from_monthly; source_records=12
East Windham,2011-01-01,2011-12-31,2011,,2101.0,annual,Trail Register Database R4(1).xlsx,aggregated,0,0,aggregated_annual_from_monthly; source_records=12
East Windham,2012-01-01,2012-12-31,2012,,1372.0,annual,Trail Register Database R4(1).xlsx,aggregated,0,0,aggregated_annual_from_monthly; source_records=7
East Windham,2013-01-01,2013-12-31,2013,,2845.0,annual,Trail Register Database R4(1).xlsx,aggregated,0,0,aggregated_annual_from_monthly; source_records=9
East Windham,2014-01-01,2014-12-31,2014,,2767.0,annual,Trail Register Database R4(1).xlsx,aggregated,0,0,aggregated_annual_from_monthly; source_records=12
East Windham,2015-01-01,2015-12-31,2015,,3084.0,annual,Trail Register Database R4(1).xlsx,aggregated,0,0,aggregated_annual_from_monthly; source_records=12
East Windham,2016-01-01,2016-12-31,2016,,3130.0,annual,Trail Register Database R4(1).xlsx,aggregated,0,0,aggregated_annual_from_monthly; source_records=12
East Windham,2017-01-01,2017-12-31,2017,,3887.0,annual,Trail Register Database R4(1).xlsx,aggregated,0,0,aggregated_annual_from_monthly; source_records=12
East Windham,2018-01-01,2018-12-31,2018,,3254.0,annual,Trail Register Database R4(1).xlsx,aggregated,0,0,aggregated_annual_from_monthly; source_records=12
East Windham,2019-01-01,2019-12-31,2019,,3765.0,annual,Trail Register Database R4(1).xlsx,aggregated,0,0,aggregated_annual_from_monthly; source_records=12
East Windham,2020-01-01,2020-12-31,2020,,4858.0,annual,Trail Register Database R4(1).xlsx,aggregated,0,0,aggregated_annual_from_monthly; source_records=12
East Windham,2021-01-01,2021-12-31,2021,,3691.0,annual,Trail Register Database R4(1).xlsx,aggregated,0,0,aggregated_annual_from_monthly; source_records=12
East Windham,2022-01-01,2022-12-31,2022,,3563.0,annual,Trail Register Database R4(1).xlsx,aggregated,0,0,aggregated_annual_from_monthly; source_records=12
East Windham,2023-01-01,2023-12-31,2023,,3907.0,annual,Trail Register Database R4(1).xlsx,aggregated,0,0,aggregated_annual_from_monthly; source_records=12
East Windham,2024-01-01,2024-12-31,2024,,3748.0,annual,Trail Register Database R4(1).xlsx,aggregated,0,0,aggregated_annual_from_monthly; source_records=12
East Windham,2025-01-01,2025-12-31,2025,,1643.0,annual,Trail Register Database R4(1).xlsx,aggregated,0,0,aggregated_annual_from_monthly; source_records=8
Elm Ridge,1996-01-01,1996-12-31,1996,,456.0,annual,Trail Register Database R4(1).xlsx,aggregated,0,0,aggregated_annual_from_monthly; source_records=7
Elm Ridge,1997-01-01,1997-12-31,1997,,1044.0,annual,Trail Register Database R4(1).xlsx,aggregated,0,0,aggregated_annual_from_monthly; source_records=12
Elm Ridge,1998-01-01,1998-12-31,1998,,1144.0,annual,Trail Register Database R4(1).xlsx,aggregated,0,0,aggregated_annual_from_monthly; source_records=12
Elm Ridge,1999-01-01,1999-12-31,1999,,1006.0,annual,Trail Register Database R4(1).xlsx,aggregated,0,0,aggregated_annual_from_monthly; source_records=12
Elm Ridge,2000-01-01,2000-12-31,2000,,1066.0,annual,Trail Register Database R4(1).xlsx,aggregated,0,0,aggregated_annual_from_monthly; source_records=12
Elm Ridge,2004-01-01,2004-12-31,2004,,901.0,annual,Trail Register Database R4(1).xlsx,aggregated,0,0,aggregated_annual_from_monthly; source_records=12
Elm Ridge,2006-01-01,2006-12-31,2006,,672.0,annual,Trail Register Database R4(1).xlsx,aggregated,0,0,aggregated_annual_from_monthly; source_records=11
Elm Ridge,2007-01-01,2007-12-31,2007,,1025.0,annual,Trail Register Database R4(1).xlsx,aggregated,0,0,aggregated_annual_from_monthly; source_records=12
Elm Ridge,2008-01-01,2008-12-31,2008,,661.0,annual,Trail Register Database R4(1).xlsx,aggregated,0,0,aggregated_annual_from_monthly; source_records=11
Elm Ridge,2009-01-01,2009-12-31,2009,,836.0,annual,Trail Register Database R4(1).xlsx,aggregated,0,0,aggregated_annual_from_monthly; source_records=12
Elm Ridge,2010-01-01,2010-12-31,2010,,1081.0,annual,Trail Register Database R4(1).xlsx,aggregated,0,0,aggregated_annual_from_monthly; source_records=12
Elm Ridge,2011-01-01,2011-12-31,2011,,948.0,annual,Trail Register Database R4(1).xlsx,aggregated,0,0,aggregated_annual_from_monthly; source_records=12
Elm Ridge,2012-01-01,2012-12-31,2012,,670.0,annual,Trail Register Database R4(1).xlsx,aggregated,0,0,aggregated_annual_from_monthly; source_records=8
Elm Ridge,2013-01-01,2013-12-31,2013,,1019.0,annual,Trail Register Database R4(1).xlsx,aggregated,0,0,aggregated_annual_from_monthly; source_records=10
Elm Ridge,2014-01-01,2014-12-31,2014,,1144.0,annual,Trail Register Database R4(1).xlsx,aggregated,0,0,aggregated_annual_from_monthly; source_records=12
Elm Ridge,2015-01-01,2015-12-31,2015,,1347.0,annual,Trail Register Database R4(1).xlsx,aggregated,0,0,aggregated_annual_from_monthly; source_records=12
Elm Ridge,2016-01-01,2016-12-31,2016,,1394.0,annual,Trail Register Database R4(1).xlsx,aggregated,0,0,aggregated_annual_from_monthly; source_records=12
Elm Ridge,2017-01-01,2017-12-31,2017,,1471.0,annual,Trail Register Database R4(1).xlsx,aggregated,0,0,aggregated_annual_from_monthly; source_records=12
Elm Ridge,2018-01-01,2018-12-31,2018,,1357.0,annual,Trail Register Database R4(1).xlsx,aggregated,0,0,aggregated_annual_from_monthly; source_records=12
Elm Ridge,2019-01-01,2019-12-31,2019,,1569.0,annual,Trail Register Database R4(1).xlsx,aggregated,0,0,aggregated_annual_from_monthly; source_records=12
Elm Ridge,2020-01-01,2020-12-31,2020,,2618.0,annual,Trail Register Database R4(1).xlsx,aggregated,0,0,aggregated_annual_from_monthly; source_records=12
Elm Ridge,2021-01-01,2021-12-31,2021,,2033.0,annual,Trail Register Database R4(1).xlsx,aggregated,0,0,aggregated_annual_from_monthly; source_records=12
Elm Ridge,2022-01-01,2022-12-31,2022,,1864.0,annual,Trail Register Database R4(1).xlsx,aggregated,0,0,aggregated_annual_from_monthly; source_records=12
Elm Ridge,2023-01-01,2023-12-31,2023,,1725.0,annual,Trail Register Database R4(1).xlsx,aggregated,0,0,aggregated_annual_from_monthly; source_records=12
Elm Ridge,2024-01-01,2024-12-31,2024,,11621.0,annual,Elm Ridge Hike+Bike RAW (1).csv; Trail Register Database R4(1).xlsx,aggregated,0,0,aggregated_annual_from_monthly; source_records=12
Elm Ridge,2025-01-01,2025-12-31,2025,,10491.0,annual,Elm Ridge Hike+Bike RAW (1).csv; Trail Register Database R4(1).xlsx,aggregated,0,0,aggregated_annual_from_monthly; source_records=12
Elm Ridge,2026-01-01,2026-12-31,2026,,1896.0,annual,Elm Ridge Hike+Bike RAW (1).csv,aggregated,0,0,aggregated_annual_from_monthly; source_records=4
Fir,2008-01-01,2008-12-31,2008,,161.0,annual,Canister sign in charts R3 and R4 2025.xlsx,Sheet1,111,2,observed_annual_from_canister_location_block | duplicate_agreement_collapsed; considered: Canister sign in charts R3 and R4 2025.xlsx; 2008-2025 Total Canister Sign-In.xlsx
Fir,2009-01-01,2009-12-31,2009,,226.0,annual,Canister sign in charts R3 and R4 2025.xlsx,Sheet1,112,2,observed_annual_from_canister_location_block | duplicate_agreement_collapsed; considered: Canister sign in charts R3 and R4 2025.xlsx; 2008-2025 Total Canister Sign-In.xlsx
Fir,2010-01-01,2010-12-31,2010,,248.0,annual,Canister sign in charts R3 and R4 2025.xlsx,Sheet1,113,2,observed_annual_from_canister_location_block | duplicate_agreement_collapsed; considered: Canister sign in charts R3 and R4 2025.xlsx; 2008-2025 Total Canister Sign-In.xlsx
Fir,2011-01-01,2011-12-31,2011,,259.0,annual,Canister sign in charts R3 and R4 2025.xlsx,Sheet1,114,2,observed_annual_from_canister_location_block | duplicate_agreement_collapsed; considered: Canister sign in charts R3 and R4 2025.xlsx; 2008-2025 Total Canister Sign-In.xlsx
Fir,2012-01-01,2012-12-31,2012,,414.0,annual,Canister sign in charts R3 and R4 2025.xlsx,Sheet1,115,2,observed_annual_from_canister_location_block | duplicate_agreement_collapsed; considered: Canister sign in charts R3 and R4 2025.xlsx; 2008-2025 Total Canister Sign-In.xlsx
Fir,2013-01-01,2013-12-31,2013,,381.0,annual,Canister sign in charts R3 and R4 2025.xlsx,Sheet1,116,2,observed_annual_from_canister_location_block | duplicate_agreement_collapsed; considered: Canister sign in charts R3 and R4 2025.xlsx; 2008-2025 Total Canister Sign-In.xlsx
Fir,2014-01-01,2014-12-31,2014,,382.0,annual,Canister sign in charts R3 and R4 2025.xlsx,Sheet1,117,2,observed_annual_from_canister_location_block | duplicate_agreement_collapsed; considered: Canister sign in charts R3 and R4 2025.xlsx; 2008-2025 Total Canister Sign-In.xlsx
Fir,2015-01-01,2015-12-31,2015,,472.0,annual,Canister sign in charts R3 and R4 2025.xlsx,Sheet1,118,2,observed_annual_from_canister_location_block | duplicate_agreement_collapsed; considered: Canister sign in charts R3 and R4 2025.xlsx; 2008-2025 Total Canister Sign-In.xlsx
Fir,2016-01-01,2016-12-31,2016,,611.0,annual,Canister sign in charts R3 and R4 2025.xlsx,Sheet1,119,2,observed_annual_from_canister_location_block | duplicate_agreement_collapsed; considered: Canister sign in charts R3 and R4 2025.xlsx; 2008-2025 Total Canister Sign-In.xlsx
Fir,2017-01-01,2017-12-31,2017,,636.0,annual,Canister sign in charts R3 and R4 2025.xlsx,Sheet1,120,2,observed_annual_from_canister_location_block | duplicate_agreement_collapsed; considered: Canister sign in charts R3 and R4 2025.xlsx; 2008-2025 Total Canister Sign-In.xlsx
Fir,2018-01-01,2018-12-31,2018,,478.0,annual,Canister sign in charts R3 and R4 2025.xlsx,Sheet1,121,2,observed_annual_from_canister_location_block | duplicate_agreement_collapsed; considered: Canister sign in charts R3 and R4 2025.xlsx; 2008-2025 Total Canister Sign-In.xlsx
Fir,2019-01-01,2019-12-31,2019,,668.0,annual,Canister sign in charts R3 and R4 2025.xlsx,Sheet1,122,2,observed_annual_from_canister_location_block | duplicate_agreement_collapsed; considered: Canister sign in charts R3 and R4 2025.xlsx; 2008-2025 Total Canister Sign-In.xlsx
Fir,2020-01-01,2020-12-31,2020,,1069.0,annual,Canister sign in charts R3 and R4 2025.xlsx,Sheet1,123,2,observed_annual_from_canister_location_block | duplicate_agreement_collapsed; considered: Canister sign in charts R3 and R4 2025.xlsx; 2008-2025 Total Canister Sign-In.xlsx
Fir,2021-01-01,2021-12-31,2021,,1053.0,annual,Canister sign in charts R3 and R4 2025.xlsx,Sheet1,124,2,observed_annual_from_canister_location_block | duplicate_agreement_collapsed; considered: Canister sign in charts R3 and R4 2025.xlsx; 2008-2025 Total Canister Sign-In.xlsx
Fir,2022-01-01,2022-12-31,2022,,1084.0,annual,Canister sign in charts R3 and R4 2025.xlsx,Sheet1,125,2,observed_annual_from_canister_location_block | duplicate_agreement_collapsed; considered: Canister sign in charts R3 and R4 2025.xlsx; 2008-2025 Total Canister Sign-In.xlsx
Fir,2023-01-01,2023-12-31,2023,,985.0,annual,Canister sign in charts R3 and R4 2025.xlsx,Sheet1,126,2,observed_annual_from_canister_location_block | duplicate_agreement_collapsed; considered: Canister sign in charts R3 and R4 2025.xlsx; 2008-2025 Total Canister Sign-In.xlsx
Fir,2024-01-01,2024-12-31,2024,,843.0,annual,Canister sign in charts R3 and R4 2025.xlsx,Sheet1,127,2,observed_annual_from_canister_location_block | duplicate_agreement_collapsed; considered: Canister sign in charts R3 and R4 2025.xlsx; 2008-2025 Total Canister Sign-In.xlsx
Flynn,1994-01-01,1994-12-31,1994,,229.0,annual,Trail Register Tally_8_9_24_(1).xlsx,aggregated,0,0,aggregated_annual_from_monthly; source_records=5
Flynn,1995-01-01,1995-12-31,1995,,376.0,annual,Trail Register Tally_8_9_24_(1).xlsx,aggregated,0,0,aggregated_annual_from_monthly; source_records=12
Flynn,1996-01-01,1996-12-31,1996,,432.0,annual,Trail Register Tally_8_9_24_(1).xlsx,aggregated,0,0,aggregated_annual_from_monthly; source_records=12
Flynn,1997-01-01,1997-12-31,1997,,639.0,annual,Trail Register Tally_8_9_24_(1).xlsx,aggregated,0,0,aggregated_annual_from_monthly; source_records=12
Flynn,1998-01-01,1998-12-31,1998,,592.0,annual,Trail Register Tally_8_9_24_(1).xlsx,aggregated,0,0,aggregated_annual_from_monthly; source_records=12
Flynn,1999-01-01,1999-12-31,1999,,610.0,annual,Trail Register Tally_8_9_24_(1).xlsx,aggregated,0,0,aggregated_annual_from_monthly; source_records=12
Flynn,2000-01-01,2000-12-31,2000,,502.0,annual,Trail Register Tally_8_9_24_(1).xlsx,aggregated,0,0,aggregated_annual_from_monthly; source_records=12
Flynn,2001-01-01,2001-12-31,2001,,19.0,annual,Trail Register Tally_8_9_24_(1).xlsx,aggregated,0,0,aggregated_annual_from_monthly; source_records=1
Flynn,2003-01-01,2003-12-31,2003,,10.0,annual,Trail Register Tally_8_9_24_(1).xlsx,aggregated,0,0,aggregated_annual_from_monthly; source_records=1
Flynn,2008-01-01,2008-12-31,2008,,438.0,annual,Trail Register Tally_8_9_24_(1).xlsx,aggregated,0,0,aggregated_annual_from_monthly; source_records=12
Flynn,2009-01-01,2009-12-31,2009,,416.5,annual,Trail Register Tally_8_9_24_(1).xlsx,aggregated,0,0,aggregated_annual_from_monthly; source_records=12
Flynn,2010-01-01,2010-12-31,2010,,404.285714,annual,Trail Register Tally_8_9_24_(1).xlsx,aggregated,0,0,aggregated_annual_from_monthly; source_records=12
Flynn,2011-01-01,2011-12-31,2011,,403.666667,annual,Trail Register Tally_8_9_24_(1).xlsx,aggregated,0,0,aggregated_annual_from_monthly; source_records=12
Flynn,2015-01-01,2015-12-31,2015,,588.0,annual,Trail Register Tally_8_9_24_(1).xlsx,aggregated,0,0,aggregated_annual_from_monthly; source_records=12
Flynn,2016-01-01,2016-12-31,2016,,640.0,annual,Trail Register Tally_8_9_24_(1).xlsx,aggregated,0,0,aggregated_annual_from_monthly; source_records=12
Flynn,2017-01-01,2017-12-31,2017,,888.0,annual,Trail Register Tally_8_9_24_(1).xlsx,aggregated,0,0,aggregated_annual_from_monthly; source_records=12
Flynn,2018-01-01,2018-12-31,2018,,897.0,annual,Trail Register Tally_8_9_24_(1).xlsx,aggregated,0,0,aggregated_annual_from_monthly; source_records=12
Flynn,2019-01-01,2019-12-31,2019,,853.0,annual,Trail Register Tally_8_9_24_(1).xlsx,aggregated,0,0,aggregated_annual_from_monthly; source_records=12
Flynn,2020-01-01,2020-12-31,2020,,966.0,annual,Trail Register Tally_8_9_24_(1).xlsx,aggregated,0,0,aggregated_annual_from_monthly; source_records=12
Flynn,2024-01-01,2024-12-31,2024,,66.888889,annual,Trail Register Tally_8_9_24_(1).xlsx,aggregated,0,0,aggregated_annual_from_monthly; source_records=2
Flynn,2025-01-01,2025-12-31,2025,,694.888888,annual,Trail Register Tally_8_9_24_(1).xlsx,aggregated,0,0,aggregated_annual_from_monthly; source_records=12
Flynn,2026-01-01,2026-12-31,2026,,348.0,annual,Trail Register Tally_8_9_24_(1).xlsx,aggregated,0,0,aggregated_annual_from_monthly; source_records=7
Fox Hollow,1991-01-01,1991-12-31,1991,,770.0,annual,Trail Register Tally_8_9_24_(1).xlsx,aggregated,0,0,aggregated_annual_from_monthly; source_records=12
Fox Hollow,1992-01-01,1992-12-31,1992,,802.0,annual,Trail Register Tally_8_9_24_(1).xlsx,aggregated,0,0,aggregated_annual_from_monthly; source_records=12
Fox Hollow,1993-01-01,1993-12-31,1993,,746.0,annual,Trail Register Tally_8_9_24_(1).xlsx,aggregated,0,0,aggregated_annual_from_monthly; source_records=12
Fox Hollow,1994-01-01,1994-12-31,1994,,872.0,annual,Trail Register Tally_8_9_24_(1).xlsx,aggregated,0,0,aggregated_annual_from_monthly; source_records=12
Fox Hollow,1995-01-01,1995-12-31,1995,,794.0,annual,Trail Register Tally_8_9_24_(1).xlsx,aggregated,0,0,aggregated_annual_from_monthly; source_records=12
Fox Hollow,1996-01-01,1996-12-31,1996,,1021.0,annual,Trail Register Tally_8_9_24_(1).xlsx,aggregated,0,0,aggregated_annual_from_monthly; source_records=12
Fox Hollow,1997-01-01,1997-12-31,1997,,997.0,annual,Trail Register Tally_8_9_24_(1).xlsx,aggregated,0,0,aggregated_annual_from_monthly; source_records=12
Fox Hollow,1998-01-01,1998-12-31,1998,,866.0,annual,Trail Register Tally_8_9_24_(1).xlsx,aggregated,0,0,aggregated_annual_from_monthly; source_records=12
Fox Hollow,1999-01-01,1999-12-31,1999,,956.0,annual,Trail Register Tally_8_9_24_(1).xlsx,aggregated,0,0,aggregated_annual_from_monthly; source_records=12
Fox Hollow,2000-01-01,2000-12-31,2000,,712.0,annual,Trail Register Tally_8_9_24_(1).xlsx,aggregated,0,0,aggregated_annual_from_monthly; source_records=12
Fox Hollow,2008-01-01,2008-12-31,2008,,680.88889,annual,Trail Register Tally_8_9_24_(1).xlsx,aggregated,0,0,aggregated_annual_from_monthly; source_records=12
Fox Hollow,2009-01-01,2009-12-31,2009,,646.5,annual,Trail Register Tally_8_9_24_(1).xlsx,aggregated,0,0,aggregated_annual_from_monthly; source_records=12
Fox Hollow,2011-01-01,2011-12-31,2011,,669.999998,annual,Trail Register Tally_8_9_24_(1).xlsx,aggregated,0,0,aggregated_annual_from_monthly; source_records=12
Fox Hollow,2015-01-01,2015-12-31,2015,,927.0,annual,Trail Register Tally_8_9_24_(1).xlsx,aggregated,0,0,aggregated_annual_from_monthly; source_records=12
Fox Hollow,2016-01-01,2016-12-31,2016,,1154.0,annual,Trail Register Tally_8_9_24_(1).xlsx,aggregated,0,0,aggregated_annual_from_monthly; source_records=12
Fox Hollow,2017-01-01,2017-12-31,2017,,1237.0,annual,Trail Register Tally_8_9_24_(1).xlsx,aggregated,0,0,aggregated_annual_from_monthly; source_records=12
Fox Hollow,2018-01-01,2018-12-31,2018,,1012.0,annual,Trail Register Tally_8_9_24_(1).xlsx,aggregated,0,0,aggregated_annual_from_monthly; source_records=12
Fox Hollow,2019-01-01,2019-12-31,2019,,1010.0,annual,Trail Register Tally_8_9_24_(1).xlsx,aggregated,0,0,aggregated_annual_from_monthly; source_records=12
Fox Hollow,2020-01-01,2020-12-31,2020,,1354.0,annual,Trail Register Tally_8_9_24_(1).xlsx,aggregated,0,0,aggregated_annual_from_monthly; source_records=12
Fox Hollow,2024-01-01,2024-12-31,2024,,289.555556,annual,Trail Register Tally_8_9_24_(1).xlsx,aggregated,0,0,aggregated_annual_from_monthly; source_records=3
Fox Hollow,2025-01-01,2025-12-31,2025,,1087.98611,annual,Trail Register Tally_8_9_24_(1).xlsx,aggregated,0,0,aggregated_annual_from_monthly; source_records=12
Fox Hollow,2026-01-01,2026-12-31,2026,,527.0,annual,Trail Register Tally_8_9_24_(1).xlsx,aggregated,0,0,aggregated_annual_from_monthly; source_records=7
Frick Pond,1991-01-01,1991-12-31,1991,,43.0,annual,Trail Register Tally_8_9_24_(1).xlsx,aggregated,0,0,aggregated_annual_from_monthly; source_records=3
Frick Pond,1992-01-01,1992-12-31,1992,,398.0,annual,Trail Register Tally_8_9_24_(1).xlsx,aggregated,0,0,aggregated_annual_from_monthly; source_records=12
Frick Pond,1993-01-01,1993-12-31,1993,,556.0,annual,Trail Register Tally_8_9_24_(1).xlsx,aggregated,0,0,aggregated_annual_from_monthly; source_records=12
Frick Pond,1994-01-01,1994-12-31,1994,,934.0,annual,Trail Register Tally_8_9_24_(1).xlsx,aggregated,0,0,aggregated_annual_from_monthly; source_records=12
Frick Pond,1995-01-01,1995-12-31,1995,,1418.0,annual,Trail Register Tally_8_9_24_(1).xlsx,aggregated,0,0,aggregated_annual_from_monthly; source_records=12
Frick Pond,1996-01-01,1996-12-31,1996,,1279.0,annual,Trail Register Tally_8_9_24_(1).xlsx,aggregated,0,0,aggregated_annual_from_monthly; source_records=12
Frick Pond,1997-01-01,1997-12-31,1997,,1526.0,annual,Trail Register Tally_8_9_24_(1).xlsx,aggregated,0,0,aggregated_annual_from_monthly; source_records=12
Frick Pond,1998-01-01,1998-12-31,1998,,1809.0,annual,Trail Register Tally_8_9_24_(1).xlsx,aggregated,0,0,aggregated_annual_from_monthly; source_records=12
Frick Pond,1999-01-01,1999-12-31,1999,,1517.0,annual,Trail Register Tally_8_9_24_(1).xlsx,aggregated,0,0,aggregated_annual_from_monthly; source_records=12
Frick Pond,2000-01-01,2000-12-31,2000,,1132.0,annual,Trail Register Tally_8_9_24_(1).xlsx,aggregated,0,0,aggregated_annual_from_monthly; source_records=12
Frick Pond,2007-01-01,2007-12-31,2007,,16.0,annual,Trail Register Tally_8_9_24_(1).xlsx,aggregated,0,0,aggregated_annual_from_monthly; source_records=1
Frick Pond,2008-01-01,2008-12-31,2008,,956.555555,annual,Trail Register Tally_8_9_24_(1).xlsx,aggregated,0,0,aggregated_annual_from_monthly; source_records=12
Frick Pond,2009-01-01,2009-12-31,2009,,886.5,annual,Trail Register Tally_8_9_24_(1).xlsx,aggregated,0,0,aggregated_annual_from_monthly; source_records=12
Frick Pond,2010-01-01,2010-12-31,2010,,851.428572,annual,Trail Register Tally_8_9_24_(1).xlsx,aggregated,0,0,aggregated_annual_from_monthly; source_records=12
Frick Pond,2011-01-01,2011-12-31,2011,,801.166666,annual,Trail Register Tally_8_9_24_(1).xlsx,aggregated,0,0,aggregated_annual_from_monthly; source_records=12
Frick Pond,2012-01-01,2012-12-31,2012,,765.4,annual,Trail Register Tally_8_9_24_(1).xlsx,aggregated,0,0,aggregated_annual_from_monthly; source_records=12
Frick Pond,2013-01-01,2013-12-31,2013,,22.5,annual,Trail Register Tally_8_9_24_(1).xlsx,aggregated,0,0,aggregated_annual_from_monthly; source_records=1
Frick Pond,2015-01-01,2015-12-31,2015,,1231.0,annual,Trail Register Tally_8_9_24_(1).xlsx,aggregated,0,0,aggregated_annual_from_monthly; source_records=12
Frick Pond,2016-01-01,2016-12-31,2016,,1575.0,annual,Trail Register Tally_8_9_24_(1).xlsx,aggregated,0,0,aggregated_annual_from_monthly; source_records=12
Frick Pond,2017-01-01,2017-12-31,2017,,1642.0,annual,Trail Register Tally_8_9_24_(1).xlsx,aggregated,0,0,aggregated_annual_from_monthly; source_records=12
Frick Pond,2018-01-01,2018-12-31,2018,,1391.0,annual,Trail Register Tally_8_9_24_(1).xlsx,aggregated,0,0,aggregated_annual_from_monthly; source_records=12
Frick Pond,2019-01-01,2019-12-31,2019,,1650.0,annual,Trail Register Tally_8_9_24_(1).xlsx,aggregated,0,0,aggregated_annual_from_monthly; source_records=11
Frick Pond,2020-01-01,2020-12-31,2020,,1909.0,annual,Trail Register Tally_8_9_24_(1).xlsx,aggregated,0,0,aggregated_annual_from_monthly; source_records=12
Frick Pond,2024-01-01,2024-12-31,2024,,124.555556,annual,Trail Register Tally_8_9_24_(1).xlsx,aggregated,0,0,aggregated_annual_from_monthly; source_records=2
Frick Pond,2025-01-01,2025-12-31,2025,,1546.805555,annual,Trail Register Tally_8_9_24_(1).xlsx,aggregated,0,0,aggregated_annual_from_monthly; source_records=12
Frick Pond,2026-01-01,2026-12-31,2026,,858.410714,annual,Trail Register Tally_8_9_24_(1).xlsx,aggregated,0,0,aggregated_annual_from_monthly; source_records=7
Friday,2008-01-01,2008-12-31,2008,,154.0,annual,Canister sign in charts R3 and R4 2025.xlsx,Sheet1,30,2,observed_annual_from_canister_location_block | duplicate_agreement_collapsed; considered: Canister sign in charts R3 and R4 2025.xlsx; 2008-2025 Total Canister Sign-In.xlsx
Friday,2009-01-01,2009-12-31,2009,,244.0,annual,Canister sign in charts R3 and R4 2025.xlsx,Sheet1,31,2,observed_annual_from_canister_location_block | duplicate_agreement_collapsed; considered: Canister sign in charts R3 and R4 2025.xlsx; 2008-2025 Total Canister Sign-In.xlsx
Friday,2010-01-01,2010-12-31,2010,,215.0,annual,Canister sign in charts R3 and R4 2025.xlsx,Sheet1,32,2,observed_annual_from_canister_location_block | duplicate_agreement_collapsed; considered: Canister sign in charts R3 and R4 2025.xlsx; 2008-2025 Total Canister Sign-In.xlsx
Friday,2011-01-01,2011-12-31,2011,,275.0,annual,Canister sign in charts R3 and R4 2025.xlsx,Sheet1,33,2,observed_annual_from_canister_location_block | duplicate_agreement_collapsed; considered: Canister sign in charts R3 and R4 2025.xlsx; 2008-2025 Total Canister Sign-In.xlsx
Friday,2012-01-01,2012-12-31,2012,,396.0,annual,Canister sign in charts R3 and R4 2025.xlsx,Sheet1,34,2,observed_annual_from_canister_location_block | duplicate_agreement_collapsed; considered: Canister sign in charts R3 and R4 2025.xlsx; 2008-2025 Total Canister Sign-In.xlsx
Friday,2013-01-01,2013-12-31,2013,,369.0,annual,Canister sign in charts R3 and R4 2025.xlsx,Sheet1,35,2,observed_annual_from_canister_location_block | duplicate_agreement_collapsed; considered: Canister sign in charts R3 and R4 2025.xlsx; 2008-2025 Total Canister Sign-In.xlsx
Friday,2014-01-01,2014-12-31,2014,,488.0,annual,Canister sign in charts R3 and R4 2025.xlsx,Sheet1,36,2,observed_annual_from_canister_location_block | duplicate_agreement_collapsed; considered: Canister sign in charts R3 and R4 2025.xlsx; 2008-2025 Total Canister Sign-In.xlsx
Friday,2015-01-01,2015-12-31,2015,,506.0,annual,Canister sign in charts R3 and R4 2025.xlsx,Sheet1,37,2,observed_annual_from_canister_location_block | duplicate_agreement_collapsed; considered: Canister sign in charts R3 and R4 2025.xlsx; 2008-2025 Total Canister Sign-In.xlsx
Friday,2016-01-01,2016-12-31,2016,,676.0,annual,Canister sign in charts R3 and R4 2025.xlsx,Sheet1,38,2,observed_annual_from_canister_location_block | duplicate_agreement_collapsed; considered: Canister sign in charts R3 and R4 2025.xlsx; 2008-2025 Total Canister Sign-In.xlsx
Friday,2017-01-01,2017-12-31,2017,,640.0,annual,Canister sign in charts R3 and R4 2025.xlsx,Sheet1,39,2,observed_annual_from_canister_location_block | duplicate_agreement_collapsed; considered: Canister sign in charts R3 and R4 2025.xlsx; 2008-2025 Total Canister Sign-In.xlsx
Friday,2018-01-01,2018-12-31,2018,,462.0,annual,Canister sign in charts R3 and R4 2025.xlsx,Sheet1,40,2,observed_annual_from_canister_location_block | duplicate_agreement_collapsed; considered: Canister sign in charts R3 and R4 2025.xlsx; 2008-2025 Total Canister Sign-In.xlsx
Friday,2019-01-01,2019-12-31,2019,,804.0,annual,Canister sign in charts R3 and R4 2025.xlsx,Sheet1,41,2,observed_annual_from_canister_location_block | duplicate_agreement_collapsed; considered: Canister sign in charts R3 and R4 2025.xlsx; 2008-2025 Total Canister Sign-In.xlsx
Friday,2020-01-01,2020-12-31,2020,,1202.0,annual,Canister sign in charts R3 and R4 2025.xlsx,Sheet1,42,2,observed_annual_from_canister_location_block | duplicate_agreement_collapsed; considered: Canister sign in charts R3 and R4 2025.xlsx; 2008-2025 Total Canister Sign-In.xlsx
Friday,2021-01-01,2021-12-31,2021,,1122.0,annual,Canister sign in charts R3 and R4 2025.xlsx,Sheet1,43,2,observed_annual_from_canister_location_block | duplicate_agreement_collapsed; considered: Canister sign in charts R3 and R4 2025.xlsx; 2008-2025 Total Canister Sign-In.xlsx
Friday,2023-01-01,2023-12-31,2023,,1212.0,annual,Canister sign in charts R3 and R4 2025.xlsx,Sheet1,44,2,observed_annual_from_canister_location_block | duplicate_agreement_collapsed; considered: Canister sign in charts R3 and R4 2025.xlsx; 2008-2025 Total Canister Sign-In.xlsx
Friday,2024-01-01,2024-12-31,2024,,1006.0,annual,Canister sign in charts R3 and R4 2025.xlsx,Sheet1,45,2,observed_annual_from_canister_location_block | duplicate_agreement_collapsed; considered: Canister sign in charts R3 and R4 2025.xlsx; 2008-2025 Total Canister Sign-In.xlsx
German Hollow,1997-01-01,1997-12-31,1997,,131.0,annual,Trail Register Database R4(1).xlsx,aggregated,0,0,aggregated_annual_from_monthly; source_records=11
German Hollow,1998-01-01,1998-12-31,1998,,207.0,annual,Trail Register Database R4(1).xlsx,aggregated,0,0,aggregated_annual_from_monthly; source_records=12
German Hollow,1999-01-01,1999-12-31,1999,,215.0,annual,Trail Register Database R4(1).xlsx,aggregated,0,0,aggregated_annual_from_monthly; source_records=12
German Hollow,2000-01-01,2000-12-31,2000,,190.0,annual,Trail Register Database R4(1).xlsx,aggregated,0,0,aggregated_annual_from_monthly; source_records=12
German Hollow,2004-01-01,2004-12-31,2004,,130.0,annual,Trail Register Database R4(1).xlsx,aggregated,0,0,aggregated_annual_from_monthly; source_records=12
German Hollow,2005-01-01,2005-12-31,2005,,152.0,annual,Trail Register Database R4(1).xlsx,aggregated,0,0,aggregated_annual_from_monthly; source_records=11
German Hollow,2006-01-01,2006-12-31,2006,,138.0,annual,Trail Register Database R4(1).xlsx,aggregated,0,0,aggregated_annual_from_monthly; source_records=12
German Hollow,2007-01-01,2007-12-31,2007,,193.0,annual,Trail Register Database R4(1).xlsx,aggregated,0,0,aggregated_annual_from_monthly; source_records=12
German Hollow,2008-01-01,2008-12-31,2008,,222.0,annual,Trail Register Database R4(1).xlsx,aggregated,0,0,aggregated_annual_from_monthly; source_records=12
German Hollow,2009-01-01,2009-12-31,2009,,197.0,annual,Trail Register Database R4(1).xlsx,aggregated,0,0,aggregated_annual_from_monthly; source_records=12
German Hollow,2010-01-01,2010-12-31,2010,,164.0,annual,Trail Register Database R4(1).xlsx,aggregated,0,0,aggregated_annual_from_monthly; source_records=12
German Hollow,2011-01-01,2011-12-31,2011,,138.0,annual,Trail Register Database R4(1).xlsx,aggregated,0,0,aggregated_annual_from_monthly; source_records=12
German Hollow,2012-01-01,2012-12-31,2012,,128.0,annual,Trail Register Database R4(1).xlsx,aggregated,0,0,aggregated_annual_from_monthly; source_records=8
German Hollow,2013-01-01,2013-12-31,2013,,104.0,annual,Trail Register Database R4(1).xlsx,aggregated,0,0,aggregated_annual_from_monthly; source_records=8
German Hollow,2014-01-01,2014-12-31,2014,,78.0,annual,Trail Register Database R4(1).xlsx,aggregated,0,0,aggregated_annual_from_monthly; source_records=12
German Hollow,2015-01-01,2015-12-31,2015,,81.0,annual,Trail Register Database R4(1).xlsx,aggregated,0,0,aggregated_annual_from_monthly; source_records=12
German Hollow,2016-01-01,2016-12-31,2016,,82.0,annual,Trail Register Database R4(1).xlsx,aggregated,0,0,aggregated_annual_from_monthly; source_records=12
German Hollow,2017-01-01,2017-12-31,2017,,98.0,annual,Trail Register Database R4(1).xlsx,aggregated,0,0,aggregated_annual_from_monthly; source_records=12
German Hollow,2018-01-01,2018-12-31,2018,,66.0,annual,Trail Register Database R4(1).xlsx,aggregated,0,0,aggregated_annual_from_monthly; source_records=10
German Hollow,2019-01-01,2019-12-31,2019,,47.0,annual,Trail Register Database R4(1).xlsx,aggregated,0,0,aggregated_annual_from_monthly; source_records=12
German Hollow,2020-01-01,2020-12-31,2020,,108.0,annual,Trail Register Database R4(1).xlsx,aggregated,0,0,aggregated_annual_from_monthly; source_records=12
German Hollow,2021-01-01,2021-12-31,2021,,114.0,annual,Trail Register Database R4(1).xlsx,aggregated,0,0,aggregated_annual_from_monthly; source_records=12
German Hollow,2022-01-01,2022-12-31,2022,,65.0,annual,Trail Register Database R4(1).xlsx,aggregated,0,0,aggregated_annual_from_monthly; source_records=11
German Hollow,2023-01-01,2023-12-31,2023,,85.0,annual,Trail Register Database R4(1).xlsx,aggregated,0,0,aggregated_annual_from_monthly; source_records=11
German Hollow,2024-01-01,2024-12-31,2024,,64.0,annual,Trail Register Database R4(1).xlsx,aggregated,0,0,aggregated_annual_from_monthly; source_records=11
German Hollow,2025-01-01,2025-12-31,2025,,87.0,annual,Trail Register Database R4(1).xlsx,aggregated,0,0,aggregated_annual_from_monthly; source_records=12
German Hollow,2026-01-01,2026-12-31,2026,,5.0,annual,Trail Register Database R4(1).xlsx,aggregated,0,0,aggregated_annual_from_monthly; source_records=1
Giant Ledge,1991-01-01,1991-12-31,1991,,4760.0,annual,Trail Register Tally_8_9_24_(1).xlsx,aggregated,0,0,aggregated_annual_from_monthly; source_records=12
Giant Ledge,1992-01-01,1992-12-31,1992,,4535.0,annual,Trail Register Tally_8_9_24_(1).xlsx,aggregated,0,0,aggregated_annual_from_monthly; source_records=12
Giant Ledge,1993-01-01,1993-12-31,1993,,4439.0,annual,Trail Register Tally_8_9_24_(1).xlsx,aggregated,0,0,aggregated_annual_from_monthly; source_records=12
Giant Ledge,1994-01-01,1994-12-31,1994,,4617.0,annual,Trail Register Tally_8_9_24_(1).xlsx,aggregated,0,0,aggregated_annual_from_monthly; source_records=12
Giant Ledge,1995-01-01,1995-12-31,1995,,5516.0,annual,Trail Register Tally_8_9_24_(1).xlsx,aggregated,0,0,aggregated_annual_from_monthly; source_records=12
Giant Ledge,1996-01-01,1996-12-31,1996,,5120.0,annual,Trail Register Tally_8_9_24_(1).xlsx,aggregated,0,0,aggregated_annual_from_monthly; source_records=12
Giant Ledge,1997-01-01,1997-12-31,1997,,5444.0,annual,Trail Register Tally_8_9_24_(1).xlsx,aggregated,0,0,aggregated_annual_from_monthly; source_records=12
Giant Ledge,1998-01-01,1998-12-31,1998,,5695.0,annual,Trail Register Tally_8_9_24_(1).xlsx,aggregated,0,0,aggregated_annual_from_monthly; source_records=12
Giant Ledge,1999-01-01,1999-12-31,1999,,3944.0,annual,Trail Register Tally_8_9_24_(1).xlsx,aggregated,0,0,aggregated_annual_from_monthly; source_records=12
Giant Ledge,2000-01-01,2000-12-31,2000,,5499.0,annual,Trail Register Tally_8_9_24_(1).xlsx,aggregated,0,0,aggregated_annual_from_monthly; source_records=12
Giant Ledge,2008-01-01,2008-12-31,2008,,4852.222223,annual,Trail Register Tally_8_9_24_(1).xlsx,aggregated,0,0,aggregated_annual_from_monthly; source_records=12
Giant Ledge,2009-01-01,2009-12-31,2009,,4965.75,annual,Trail Register Tally_8_9_24_(1).xlsx,aggregated,0,0,aggregated_annual_from_monthly; source_records=12
Giant Ledge,2011-01-01,2011-12-31,2011,,5138.714285,annual,Trail Register Tally_8_9_24_(1).xlsx,aggregated,0,0,aggregated_annual_from_monthly; source_records=12
Giant Ledge,2014-01-01,2014-12-31,2014,,8318.0,annual,Trail Register Tally_8_9_24_(1).xlsx,aggregated,0,0,aggregated_annual_from_monthly; source_records=12
Giant Ledge,2015-01-01,2015-12-31,2015,,8540.0,annual,Trail Register Tally_8_9_24_(1).xlsx,aggregated,0,0,aggregated_annual_from_monthly; source_records=12
Giant Ledge,2016-01-01,2016-12-31,2016,,10325.0,annual,Trail Register Tally_8_9_24_(1).xlsx,aggregated,0,0,aggregated_annual_from_monthly; source_records=12
Giant Ledge,2017-01-01,2017-12-31,2017,,11456.0,annual,Trail Register Tally_8_9_24_(1).xlsx,aggregated,0,0,aggregated_annual_from_monthly; source_records=12
Giant Ledge,2018-01-01,2018-12-31,2018,,8129.0,annual,Trail Register Tally_8_9_24_(1).xlsx,aggregated,0,0,aggregated_annual_from_monthly; source_records=12
Giant Ledge,2019-01-01,2019-12-31,2019,,9093.0,annual,Trail Register Tally_8_9_24_(1).xlsx,aggregated,0,0,aggregated_annual_from_monthly; source_records=12
Giant Ledge,2020-01-01,2020-12-31,2020,,8906.0,annual,Trail Register Tally_8_9_24_(1).xlsx,aggregated,0,0,aggregated_annual_from_monthly; source_records=12
Giant Ledge,2024-01-01,2024-12-31,2024,,3519.555555,annual,Trail Register Tally_8_9_24_(1).xlsx,aggregated,0,0,aggregated_annual_from_monthly; source_records=5
Giant Ledge,2026-01-01,2026-12-31,2026,,2889.25,annual,Trail Register Tally_8_9_24_(1).xlsx,aggregated,0,0,aggregated_annual_from_monthly; source_records=4
Halcott,2008-01-01,2008-12-31,2008,,175.0,annual,Canister sign in charts R3 and R4 2025.xlsx,Sheet1,131,2,observed_annual_from_canister_location_block | duplicate_agreement_collapsed; considered: Canister sign in charts R3 and R4 2025.xlsx; 2008-2025 Total Canister Sign-In.xlsx
Halcott,2009-01-01,2009-12-31,2009,,201.0,annual,Canister sign in charts R3 and R4 2025.xlsx,Sheet1,132,2,observed_annual_from_canister_location_block | duplicate_agreement_collapsed; considered: Canister sign in charts R3 and R4 2025.xlsx; 2008-2025 Total Canister Sign-In.xlsx
Halcott,2010-01-01,2010-12-31,2010,,275.0,annual,Canister sign in charts R3 and R4 2025.xlsx,Sheet1,133,2,observed_annual_from_canister_location_block | duplicate_agreement_collapsed; considered: Canister sign in charts R3 and R4 2025.xlsx; 2008-2025 Total Canister Sign-In.xlsx
Halcott,2011-01-01,2011-12-31,2011,,268.0,annual,Canister sign in charts R3 and R4 2025.xlsx,Sheet1,134,2,observed_annual_from_canister_location_block | duplicate_agreement_collapsed; considered: Canister sign in charts R3 and R4 2025.xlsx; 2008-2025 Total Canister Sign-In.xlsx
Halcott,2012-01-01,2012-12-31,2012,,357.0,annual,Canister sign in charts R3 and R4 2025.xlsx,Sheet1,135,2,observed_annual_from_canister_location_block | duplicate_agreement_collapsed; considered: Canister sign in charts R3 and R4 2025.xlsx; 2008-2025 Total Canister Sign-In.xlsx
Halcott,2013-01-01,2013-12-31,2013,,452.0,annual,Canister sign in charts R3 and R4 2025.xlsx,Sheet1,136,2,observed_annual_from_canister_location_block | duplicate_agreement_collapsed; considered: Canister sign in charts R3 and R4 2025.xlsx; 2008-2025 Total Canister Sign-In.xlsx
Halcott,2014-01-01,2014-12-31,2014,,426.0,annual,Canister sign in charts R3 and R4 2025.xlsx,Sheet1,137,2,observed_annual_from_canister_location_block | duplicate_agreement_collapsed; considered: Canister sign in charts R3 and R4 2025.xlsx; 2008-2025 Total Canister Sign-In.xlsx
Halcott,2015-01-01,2015-12-31,2015,,450.0,annual,Canister sign in charts R3 and R4 2025.xlsx,Sheet1,138,2,observed_annual_from_canister_location_block | duplicate_agreement_collapsed; considered: Canister sign in charts R3 and R4 2025.xlsx; 2008-2025 Total Canister Sign-In.xlsx
Halcott,2016-01-01,2016-12-31,2016,,613.0,annual,Canister sign in charts R3 and R4 2025.xlsx,Sheet1,139,2,observed_annual_from_canister_location_block | duplicate_agreement_collapsed; considered: Canister sign in charts R3 and R4 2025.xlsx; 2008-2025 Total Canister Sign-In.xlsx
Halcott,2017-01-01,2017-12-31,2017,,581.0,annual,Canister sign in charts R3 and R4 2025.xlsx,Sheet1,140,2,observed_annual_from_canister_location_block | duplicate_agreement_collapsed; considered: Canister sign in charts R3 and R4 2025.xlsx; 2008-2025 Total Canister Sign-In.xlsx
Halcott,2018-01-01,2018-12-31,2018,,537.0,annual,Canister sign in charts R3 and R4 2025.xlsx,Sheet1,141,2,observed_annual_from_canister_location_block | duplicate_agreement_collapsed; considered: Canister sign in charts R3 and R4 2025.xlsx; 2008-2025 Total Canister Sign-In.xlsx
Halcott,2019-01-01,2019-12-31,2019,,701.0,annual,Canister sign in charts R3 and R4 2025.xlsx,Sheet1,142,2,observed_annual_from_canister_location_block | duplicate_agreement_collapsed; considered: Canister sign in charts R3 and R4 2025.xlsx; 2008-2025 Total Canister Sign-In.xlsx
Halcott,2020-01-01,2020-12-31,2020,,1159.0,annual,Canister sign in charts R3 and R4 2025.xlsx,Sheet1,143,2,observed_annual_from_canister_location_block | duplicate_agreement_collapsed; considered: Canister sign in charts R3 and R4 2025.xlsx; 2008-2025 Total Canister Sign-In.xlsx
Halcott,2021-01-01,2021-12-31,2021,,1168.0,annual,Canister sign in charts R3 and R4 2025.xlsx,Sheet1,144,2,observed_annual_from_canister_location_block | duplicate_agreement_collapsed; considered: Canister sign in charts R3 and R4 2025.xlsx; 2008-2025 Total Canister Sign-In.xlsx
Halcott,2022-01-01,2022-12-31,2022,,1005.0,annual,Canister sign in charts R3 and R4 2025.xlsx,Sheet1,145,2,observed_annual_from_canister_location_block | duplicate_agreement_collapsed; considered: Canister sign in charts R3 and R4 2025.xlsx; 2008-2025 Total Canister Sign-In.xlsx
Halcott,2023-01-01,2023-12-31,2023,,1012.0,annual,Canister sign in charts R3 and R4 2025.xlsx,Sheet1,146,2,observed_annual_from_canister_location_block | duplicate_agreement_collapsed; considered: Canister sign in charts R3 and R4 2025.xlsx; 2008-2025 Total Canister Sign-In.xlsx
Halcott,2024-01-01,2024-12-31,2024,,916.0,annual,Canister sign in charts R3 and R4 2025.xlsx,Sheet1,147,2,observed_annual_from_canister_location_block | duplicate_agreement_collapsed; considered: Canister sign in charts R3 and R4 2025.xlsx; 2008-2025 Total Canister Sign-In.xlsx
Halcott,2025-01-01,2025-12-31,2025,,893.0,annual,Canister sign in charts R3 and R4 2025.xlsx,Sheet1,148,2,observed_annual_from_canister_location_block | duplicate_agreement_collapsed; considered: Canister sign in charts R3 and R4 2025.xlsx; 2008-2025 Total Canister Sign-In.xlsx
Hardenburgh- MH Trail,1991-01-01,1991-12-31,1991,,270.0,annual,Trail Register Tally_8_9_24_(1).xlsx,aggregated,0,0,aggregated_annual_from_monthly; source_records=12
Hardenburgh- MH Trail,1992-01-01,1992-12-31,1992,,288.0,annual,Trail Register Tally_8_9_24_(1).xlsx,aggregated,0,0,aggregated_annual_from_monthly; source_records=12
Hardenburgh- MH Trail,1993-01-01,1993-12-31,1993,,306.0,annual,Trail Register Tally_8_9_24_(1).xlsx,aggregated,0,0,aggregated_annual_from_monthly; source_records=12
Hardenburgh- MH Trail,1994-01-01,1994-12-31,1994,,316.0,annual,Trail Register Tally_8_9_24_(1).xlsx,aggregated,0,0,aggregated_annual_from_monthly; source_records=12
Hardenburgh- MH Trail,1995-01-01,1995-12-31,1995,,275.0,annual,Trail Register Tally_8_9_24_(1).xlsx,aggregated,0,0,aggregated_annual_from_monthly; source_records=12
Hardenburgh- MH Trail,1996-01-01,1996-12-31,1996,,233.0,annual,Trail Register Tally_8_9_24_(1).xlsx,aggregated,0,0,aggregated_annual_from_monthly; source_records=12
Hardenburgh- MH Trail,1997-01-01,1997-12-31,1997,,172.0,annual,Trail Register Tally_8_9_24_(1).xlsx,aggregated,0,0,aggregated_annual_from_monthly; source_records=12
Hardenburgh- MH Trail,1998-01-01,1998-12-31,1998,,168.0,annual,Trail Register Tally_8_9_24_(1).xlsx,aggregated,0,0,aggregated_annual_from_monthly; source_records=12
Hardenburgh- MH Trail,1999-01-01,1999-12-31,1999,,654.0,annual,Trail Register Tally_8_9_24_(1).xlsx,aggregated,0,0,aggregated_annual_from_monthly; source_records=12
Hardenburgh- MH Trail,2000-01-01,2000-12-31,2000,,134.0,annual,Trail Register Tally_8_9_24_(1).xlsx,aggregated,0,0,aggregated_annual_from_monthly; source_records=12
Hardenburgh- MH Trail,2008-01-01,2008-12-31,2008,,223.22222,annual,Trail Register Tally_8_9_24_(1).xlsx,aggregated,0,0,aggregated_annual_from_monthly; source_records=12
Hardenburgh- MH Trail,2009-01-01,2009-12-31,2009,,169.375,annual,Trail Register Tally_8_9_24_(1).xlsx,aggregated,0,0,aggregated_annual_from_monthly; source_records=12
Hardenburgh- MH Trail,2011-01-01,2011-12-31,2011,,166.714288,annual,Trail Register Tally_8_9_24_(1).xlsx,aggregated,0,0,aggregated_annual_from_monthly; source_records=12
Hardenburgh- MH Trail,2012-01-01,2012-12-31,2012,,155.166666,annual,Trail Register Tally_8_9_24_(1).xlsx,aggregated,0,0,aggregated_annual_from_monthly; source_records=12
Hardenburgh- MH Trail,2013-01-01,2013-12-31,2013,,133.0,annual,Trail Register Tally_8_9_24_(1).xlsx,aggregated,0,0,aggregated_annual_from_monthly; source_records=12
Hardenburgh- MH Trail,2016-01-01,2016-12-31,2016,,145.0,annual,Trail Register Tally_8_9_24_(1).xlsx,aggregated,0,0,aggregated_annual_from_monthly; source_records=12
Hardenburgh- MH Trail,2017-01-01,2017-12-31,2017,,131.0,annual,Trail Register Tally_8_9_24_(1).xlsx,aggregated,0,0,aggregated_annual_from_monthly; source_records=12
Hardenburgh- MH Trail,2018-01-01,2018-12-31,2018,,93.0,annual,Trail Register Tally_8_9_24_(1).xlsx,aggregated,0,0,aggregated_annual_from_monthly; source_records=12
Hardenburgh- MH Trail,2019-01-01,2019-12-31,2019,,112.0,annual,Trail Register Tally_8_9_24_(1).xlsx,aggregated,0,0,aggregated_annual_from_monthly; source_records=12
Hardenburgh- MH Trail,2020-01-01,2020-12-31,2020,,169.0,annual,Trail Register Tally_8_9_24_(1).xlsx,aggregated,0,0,aggregated_annual_from_monthly; source_records=12
Hardenburgh- MH Trail,2021-01-01,2021-12-31,2021,,13.0,annual,Trail Register Tally_8_9_24_(1).xlsx,aggregated,0,0,aggregated_annual_from_monthly; source_records=1
Hardenburgh- MH Trail,2024-01-01,2024-12-31,2024,,21.0,annual,Trail Register Tally_8_9_24_(1).xlsx,aggregated,0,0,aggregated_annual_from_monthly; source_records=3
Hardenburgh- MH Trail,2025-01-01,2025-12-31,2025,,114.430556,annual,Trail Register Tally_8_9_24_(1).xlsx,aggregated,0,0,aggregated_annual_from_monthly; source_records=12
Hardenburgh- MH Trail,2026-01-01,2026-12-31,2026,,62.875,annual,Trail Register Tally_8_9_24_(1).xlsx,aggregated,0,0,aggregated_annual_from_monthly; source_records=7
Harding Road Trail,1996-01-01,1996-12-31,1996,,257.0,annual,Trail Register Database R4(1).xlsx,aggregated,0,0,aggregated_annual_from_monthly; source_records=7
Harding Road Trail,1997-01-01,1997-12-31,1997,,962.0,annual,Trail Register Database R4(1).xlsx,aggregated,0,0,aggregated_annual_from_monthly; source_records=12
Harding Road Trail,1998-01-01,1998-12-31,1998,,457.0,annual,Trail Register Database R4(1).xlsx,aggregated,0,0,aggregated_annual_from_monthly; source_records=11
Harding Road Trail,1999-01-01,1999-12-31,1999,,610.0,annual,Trail Register Database R4(1).xlsx,aggregated,0,0,aggregated_annual_from_monthly; source_records=12
Harding Road Trail,2000-01-01,2000-12-31,2000,,590.0,annual,Trail Register Database R4(1).xlsx,aggregated,0,0,aggregated_annual_from_monthly; source_records=12
Harding Road Trail,2004-01-01,2004-12-31,2004,,639.0,annual,Trail Register Database R4(1).xlsx,aggregated,0,0,aggregated_annual_from_monthly; source_records=10
Harding Road Trail,2005-01-01,2005-12-31,2005,,569.0,annual,Trail Register Database R4(1).xlsx,aggregated,0,0,aggregated_annual_from_monthly; source_records=11
Harding Road Trail,2006-01-01,2006-12-31,2006,,313.0,annual,Trail Register Database R4(1).xlsx,aggregated,0,0,aggregated_annual_from_monthly; source_records=6
Harding Road Trail,2007-01-01,2007-12-31,2007,,673.0,annual,Trail Register Database R4(1).xlsx,aggregated,0,0,aggregated_annual_from_monthly; source_records=12
Harding Road Trail,2008-01-01,2008-12-31,2008,,543.0,annual,Trail Register Database R4(1).xlsx,aggregated,0,0,aggregated_annual_from_monthly; source_records=12
Harding Road Trail,2009-01-01,2009-12-31,2009,,1396.0,annual,Trail Register Database R4(1).xlsx,aggregated,0,0,aggregated_annual_from_monthly; source_records=12
Harding Road Trail,2010-01-01,2010-12-31,2010,,1755.0,annual,Trail Register Database R4(1).xlsx,aggregated,0,0,aggregated_annual_from_monthly; source_records=12
Harding Road Trail,2011-01-01,2011-12-31,2011,,2067.0,annual,Trail Register Database R4(1).xlsx,aggregated,0,0,aggregated_annual_from_monthly; source_records=12
Harding Road Trail,2012-01-01,2012-12-31,2012,,1481.0,annual,Trail Register Database R4(1).xlsx,aggregated,0,0,aggregated_annual_from_monthly; source_records=8
Harding Road Trail,2013-01-01,2013-12-31,2013,,657.0,annual,Trail Register Database R4(1).xlsx,aggregated,0,0,aggregated_annual_from_monthly; source_records=4
Harding Road Trail,2014-01-01,2014-12-31,2014,,1659.0,annual,Trail Register Database R4(1).xlsx,aggregated,0,0,aggregated_annual_from_monthly; source_records=12
Harding Road Trail,2015-01-01,2015-12-31,2015,,1579.0,annual,Trail Register Database R4(1).xlsx,aggregated,0,0,aggregated_annual_from_monthly; source_records=12
Harding Road Trail,2016-01-01,2016-12-31,2016,,1492.0,annual,Trail Register Database R4(1).xlsx,aggregated,0,0,aggregated_annual_from_monthly; source_records=12
Harding Road Trail,2017-01-01,2017-12-31,2017,,1058.0,annual,Trail Register Database R4(1).xlsx,aggregated,0,0,aggregated_annual_from_monthly; source_records=12
Harding Road Trail,2018-01-01,2018-12-31,2018,,1097.0,annual,Trail Register Database R4(1).xlsx,aggregated,0,0,aggregated_annual_from_monthly; source_records=12
Harding Road Trail,2019-01-01,2019-12-31,2019,,1269.0,annual,Trail Register Database R4(1).xlsx,aggregated,0,0,aggregated_annual_from_monthly; source_records=12
Harding Road Trail,2020-01-01,2020-12-31,2020,,1467.0,annual,Trail Register Database R4(1).xlsx,aggregated,0,0,aggregated_annual_from_monthly; source_records=12
Harding Road Trail,2021-01-01,2021-12-31,2021,,822.0,annual,Trail Register Database R4(1).xlsx,aggregated,0,0,aggregated_annual_from_monthly; source_records=11
Harding Road Trail,2022-01-01,2022-12-31,2022,,946.0,annual,Trail Register Database R4(1).xlsx,aggregated,0,0,aggregated_annual_from_monthly; source_records=12
Harding Road Trail,2023-01-01,2023-12-31,2023,,949.0,annual,Trail Register Database R4(1).xlsx,aggregated,0,0,aggregated_annual_from_monthly; source_records=12
Hill Road (Huckleberry Loop N),1997-01-01,1997-12-31,1997,,137.0,annual,Trail Register Database R4(1).xlsx,aggregated,0,0,aggregated_annual_from_monthly; source_records=10
Hill Road (Huckleberry Loop N),1998-01-01,1998-12-31,1998,,256.0,annual,Trail Register Database R4(1).xlsx,aggregated,0,0,aggregated_annual_from_monthly; source_records=12
Hill Road (Huckleberry Loop N),1999-01-01,1999-12-31,1999,,239.0,annual,Trail Register Database R4(1).xlsx,aggregated,0,0,aggregated_annual_from_monthly; source_records=12
Hill Road (Huckleberry Loop N),2000-01-01,2000-12-31,2000,,206.0,annual,Trail Register Database R4(1).xlsx,aggregated,0,0,aggregated_annual_from_monthly; source_records=12
Hill Road (Huckleberry Loop N),2004-01-01,2004-12-31,2004,,267.0,annual,Trail Register Database R4(1).xlsx,aggregated,0,0,aggregated_annual_from_monthly; source_records=12
Hill Road (Huckleberry Loop N),2005-01-01,2005-12-31,2005,,247.0,annual,Trail Register Database R4(1).xlsx,aggregated,0,0,aggregated_annual_from_monthly; source_records=12
Hill Road (Huckleberry Loop N),2006-01-01,2006-12-31,2006,,330.0,annual,Trail Register Database R4(1).xlsx,aggregated,0,0,aggregated_annual_from_monthly; source_records=12
Hill Road (Huckleberry Loop N),2007-01-01,2007-12-31,2007,,301.0,annual,Trail Register Database R4(1).xlsx,aggregated,0,0,aggregated_annual_from_monthly; source_records=12
Hill Road (Huckleberry Loop N),2008-01-01,2008-12-31,2008,,308.0,annual,Trail Register Database R4(1).xlsx,aggregated,0,0,aggregated_annual_from_monthly; source_records=12
Hill Road (Huckleberry Loop N),2009-01-01,2009-12-31,2009,,281.0,annual,Trail Register Database R4(1).xlsx,aggregated,0,0,aggregated_annual_from_monthly; source_records=12
Hill Road (Huckleberry Loop N),2010-01-01,2010-12-31,2010,,294.0,annual,Trail Register Database R4(1).xlsx,aggregated,0,0,aggregated_annual_from_monthly; source_records=12
Hill Road (Huckleberry Loop N),2011-01-01,2011-12-31,2011,,316.0,annual,Trail Register Database R4(1).xlsx,aggregated,0,0,aggregated_annual_from_monthly; source_records=12
Hill Road (Huckleberry Loop N),2012-01-01,2012-12-31,2012,,206.0,annual,Trail Register Database R4(1).xlsx,aggregated,0,0,aggregated_annual_from_monthly; source_records=9
Hill Road (Huckleberry Loop N),2013-01-01,2013-12-31,2013,,176.0,annual,Trail Register Database R4(1).xlsx,aggregated,0,0,aggregated_annual_from_monthly; source_records=8
Hill Road (Huckleberry Loop N),2014-01-01,2014-12-31,2014,,287.0,annual,Trail Register Database R4(1).xlsx,aggregated,0,0,aggregated_annual_from_monthly; source_records=12
Hill Road (Huckleberry Loop N),2015-01-01,2015-12-31,2015,,343.0,annual,Trail Register Database R4(1).xlsx,aggregated,0,0,aggregated_annual_from_monthly; source_records=11
Hill Road (Huckleberry Loop N),2016-01-01,2016-12-31,2016,,343.0,annual,Trail Register Database R4(1).xlsx,aggregated,0,0,aggregated_annual_from_monthly; source_records=12
Hill Road (Huckleberry Loop N),2017-01-01,2017-12-31,2017,,312.0,annual,Trail Register Database R4(1).xlsx,aggregated,0,0,aggregated_annual_from_monthly; source_records=12
Hill Road (Huckleberry Loop N),2018-01-01,2018-12-31,2018,,371.0,annual,Trail Register Database R4(1).xlsx,aggregated,0,0,aggregated_annual_from_monthly; source_records=12
Hill Road (Huckleberry Loop N),2019-01-01,2019-12-31,2019,,225.0,annual,Trail Register Database R4(1).xlsx,aggregated,0,0,aggregated_annual_from_monthly; source_records=12
Hill Road (Huckleberry Loop N),2020-01-01,2020-12-31,2020,,295.0,annual,Trail Register Database R4(1).xlsx,aggregated,0,0,aggregated_annual_from_monthly; source_records=12
Hill Road (Huckleberry Loop N),2021-01-01,2021-12-31,2021,,221.0,annual,Trail Register Database R4(1).xlsx,aggregated,0,0,aggregated_annual_from_monthly; source_records=12
Hill Road (Huckleberry Loop N),2022-01-01,2022-12-31,2022,,187.0,annual,Trail Register Database R4(1).xlsx,aggregated,0,0,aggregated_annual_from_monthly; source_records=11
Hill Road (Huckleberry Loop N),2023-01-01,2023-12-31,2023,,283.0,annual,Trail Register Database R4(1).xlsx,aggregated,0,0,aggregated_annual_from_monthly; source_records=12
Hill Road (Huckleberry Loop N),2024-01-01,2024-12-31,2024,,273.0,annual,Trail Register Database R4(1).xlsx,aggregated,0,0,aggregated_annual_from_monthly; source_records=12
Hill Road (Huckleberry Loop N),2025-01-01,2025-12-31,2025,,215.0,annual,Trail Register Database R4(1).xlsx,aggregated,0,0,aggregated_annual_from_monthly; source_records=12
Hill Road (Huckleberry Loop N),2026-01-01,2026-12-31,2026,,9.0,annual,Trail Register Database R4(1).xlsx,aggregated,0,0,aggregated_annual_from_monthly; source_records=1
Holiday & Berry Brook Road,1997-01-01,1997-12-31,1997,,217.0,annual,Trail Register Database R4(1).xlsx,aggregated,0,0,aggregated_annual_from_monthly; source_records=12
Holiday & Berry Brook Road,1998-01-01,1998-12-31,1998,,197.0,annual,Trail Register Database R4(1).xlsx,aggregated,0,0,aggregated_annual_from_monthly; source_records=12
Holiday & Berry Brook Road,1999-01-01,1999-12-31,1999,,150.0,annual,Trail Register Database R4(1).xlsx,aggregated,0,0,aggregated_annual_from_monthly; source_records=10
Holiday & Berry Brook Road,2000-01-01,2000-12-31,2000,,216.0,annual,Trail Register Database R4(1).xlsx,aggregated,0,0,aggregated_annual_from_monthly; source_records=11
Holiday & Berry Brook Road,2004-01-01,2004-12-31,2004,,328.0,annual,Trail Register Database R4(1).xlsx,aggregated,0,0,aggregated_annual_from_monthly; source_records=12
Holiday & Berry Brook Road,2005-01-01,2005-12-31,2005,,285.0,annual,Trail Register Database R4(1).xlsx,aggregated,0,0,aggregated_annual_from_monthly; source_records=12
Holiday & Berry Brook Road,2006-01-01,2006-12-31,2006,,254.0,annual,Trail Register Database R4(1).xlsx,aggregated,0,0,aggregated_annual_from_monthly; source_records=12
Holiday & Berry Brook Road,2007-01-01,2007-12-31,2007,,191.0,annual,Trail Register Database R4(1).xlsx,aggregated,0,0,aggregated_annual_from_monthly; source_records=12
Holiday & Berry Brook Road,2008-01-01,2008-12-31,2008,,182.0,annual,Trail Register Database R4(1).xlsx,aggregated,0,0,aggregated_annual_from_monthly; source_records=12
Holiday & Berry Brook Road,2009-01-01,2009-12-31,2009,,414.0,annual,Trail Register Database R4(1).xlsx,aggregated,0,0,aggregated_annual_from_monthly; source_records=12
Holiday & Berry Brook Road,2010-01-01,2010-12-31,2010,,180.0,annual,Trail Register Database R4(1).xlsx,aggregated,0,0,aggregated_annual_from_monthly; source_records=12
Holiday & Berry Brook Road,2011-01-01,2011-12-31,2011,,197.0,annual,Trail Register Database R4(1).xlsx,aggregated,0,0,aggregated_annual_from_monthly; source_records=12
Holiday & Berry Brook Road,2012-01-01,2012-12-31,2012,,150.0,annual,Trail Register Database R4(1).xlsx,aggregated,0,0,aggregated_annual_from_monthly; source_records=9
Holiday & Berry Brook Road,2013-01-01,2013-12-31,2013,,154.0,annual,Trail Register Database R4(1).xlsx,aggregated,0,0,aggregated_annual_from_monthly; source_records=8
Holiday & Berry Brook Road,2014-01-01,2014-12-31,2014,,132.0,annual,Trail Register Database R4(1).xlsx,aggregated,0,0,aggregated_annual_from_monthly; source_records=12
Holiday & Berry Brook Road,2015-01-01,2015-12-31,2015,,225.0,annual,Trail Register Database R4(1).xlsx,aggregated,0,0,aggregated_annual_from_monthly; source_records=12
Holiday & Berry Brook Road,2016-01-01,2016-12-31,2016,,159.0,annual,Trail Register Database R4(1).xlsx,aggregated,0,0,aggregated_annual_from_monthly; source_records=12
Holiday & Berry Brook Road,2017-01-01,2017-12-31,2017,,198.0,annual,Trail Register Database R4(1).xlsx,aggregated,0,0,aggregated_annual_from_monthly; source_records=11
Holiday & Berry Brook Road,2018-01-01,2018-12-31,2018,,149.0,annual,Trail Register Database R4(1).xlsx,aggregated,0,0,aggregated_annual_from_monthly; source_records=11
Holiday & Berry Brook Road,2019-01-01,2019-12-31,2019,,183.0,annual,Trail Register Database R4(1).xlsx,aggregated,0,0,aggregated_annual_from_monthly; source_records=12
Holiday & Berry Brook Road,2020-01-01,2020-12-31,2020,,338.0,annual,Trail Register Database R4(1).xlsx,aggregated,0,0,aggregated_annual_from_monthly; source_records=12
Holiday & Berry Brook Road,2021-01-01,2021-12-31,2021,,456.0,annual,Trail Register Database R4(1).xlsx,aggregated,0,0,aggregated_annual_from_monthly; source_records=11
Holiday & Berry Brook Road,2022-01-01,2022-12-31,2022,,388.0,annual,Trail Register Database R4(1).xlsx,aggregated,0,0,aggregated_annual_from_monthly; source_records=12
Holiday & Berry Brook Road,2023-01-01,2023-12-31,2023,,289.0,annual,Trail Register Database R4(1).xlsx,aggregated,0,0,aggregated_annual_from_monthly; source_records=12
Holiday & Berry Brook Road,2024-01-01,2024-12-31,2024,,377.0,annual,Trail Register Database R4(1).xlsx,aggregated,0,0,aggregated_annual_from_monthly; source_records=12
Holiday & Berry Brook Road,2025-01-01,2025-12-31,2025,,315.0,annual,Trail Register Database R4(1).xlsx,aggregated,0,0,aggregated_annual_from_monthly; source_records=12
Huckleberry Loop Trail,2000-01-01,2000-12-31,2000,,112.0,annual,Trail Register Database R4(1).xlsx,aggregated,0,0,aggregated_annual_from_monthly; source_records=12
Huckleberry Loop Trail,2004-01-01,2004-12-31,2004,,141.0,annual,Trail Register Database R4(1).xlsx,aggregated,0,0,aggregated_annual_from_monthly; source_records=11
Huckleberry Loop Trail,2005-01-01,2005-12-31,2005,,142.0,annual,Trail Register Database R4(1).xlsx,aggregated,0,0,aggregated_annual_from_monthly; source_records=11
Huckleberry Loop Trail,2006-01-01,2006-12-31,2006,,113.0,annual,Trail Register Database R4(1).xlsx,aggregated,0,0,aggregated_annual_from_monthly; source_records=11
Huckleberry Loop Trail,2007-01-01,2007-12-31,2007,,136.0,annual,Trail Register Database R4(1).xlsx,aggregated,0,0,aggregated_annual_from_monthly; source_records=12
Huckleberry Loop Trail,2008-01-01,2008-12-31,2008,,96.0,annual,Trail Register Database R4(1).xlsx,aggregated,0,0,aggregated_annual_from_monthly; source_records=12
Huckleberry Loop Trail,2009-01-01,2009-12-31,2009,,193.0,annual,Trail Register Database R4(1).xlsx,aggregated,0,0,aggregated_annual_from_monthly; source_records=12
Huckleberry Loop Trail,2010-01-01,2010-12-31,2010,,114.0,annual,Trail Register Database R4(1).xlsx,aggregated,0,0,aggregated_annual_from_monthly; source_records=12
Huckleberry Loop Trail,2011-01-01,2011-12-31,2011,,80.0,annual,Trail Register Database R4(1).xlsx,aggregated,0,0,aggregated_annual_from_monthly; source_records=12
Huckleberry Loop Trail,2012-01-01,2012-12-31,2012,,84.0,annual,Trail Register Database R4(1).xlsx,aggregated,0,0,aggregated_annual_from_monthly; source_records=9
Huckleberry Loop Trail,2013-01-01,2013-12-31,2013,,92.0,annual,Trail Register Database R4(1).xlsx,aggregated,0,0,aggregated_annual_from_monthly; source_records=8
Huckleberry Loop Trail,2014-01-01,2014-12-31,2014,,116.0,annual,Trail Register Database R4(1).xlsx,aggregated,0,0,aggregated_annual_from_monthly; source_records=12
Huckleberry Loop Trail,2015-01-01,2015-12-31,2015,,109.0,annual,Trail Register Database R4(1).xlsx,aggregated,0,0,aggregated_annual_from_monthly; source_records=11
Huckleberry Loop Trail,2016-01-01,2016-12-31,2016,,44.0,annual,Trail Register Database R4(1).xlsx,aggregated,0,0,aggregated_annual_from_monthly; source_records=6
Huckleberry Loop Trail,2017-01-01,2017-12-31,2017,,114.0,annual,Trail Register Database R4(1).xlsx,aggregated,0,0,aggregated_annual_from_monthly; source_records=12
Huckleberry Loop Trail,2018-01-01,2018-12-31,2018,,99.0,annual,Trail Register Database R4(1).xlsx,aggregated,0,0,aggregated_annual_from_monthly; source_records=10
Huckleberry Loop Trail,2019-01-01,2019-12-31,2019,,134.0,annual,Trail Register Database R4(1).xlsx,aggregated,0,0,aggregated_annual_from_monthly; source_records=12
Huckleberry Loop Trail,2020-01-01,2020-12-31,2020,,203.0,annual,Trail Register Database R4(1).xlsx,aggregated,0,0,aggregated_annual_from_monthly; source_records=12
Huckleberry Loop Trail,2021-01-01,2021-12-31,2021,,154.0,annual,Trail Register Database R4(1).xlsx,aggregated,0,0,aggregated_annual_from_monthly; source_records=12
Huckleberry Loop Trail,2022-01-01,2022-12-31,2022,,138.0,annual,Trail Register Database R4(1).xlsx,aggregated,0,0,aggregated_annual_from_monthly; source_records=11
Huckleberry Loop Trail,2023-01-01,2023-12-31,2023,,195.0,annual,Trail Register Database R4(1).xlsx,aggregated,0,0,aggregated_annual_from_monthly; source_records=12
Huckleberry Loop Trail,2024-01-01,2024-12-31,2024,,135.0,annual,Trail Register Database R4(1).xlsx,aggregated,0,0,aggregated_annual_from_monthly; source_records=12
Huckleberry Loop Trail,2025-01-01,2025-12-31,2025,,180.0,annual,Trail Register Database R4(1).xlsx,aggregated,0,0,aggregated_annual_from_monthly; source_records=11
Huggins Lake Trail,1997-01-01,1997-12-31,1997,,205.0,annual,Trail Register Database R4(1).xlsx,aggregated,0,0,aggregated_annual_from_monthly; source_records=11
Huggins Lake Trail,1998-01-01,1998-12-31,1998,,282.0,annual,Trail Register Database R4(1).xlsx,aggregated,0,0,aggregated_annual_from_monthly; source_records=12
Huggins Lake Trail,1999-01-01,1999-12-31,1999,,256.0,annual,Trail Register Database R4(1).xlsx,aggregated,0,0,aggregated_annual_from_monthly; source_records=12
Huggins Lake Trail,2000-01-01,2000-12-31,2000,,231.0,annual,Trail Register Database R4(1).xlsx,aggregated,0,0,aggregated_annual_from_monthly; source_records=12
Huggins Lake Trail,2004-01-01,2004-12-31,2004,,280.0,annual,Trail Register Database R4(1).xlsx,aggregated,0,0,aggregated_annual_from_monthly; source_records=12
Huggins Lake Trail,2005-01-01,2005-12-31,2005,,262.0,annual,Trail Register Database R4(1).xlsx,aggregated,0,0,aggregated_annual_from_monthly; source_records=12
Huggins Lake Trail,2006-01-01,2006-12-31,2006,,309.0,annual,Trail Register Database R4(1).xlsx,aggregated,0,0,aggregated_annual_from_monthly; source_records=12
Huggins Lake Trail,2007-01-01,2007-12-31,2007,,197.0,annual,Trail Register Database R4(1).xlsx,aggregated,0,0,aggregated_annual_from_monthly; source_records=12
Huggins Lake Trail,2008-01-01,2008-12-31,2008,,136.0,annual,Trail Register Database R4(1).xlsx,aggregated,0,0,aggregated_annual_from_monthly; source_records=11
Huggins Lake Trail,2009-01-01,2009-12-31,2009,,197.0,annual,Trail Register Database R4(1).xlsx,aggregated,0,0,aggregated_annual_from_monthly; source_records=12
Huggins Lake Trail,2010-01-01,2010-12-31,2010,,133.0,annual,Trail Register Database R4(1).xlsx,aggregated,0,0,aggregated_annual_from_monthly; source_records=11
Huggins Lake Trail,2011-01-01,2011-12-31,2011,,177.0,annual,Trail Register Database R4(1).xlsx,aggregated,0,0,aggregated_annual_from_monthly; source_records=12
Huggins Lake Trail,2012-01-01,2012-12-31,2012,,236.0,annual,Trail Register Database R4(1).xlsx,aggregated,0,0,aggregated_annual_from_monthly; source_records=8
Huggins Lake Trail,2013-01-01,2013-12-31,2013,,207.0,annual,Trail Register Database R4(1).xlsx,aggregated,0,0,aggregated_annual_from_monthly; source_records=8
Huggins Lake Trail,2014-01-01,2014-12-31,2014,,288.0,annual,Trail Register Database R4(1).xlsx,aggregated,0,0,aggregated_annual_from_monthly; source_records=12
Huggins Lake Trail,2015-01-01,2015-12-31,2015,,350.0,annual,Trail Register Database R4(1).xlsx,aggregated,0,0,aggregated_annual_from_monthly; source_records=12
Huggins Lake Trail,2016-01-01,2016-12-31,2016,,367.0,annual,Trail Register Database R4(1).xlsx,aggregated,0,0,aggregated_annual_from_monthly; source_records=12
Huggins Lake Trail,2017-01-01,2017-12-31,2017,,416.0,annual,Trail Register Database R4(1).xlsx,aggregated,0,0,aggregated_annual_from_monthly; source_records=12
Huggins Lake Trail,2018-01-01,2018-12-31,2018,,346.0,annual,Trail Register Database R4(1).xlsx,aggregated,0,0,aggregated_annual_from_monthly; source_records=12
Huggins Lake Trail,2019-01-01,2019-12-31,2019,,322.0,annual,Trail Register Database R4(1).xlsx,aggregated,0,0,aggregated_annual_from_monthly; source_records=12
Huggins Lake Trail,2020-01-01,2020-12-31,2020,,515.0,annual,Trail Register Database R4(1).xlsx,aggregated,0,0,aggregated_annual_from_monthly; source_records=12
Huggins Lake Trail,2021-01-01,2021-12-31,2021,,445.0,annual,Trail Register Database R4(1).xlsx,aggregated,0,0,aggregated_annual_from_monthly; source_records=12
Huggins Lake Trail,2022-01-01,2022-12-31,2022,,358.0,annual,Trail Register Database R4(1).xlsx,aggregated,0,0,aggregated_annual_from_monthly; source_records=12
Huggins Lake Trail,2023-01-01,2023-12-31,2023,,424.0,annual,Trail Register Database R4(1).xlsx,aggregated,0,0,aggregated_annual_from_monthly; source_records=12
Huggins Lake Trail,2024-01-01,2024-12-31,2024,,338.0,annual,Trail Register Database R4(1).xlsx,aggregated,0,0,aggregated_annual_from_monthly; source_records=12
Huggins Lake Trail,2025-01-01,2025-12-31,2025,,245.0,annual,Trail Register Database R4(1).xlsx,aggregated,0,0,aggregated_annual_from_monthly; source_records=12
Kaaterskill Falls,1999-01-01,1999-12-31,1999,,2191.0,annual,Trail Register Database R4(1).xlsx,aggregated,0,0,aggregated_annual_from_monthly; source_records=4
Kaaterskill Falls,2000-01-01,2000-12-31,2000,,11148.0,annual,Trail Register Database R4(1).xlsx,aggregated,0,0,aggregated_annual_from_monthly; source_records=12
Kaaterskill Falls,2004-01-01,2004-12-31,2004,,12445.0,annual,Trail Register Database R4(1).xlsx,aggregated,0,0,aggregated_annual_from_monthly; source_records=12
Kaaterskill Falls,2005-01-01,2005-12-31,2005,,11481.0,annual,Trail Register Database R4(1).xlsx,aggregated,0,0,aggregated_annual_from_monthly; source_records=10
Kaaterskill Falls,2006-01-01,2006-12-31,2006,,2222.0,annual,Trail Register Database R4(1).xlsx,aggregated,0,0,aggregated_annual_from_monthly; source_records=7
Kaaterskill Falls,2007-01-01,2007-12-31,2007,,11895.0,annual,Trail Register Database R4(1).xlsx,aggregated,0,0,aggregated_annual_from_monthly; source_records=12
Kaaterskill Falls,2008-01-01,2008-12-31,2008,,12023.0,annual,Trail Register Database R4(1).xlsx,aggregated,0,0,aggregated_annual_from_monthly; source_records=12
Kaaterskill Falls,2009-01-01,2009-12-31,2009,,12696.0,annual,Trail Register Database R4(1).xlsx,aggregated,0,0,aggregated_annual_from_monthly; source_records=12
Kaaterskill Falls,2010-01-01,2010-12-31,2010,,13240.0,annual,Trail Register Database R4(1).xlsx,aggregated,0,0,aggregated_annual_from_monthly; source_records=12
Kaaterskill Falls,2011-01-01,2011-12-31,2011,,9964.0,annual,Trail Register Database R4(1).xlsx,aggregated,0,0,aggregated_annual_from_monthly; source_records=12
Kaaterskill Falls,2012-01-01,2012-12-31,2012,,8173.0,annual,Trail Register Database R4(1).xlsx,aggregated,0,0,aggregated_annual_from_monthly; source_records=9
Kaaterskill Falls,2013-01-01,2013-12-31,2013,,5768.0,annual,Trail Register Database R4(1).xlsx,aggregated,0,0,aggregated_annual_from_monthly; source_records=4
Kaaterskill Falls,2014-01-01,2014-12-31,2014,,15504.0,annual,Trail Register Database R4(1).xlsx,aggregated,0,0,aggregated_annual_from_monthly; source_records=12
Kaaterskill Falls,2015-01-01,2015-12-31,2015,,16725.0,annual,Trail Register Database R4(1).xlsx,aggregated,0,0,aggregated_annual_from_monthly; source_records=12
Kaaterskill Falls,2016-01-01,2016-12-31,2016,,18576.0,annual,Trail Register Database R4(1).xlsx,aggregated,0,0,aggregated_annual_from_monthly; source_records=12
Kaaterskill Falls,2017-01-01,2017-12-31,2017,,17708.0,annual,Trail Register Database R4(1).xlsx,aggregated,0,0,aggregated_annual_from_monthly; source_records=12
Kaaterskill Falls,2018-01-01,2018-12-31,2018,,14976.0,annual,Trail Register Database R4(1).xlsx,aggregated,0,0,aggregated_annual_from_monthly; source_records=12
Kaaterskill Falls,2019-01-01,2019-12-31,2019,,13348.0,annual,Trail Register Database R4(1).xlsx,aggregated,0,0,aggregated_annual_from_monthly; source_records=12
Kaaterskill Falls,2020-01-01,2020-12-31,2020,,1941.0,annual,Trail Register Database R4(1).xlsx,aggregated,0,0,aggregated_annual_from_monthly; source_records=7
Kaaterskill High Peak,2020-01-01,2020-12-31,2020,,1356.0,annual,Canister sign in charts R3 and R4 2025.xlsx,Sheet1,254,2,observed_annual_from_canister_location_block | duplicate_agreement_collapsed; considered: Canister sign in charts R3 and R4 2025.xlsx; 2008-2025 Total Canister Sign-In.xlsx
Kaaterskill High Peak,2021-01-01,2021-12-31,2021,,1547.0,annual,Canister sign in charts R3 and R4 2025.xlsx,Sheet1,255,2,observed_annual_from_canister_location_block | duplicate_agreement_collapsed; considered: Canister sign in charts R3 and R4 2025.xlsx; 2008-2025 Total Canister Sign-In.xlsx
Kaaterskill High Peak,2022-01-01,2022-12-31,2022,,1291.0,annual,Canister sign in charts R3 and R4 2025.xlsx,Sheet1,256,2,observed_annual_from_canister_location_block | duplicate_agreement_collapsed; considered: Canister sign in charts R3 and R4 2025.xlsx; 2008-2025 Total Canister Sign-In.xlsx
Kaaterskill High Peak,2023-01-01,2023-12-31,2023,,1343.0,annual,Canister sign in charts R3 and R4 2025.xlsx,Sheet1,257,2,observed_annual_from_canister_location_block | duplicate_agreement_collapsed; considered: Canister sign in charts R3 and R4 2025.xlsx; 2008-2025 Total Canister Sign-In.xlsx
Kaaterskill High Peak,2024-01-01,2024-12-31,2024,,1176.0,annual,Canister sign in charts R3 and R4 2025.xlsx,Sheet1,258,2,observed_annual_from_canister_location_block | duplicate_agreement_collapsed; considered: Canister sign in charts R3 and R4 2025.xlsx; 2008-2025 Total Canister Sign-In.xlsx
Kanape Brook,2025-01-01,2025-12-31,2025,,916.75,annual,TRAFx+Master+Summary+(2021-2026) 4_22_26.xlsx,aggregated,0,0,aggregated_annual_from_monthly; source_records=4
Kanape Brook,2026-01-01,2026-12-31,2026,,370.0,annual,TRAFx+Master+Summary+(2021-2026) 4_22_26.xlsx,aggregated,0,0,aggregated_annual_from_monthly; source_records=3
Kelly Hollow,1991-01-01,1991-12-31,1991,,242.0,annual,Trail Register Tally_8_9_24_(1).xlsx,aggregated,0,0,aggregated_annual_from_monthly; source_records=12
Kelly Hollow,1992-01-01,1992-12-31,1992,,275.0,annual,Trail Register Tally_8_9_24_(1).xlsx,aggregated,0,0,aggregated_annual_from_monthly; source_records=12
Kelly Hollow,1993-01-01,1993-12-31,1993,,223.0,annual,Trail Register Tally_8_9_24_(1).xlsx,aggregated,0,0,aggregated_annual_from_monthly; source_records=12
Kelly Hollow,1994-01-01,1994-12-31,1994,,327.0,annual,Trail Register Tally_8_9_24_(1).xlsx,aggregated,0,0,aggregated_annual_from_monthly; source_records=12
Kelly Hollow,1995-01-01,1995-12-31,1995,,345.0,annual,Trail Register Tally_8_9_24_(1).xlsx,aggregated,0,0,aggregated_annual_from_monthly; source_records=12
Kelly Hollow,1996-01-01,1996-12-31,1996,,290.0,annual,Trail Register Tally_8_9_24_(1).xlsx,aggregated,0,0,aggregated_annual_from_monthly; source_records=12
Kelly Hollow,1997-01-01,1997-12-31,1997,,428.0,annual,Trail Register Tally_8_9_24_(1).xlsx,aggregated,0,0,aggregated_annual_from_monthly; source_records=12
Kelly Hollow,1998-01-01,1998-12-31,1998,,393.0,annual,Trail Register Tally_8_9_24_(1).xlsx,aggregated,0,0,aggregated_annual_from_monthly; source_records=12
Kelly Hollow,1999-01-01,1999-12-31,1999,,379.0,annual,Trail Register Tally_8_9_24_(1).xlsx,aggregated,0,0,aggregated_annual_from_monthly; source_records=12
Kelly Hollow,2008-01-01,2008-12-31,2008,,525.555556,annual,Trail Register Tally_8_9_24_(1).xlsx,aggregated,0,0,aggregated_annual_from_monthly; source_records=12
Kelly Hollow,2009-01-01,2009-12-31,2009,,543.875,annual,Trail Register Tally_8_9_24_(1).xlsx,aggregated,0,0,aggregated_annual_from_monthly; source_records=12
Kelly Hollow,2011-01-01,2011-12-31,2011,,625.142858,annual,Trail Register Tally_8_9_24_(1).xlsx,aggregated,0,0,aggregated_annual_from_monthly; source_records=12
Kelly Hollow,2016-01-01,2016-12-31,2016,,952.0,annual,Trail Register Tally_8_9_24_(1).xlsx,aggregated,0,0,aggregated_annual_from_monthly; source_records=12
Kelly Hollow,2017-01-01,2017-12-31,2017,,901.0,annual,Trail Register Tally_8_9_24_(1).xlsx,aggregated,0,0,aggregated_annual_from_monthly; source_records=12
Kelly Hollow,2018-01-01,2018-12-31,2018,,974.0,annual,Trail Register Tally_8_9_24_(1).xlsx,aggregated,0,0,aggregated_annual_from_monthly; source_records=12
Kelly Hollow,2019-01-01,2019-12-31,2019,,1229.0,annual,Trail Register Tally_8_9_24_(1).xlsx,aggregated,0,0,aggregated_annual_from_monthly; source_records=12
Kelly Hollow,2020-01-01,2020-12-31,2020,,2014.0,annual,Trail Register Tally_8_9_24_(1).xlsx,aggregated,0,0,aggregated_annual_from_monthly; source_records=12
Kelly Hollow,2024-01-01,2024-12-31,2024,,332.333333,annual,Trail Register Tally_8_9_24_(1).xlsx,aggregated,0,0,aggregated_annual_from_monthly; source_records=3
Kelly Hollow,2025-01-01,2025-12-31,2025,,1605.319446,annual,Trail Register Tally_8_9_24_(1).xlsx,aggregated,0,0,aggregated_annual_from_monthly; source_records=12
Kelly Hollow,2026-01-01,2026-12-31,2026,,906.375,annual,Trail Register Tally_8_9_24_(1).xlsx,aggregated,0,0,aggregated_annual_from_monthly; source_records=7
Lane Street,2014-01-01,2014-12-31,2014,,776.0,annual,Trail Register Tally_8_9_24_(1).xlsx,aggregated,0,0,aggregated_annual_from_monthly; source_records=7
Lane Street,2015-01-01,2015-12-31,2015,,169.0,annual,Trail Register Tally_8_9_24_(1).xlsx,aggregated,0,0,aggregated_annual_from_monthly; source_records=5
Lane Street,2016-01-01,2016-12-31,2016,,760.0,annual,Trail Register Tally_8_9_24_(1).xlsx,aggregated,0,0,aggregated_annual_from_monthly; source_records=12
Lane Street,2017-01-01,2017-12-31,2017,,591.0,annual,Trail Register Tally_8_9_24_(1).xlsx,aggregated,0,0,aggregated_annual_from_monthly; source_records=12
Lane Street,2018-01-01,2018-12-31,2018,,563.0,annual,Trail Register Tally_8_9_24_(1).xlsx,aggregated,0,0,aggregated_annual_from_monthly; source_records=12
Lane Street,2019-01-01,2019-12-31,2019,,623.0,annual,Trail Register Tally_8_9_24_(1).xlsx,aggregated,0,0,aggregated_annual_from_monthly; source_records=12
Lane Street,2020-01-01,2020-12-31,2020,,788.0,annual,Trail Register Tally_8_9_24_(1).xlsx,aggregated,0,0,aggregated_annual_from_monthly; source_records=12
Lane Street,2022-01-01,2022-12-31,2022,,21.428571,annual,Trail Register Tally_8_9_24_(1).xlsx,aggregated,0,0,aggregated_annual_from_monthly; source_records=1
Lane Street,2024-01-01,2024-12-31,2024,,150.333334,annual,Trail Register Tally_8_9_24_(1).xlsx,aggregated,0,0,aggregated_annual_from_monthly; source_records=3
Lane Street,2025-01-01,2025-12-31,2025,,623.819444,annual,Trail Register Tally_8_9_24_(1).xlsx,aggregated,0,0,aggregated_annual_from_monthly; source_records=12
Lane Street,2026-01-01,2026-12-31,2026,,322.035714,annual,Trail Register Tally_8_9_24_(1).xlsx,aggregated,0,0,aggregated_annual_from_monthly; source_records=7
Layman's Monument,1996-01-01,1996-12-31,1996,,1200.0,annual,Trail Register Database R4(1).xlsx,aggregated,0,0,aggregated_annual_from_monthly; source_records=8
Layman's Monument,1997-01-01,1997-12-31,1997,,1963.0,annual,Trail Register Database R4(1).xlsx,aggregated,0,0,aggregated_annual_from_monthly; source_records=11
Layman's Monument,1998-01-01,1998-12-31,1998,,2140.0,annual,Trail Register Database R4(1).xlsx,aggregated,0,0,aggregated_annual_from_monthly; source_records=11
Layman's Monument,1999-01-01,1999-12-31,1999,,1799.0,annual,Trail Register Database R4(1).xlsx,aggregated,0,0,aggregated_annual_from_monthly; source_records=12
Layman's Monument,2000-01-01,2000-12-31,2000,,2008.0,annual,Trail Register Database R4(1).xlsx,aggregated,0,0,aggregated_annual_from_monthly; source_records=12
Layman's Monument,2004-01-01,2004-12-31,2004,,1891.0,annual,Trail Register Database R4(1).xlsx,aggregated,0,0,aggregated_annual_from_monthly; source_records=12
Layman's Monument,2005-01-01,2005-12-31,2005,,1309.0,annual,Trail Register Database R4(1).xlsx,aggregated,0,0,aggregated_annual_from_monthly; source_records=12
Layman's Monument,2006-01-01,2006-12-31,2006,,1843.0,annual,Trail Register Database R4(1).xlsx,aggregated,0,0,aggregated_annual_from_monthly; source_records=12
Layman's Monument,2007-01-01,2007-12-31,2007,,1410.0,annual,Trail Register Database R4(1).xlsx,aggregated,0,0,aggregated_annual_from_monthly; source_records=12
Layman's Monument,2008-01-01,2008-12-31,2008,,2093.0,annual,Trail Register Database R4(1).xlsx,aggregated,0,0,aggregated_annual_from_monthly; source_records=12
Layman's Monument,2009-01-01,2009-12-31,2009,,2043.0,annual,Trail Register Database R4(1).xlsx,aggregated,0,0,aggregated_annual_from_monthly; source_records=12
Layman's Monument,2010-01-01,2010-12-31,2010,,1709.0,annual,Trail Register Database R4(1).xlsx,aggregated,0,0,aggregated_annual_from_monthly; source_records=12
Layman's Monument,2011-01-01,2011-12-31,2011,,1970.0,annual,Trail Register Database R4(1).xlsx,aggregated,0,0,aggregated_annual_from_monthly; source_records=12
Layman's Monument,2012-01-01,2012-12-31,2012,,1794.0,annual,Trail Register Database R4(1).xlsx,aggregated,0,0,aggregated_annual_from_monthly; source_records=9
Layman's Monument,2013-01-01,2013-12-31,2013,,1288.0,annual,Trail Register Database R4(1).xlsx,aggregated,0,0,aggregated_annual_from_monthly; source_records=5
Layman's Monument,2014-01-01,2014-12-31,2014,,2501.0,annual,Trail Register Database R4(1).xlsx,aggregated,0,0,aggregated_annual_from_monthly; source_records=12
Layman's Monument,2015-01-01,2015-12-31,2015,,2147.0,annual,Trail Register Database R4(1).xlsx,aggregated,0,0,aggregated_annual_from_monthly; source_records=12
Layman's Monument,2016-01-01,2016-12-31,2016,,3555.0,annual,Trail Register Database R4(1).xlsx,aggregated,0,0,aggregated_annual_from_monthly; source_records=12
Layman's Monument,2017-01-01,2017-12-31,2017,,3273.0,annual,Trail Register Database R4(1).xlsx,aggregated,0,0,aggregated_annual_from_monthly; source_records=12
Layman's Monument,2018-01-01,2018-12-31,2018,,2840.0,annual,Trail Register Database R4(1).xlsx,aggregated,0,0,aggregated_annual_from_monthly; source_records=12
Little Pond Campground,1997-01-01,1997-12-31,1997,,380.0,annual,Trail Register Database R4(1).xlsx,aggregated,0,0,aggregated_annual_from_monthly; source_records=8
Little Pond Campground,1998-01-01,1998-12-31,1998,,725.0,annual,Trail Register Database R4(1).xlsx,aggregated,0,0,aggregated_annual_from_monthly; source_records=12
Little Pond Campground,1999-01-01,1999-12-31,1999,,654.0,annual,Trail Register Database R4(1).xlsx,aggregated,0,0,aggregated_annual_from_monthly; source_records=12
Little Pond Campground,2000-01-01,2000-12-31,2000,,478.0,annual,Trail Register Database R4(1).xlsx,aggregated,0,0,aggregated_annual_from_monthly; source_records=12
Little Pond Campground,2004-01-01,2004-12-31,2004,,683.0,annual,Trail Register Database R4(1).xlsx,aggregated,0,0,aggregated_annual_from_monthly; source_records=12
Little Pond Campground,2005-01-01,2005-12-31,2005,,529.0,annual,Trail Register Database R4(1).xlsx,aggregated,0,0,aggregated_annual_from_monthly; source_records=12
Little Pond Campground,2006-01-01,2006-12-31,2006,,492.0,annual,Trail Register Database R4(1).xlsx,aggregated,0,0,aggregated_annual_from_monthly; source_records=11
Little Pond Campground,2007-01-01,2007-12-31,2007,,641.0,annual,Trail Register Database R4(1).xlsx,aggregated,0,0,aggregated_annual_from_monthly; source_records=12
Little Pond Campground,2008-01-01,2008-12-31,2008,,570.0,annual,Trail Register Database R4(1).xlsx,aggregated,0,0,aggregated_annual_from_monthly; source_records=11
Little Pond Campground,2009-01-01,2009-12-31,2009,,383.0,annual,Trail Register Database R4(1).xlsx,aggregated,0,0,aggregated_annual_from_monthly; source_records=12
Little Pond Campground,2010-01-01,2010-12-31,2010,,615.0,annual,Trail Register Database R4(1).xlsx,aggregated,0,0,aggregated_annual_from_monthly; source_records=12
Little Pond Campground,2011-01-01,2011-12-31,2011,,584.0,annual,Trail Register Database R4(1).xlsx,aggregated,0,0,aggregated_annual_from_monthly; source_records=12
Little Pond Campground,2012-01-01,2012-12-31,2012,,499.0,annual,Trail Register Database R4(1).xlsx,aggregated,0,0,aggregated_annual_from_monthly; source_records=9
Little Pond Campground,2013-01-01,2013-12-31,2013,,602.0,annual,Trail Register Database R4(1).xlsx,aggregated,0,0,aggregated_annual_from_monthly; source_records=8
Little Pond Campground,2014-01-01,2014-12-31,2014,,758.0,annual,Trail Register Database R4(1).xlsx,aggregated,0,0,aggregated_annual_from_monthly; source_records=12
Little Pond Campground,2015-01-01,2015-12-31,2015,,674.0,annual,Trail Register Database R4(1).xlsx,aggregated,0,0,aggregated_annual_from_monthly; source_records=12
Little Pond Campground,2016-01-01,2016-12-31,2016,,539.0,annual,Trail Register Database R4(1).xlsx,aggregated,0,0,aggregated_annual_from_monthly; source_records=12
Little Pond Campground,2017-01-01,2017-12-31,2017,,599.0,annual,Trail Register Database R4(1).xlsx,aggregated,0,0,aggregated_annual_from_monthly; source_records=11
Little Pond Campground,2018-01-01,2018-12-31,2018,,488.0,annual,Trail Register Database R4(1).xlsx,aggregated,0,0,aggregated_annual_from_monthly; source_records=11
Little Pond Campground,2019-01-01,2019-12-31,2019,,736.0,annual,Trail Register Database R4(1).xlsx,aggregated,0,0,aggregated_annual_from_monthly; source_records=12
Little Pond Campground,2020-01-01,2020-12-31,2020,,943.0,annual,Trail Register Database R4(1).xlsx,aggregated,0,0,aggregated_annual_from_monthly; source_records=12
Little Pond Campground,2021-01-01,2021-12-31,2021,,691.0,annual,Trail Register Database R4(1).xlsx,aggregated,0,0,aggregated_annual_from_monthly; source_records=12
Little Pond Campground,2022-01-01,2022-12-31,2022,,953.0,annual,Trail Register Database R4(1).xlsx,aggregated,0,0,aggregated_annual_from_monthly; source_records=11
Little Pond Campground,2023-01-01,2023-12-31,2023,,561.0,annual,Trail Register Database R4(1).xlsx,aggregated,0,0,aggregated_annual_from_monthly; source_records=12
Little Pond Campground,2024-01-01,2024-12-31,2024,,420.0,annual,Trail Register Database R4(1).xlsx,aggregated,0,0,aggregated_annual_from_monthly; source_records=12
Little Pond Campground,2025-01-01,2025-12-31,2025,,686.0,annual,Trail Register Database R4(1).xlsx,aggregated,0,0,aggregated_annual_from_monthly; source_records=11
Little Pond Loop,1997-01-01,1997-12-31,1997,,511.0,annual,Trail Register Database R4(1).xlsx,aggregated,0,0,aggregated_annual_from_monthly; source_records=4
Little Pond Loop,1998-01-01,1998-12-31,1998,,813.0,annual,Trail Register Database R4(1).xlsx,aggregated,0,0,aggregated_annual_from_monthly; source_records=8
Little Pond Loop,1999-01-01,1999-12-31,1999,,798.0,annual,Trail Register Database R4(1).xlsx,aggregated,0,0,aggregated_annual_from_monthly; source_records=12
Little Pond Loop,2000-01-01,2000-12-31,2000,,684.0,annual,Trail Register Database R4(1).xlsx,aggregated,0,0,aggregated_annual_from_monthly; source_records=12
Little Pond Loop,2004-01-01,2004-12-31,2004,,796.0,annual,Trail Register Database R4(1).xlsx,aggregated,0,0,aggregated_annual_from_monthly; source_records=12
Little Pond Loop,2005-01-01,2005-12-31,2005,,722.0,annual,Trail Register Database R4(1).xlsx,aggregated,0,0,aggregated_annual_from_monthly; source_records=11
Little Pond Loop,2006-01-01,2006-12-31,2006,,770.0,annual,Trail Register Database R4(1).xlsx,aggregated,0,0,aggregated_annual_from_monthly; source_records=11
Little Pond Loop,2007-01-01,2007-12-31,2007,,752.0,annual,Trail Register Database R4(1).xlsx,aggregated,0,0,aggregated_annual_from_monthly; source_records=12
Little Pond Loop,2008-01-01,2008-12-31,2008,,883.0,annual,Trail Register Database R4(1).xlsx,aggregated,0,0,aggregated_annual_from_monthly; source_records=9
Little Pond Loop,2009-01-01,2009-12-31,2009,,676.0,annual,Trail Register Database R4(1).xlsx,aggregated,0,0,aggregated_annual_from_monthly; source_records=12
Little Pond Loop,2010-01-01,2010-12-31,2010,,1158.0,annual,Trail Register Database R4(1).xlsx,aggregated,0,0,aggregated_annual_from_monthly; source_records=12
Little Pond Loop,2011-01-01,2011-12-31,2011,,766.0,annual,Trail Register Database R4(1).xlsx,aggregated,0,0,aggregated_annual_from_monthly; source_records=12
Little Pond Loop,2012-01-01,2012-12-31,2012,,818.0,annual,Trail Register Database R4(1).xlsx,aggregated,0,0,aggregated_annual_from_monthly; source_records=9
Little Pond Loop,2013-01-01,2013-12-31,2013,,900.0,annual,Trail Register Database R4(1).xlsx,aggregated,0,0,aggregated_annual_from_monthly; source_records=8
Little Pond Loop,2014-01-01,2014-12-31,2014,,1183.0,annual,Trail Register Database R4(1).xlsx,aggregated,0,0,aggregated_annual_from_monthly; source_records=12
Little Pond Loop,2015-01-01,2015-12-31,2015,,975.0,annual,Trail Register Database R4(1).xlsx,aggregated,0,0,aggregated_annual_from_monthly; source_records=12
Little Pond Loop,2016-01-01,2016-12-31,2016,,878.0,annual,Trail Register Database R4(1).xlsx,aggregated,0,0,aggregated_annual_from_monthly; source_records=12
Little Pond Loop,2017-01-01,2017-12-31,2017,,2861.0,annual,Trail Register Database R4(1).xlsx,aggregated,0,0,aggregated_annual_from_monthly; source_records=11
Little Pond Loop,2018-01-01,2018-12-31,2018,,666.0,annual,Trail Register Database R4(1).xlsx,aggregated,0,0,aggregated_annual_from_monthly; source_records=8
Little Pond Loop,2019-01-01,2019-12-31,2019,,975.0,annual,Trail Register Database R4(1).xlsx,aggregated,0,0,aggregated_annual_from_monthly; source_records=12
Little Pond Loop,2020-01-01,2020-12-31,2020,,943.0,annual,Trail Register Database R4(1).xlsx,aggregated,0,0,aggregated_annual_from_monthly; source_records=12
Little Pond Loop,2021-01-01,2021-12-31,2021,,845.0,annual,Trail Register Database R4(1).xlsx,aggregated,0,0,aggregated_annual_from_monthly; source_records=12
Little Pond Loop,2022-01-01,2022-12-31,2022,,829.0,annual,Trail Register Database R4(1).xlsx,aggregated,0,0,aggregated_annual_from_monthly; source_records=12
Little Pond Loop,2023-01-01,2023-12-31,2023,,690.0,annual,Trail Register Database R4(1).xlsx,aggregated,0,0,aggregated_annual_from_monthly; source_records=12
Little Pond Loop,2024-01-01,2024-12-31,2024,,716.0,annual,Trail Register Database R4(1).xlsx,aggregated,0,0,aggregated_annual_from_monthly; source_records=12
Little Pond Loop,2025-01-01,2025-12-31,2025,,742.0,annual,Trail Register Database R4(1).xlsx,aggregated,0,0,aggregated_annual_from_monthly; source_records=11
Lone,2008-01-01,2008-12-31,2008,,172.0,annual,Canister sign in charts R3 and R4 2025.xlsx,Sheet1,49,2,observed_annual_from_canister_location_block | duplicate_agreement_collapsed; considered: Canister sign in charts R3 and R4 2025.xlsx; 2008-2025 Total Canister Sign-In.xlsx
Lone,2009-01-01,2009-12-31,2009,,248.0,annual,Canister sign in charts R3 and R4 2025.xlsx,Sheet1,50,2,observed_annual_from_canister_location_block | duplicate_agreement_collapsed; considered: Canister sign in charts R3 and R4 2025.xlsx; 2008-2025 Total Canister Sign-In.xlsx
Lone,2010-01-01,2010-12-31,2010,,260.0,annual,Canister sign in charts R3 and R4 2025.xlsx,Sheet1,51,2,observed_annual_from_canister_location_block | duplicate_agreement_collapsed; considered: Canister sign in charts R3 and R4 2025.xlsx; 2008-2025 Total Canister Sign-In.xlsx
Lone,2011-01-01,2011-12-31,2011,,230.0,annual,Canister sign in charts R3 and R4 2025.xlsx,Sheet1,52,2,observed_annual_from_canister_location_block | duplicate_agreement_collapsed; considered: Canister sign in charts R3 and R4 2025.xlsx; 2008-2025 Total Canister Sign-In.xlsx
Lone,2012-01-01,2012-12-31,2012,,459.0,annual,Canister sign in charts R3 and R4 2025.xlsx,Sheet1,53,2,observed_annual_from_canister_location_block | duplicate_agreement_collapsed; considered: Canister sign in charts R3 and R4 2025.xlsx; 2008-2025 Total Canister Sign-In.xlsx
Lone,2013-01-01,2013-12-31,2013,,383.0,annual,Canister sign in charts R3 and R4 2025.xlsx,Sheet1,54,2,observed_annual_from_canister_location_block | duplicate_agreement_collapsed; considered: Canister sign in charts R3 and R4 2025.xlsx; 2008-2025 Total Canister Sign-In.xlsx
Lone,2014-01-01,2014-12-31,2014,,462.0,annual,Canister sign in charts R3 and R4 2025.xlsx,Sheet1,55,2,observed_annual_from_canister_location_block | duplicate_agreement_collapsed; considered: Canister sign in charts R3 and R4 2025.xlsx; 2008-2025 Total Canister Sign-In.xlsx
Lone,2015-01-01,2015-12-31,2015,,496.0,annual,Canister sign in charts R3 and R4 2025.xlsx,Sheet1,56,2,observed_annual_from_canister_location_block | duplicate_agreement_collapsed; considered: Canister sign in charts R3 and R4 2025.xlsx; 2008-2025 Total Canister Sign-In.xlsx
Lone,2016-01-01,2016-12-31,2016,,716.0,annual,Canister sign in charts R3 and R4 2025.xlsx,Sheet1,57,2,observed_annual_from_canister_location_block | duplicate_agreement_collapsed; considered: Canister sign in charts R3 and R4 2025.xlsx; 2008-2025 Total Canister Sign-In.xlsx
Lone,2017-01-01,2017-12-31,2017,,614.0,annual,Canister sign in charts R3 and R4 2025.xlsx,Sheet1,58,2,observed_annual_from_canister_location_block | duplicate_agreement_collapsed; considered: Canister sign in charts R3 and R4 2025.xlsx; 2008-2025 Total Canister Sign-In.xlsx
Lone,2018-01-01,2018-12-31,2018,,472.0,annual,Canister sign in charts R3 and R4 2025.xlsx,Sheet1,59,2,observed_annual_from_canister_location_block | duplicate_agreement_collapsed; considered: Canister sign in charts R3 and R4 2025.xlsx; 2008-2025 Total Canister Sign-In.xlsx
Lone,2019-01-01,2019-12-31,2019,,672.0,annual,Canister sign in charts R3 and R4 2025.xlsx,Sheet1,60,2,observed_annual_from_canister_location_block | duplicate_agreement_collapsed; considered: Canister sign in charts R3 and R4 2025.xlsx; 2008-2025 Total Canister Sign-In.xlsx
Lone,2020-01-01,2020-12-31,2020,,1017.0,annual,Canister sign in charts R3 and R4 2025.xlsx,Sheet1,61,2,observed_annual_from_canister_location_block | duplicate_agreement_collapsed; considered: Canister sign in charts R3 and R4 2025.xlsx; 2008-2025 Total Canister Sign-In.xlsx
Lone,2021-01-01,2021-12-31,2021,,1067.0,annual,Canister sign in charts R3 and R4 2025.xlsx,Sheet1,62,2,observed_annual_from_canister_location_block | duplicate_agreement_collapsed; considered: Canister sign in charts R3 and R4 2025.xlsx; 2008-2025 Total Canister Sign-In.xlsx
Lone,2022-01-01,2022-12-31,2022,,981.0,annual,Canister sign in charts R3 and R4 2025.xlsx,Sheet1,63,2,observed_annual_from_canister_location_block | duplicate_agreement_collapsed; considered: Canister sign in charts R3 and R4 2025.xlsx; 2008-2025 Total Canister Sign-In.xlsx
Lone,2023-01-01,2023-12-31,2023,,1035.0,annual,Canister sign in charts R3 and R4 2025.xlsx,Sheet1,64,2,observed_annual_from_canister_location_block | duplicate_agreement_collapsed; considered: Canister sign in charts R3 and R4 2025.xlsx; 2008-2025 Total Canister Sign-In.xlsx
Lone,2024-01-01,2024-12-31,2024,,951.0,annual,Canister sign in charts R3 and R4 2025.xlsx,Sheet1,65,2,observed_annual_from_canister_location_block | duplicate_agreement_collapsed; considered: Canister sign in charts R3 and R4 2025.xlsx; 2008-2025 Total Canister Sign-In.xlsx
Lone,2025-01-01,2025-12-31,2025,,881.0,annual,Canister sign in charts R3 and R4 2025.xlsx,Sheet1,66,2,observed_annual_from_canister_location_block | duplicate_agreement_collapsed; considered: Canister sign in charts R3 and R4 2025.xlsx; 2008-2025 Total Canister Sign-In.xlsx
Long Path North,1996-01-01,1996-12-31,1996,,27.0,annual,Trail Register Database R4(1).xlsx,aggregated,0,0,aggregated_annual_from_monthly; source_records=5
Long Path North,1997-01-01,1997-12-31,1997,,160.0,annual,Trail Register Database R4(1).xlsx,aggregated,0,0,aggregated_annual_from_monthly; source_records=12
Long Path North,1998-01-01,1998-12-31,1998,,147.0,annual,Trail Register Database R4(1).xlsx,aggregated,0,0,aggregated_annual_from_monthly; source_records=12
Long Path North,1999-01-01,1999-12-31,1999,,161.0,annual,Trail Register Database R4(1).xlsx,aggregated,0,0,aggregated_annual_from_monthly; source_records=11
Long Path North,2000-01-01,2000-12-31,2000,,58.0,annual,Trail Register Database R4(1).xlsx,aggregated,0,0,aggregated_annual_from_monthly; source_records=12
Long Path North,2004-01-01,2004-12-31,2004,,319.0,annual,Trail Register Database R4(1).xlsx,aggregated,0,0,aggregated_annual_from_monthly; source_records=9
Long Path North,2005-01-01,2005-12-31,2005,,124.0,annual,Trail Register Database R4(1).xlsx,aggregated,0,0,aggregated_annual_from_monthly; source_records=12
Long Path North,2006-01-01,2006-12-31,2006,,203.0,annual,Trail Register Database R4(1).xlsx,aggregated,0,0,aggregated_annual_from_monthly; source_records=12
Long Path North,2007-01-01,2007-12-31,2007,,336.0,annual,Trail Register Database R4(1).xlsx,aggregated,0,0,aggregated_annual_from_monthly; source_records=12
Long Path North,2008-01-01,2008-12-31,2008,,224.0,annual,Trail Register Database R4(1).xlsx,aggregated,0,0,aggregated_annual_from_monthly; source_records=12
Long Path North,2009-01-01,2009-12-31,2009,,285.0,annual,Trail Register Database R4(1).xlsx,aggregated,0,0,aggregated_annual_from_monthly; source_records=12
Long Path North,2010-01-01,2010-12-31,2010,,314.0,annual,Trail Register Database R4(1).xlsx,aggregated,0,0,aggregated_annual_from_monthly; source_records=12
Long Path North,2011-01-01,2011-12-31,2011,,232.0,annual,Trail Register Database R4(1).xlsx,aggregated,0,0,aggregated_annual_from_monthly; source_records=12
Long Path North,2012-01-01,2012-12-31,2012,,162.0,annual,Trail Register Database R4(1).xlsx,aggregated,0,0,aggregated_annual_from_monthly; source_records=11
Long Path North,2013-01-01,2013-12-31,2013,,116.0,annual,Trail Register Database R4(1).xlsx,aggregated,0,0,aggregated_annual_from_monthly; source_records=9
Long Path North,2014-01-01,2014-12-31,2014,,223.0,annual,Trail Register Database R4(1).xlsx,aggregated,0,0,aggregated_annual_from_monthly; source_records=12
Long Path North,2015-01-01,2015-12-31,2015,,189.0,annual,Trail Register Database R4(1).xlsx,aggregated,0,0,aggregated_annual_from_monthly; source_records=12
Long Path North,2016-01-01,2016-12-31,2016,,282.0,annual,Trail Register Database R4(1).xlsx,aggregated,0,0,aggregated_annual_from_monthly; source_records=12
Long Path North,2017-01-01,2017-12-31,2017,,328.0,annual,Trail Register Database R4(1).xlsx,aggregated,0,0,aggregated_annual_from_monthly; source_records=12
Long Path North,2018-01-01,2018-12-31,2018,,287.0,annual,Trail Register Database R4(1).xlsx,aggregated,0,0,aggregated_annual_from_monthly; source_records=12
Long Path North,2019-01-01,2019-12-31,2019,,359.0,annual,Trail Register Database R4(1).xlsx,aggregated,0,0,aggregated_annual_from_monthly; source_records=12
Long Path North,2020-01-01,2020-12-31,2020,,524.0,annual,Trail Register Database R4(1).xlsx,aggregated,0,0,aggregated_annual_from_monthly; source_records=12
Long Path North,2021-01-01,2021-12-31,2021,,331.0,annual,Trail Register Database R4(1).xlsx,aggregated,0,0,aggregated_annual_from_monthly; source_records=12
Long Path North,2022-01-01,2022-12-31,2022,,409.0,annual,Trail Register Database R4(1).xlsx,aggregated,0,0,aggregated_annual_from_monthly; source_records=12
Long Path North,2023-01-01,2023-12-31,2023,,405.0,annual,Trail Register Database R4(1).xlsx,aggregated,0,0,aggregated_annual_from_monthly; source_records=12
Long Path North,2024-01-01,2024-12-31,2024,,469.0,annual,Trail Register Database R4(1).xlsx,aggregated,0,0,aggregated_annual_from_monthly; source_records=12
Long Path North,2025-01-01,2025-12-31,2025,,112.0,annual,Trail Register Database R4(1).xlsx,aggregated,0,0,aggregated_annual_from_monthly; source_records=6
Long Pond,1991-01-01,1991-12-31,1991,,511.0,annual,Trail Register Tally_8_9_24_(1).xlsx,aggregated,0,0,aggregated_annual_from_monthly; source_records=12
Long Pond,1992-01-01,1992-12-31,1992,,423.0,annual,Trail Register Tally_8_9_24_(1).xlsx,aggregated,0,0,aggregated_annual_from_monthly; source_records=12
Long Pond,1993-01-01,1993-12-31,1993,,592.0,annual,Trail Register Tally_8_9_24_(1).xlsx,aggregated,0,0,aggregated_annual_from_monthly; source_records=12
Long Pond,1994-01-01,1994-12-31,1994,,746.0,annual,Trail Register Tally_8_9_24_(1).xlsx,aggregated,0,0,aggregated_annual_from_monthly; source_records=12
Long Pond,1995-01-01,1995-12-31,1995,,685.0,annual,Trail Register Tally_8_9_24_(1).xlsx,aggregated,0,0,aggregated_annual_from_monthly; source_records=12
Long Pond,1996-01-01,1996-12-31,1996,,534.0,annual,Trail Register Tally_8_9_24_(1).xlsx,aggregated,0,0,aggregated_annual_from_monthly; source_records=12
Long Pond,1997-01-01,1997-12-31,1997,,565.0,annual,Trail Register Tally_8_9_24_(1).xlsx,aggregated,0,0,aggregated_annual_from_monthly; source_records=12
Long Pond,1998-01-01,1998-12-31,1998,,560.0,annual,Trail Register Tally_8_9_24_(1).xlsx,aggregated,0,0,aggregated_annual_from_monthly; source_records=12
Long Pond,1999-01-01,1999-12-31,1999,,543.0,annual,Trail Register Tally_8_9_24_(1).xlsx,aggregated,0,0,aggregated_annual_from_monthly; source_records=12
Long Pond,2000-01-01,2000-12-31,2000,,771.0,annual,Trail Register Tally_8_9_24_(1).xlsx,aggregated,0,0,aggregated_annual_from_monthly; source_records=12
Long Pond,2001-01-01,2001-12-31,2001,,28.0,annual,Trail Register Tally_8_9_24_(1).xlsx,aggregated,0,0,aggregated_annual_from_monthly; source_records=1
Long Pond,2008-01-01,2008-12-31,2008,,420.555555,annual,Trail Register Tally_8_9_24_(1).xlsx,aggregated,0,0,aggregated_annual_from_monthly; source_records=12
Long Pond,2009-01-01,2009-12-31,2009,,405.25,annual,Trail Register Tally_8_9_24_(1).xlsx,aggregated,0,0,aggregated_annual_from_monthly; source_records=12
Long Pond,2011-01-01,2011-12-31,2011,,303.428572,annual,Trail Register Tally_8_9_24_(1).xlsx,aggregated,0,0,aggregated_annual_from_monthly; source_records=12
Long Pond,2015-01-01,2015-12-31,2015,,306.0,annual,Trail Register Tally_8_9_24_(1).xlsx,aggregated,0,0,aggregated_annual_from_monthly; source_records=12
Long Pond,2016-01-01,2016-12-31,2016,,342.0,annual,Trail Register Tally_8_9_24_(1).xlsx,aggregated,0,0,aggregated_annual_from_monthly; source_records=12
Long Pond,2017-01-01,2017-12-31,2017,,284.0,annual,Trail Register Tally_8_9_24_(1).xlsx,aggregated,0,0,aggregated_annual_from_monthly; source_records=12
Long Pond,2018-01-01,2018-12-31,2018,,255.0,annual,Trail Register Tally_8_9_24_(1).xlsx,aggregated,0,0,aggregated_annual_from_monthly; source_records=12
Long Pond,2019-01-01,2019-12-31,2019,,351.0,annual,Trail Register Tally_8_9_24_(1).xlsx,aggregated,0,0,aggregated_annual_from_monthly; source_records=12
Long Pond,2020-01-01,2020-12-31,2020,,595.0,annual,Trail Register Tally_8_9_24_(1).xlsx,aggregated,0,0,aggregated_annual_from_monthly; source_records=12
Long Pond,2022-01-01,2022-12-31,2022,,366.666666,annual,Trail Register Tally_8_9_24_(1).xlsx,aggregated,0,0,aggregated_annual_from_monthly; source_records=12
Long Pond,2023-01-01,2023-12-31,2023,,371.625,annual,Trail Register Tally_8_9_24_(1).xlsx,aggregated,0,0,aggregated_annual_from_monthly; source_records=12
Long Pond,2024-01-01,2024-12-31,2024,,367.857144,annual,Trail Register Tally_8_9_24_(1).xlsx,aggregated,0,0,aggregated_annual_from_monthly; source_records=12
Long Pond,2025-01-01,2025-12-31,2025,,378.166667,annual,Trail Register Tally_8_9_24_(1).xlsx,aggregated,0,0,aggregated_annual_from_monthly; source_records=12
Long Pond,2026-01-01,2026-12-31,2026,,206.4,annual,Trail Register Tally_8_9_24_(1).xlsx,aggregated,0,0,aggregated_annual_from_monthly; source_records=7
Lost Clove,2025-01-01,2025-12-31,2025,,0.0,annual,TRAFx+Master+Summary+(2021-2026) 4_22_26.xlsx,aggregated,0,0,aggregated_annual_from_monthly; source_records=9
Lost Clove,2026-01-01,2026-12-31,2026,,261.0,annual,TRAFx+Master+Summary+(2021-2026) 4_22_26.xlsx,aggregated,0,0,aggregated_annual_from_monthly; source_records=3
Mary Smith Hill Road,1997-01-01,1997-12-31,1997,,158.0,annual,Trail Register Database R4(1).xlsx,aggregated,0,0,aggregated_annual_from_monthly; source_records=10
Mary Smith Hill Road,1998-01-01,1998-12-31,1998,,188.0,annual,Trail Register Database R4(1).xlsx,aggregated,0,0,aggregated_annual_from_monthly; source_records=12
Mary Smith Hill Road,1999-01-01,1999-12-31,1999,,175.0,annual,Trail Register Database R4(1).xlsx,aggregated,0,0,aggregated_annual_from_monthly; source_records=12
Mary Smith Hill Road,2000-01-01,2000-12-31,2000,,198.0,annual,Trail Register Database R4(1).xlsx,aggregated,0,0,aggregated_annual_from_monthly; source_records=12
Mary Smith Hill Road,2004-01-01,2004-12-31,2004,,281.0,annual,Trail Register Database R4(1).xlsx,aggregated,0,0,aggregated_annual_from_monthly; source_records=12
Mary Smith Hill Road,2005-01-01,2005-12-31,2005,,193.0,annual,Trail Register Database R4(1).xlsx,aggregated,0,0,aggregated_annual_from_monthly; source_records=10
Mary Smith Hill Road,2006-01-01,2006-12-31,2006,,221.0,annual,Trail Register Database R4(1).xlsx,aggregated,0,0,aggregated_annual_from_monthly; source_records=12
Mary Smith Hill Road,2007-01-01,2007-12-31,2007,,210.0,annual,Trail Register Database R4(1).xlsx,aggregated,0,0,aggregated_annual_from_monthly; source_records=12
Mary Smith Hill Road,2008-01-01,2008-12-31,2008,,148.0,annual,Trail Register Database R4(1).xlsx,aggregated,0,0,aggregated_annual_from_monthly; source_records=12
Mary Smith Hill Road,2009-01-01,2009-12-31,2009,,248.0,annual,Trail Register Database R4(1).xlsx,aggregated,0,0,aggregated_annual_from_monthly; source_records=12
Mary Smith Hill Road,2010-01-01,2010-12-31,2010,,212.0,annual,Trail Register Database R4(1).xlsx,aggregated,0,0,aggregated_annual_from_monthly; source_records=12
Mary Smith Hill Road,2011-01-01,2011-12-31,2011,,271.0,annual,Trail Register Database R4(1).xlsx,aggregated,0,0,aggregated_annual_from_monthly; source_records=12
Mary Smith Hill Road,2012-01-01,2012-12-31,2012,,129.0,annual,Trail Register Database R4(1).xlsx,aggregated,0,0,aggregated_annual_from_monthly; source_records=9
Mary Smith Hill Road,2013-01-01,2013-12-31,2013,,133.0,annual,Trail Register Database R4(1).xlsx,aggregated,0,0,aggregated_annual_from_monthly; source_records=8
Mary Smith Hill Road,2014-01-01,2014-12-31,2014,,167.0,annual,Trail Register Database R4(1).xlsx,aggregated,0,0,aggregated_annual_from_monthly; source_records=12
Mary Smith Hill Road,2015-01-01,2015-12-31,2015,,253.0,annual,Trail Register Database R4(1).xlsx,aggregated,0,0,aggregated_annual_from_monthly; source_records=11
Mary Smith Hill Road,2016-01-01,2016-12-31,2016,,181.0,annual,Trail Register Database R4(1).xlsx,aggregated,0,0,aggregated_annual_from_monthly; source_records=12
Mary Smith Hill Road,2017-01-01,2017-12-31,2017,,185.0,annual,Trail Register Database R4(1).xlsx,aggregated,0,0,aggregated_annual_from_monthly; source_records=12
Mary Smith Hill Road,2018-01-01,2018-12-31,2018,,176.0,annual,Trail Register Database R4(1).xlsx,aggregated,0,0,aggregated_annual_from_monthly; source_records=9
Mary Smith Hill Road,2019-01-01,2019-12-31,2019,,174.0,annual,Trail Register Database R4(1).xlsx,aggregated,0,0,aggregated_annual_from_monthly; source_records=12
Mary Smith Hill Road,2020-01-01,2020-12-31,2020,,279.0,annual,Trail Register Database R4(1).xlsx,aggregated,0,0,aggregated_annual_from_monthly; source_records=11
Mary Smith Hill Road,2021-01-01,2021-12-31,2021,,282.0,annual,Trail Register Database R4(1).xlsx,aggregated,0,0,aggregated_annual_from_monthly; source_records=12
Mary Smith Hill Road,2022-01-01,2022-12-31,2022,,279.0,annual,Trail Register Database R4(1).xlsx,aggregated,0,0,aggregated_annual_from_monthly; source_records=12
Mary Smith Hill Road,2023-01-01,2023-12-31,2023,,322.0,annual,Trail Register Database R4(1).xlsx,aggregated,0,0,aggregated_annual_from_monthly; source_records=12
Mary Smith Hill Road,2024-01-01,2024-12-31,2024,,213.0,annual,Trail Register Database R4(1).xlsx,aggregated,0,0,aggregated_annual_from_monthly; source_records=12
Mary Smith Hill Road,2025-01-01,2025-12-31,2025,,182.0,annual,Trail Register Database R4(1).xlsx,aggregated,0,0,aggregated_annual_from_monthly; source_records=11
Mary's Glen,1996-01-01,1996-12-31,1996,,1518.0,annual,Trail Register Database R4(1).xlsx,aggregated,0,0,aggregated_annual_from_monthly; source_records=9
Mary's Glen,1997-01-01,1997-12-31,1997,,4103.0,annual,Trail Register Database R4(1).xlsx,aggregated,0,0,aggregated_annual_from_monthly; source_records=11
Mary's Glen,1998-01-01,1998-12-31,1998,,3175.0,annual,Trail Register Database R4(1).xlsx,aggregated,0,0,aggregated_annual_from_monthly; source_records=11
Mary's Glen,1999-01-01,1999-12-31,1999,,2453.0,annual,Trail Register Database R4(1).xlsx,aggregated,0,0,aggregated_annual_from_monthly; source_records=12
Mary's Glen,2000-01-01,2000-12-31,2000,,4385.0,annual,Trail Register Database R4(1).xlsx,aggregated,0,0,aggregated_annual_from_monthly; source_records=12
Mary's Glen,2004-01-01,2004-12-31,2004,,1929.0,annual,Trail Register Database R4(1).xlsx,aggregated,0,0,aggregated_annual_from_monthly; source_records=10
Mary's Glen,2005-01-01,2005-12-31,2005,,3814.0,annual,Trail Register Database R4(1).xlsx,aggregated,0,0,aggregated_annual_from_monthly; source_records=12
Mary's Glen,2006-01-01,2006-12-31,2006,,2877.0,annual,Trail Register Database R4(1).xlsx,aggregated,0,0,aggregated_annual_from_monthly; source_records=12
Mary's Glen,2007-01-01,2007-12-31,2007,,4176.0,annual,Trail Register Database R4(1).xlsx,aggregated,0,0,aggregated_annual_from_monthly; source_records=12
Mary's Glen,2008-01-01,2008-12-31,2008,,4538.0,annual,Trail Register Database R4(1).xlsx,aggregated,0,0,aggregated_annual_from_monthly; source_records=12
Mary's Glen,2009-01-01,2009-12-31,2009,,3588.0,annual,Trail Register Database R4(1).xlsx,aggregated,0,0,aggregated_annual_from_monthly; source_records=12
Mary's Glen,2010-01-01,2010-12-31,2010,,4054.0,annual,Trail Register Database R4(1).xlsx,aggregated,0,0,aggregated_annual_from_monthly; source_records=12
Mary's Glen,2011-01-01,2011-12-31,2011,,3122.0,annual,Trail Register Database R4(1).xlsx,aggregated,0,0,aggregated_annual_from_monthly; source_records=12
Mary's Glen,2012-01-01,2012-12-31,2012,,2820.0,annual,Trail Register Database R4(1).xlsx,aggregated,0,0,aggregated_annual_from_monthly; source_records=10
Mary's Glen,2013-01-01,2013-12-31,2013,,2539.0,annual,Trail Register Database R4(1).xlsx,aggregated,0,0,aggregated_annual_from_monthly; source_records=5
Mary's Glen,2014-01-01,2014-12-31,2014,,3461.0,annual,Trail Register Database R4(1).xlsx,aggregated,0,0,aggregated_annual_from_monthly; source_records=12
Mary's Glen,2015-01-01,2015-12-31,2015,,29.0,annual,Trail Register Database R4(1).xlsx,aggregated,0,0,aggregated_annual_from_monthly; source_records=2
Mary's Glen,2016-01-01,2016-12-31,2016,,4853.0,annual,Trail Register Database R4(1).xlsx,aggregated,0,0,aggregated_annual_from_monthly; source_records=12
Mary's Glen,2017-01-01,2017-12-31,2017,,4463.0,annual,Trail Register Database R4(1).xlsx,aggregated,0,0,aggregated_annual_from_monthly; source_records=12
Mary's Glen,2018-01-01,2018-12-31,2018,,3149.0,annual,Trail Register Database R4(1).xlsx,aggregated,0,0,aggregated_annual_from_monthly; source_records=12
Mary's Glen,2019-01-01,2019-12-31,2019,,3613.0,annual,Trail Register Database R4(1).xlsx,aggregated,0,0,aggregated_annual_from_monthly; source_records=12
Mary's Glen,2020-01-01,2020-12-31,2020,,3906.0,annual,Trail Register Database R4(1).xlsx,aggregated,0,0,aggregated_annual_from_monthly; source_records=12
Mary's Glen,2021-01-01,2021-12-31,2021,,2963.0,annual,Trail Register Database R4(1).xlsx,aggregated,0,0,aggregated_annual_from_monthly; source_records=12
Mary's Glen,2022-01-01,2022-12-31,2022,,2539.0,annual,Trail Register Database R4(1).xlsx,aggregated,0,0,aggregated_annual_from_monthly; source_records=12
Mary's Glen,2023-01-01,2023-12-31,2023,,2380.0,annual,Trail Register Database R4(1).xlsx,aggregated,0,0,aggregated_annual_from_monthly; source_records=12
Mary's Glen,2024-01-01,2024-12-31,2024,,2901.0,annual,Trail Register Database R4(1).xlsx,aggregated,0,0,aggregated_annual_from_monthly; source_records=12
Mary's Glen,2025-01-01,2025-12-31,2025,,2929.0,annual,Trail Register Database R4(1).xlsx,aggregated,0,0,aggregated_annual_from_monthly; source_records=12
McKenley Hollow,1991-01-01,1991-12-31,1991,,1233.0,annual,Trail Register Tally_8_9_24_(1).xlsx,aggregated,0,0,aggregated_annual_from_monthly; source_records=12
McKenley Hollow,1992-01-01,1992-12-31,1992,,1271.0,annual,Trail Register Tally_8_9_24_(1).xlsx,aggregated,0,0,aggregated_annual_from_monthly; source_records=12
McKenley Hollow,1993-01-01,1993-12-31,1993,,1260.0,annual,Trail Register Tally_8_9_24_(1).xlsx,aggregated,0,0,aggregated_annual_from_monthly; source_records=12
McKenley Hollow,1994-01-01,1994-12-31,1994,,1582.0,annual,Trail Register Tally_8_9_24_(1).xlsx,aggregated,0,0,aggregated_annual_from_monthly; source_records=12
McKenley Hollow,1995-01-01,1995-12-31,1995,,1608.0,annual,Trail Register Tally_8_9_24_(1).xlsx,aggregated,0,0,aggregated_annual_from_monthly; source_records=12
McKenley Hollow,1996-01-01,1996-12-31,1996,,1111.0,annual,Trail Register Tally_8_9_24_(1).xlsx,aggregated,0,0,aggregated_annual_from_monthly; source_records=12
McKenley Hollow,1997-01-01,1997-12-31,1997,,1329.0,annual,Trail Register Tally_8_9_24_(1).xlsx,aggregated,0,0,aggregated_annual_from_monthly; source_records=12
McKenley Hollow,1998-01-01,1998-12-31,1998,,1310.0,annual,Trail Register Tally_8_9_24_(1).xlsx,aggregated,0,0,aggregated_annual_from_monthly; source_records=12
McKenley Hollow,1999-01-01,1999-12-31,1999,,1128.0,annual,Trail Register Tally_8_9_24_(1).xlsx,aggregated,0,0,aggregated_annual_from_monthly; source_records=12
McKenley Hollow,2000-01-01,2000-12-31,2000,,1266.0,annual,Trail Register Tally_8_9_24_(1).xlsx,aggregated,0,0,aggregated_annual_from_monthly; source_records=12
McKenley Hollow,2005-01-01,2005-12-31,2005,,60.0,annual,Trail Register Tally_8_9_24_(1).xlsx,aggregated,0,0,aggregated_annual_from_monthly; source_records=1
McKenley Hollow,2008-01-01,2008-12-31,2008,,1106.777777,annual,Trail Register Tally_8_9_24_(1).xlsx,aggregated,0,0,aggregated_annual_from_monthly; source_records=12
McKenley Hollow,2009-01-01,2009-12-31,2009,,1104.125,annual,Trail Register Tally_8_9_24_(1).xlsx,aggregated,0,0,aggregated_annual_from_monthly; source_records=12
McKenley Hollow,2011-01-01,2011-12-31,2011,,1026.857143,annual,Trail Register Tally_8_9_24_(1).xlsx,aggregated,0,0,aggregated_annual_from_monthly; source_records=12
McKenley Hollow,2015-01-01,2015-12-31,2015,,985.0,annual,Trail Register Tally_8_9_24_(1).xlsx,aggregated,0,0,aggregated_annual_from_monthly; source_records=12
McKenley Hollow,2016-01-01,2016-12-31,2016,,1166.0,annual,Trail Register Tally_8_9_24_(1).xlsx,aggregated,0,0,aggregated_annual_from_monthly; source_records=12
McKenley Hollow,2017-01-01,2017-12-31,2017,,835.0,annual,Trail Register Tally_8_9_24_(1).xlsx,aggregated,0,0,aggregated_annual_from_monthly; source_records=12
McKenley Hollow,2018-01-01,2018-12-31,2018,,907.0,annual,Trail Register Tally_8_9_24_(1).xlsx,aggregated,0,0,aggregated_annual_from_monthly; source_records=12
McKenley Hollow,2019-01-01,2019-12-31,2019,,1026.0,annual,Trail Register Tally_8_9_24_(1).xlsx,aggregated,0,0,aggregated_annual_from_monthly; source_records=12
McKenley Hollow,2020-01-01,2020-12-31,2020,,1388.0,annual,Trail Register Tally_8_9_24_(1).xlsx,aggregated,0,0,aggregated_annual_from_monthly; source_records=12
McKenley Hollow,2024-01-01,2024-12-31,2024,,797.88889,annual,Trail Register Tally_8_9_24_(1).xlsx,aggregated,0,0,aggregated_annual_from_monthly; source_records=9
McKenley Hollow,2025-01-01,2025-12-31,2025,,1073.527778,annual,Trail Register Tally_8_9_24_(1).xlsx,aggregated,0,0,aggregated_annual_from_monthly; source_records=12
McKenley Hollow,2026-01-01,2026-12-31,2026,,613.732143,annual,Trail Register Tally_8_9_24_(1).xlsx,aggregated,0,0,aggregated_annual_from_monthly; source_records=7
Millbrook to BLM FT,1991-01-01,1991-12-31,1991,,861.0,annual,Trail Register Tally_8_9_24_(1).xlsx,aggregated,0,0,aggregated_annual_from_monthly; source_records=12
Millbrook to BLM FT,1992-01-01,1992-12-31,1992,,765.0,annual,Trail Register Tally_8_9_24_(1).xlsx,aggregated,0,0,aggregated_annual_from_monthly; source_records=12
Millbrook to BLM FT,1993-01-01,1993-12-31,1993,,891.0,annual,Trail Register Tally_8_9_24_(1).xlsx,aggregated,0,0,aggregated_annual_from_monthly; source_records=12
Millbrook to BLM FT,1994-01-01,1994-12-31,1994,,1156.0,annual,Trail Register Tally_8_9_24_(1).xlsx,aggregated,0,0,aggregated_annual_from_monthly; source_records=12
Millbrook to BLM FT,1995-01-01,1995-12-31,1995,,972.0,annual,Trail Register Tally_8_9_24_(1).xlsx,aggregated,0,0,aggregated_annual_from_monthly; source_records=12
Millbrook to BLM FT,1996-01-01,1996-12-31,1996,,813.0,annual,Trail Register Tally_8_9_24_(1).xlsx,aggregated,0,0,aggregated_annual_from_monthly; source_records=12
Millbrook to BLM FT,1997-01-01,1997-12-31,1997,,927.0,annual,Trail Register Tally_8_9_24_(1).xlsx,aggregated,0,0,aggregated_annual_from_monthly; source_records=12
Millbrook to BLM FT,1998-01-01,1998-12-31,1998,,1168.0,annual,Trail Register Tally_8_9_24_(1).xlsx,aggregated,0,0,aggregated_annual_from_monthly; source_records=12
Millbrook to BLM FT,1999-01-01,1999-12-31,1999,,1359.0,annual,Trail Register Tally_8_9_24_(1).xlsx,aggregated,0,0,aggregated_annual_from_monthly; source_records=12
Millbrook to BLM FT,2000-01-01,2000-12-31,2000,,1316.0,annual,Trail Register Tally_8_9_24_(1).xlsx,aggregated,0,0,aggregated_annual_from_monthly; source_records=12
Millbrook to BLM FT,2008-01-01,2008-12-31,2008,,1298.11111,annual,Trail Register Tally_8_9_24_(1).xlsx,aggregated,0,0,aggregated_annual_from_monthly; source_records=12
Millbrook to BLM FT,2009-01-01,2009-12-31,2009,,1290.5,annual,Trail Register Tally_8_9_24_(1).xlsx,aggregated,0,0,aggregated_annual_from_monthly; source_records=12
Millbrook to BLM FT,2011-01-01,2011-12-31,2011,,1198.571428,annual,Trail Register Tally_8_9_24_(1).xlsx,aggregated,0,0,aggregated_annual_from_monthly; source_records=12
Millbrook to BLM FT,2016-01-01,2016-12-31,2016,,2525.0,annual,Trail Register Tally_8_9_24_(1).xlsx,aggregated,0,0,aggregated_annual_from_monthly; source_records=12
Millbrook to BLM FT,2017-01-01,2017-12-31,2017,,2375.0,annual,Trail Register Tally_8_9_24_(1).xlsx,aggregated,0,0,aggregated_annual_from_monthly; source_records=12
Millbrook to BLM FT,2018-01-01,2018-12-31,2018,,2186.0,annual,Trail Register Tally_8_9_24_(1).xlsx,aggregated,0,0,aggregated_annual_from_monthly; source_records=12
Millbrook to BLM FT,2019-01-01,2019-12-31,2019,,3316.0,annual,Trail Register Tally_8_9_24_(1).xlsx,aggregated,0,0,aggregated_annual_from_monthly; source_records=12
Millbrook to BLM FT,2020-01-01,2020-12-31,2020,,3158.0,annual,Trail Register Tally_8_9_24_(1).xlsx,aggregated,0,0,aggregated_annual_from_monthly; source_records=12
Millbrook to BLM FT,2025-01-01,2025-12-31,2025,,742.000001,annual,Trail Register Tally_8_9_24_(1).xlsx,aggregated,0,0,aggregated_annual_from_monthly; source_records=3
Millbrook to BLM FT,2026-01-01,2026-12-31,2026,,1435.333333,annual,Trail Register Tally_8_9_24_(1).xlsx,aggregated,0,0,aggregated_annual_from_monthly; source_records=7
Mink Hollow (Lake Hill),1996-01-01,1996-12-31,1996,,112.0,annual,Trail Register Database R4(1).xlsx,aggregated,0,0,aggregated_annual_from_monthly; source_records=4
Mink Hollow (Lake Hill),1997-01-01,1997-12-31,1997,,1111.0,annual,Trail Register Database R4(1).xlsx,aggregated,0,0,aggregated_annual_from_monthly; source_records=12
Mink Hollow (Lake Hill),1998-01-01,1998-12-31,1998,,804.0,annual,Trail Register Database R4(1).xlsx,aggregated,0,0,aggregated_annual_from_monthly; source_records=9
Mink Hollow (Lake Hill),1999-01-01,1999-12-31,1999,,764.0,annual,Trail Register Database R4(1).xlsx,aggregated,0,0,aggregated_annual_from_monthly; source_records=10
Mink Hollow (Lake Hill),2000-01-01,2000-12-31,2000,,960.0,annual,Trail Register Database R4(1).xlsx,aggregated,0,0,aggregated_annual_from_monthly; source_records=12
Mink Hollow (Lake Hill),2004-01-01,2004-12-31,2004,,881.0,annual,Trail Register Database R4(1).xlsx,aggregated,0,0,aggregated_annual_from_monthly; source_records=12
Mink Hollow (Lake Hill),2005-01-01,2005-12-31,2005,,932.0,annual,Trail Register Database R4(1).xlsx,aggregated,0,0,aggregated_annual_from_monthly; source_records=12
Mink Hollow (Lake Hill),2006-01-01,2006-12-31,2006,,749.0,annual,Trail Register Database R4(1).xlsx,aggregated,0,0,aggregated_annual_from_monthly; source_records=12
Mink Hollow (Lake Hill),2007-01-01,2007-12-31,2007,,669.0,annual,Trail Register Database R4(1).xlsx,aggregated,0,0,aggregated_annual_from_monthly; source_records=10
Mink Hollow (Lake Hill),2008-01-01,2008-12-31,2008,,699.0,annual,Trail Register Database R4(1).xlsx,aggregated,0,0,aggregated_annual_from_monthly; source_records=12
Mink Hollow (Lake Hill),2009-01-01,2009-12-31,2009,,650.0,annual,Trail Register Database R4(1).xlsx,aggregated,0,0,aggregated_annual_from_monthly; source_records=12
Mink Hollow (Lake Hill),2010-01-01,2010-12-31,2010,,617.0,annual,Trail Register Database R4(1).xlsx,aggregated,0,0,aggregated_annual_from_monthly; source_records=12
Mink Hollow (Lake Hill),2011-01-01,2011-12-31,2011,,491.0,annual,Trail Register Database R4(1).xlsx,aggregated,0,0,aggregated_annual_from_monthly; source_records=12
Mink Hollow (Lake Hill),2012-01-01,2012-12-31,2012,,333.0,annual,Trail Register Database R4(1).xlsx,aggregated,0,0,aggregated_annual_from_monthly; source_records=8
Mink Hollow (Lake Hill),2013-01-01,2013-12-31,2013,,449.0,annual,Trail Register Database R4(1).xlsx,aggregated,0,0,aggregated_annual_from_monthly; source_records=12
Mink Hollow (Lake Hill),2014-01-01,2014-12-31,2014,,641.0,annual,Trail Register Database R4(1).xlsx,aggregated,0,0,aggregated_annual_from_monthly; source_records=12
Mink Hollow (Lake Hill),2015-01-01,2015-12-31,2015,,827.0,annual,Trail Register Database R4(1).xlsx,aggregated,0,0,aggregated_annual_from_monthly; source_records=10
Mink Hollow (Lake Hill),2016-01-01,2016-12-31,2016,,854.0,annual,Trail Register Database R4(1).xlsx,aggregated,0,0,aggregated_annual_from_monthly; source_records=12
Mink Hollow (Lake Hill),2017-01-01,2017-12-31,2017,,774.0,annual,Trail Register Database R4(1).xlsx,aggregated,0,0,aggregated_annual_from_monthly; source_records=12
Mink Hollow (Lake Hill),2018-01-01,2018-12-31,2018,,537.0,annual,Trail Register Database R4(1).xlsx,aggregated,0,0,aggregated_annual_from_monthly; source_records=12
Mink Hollow (Lake Hill),2019-01-01,2019-12-31,2019,,710.0,annual,Trail Register Database R4(1).xlsx,aggregated,0,0,aggregated_annual_from_monthly; source_records=12
Mink Hollow (Lake Hill),2020-01-01,2020-12-31,2020,,993.0,annual,Trail Register Database R4(1).xlsx,aggregated,0,0,aggregated_annual_from_monthly; source_records=12
Mink Hollow (Lake Hill),2021-01-01,2021-12-31,2021,,435.0,annual,Trail Register Database R4(1).xlsx,aggregated,0,0,aggregated_annual_from_monthly; source_records=8
Mink Hollow (Lake Hill),2022-01-01,2022-12-31,2022,,256.0,annual,Trail Register Database R4(1).xlsx,aggregated,0,0,aggregated_annual_from_monthly; source_records=7
Mink Hollow (Lake Hill),2023-01-01,2023-12-31,2023,,384.0,annual,Trail Register Database R4(1).xlsx,aggregated,0,0,aggregated_annual_from_monthly; source_records=8
Mink Hollow (Lake Hill),2024-01-01,2024-12-31,2024,,89.0,annual,Trail Register Database R4(1).xlsx,aggregated,0,0,aggregated_annual_from_monthly; source_records=5
Mongaup Pond,1991-01-01,1991-12-31,1991,,227.0,annual,Trail Register Tally_8_9_24_(1).xlsx,aggregated,0,0,aggregated_annual_from_monthly; source_records=12
Mongaup Pond,1992-01-01,1992-12-31,1992,,227.0,annual,Trail Register Tally_8_9_24_(1).xlsx,aggregated,0,0,aggregated_annual_from_monthly; source_records=12
Mongaup Pond,1993-01-01,1993-12-31,1993,,305.0,annual,Trail Register Tally_8_9_24_(1).xlsx,aggregated,0,0,aggregated_annual_from_monthly; source_records=12
Mongaup Pond,1994-01-01,1994-12-31,1994,,214.0,annual,Trail Register Tally_8_9_24_(1).xlsx,aggregated,0,0,aggregated_annual_from_monthly; source_records=12
Mongaup Pond,1995-01-01,1995-12-31,1995,,200.0,annual,Trail Register Tally_8_9_24_(1).xlsx,aggregated,0,0,aggregated_annual_from_monthly; source_records=12
Mongaup Pond,1996-01-01,1996-12-31,1996,,256.0,annual,Trail Register Tally_8_9_24_(1).xlsx,aggregated,0,0,aggregated_annual_from_monthly; source_records=12
Mongaup Pond,1997-01-01,1997-12-31,1997,,405.0,annual,Trail Register Tally_8_9_24_(1).xlsx,aggregated,0,0,aggregated_annual_from_monthly; source_records=12
Mongaup Pond,1998-01-01,1998-12-31,1998,,356.0,annual,Trail Register Tally_8_9_24_(1).xlsx,aggregated,0,0,aggregated_annual_from_monthly; source_records=12
Mongaup Pond,1999-01-01,1999-12-31,1999,,457.0,annual,Trail Register Tally_8_9_24_(1).xlsx,aggregated,0,0,aggregated_annual_from_monthly; source_records=12
Mongaup Pond,2000-01-01,2000-12-31,2000,,463.0,annual,Trail Register Tally_8_9_24_(1).xlsx,aggregated,0,0,aggregated_annual_from_monthly; source_records=12
Mongaup Pond,2008-01-01,2008-12-31,2008,,379.666668,annual,Trail Register Tally_8_9_24_(1).xlsx,aggregated,0,0,aggregated_annual_from_monthly; source_records=12
Mongaup Pond,2009-01-01,2009-12-31,2009,,370.0,annual,Trail Register Tally_8_9_24_(1).xlsx,aggregated,0,0,aggregated_annual_from_monthly; source_records=12
Mongaup Pond,2011-01-01,2011-12-31,2011,,1426.285714,annual,Trail Register Tally_8_9_24_(1).xlsx,aggregated,0,0,aggregated_annual_from_monthly; source_records=12
Mongaup Pond,2012-01-01,2012-12-31,2012,,567.333333,annual,Trail Register Tally_8_9_24_(1).xlsx,aggregated,0,0,aggregated_annual_from_monthly; source_records=6
Mongaup Pond,2014-01-01,2014-12-31,2014,,197.0,annual,Trail Register Tally_8_9_24_(1).xlsx,aggregated,0,0,aggregated_annual_from_monthly; source_records=12
Mongaup Pond,2015-01-01,2015-12-31,2015,,277.0,annual,Trail Register Tally_8_9_24_(1).xlsx,aggregated,0,0,aggregated_annual_from_monthly; source_records=12
Mongaup Pond,2016-01-01,2016-12-31,2016,,201.0,annual,Trail Register Tally_8_9_24_(1).xlsx,aggregated,0,0,aggregated_annual_from_monthly; source_records=12
Mongaup Pond,2017-01-01,2017-12-31,2017,,223.0,annual,Trail Register Tally_8_9_24_(1).xlsx,aggregated,0,0,aggregated_annual_from_monthly; source_records=12
Mongaup Pond,2018-01-01,2018-12-31,2018,,232.0,annual,Trail Register Tally_8_9_24_(1).xlsx,aggregated,0,0,aggregated_annual_from_monthly; source_records=12
Mongaup Pond,2019-01-01,2019-12-31,2019,,172.0,annual,Trail Register Tally_8_9_24_(1).xlsx,aggregated,0,0,aggregated_annual_from_monthly; source_records=11
Mongaup Pond,2020-01-01,2020-12-31,2020,,225.0,annual,Trail Register Tally_8_9_24_(1).xlsx,aggregated,0,0,aggregated_annual_from_monthly; source_records=12
Mongaup Pond,2021-01-01,2021-12-31,2021,,1.375,annual,Trail Register Tally_8_9_24_(1).xlsx,aggregated,0,0,aggregated_annual_from_monthly; source_records=1
Mongaup Pond,2022-01-01,2022-12-31,2022,,212.152777,annual,Trail Register Tally_8_9_24_(1).xlsx,aggregated,0,0,aggregated_annual_from_monthly; source_records=12
Mongaup Pond,2023-01-01,2023-12-31,2023,,209.625,annual,Trail Register Tally_8_9_24_(1).xlsx,aggregated,0,0,aggregated_annual_from_monthly; source_records=12
Mongaup Pond,2024-01-01,2024-12-31,2024,,211.404761,annual,Trail Register Tally_8_9_24_(1).xlsx,aggregated,0,0,aggregated_annual_from_monthly; source_records=12
Mongaup Pond,2025-01-01,2025-12-31,2025,,200.633333,annual,Trail Register Tally_8_9_24_(1).xlsx,aggregated,0,0,aggregated_annual_from_monthly; source_records=12
Mongaup Pond,2026-01-01,2026-12-31,2026,,91.1,annual,Trail Register Tally_8_9_24_(1).xlsx,aggregated,0,0,aggregated_annual_from_monthly; source_records=7
Moon Haw Road,2025-01-01,2025-12-31,2025,,417.75,annual,TRAFx+Master+Summary+(2021-2026) 4_22_26.xlsx,aggregated,0,0,aggregated_annual_from_monthly; source_records=4
Moon Haw Road,2026-01-01,2026-12-31,2026,,188.111111,annual,TRAFx+Master+Summary+(2021-2026) 4_22_26.xlsx,aggregated,0,0,aggregated_annual_from_monthly; source_records=3
Mountain TPKE Horse Trail,1996-01-01,1996-12-31,1996,,190.0,annual,Trail Register Database R4(1).xlsx,aggregated,0,0,aggregated_annual_from_monthly; source_records=7
Mountain TPKE Horse Trail,1997-01-01,1997-12-31,1997,,386.0,annual,Trail Register Database R4(1).xlsx,aggregated,0,0,aggregated_annual_from_monthly; source_records=12
Mountain TPKE Horse Trail,1998-01-01,1998-12-31,1998,,339.0,annual,Trail Register Database R4(1).xlsx,aggregated,0,0,aggregated_annual_from_monthly; source_records=10
Mountain TPKE Horse Trail,1999-01-01,1999-12-31,1999,,461.0,annual,Trail Register Database R4(1).xlsx,aggregated,0,0,aggregated_annual_from_monthly; source_records=11
Mountain TPKE Horse Trail,2000-01-01,2000-12-31,2000,,119.0,annual,Trail Register Database R4(1).xlsx,aggregated,0,0,aggregated_annual_from_monthly; source_records=4
Mountain TPKE Horse Trail,2004-01-01,2004-12-31,2004,,234.0,annual,Trail Register Database R4(1).xlsx,aggregated,0,0,aggregated_annual_from_monthly; source_records=8
Mountain TPKE Horse Trail,2005-01-01,2005-12-31,2005,,254.0,annual,Trail Register Database R4(1).xlsx,aggregated,0,0,aggregated_annual_from_monthly; source_records=10
Mountain TPKE Horse Trail,2006-01-01,2006-12-31,2006,,354.0,annual,Trail Register Database R4(1).xlsx,aggregated,0,0,aggregated_annual_from_monthly; source_records=12
Mountain TPKE Horse Trail,2007-01-01,2007-12-31,2007,,334.0,annual,Trail Register Database R4(1).xlsx,aggregated,0,0,aggregated_annual_from_monthly; source_records=12
Mountain TPKE Horse Trail,2008-01-01,2008-12-31,2008,,279.0,annual,Trail Register Database R4(1).xlsx,aggregated,0,0,aggregated_annual_from_monthly; source_records=12
Mountain TPKE Horse Trail,2009-01-01,2009-12-31,2009,,298.0,annual,Trail Register Database R4(1).xlsx,aggregated,0,0,aggregated_annual_from_monthly; source_records=12
Mountain TPKE Horse Trail,2010-01-01,2010-12-31,2010,,255.0,annual,Trail Register Database R4(1).xlsx,aggregated,0,0,aggregated_annual_from_monthly; source_records=12
Mountain TPKE Horse Trail,2011-01-01,2011-12-31,2011,,276.0,annual,Trail Register Database R4(1).xlsx,aggregated,0,0,aggregated_annual_from_monthly; source_records=12
Mountain TPKE Horse Trail,2012-01-01,2012-12-31,2012,,140.0,annual,Trail Register Database R4(1).xlsx,aggregated,0,0,aggregated_annual_from_monthly; source_records=9
Mountain TPKE Horse Trail,2013-01-01,2013-12-31,2013,,118.0,annual,Trail Register Database R4(1).xlsx,aggregated,0,0,aggregated_annual_from_monthly; source_records=5
Mountain TPKE Horse Trail,2014-01-01,2014-12-31,2014,,174.0,annual,Trail Register Database R4(1).xlsx,aggregated,0,0,aggregated_annual_from_monthly; source_records=12
Mountain TPKE Horse Trail,2015-01-01,2015-12-31,2015,,218.0,annual,Trail Register Database R4(1).xlsx,aggregated,0,0,aggregated_annual_from_monthly; source_records=12
Mountain TPKE Horse Trail,2016-01-01,2016-12-31,2016,,268.0,annual,Trail Register Database R4(1).xlsx,aggregated,0,0,aggregated_annual_from_monthly; source_records=12
Mountain TPKE Horse Trail,2017-01-01,2017-12-31,2017,,225.0,annual,Trail Register Database R4(1).xlsx,aggregated,0,0,aggregated_annual_from_monthly; source_records=12
Mountain TPKE Horse Trail,2018-01-01,2018-12-31,2018,,186.0,annual,Trail Register Database R4(1).xlsx,aggregated,0,0,aggregated_annual_from_monthly; source_records=12
Mountain TPKE Horse Trail,2019-01-01,2019-12-31,2019,,221.0,annual,Trail Register Database R4(1).xlsx,aggregated,0,0,aggregated_annual_from_monthly; source_records=12
Mountain TPKE Horse Trail,2020-01-01,2020-12-31,2020,,261.0,annual,Trail Register Database R4(1).xlsx,aggregated,0,0,aggregated_annual_from_monthly; source_records=12
Mountain TPKE Horse Trail,2021-01-01,2021-12-31,2021,,105.0,annual,Trail Register Database R4(1).xlsx,aggregated,0,0,aggregated_annual_from_monthly; source_records=12
Mountain TPKE Horse Trail,2022-01-01,2022-12-31,2022,,138.0,annual,Trail Register Database R4(1).xlsx,aggregated,0,0,aggregated_annual_from_monthly; source_records=12
Mountain TPKE Horse Trail,2023-01-01,2023-12-31,2023,,90.0,annual,Trail Register Database R4(1).xlsx,aggregated,0,0,aggregated_annual_from_monthly; source_records=12
Mt Tremper,1991-01-01,1991-12-31,1991,,1528.0,annual,Trail Register Tally_8_9_24_(1).xlsx,aggregated,0,0,aggregated_annual_from_monthly; source_records=12
Mt Tremper,1992-01-01,1992-12-31,1992,,1465.0,annual,Trail Register Tally_8_9_24_(1).xlsx,aggregated,0,0,aggregated_annual_from_monthly; source_records=12
Mt Tremper,1993-01-01,1993-12-31,1993,,1427.0,annual,Trail Register Tally_8_9_24_(1).xlsx,aggregated,0,0,aggregated_annual_from_monthly; source_records=12
Mt Tremper,1994-01-01,1994-12-31,1994,,1600.0,annual,Trail Register Tally_8_9_24_(1).xlsx,aggregated,0,0,aggregated_annual_from_monthly; source_records=12
Mt Tremper,1995-01-01,1995-12-31,1995,,1763.0,annual,Trail Register Tally_8_9_24_(1).xlsx,aggregated,0,0,aggregated_annual_from_monthly; source_records=12
Mt Tremper,1996-01-01,1996-12-31,1996,,1142.0,annual,Trail Register Tally_8_9_24_(1).xlsx,aggregated,0,0,aggregated_annual_from_monthly; source_records=12
Mt Tremper,1997-01-01,1997-12-31,1997,,1445.0,annual,Trail Register Tally_8_9_24_(1).xlsx,aggregated,0,0,aggregated_annual_from_monthly; source_records=12
Mt Tremper,1998-01-01,1998-12-31,1998,,2068.0,annual,Trail Register Tally_8_9_24_(1).xlsx,aggregated,0,0,aggregated_annual_from_monthly; source_records=12
Mt Tremper,1999-01-01,1999-12-31,1999,,1925.0,annual,Trail Register Tally_8_9_24_(1).xlsx,aggregated,0,0,aggregated_annual_from_monthly; source_records=12
Mt Tremper,2000-01-01,2000-12-31,2000,,1570.0,annual,Trail Register Tally_8_9_24_(1).xlsx,aggregated,0,0,aggregated_annual_from_monthly; source_records=12
Mt Tremper,2008-01-01,2008-12-31,2008,,2144.888889,annual,Trail Register Tally_8_9_24_(1).xlsx,aggregated,0,0,aggregated_annual_from_monthly; source_records=12
Mt Tremper,2009-01-01,2009-12-31,2009,,2172.375,annual,Trail Register Tally_8_9_24_(1).xlsx,aggregated,0,0,aggregated_annual_from_monthly; source_records=12
Mt Tremper,2011-01-01,2011-12-31,2011,,2274.571428,annual,Trail Register Tally_8_9_24_(1).xlsx,aggregated,0,0,aggregated_annual_from_monthly; source_records=12
Mt Tremper,2015-01-01,2015-12-31,2015,,3554.0,annual,Trail Register Tally_8_9_24_(1).xlsx,aggregated,0,0,aggregated_annual_from_monthly; source_records=12
Mt Tremper,2016-01-01,2016-12-31,2016,,2967.333332,annual,Trail Register Tally_8_9_24_(1).xlsx,aggregated,0,0,aggregated_annual_from_monthly; source_records=12
Mt Tremper,2017-01-01,2017-12-31,2017,,3096.0,annual,Trail Register Tally_8_9_24_(1).xlsx,aggregated,0,0,aggregated_annual_from_monthly; source_records=12
Mt Tremper,2018-01-01,2018-12-31,2018,,3496.0,annual,Trail Register Tally_8_9_24_(1).xlsx,aggregated,0,0,aggregated_annual_from_monthly; source_records=12
Mt Tremper,2019-01-01,2019-12-31,2019,,4635.0,annual,Trail Register Tally_8_9_24_(1).xlsx,aggregated,0,0,aggregated_annual_from_monthly; source_records=12
Mt Tremper,2020-01-01,2020-12-31,2020,,3367.333333,annual,Trail Register Tally_8_9_24_(1).xlsx,aggregated,0,0,aggregated_annual_from_monthly; source_records=12
Mt Tremper,2024-01-01,2024-12-31,2024,,1341.567901,annual,Trail Register Tally_8_9_24_(1).xlsx,aggregated,0,0,aggregated_annual_from_monthly; source_records=4
Mt Tremper,2025-01-01,2025-12-31,2025,,1913.629629,annual,Trail Register Tally_8_9_24_(1).xlsx,aggregated,0,0,aggregated_annual_from_monthly; source_records=8
Mt Tremper,2026-01-01,2026-12-31,2026,,1090.208333,annual,Trail Register Tally_8_9_24_(1).xlsx,aggregated,0,0,aggregated_annual_from_monthly; source_records=4
Mud Pond Trail,1999-01-01,1999-12-31,1999,,89.0,annual,Trail Register Database R4(1).xlsx,aggregated,0,0,aggregated_annual_from_monthly; source_records=6
Mud Pond Trail,2000-01-01,2000-12-31,2000,,337.0,annual,Trail Register Database R4(1).xlsx,aggregated,0,0,aggregated_annual_from_monthly; source_records=12
Mud Pond Trail,2004-01-01,2004-12-31,2004,,261.0,annual,Trail Register Database R4(1).xlsx,aggregated,0,0,aggregated_annual_from_monthly; source_records=11
Mud Pond Trail,2005-01-01,2005-12-31,2005,,222.0,annual,Trail Register Database R4(1).xlsx,aggregated,0,0,aggregated_annual_from_monthly; source_records=12
Mud Pond Trail,2006-01-01,2006-12-31,2006,,205.0,annual,Trail Register Database R4(1).xlsx,aggregated,0,0,aggregated_annual_from_monthly; source_records=10
Mud Pond Trail,2007-01-01,2007-12-31,2007,,103.0,annual,Trail Register Database R4(1).xlsx,aggregated,0,0,aggregated_annual_from_monthly; source_records=11
Mud Pond Trail,2008-01-01,2008-12-31,2008,,120.0,annual,Trail Register Database R4(1).xlsx,aggregated,0,0,aggregated_annual_from_monthly; source_records=10
Mud Pond Trail,2009-01-01,2009-12-31,2009,,169.0,annual,Trail Register Database R4(1).xlsx,aggregated,0,0,aggregated_annual_from_monthly; source_records=12
Mud Pond Trail,2010-01-01,2010-12-31,2010,,96.0,annual,Trail Register Database R4(1).xlsx,aggregated,0,0,aggregated_annual_from_monthly; source_records=12
Mud Pond Trail,2011-01-01,2011-12-31,2011,,92.0,annual,Trail Register Database R4(1).xlsx,aggregated,0,0,aggregated_annual_from_monthly; source_records=12
Mud Pond Trail,2012-01-01,2012-12-31,2012,,79.0,annual,Trail Register Database R4(1).xlsx,aggregated,0,0,aggregated_annual_from_monthly; source_records=12
Mud Pond Trail,2013-01-01,2013-12-31,2013,,80.0,annual,Trail Register Database R4(1).xlsx,aggregated,0,0,aggregated_annual_from_monthly; source_records=12
Mud Pond Trail,2014-01-01,2014-12-31,2014,,62.0,annual,Trail Register Database R4(1).xlsx,aggregated,0,0,aggregated_annual_from_monthly; source_records=12
Mud Pond Trail,2015-01-01,2015-12-31,2015,,110.0,annual,Trail Register Database R4(1).xlsx,aggregated,0,0,aggregated_annual_from_monthly; source_records=12
Mud Pond Trail,2016-01-01,2016-12-31,2016,,110.0,annual,Trail Register Database R4(1).xlsx,aggregated,0,0,aggregated_annual_from_monthly; source_records=12
Mud Pond Trail,2017-01-01,2017-12-31,2017,,93.0,annual,Trail Register Database R4(1).xlsx,aggregated,0,0,aggregated_annual_from_monthly; source_records=11
Mud Pond Trail,2018-01-01,2018-12-31,2018,,45.0,annual,Trail Register Database R4(1).xlsx,aggregated,0,0,aggregated_annual_from_monthly; source_records=11
Mud Pond Trail,2019-01-01,2019-12-31,2019,,63.0,annual,Trail Register Database R4(1).xlsx,aggregated,0,0,aggregated_annual_from_monthly; source_records=12
Mud Pond Trail,2020-01-01,2020-12-31,2020,,111.0,annual,Trail Register Database R4(1).xlsx,aggregated,0,0,aggregated_annual_from_monthly; source_records=12
Mud Pond Trail,2021-01-01,2021-12-31,2021,,74.0,annual,Trail Register Database R4(1).xlsx,aggregated,0,0,aggregated_annual_from_monthly; source_records=12
Mud Pond Trail,2022-01-01,2022-12-31,2022,,19.0,annual,Trail Register Database R4(1).xlsx,aggregated,0,0,aggregated_annual_from_monthly; source_records=12
Mud Pond Trail,2023-01-01,2023-12-31,2023,,36.0,annual,Trail Register Database R4(1).xlsx,aggregated,0,0,aggregated_annual_from_monthly; source_records=12
Mud Pond Trail,2024-01-01,2024-12-31,2024,,146.0,annual,Trail Register Database R4(1).xlsx,aggregated,0,0,aggregated_annual_from_monthly; source_records=12
Neversink Hardenburgh Trail,1991-01-01,1991-12-31,1991,,259.0,annual,Trail Register Tally_8_9_24_(1).xlsx,aggregated,0,0,aggregated_annual_from_monthly; source_records=12
Neversink Hardenburgh Trail,1992-01-01,1992-12-31,1992,,241.0,annual,Trail Register Tally_8_9_24_(1).xlsx,aggregated,0,0,aggregated_annual_from_monthly; source_records=12
Neversink Hardenburgh Trail,1993-01-01,1993-12-31,1993,,327.0,annual,Trail Register Tally_8_9_24_(1).xlsx,aggregated,0,0,aggregated_annual_from_monthly; source_records=12
Neversink Hardenburgh Trail,1994-01-01,1994-12-31,1994,,374.0,annual,Trail Register Tally_8_9_24_(1).xlsx,aggregated,0,0,aggregated_annual_from_monthly; source_records=12
Neversink Hardenburgh Trail,1995-01-01,1995-12-31,1995,,305.0,annual,Trail Register Tally_8_9_24_(1).xlsx,aggregated,0,0,aggregated_annual_from_monthly; source_records=12
Neversink Hardenburgh Trail,1996-01-01,1996-12-31,1996,,278.0,annual,Trail Register Tally_8_9_24_(1).xlsx,aggregated,0,0,aggregated_annual_from_monthly; source_records=12
Neversink Hardenburgh Trail,1997-01-01,1997-12-31,1997,,291.0,annual,Trail Register Tally_8_9_24_(1).xlsx,aggregated,0,0,aggregated_annual_from_monthly; source_records=12
Neversink Hardenburgh Trail,1998-01-01,1998-12-31,1998,,322.0,annual,Trail Register Tally_8_9_24_(1).xlsx,aggregated,0,0,aggregated_annual_from_monthly; source_records=12
Neversink Hardenburgh Trail,1999-01-01,1999-12-31,1999,,243.0,annual,Trail Register Tally_8_9_24_(1).xlsx,aggregated,0,0,aggregated_annual_from_monthly; source_records=12
Neversink Hardenburgh Trail,2000-01-01,2000-12-31,2000,,289.0,annual,Trail Register Tally_8_9_24_(1).xlsx,aggregated,0,0,aggregated_annual_from_monthly; source_records=12
Neversink Hardenburgh Trail,2005-01-01,2005-12-31,2005,,3.0,annual,Trail Register Tally_8_9_24_(1).xlsx,aggregated,0,0,aggregated_annual_from_monthly; source_records=1
Neversink Hardenburgh Trail,2008-01-01,2008-12-31,2008,,202.666666,annual,Trail Register Tally_8_9_24_(1).xlsx,aggregated,0,0,aggregated_annual_from_monthly; source_records=12
Neversink Hardenburgh Trail,2009-01-01,2009-12-31,2009,,197.625,annual,Trail Register Tally_8_9_24_(1).xlsx,aggregated,0,0,aggregated_annual_from_monthly; source_records=12
Neversink Hardenburgh Trail,2010-01-01,2010-12-31,2010,,184.571429,annual,Trail Register Tally_8_9_24_(1).xlsx,aggregated,0,0,aggregated_annual_from_monthly; source_records=12
Neversink Hardenburgh Trail,2011-01-01,2011-12-31,2011,,175.333334,annual,Trail Register Tally_8_9_24_(1).xlsx,aggregated,0,0,aggregated_annual_from_monthly; source_records=12
Neversink Hardenburgh Trail,2012-01-01,2012-12-31,2012,,179.6,annual,Trail Register Tally_8_9_24_(1).xlsx,aggregated,0,0,aggregated_annual_from_monthly; source_records=12
Neversink Hardenburgh Trail,2013-01-01,2013-12-31,2013,,199.5,annual,Trail Register Tally_8_9_24_(1).xlsx,aggregated,0,0,aggregated_annual_from_monthly; source_records=12
Neversink Hardenburgh Trail,2016-01-01,2016-12-31,2016,,206.0,annual,Trail Register Tally_8_9_24_(1).xlsx,aggregated,0,0,aggregated_annual_from_monthly; source_records=12
Neversink Hardenburgh Trail,2017-01-01,2017-12-31,2017,,235.0,annual,Trail Register Tally_8_9_24_(1).xlsx,aggregated,0,0,aggregated_annual_from_monthly; source_records=12
Neversink Hardenburgh Trail,2018-01-01,2018-12-31,2018,,203.0,annual,Trail Register Tally_8_9_24_(1).xlsx,aggregated,0,0,aggregated_annual_from_monthly; source_records=12
Neversink Hardenburgh Trail,2019-01-01,2019-12-31,2019,,276.0,annual,Trail Register Tally_8_9_24_(1).xlsx,aggregated,0,0,aggregated_annual_from_monthly; source_records=12
Neversink Hardenburgh Trail,2020-01-01,2020-12-31,2020,,169.666666,annual,Trail Register Tally_8_9_24_(1).xlsx,aggregated,0,0,aggregated_annual_from_monthly; source_records=12
Neversink Hardenburgh Trail,2024-01-01,2024-12-31,2024,,13.555555,annual,Trail Register Tally_8_9_24_(1).xlsx,aggregated,0,0,aggregated_annual_from_monthly; source_records=2
Neversink Hardenburgh Trail,2025-01-01,2025-12-31,2025,,194.546297,annual,Trail Register Tally_8_9_24_(1).xlsx,aggregated,0,0,aggregated_annual_from_monthly; source_records=12
Neversink Hardenburgh Trail,2026-01-01,2026-12-31,2026,,113.75,annual,Trail Register Tally_8_9_24_(1).xlsx,aggregated,0,0,aggregated_annual_from_monthly; source_records=7
North Dome,2008-01-01,2008-12-31,2008,,157.0,annual,Canister sign in charts R3 and R4 2025.xlsx,Sheet1,152,2,observed_annual_from_canister_location_block | duplicate_agreement_collapsed; considered: Canister sign in charts R3 and R4 2025.xlsx; 2008-2025 Total Canister Sign-In.xlsx
North Dome,2009-01-01,2009-12-31,2009,,155.0,annual,Canister sign in charts R3 and R4 2025.xlsx,Sheet1,153,2,observed_annual_from_canister_location_block | duplicate_agreement_collapsed; considered: Canister sign in charts R3 and R4 2025.xlsx; 2008-2025 Total Canister Sign-In.xlsx
North Dome,2010-01-01,2010-12-31,2010,,229.0,annual,Canister sign in charts R3 and R4 2025.xlsx,Sheet1,154,2,observed_annual_from_canister_location_block | duplicate_agreement_collapsed; considered: Canister sign in charts R3 and R4 2025.xlsx; 2008-2025 Total Canister Sign-In.xlsx
North Dome,2011-01-01,2011-12-31,2011,,257.0,annual,Canister sign in charts R3 and R4 2025.xlsx,Sheet1,155,2,observed_annual_from_canister_location_block | duplicate_agreement_collapsed; considered: Canister sign in charts R3 and R4 2025.xlsx; 2008-2025 Total Canister Sign-In.xlsx
North Dome,2012-01-01,2012-12-31,2012,,371.0,annual,Canister sign in charts R3 and R4 2025.xlsx,Sheet1,156,2,observed_annual_from_canister_location_block | duplicate_agreement_collapsed; considered: Canister sign in charts R3 and R4 2025.xlsx; 2008-2025 Total Canister Sign-In.xlsx
North Dome,2013-01-01,2013-12-31,2013,,377.0,annual,Canister sign in charts R3 and R4 2025.xlsx,Sheet1,157,2,observed_annual_from_canister_location_block | duplicate_agreement_collapsed; considered: Canister sign in charts R3 and R4 2025.xlsx; 2008-2025 Total Canister Sign-In.xlsx
North Dome,2014-01-01,2014-12-31,2014,,422.0,annual,Canister sign in charts R3 and R4 2025.xlsx,Sheet1,158,2,observed_annual_from_canister_location_block | duplicate_agreement_collapsed; considered: Canister sign in charts R3 and R4 2025.xlsx; 2008-2025 Total Canister Sign-In.xlsx
North Dome,2015-01-01,2015-12-31,2015,,466.0,annual,Canister sign in charts R3 and R4 2025.xlsx,Sheet1,159,2,observed_annual_from_canister_location_block | duplicate_agreement_collapsed; considered: Canister sign in charts R3 and R4 2025.xlsx; 2008-2025 Total Canister Sign-In.xlsx
North Dome,2016-01-01,2016-12-31,2016,,576.0,annual,Canister sign in charts R3 and R4 2025.xlsx,Sheet1,160,2,observed_annual_from_canister_location_block | duplicate_agreement_collapsed; considered: Canister sign in charts R3 and R4 2025.xlsx; 2008-2025 Total Canister Sign-In.xlsx
North Dome,2017-01-01,2017-12-31,2017,,672.0,annual,Canister sign in charts R3 and R4 2025.xlsx,Sheet1,161,2,observed_annual_from_canister_location_block | duplicate_agreement_collapsed; considered: Canister sign in charts R3 and R4 2025.xlsx; 2008-2025 Total Canister Sign-In.xlsx
North Dome,2018-01-01,2018-12-31,2018,,523.0,annual,Canister sign in charts R3 and R4 2025.xlsx,Sheet1,162,2,observed_annual_from_canister_location_block | duplicate_agreement_collapsed; considered: Canister sign in charts R3 and R4 2025.xlsx; 2008-2025 Total Canister Sign-In.xlsx
North Dome,2019-01-01,2019-12-31,2019,,614.0,annual,Canister sign in charts R3 and R4 2025.xlsx,Sheet1,163,2,observed_annual_from_canister_location_block | duplicate_agreement_collapsed; considered: Canister sign in charts R3 and R4 2025.xlsx; 2008-2025 Total Canister Sign-In.xlsx
North Dome,2020-01-01,2020-12-31,2020,,1009.0,annual,Canister sign in charts R3 and R4 2025.xlsx,Sheet1,164,2,observed_annual_from_canister_location_block | duplicate_agreement_collapsed; considered: Canister sign in charts R3 and R4 2025.xlsx; 2008-2025 Total Canister Sign-In.xlsx
North Dome,2021-01-01,2021-12-31,2021,,1065.0,annual,Canister sign in charts R3 and R4 2025.xlsx,Sheet1,165,2,observed_annual_from_canister_location_block | duplicate_agreement_collapsed; considered: Canister sign in charts R3 and R4 2025.xlsx; 2008-2025 Total Canister Sign-In.xlsx
North Dome,2022-01-01,2022-12-31,2022,,1012.0,annual,Canister sign in charts R3 and R4 2025.xlsx,Sheet1,166,2,observed_annual_from_canister_location_block | duplicate_agreement_collapsed; considered: Canister sign in charts R3 and R4 2025.xlsx; 2008-2025 Total Canister Sign-In.xlsx
North Dome,2023-01-01,2023-12-31,2023,,979.0,annual,Canister sign in charts R3 and R4 2025.xlsx,Sheet1,167,2,observed_annual_from_canister_location_block | duplicate_agreement_collapsed; considered: Canister sign in charts R3 and R4 2025.xlsx; 2008-2025 Total Canister Sign-In.xlsx
North Dome,2024-01-01,2024-12-31,2024,,828.0,annual,Canister sign in charts R3 and R4 2025.xlsx,Sheet1,168,2,observed_annual_from_canister_location_block | duplicate_agreement_collapsed; considered: Canister sign in charts R3 and R4 2025.xlsx; 2008-2025 Total Canister Sign-In.xlsx
North Dome,2025-01-01,2025-12-31,2025,,851.0,annual,Canister sign in charts R3 and R4 2025.xlsx,Sheet1,169,2,observed_annual_from_canister_location_block | duplicate_agreement_collapsed; considered: Canister sign in charts R3 and R4 2025.xlsx; 2008-2025 Total Canister Sign-In.xlsx
Onteora Lake,2002-01-01,2002-12-31,2002,,567.0,annual,Trail Register Tally_8_9_24_(1).xlsx,aggregated,0,0,aggregated_annual_from_monthly; source_records=12
Onteora Lake,2003-01-01,2003-12-31,2003,,567.0,annual,Trail Register Tally_8_9_24_(1).xlsx,aggregated,0,0,aggregated_annual_from_monthly; source_records=12
Onteora Lake,2004-01-01,2004-12-31,2004,,567.0,annual,Trail Register Tally_8_9_24_(1).xlsx,aggregated,0,0,aggregated_annual_from_monthly; source_records=12
Onteora Lake,2005-01-01,2005-12-31,2005,,567.0,annual,Trail Register Tally_8_9_24_(1).xlsx,aggregated,0,0,aggregated_annual_from_monthly; source_records=12
Onteora Lake,2006-01-01,2006-12-31,2006,,378.0,annual,Trail Register Tally_8_9_24_(1).xlsx,aggregated,0,0,aggregated_annual_from_monthly; source_records=5
Onteora Lake,2008-01-01,2008-12-31,2008,,1377.666667,annual,Trail Register Tally_8_9_24_(1).xlsx,aggregated,0,0,aggregated_annual_from_monthly; source_records=12
Onteora Lake,2009-01-01,2009-12-31,2009,,1377.666667,annual,Trail Register Tally_8_9_24_(1).xlsx,aggregated,0,0,aggregated_annual_from_monthly; source_records=12
Onteora Lake,2011-01-01,2011-12-31,2011,,1470.666667,annual,Trail Register Tally_8_9_24_(1).xlsx,aggregated,0,0,aggregated_annual_from_monthly; source_records=12
Onteora Lake,2015-01-01,2015-12-31,2015,,2933.0,annual,Trail Register Tally_8_9_24_(1).xlsx,aggregated,0,0,aggregated_annual_from_monthly; source_records=12
Onteora Lake,2016-01-01,2016-12-31,2016,,3467.0,annual,Trail Register Tally_8_9_24_(1).xlsx,aggregated,0,0,aggregated_annual_from_monthly; source_records=12
Onteora Lake,2017-01-01,2017-12-31,2017,,3449.0,annual,Trail Register Tally_8_9_24_(1).xlsx,aggregated,0,0,aggregated_annual_from_monthly; source_records=12
Onteora Lake,2018-01-01,2018-12-31,2018,,3184.0,annual,Trail Register Tally_8_9_24_(1).xlsx,aggregated,0,0,aggregated_annual_from_monthly; source_records=12
Onteora Lake,2019-01-01,2019-12-31,2019,,3590.0,annual,Trail Register Tally_8_9_24_(1).xlsx,aggregated,0,0,aggregated_annual_from_monthly; source_records=12
Onteora Lake,2020-01-01,2020-12-31,2020,,3407.666667,annual,Trail Register Tally_8_9_24_(1).xlsx,aggregated,0,0,aggregated_annual_from_monthly; source_records=12
Onteora Lake,2021-01-01,2021-12-31,2021,,2943.296295,annual,Trail Register Tally_8_9_24_(1).xlsx,aggregated,0,0,aggregated_annual_from_monthly; source_records=12
Onteora Lake,2022-01-01,2022-12-31,2022,,141.708333,annual,Trail Register Tally_8_9_24_(1).xlsx,aggregated,0,0,aggregated_annual_from_monthly; source_records=1
Onteora Lake,2024-01-01,2024-12-31,2024,,943.708333,annual,Trail Register Tally_8_9_24_(1).xlsx,aggregated,0,0,aggregated_annual_from_monthly; source_records=4
Onteora Lake,2025-01-01,2025-12-31,2025,,2986.944444,annual,Trail Register Tally_8_9_24_(1).xlsx,aggregated,0,0,aggregated_annual_from_monthly; source_records=12
Onteora Lake,2026-01-01,2026-12-31,2026,,1644.233333,annual,Trail Register Tally_8_9_24_(1).xlsx,aggregated,0,0,aggregated_annual_from_monthly; source_records=7
Overlook,1991-01-01,1991-12-31,1991,,4030.0,annual,Trail Register Tally_8_9_24_(1).xlsx,aggregated,0,0,aggregated_annual_from_monthly; source_records=12
Overlook,1992-01-01,1992-12-31,1992,,2993.0,annual,Trail Register Tally_8_9_24_(1).xlsx,aggregated,0,0,aggregated_annual_from_monthly; source_records=12
Overlook,1993-01-01,1993-12-31,1993,,3251.0,annual,Trail Register Tally_8_9_24_(1).xlsx,aggregated,0,0,aggregated_annual_from_monthly; source_records=12
Overlook,1994-01-01,1994-12-31,1994,,5256.0,annual,Trail Register Tally_8_9_24_(1).xlsx,aggregated,0,0,aggregated_annual_from_monthly; source_records=12
Overlook,1995-01-01,1995-12-31,1995,,4876.0,annual,Trail Register Tally_8_9_24_(1).xlsx,aggregated,0,0,aggregated_annual_from_monthly; source_records=12
Overlook,1996-01-01,1996-12-31,1996,,5005.0,annual,Trail Register Tally_8_9_24_(1).xlsx,aggregated,0,0,aggregated_annual_from_monthly; source_records=12
Overlook,1997-01-01,1997-12-31,1997,,6392.0,annual,Trail Register Tally_8_9_24_(1).xlsx,aggregated,0,0,aggregated_annual_from_monthly; source_records=12
Overlook,1998-01-01,1998-12-31,1998,,6869.0,annual,Trail Register Tally_8_9_24_(1).xlsx,aggregated,0,0,aggregated_annual_from_monthly; source_records=12
Overlook,1999-01-01,1999-12-31,1999,,6088.0,annual,Trail Register Tally_8_9_24_(1).xlsx,aggregated,0,0,aggregated_annual_from_monthly; source_records=12
Overlook,2000-01-01,2000-12-31,2000,,5676.0,annual,Trail Register Tally_8_9_24_(1).xlsx,aggregated,0,0,aggregated_annual_from_monthly; source_records=12
Overlook,2008-01-01,2008-12-31,2008,,6641.444444,annual,Trail Register Tally_8_9_24_(1).xlsx,aggregated,0,0,aggregated_annual_from_monthly; source_records=12
Overlook,2009-01-01,2009-12-31,2009,,6710.625,annual,Trail Register Tally_8_9_24_(1).xlsx,aggregated,0,0,aggregated_annual_from_monthly; source_records=12
Overlook,2011-01-01,2011-12-31,2011,,7006.142856,annual,Trail Register Tally_8_9_24_(1).xlsx,aggregated,0,0,aggregated_annual_from_monthly; source_records=12
Overlook,2015-01-01,2015-12-31,2015,,12610.0,annual,Trail Register Tally_8_9_24_(1).xlsx,aggregated,0,0,aggregated_annual_from_monthly; source_records=12
Overlook,2016-01-01,2016-12-31,2016,,10933.333333,annual,Trail Register Tally_8_9_24_(1).xlsx,aggregated,0,0,aggregated_annual_from_monthly; source_records=12
Overlook,2017-01-01,2017-12-31,2017,,16658.0,annual,Trail Register Tally_8_9_24_(1).xlsx,aggregated,0,0,aggregated_annual_from_monthly; source_records=12
Overlook,2018-01-01,2018-12-31,2018,,14888.0,annual,Trail Register Tally_8_9_24_(1).xlsx,aggregated,0,0,aggregated_annual_from_monthly; source_records=12
Overlook,2019-01-01,2019-12-31,2019,,12762.0,annual,Trail Register Tally_8_9_24_(1).xlsx,aggregated,0,0,aggregated_annual_from_monthly; source_records=12
Overlook,2020-01-01,2020-12-31,2020,,9107.0,annual,Trail Register Tally_8_9_24_(1).xlsx,aggregated,0,0,aggregated_annual_from_monthly; source_records=12
Overlook,2026-01-01,2026-12-31,2026,,4423.111111,annual,Trail Register Tally_8_9_24_(1).xlsx,aggregated,0,0,aggregated_annual_from_monthly; source_records=4
Peekamoose,1991-01-01,1991-12-31,1991,,1352.0,annual,Trail Register Tally_8_9_24_(1).xlsx,aggregated,0,0,aggregated_annual_from_monthly; source_records=12
Peekamoose,1992-01-01,1992-12-31,1992,,1377.0,annual,Trail Register Tally_8_9_24_(1).xlsx,aggregated,0,0,aggregated_annual_from_monthly; source_records=12
Peekamoose,1993-01-01,1993-12-31,1993,,1622.0,annual,Trail Register Tally_8_9_24_(1).xlsx,aggregated,0,0,aggregated_annual_from_monthly; source_records=12
Peekamoose,1994-01-01,1994-12-31,1994,,1646.0,annual,Trail Register Tally_8_9_24_(1).xlsx,aggregated,0,0,aggregated_annual_from_monthly; source_records=12
Peekamoose,1995-01-01,1995-12-31,1995,,1682.0,annual,Trail Register Tally_8_9_24_(1).xlsx,aggregated,0,0,aggregated_annual_from_monthly; source_records=12
Peekamoose,1996-01-01,1996-12-31,1996,,1665.0,annual,Trail Register Tally_8_9_24_(1).xlsx,aggregated,0,0,aggregated_annual_from_monthly; source_records=12
Peekamoose,1997-01-01,1997-12-31,1997,,1876.0,annual,Trail Register Tally_8_9_24_(1).xlsx,aggregated,0,0,aggregated_annual_from_monthly; source_records=12
Peekamoose,1998-01-01,1998-12-31,1998,,1903.0,annual,Trail Register Tally_8_9_24_(1).xlsx,aggregated,0,0,aggregated_annual_from_monthly; source_records=12
Peekamoose,1999-01-01,1999-12-31,1999,,1504.0,annual,Trail Register Tally_8_9_24_(1).xlsx,aggregated,0,0,aggregated_annual_from_monthly; source_records=12
Peekamoose,2000-01-01,2000-12-31,2000,,1586.0,annual,Trail Register Tally_8_9_24_(1).xlsx,aggregated,0,0,aggregated_annual_from_monthly; source_records=12
Peekamoose,2005-01-01,2005-12-31,2005,,210.0,annual,Trail Register Tally_8_9_24_(1).xlsx,aggregated,0,0,aggregated_annual_from_monthly; source_records=1
Peekamoose,2008-01-01,2008-12-31,2008,,1614.444443,annual,Trail Register Tally_8_9_24_(1).xlsx,aggregated,0,0,aggregated_annual_from_monthly; source_records=12
Peekamoose,2009-01-01,2009-12-31,2009,,1628.25,annual,Trail Register Tally_8_9_24_(1).xlsx,aggregated,0,0,aggregated_annual_from_monthly; source_records=12
Peekamoose,2011-01-01,2011-12-31,2011,,1648.571427,annual,Trail Register Tally_8_9_24_(1).xlsx,aggregated,0,0,aggregated_annual_from_monthly; source_records=12
Peekamoose,2013-01-01,2013-12-31,2013,,157.833334,annual,Trail Register Tally_8_9_24_(1).xlsx,aggregated,0,0,aggregated_annual_from_monthly; source_records=2
Peekamoose,2014-01-01,2014-12-31,2014,,2464.0,annual,Trail Register Tally_8_9_24_(1).xlsx,aggregated,0,0,aggregated_annual_from_monthly; source_records=12
Peekamoose,2015-01-01,2015-12-31,2015,,2866.0,annual,Trail Register Tally_8_9_24_(1).xlsx,aggregated,0,0,aggregated_annual_from_monthly; source_records=12
Peekamoose,2016-01-01,2016-12-31,2016,,3168.0,annual,Trail Register Tally_8_9_24_(1).xlsx,aggregated,0,0,aggregated_annual_from_monthly; source_records=12
Peekamoose,2017-01-01,2017-12-31,2017,,2814.0,annual,Trail Register Tally_8_9_24_(1).xlsx,aggregated,0,0,aggregated_annual_from_monthly; source_records=12
Peekamoose,2018-01-01,2018-12-31,2018,,2334.0,annual,Trail Register Tally_8_9_24_(1).xlsx,aggregated,0,0,aggregated_annual_from_monthly; source_records=12
Peekamoose,2019-01-01,2019-12-31,2019,,2713.0,annual,Trail Register Tally_8_9_24_(1).xlsx,aggregated,0,0,aggregated_annual_from_monthly; source_records=12
Peekamoose,2020-01-01,2020-12-31,2020,,3396.0,annual,Trail Register Tally_8_9_24_(1).xlsx,aggregated,0,0,aggregated_annual_from_monthly; source_records=12
Peekamoose,2023-01-01,2023-12-31,2023,,1525.0,annual,Trail Register Tally_8_9_24_(1).xlsx,aggregated,0,0,aggregated_annual_from_monthly; source_records=6
Peekamoose,2024-01-01,2024-12-31,2024,,2538.069445,annual,Trail Register Tally_8_9_24_(1).xlsx,aggregated,0,0,aggregated_annual_from_monthly; source_records=12
Peekamoose,2025-01-01,2025-12-31,2025,,2489.285714,annual,Trail Register Tally_8_9_24_(1).xlsx,aggregated,0,0,aggregated_annual_from_monthly; source_records=12
Peekamoose,2026-01-01,2026-12-31,2026,,1320.833334,annual,Trail Register Tally_8_9_24_(1).xlsx,aggregated,0,0,aggregated_annual_from_monthly; source_records=7
Ploutz Rd (Huckleberry Loop S),1997-01-01,1997-12-31,1997,,44.0,annual,Trail Register Database R4(1).xlsx,aggregated,0,0,aggregated_annual_from_monthly; source_records=8
Ploutz Rd (Huckleberry Loop S),1998-01-01,1998-12-31,1998,,64.0,annual,Trail Register Database R4(1).xlsx,aggregated,0,0,aggregated_annual_from_monthly; source_records=10
Ploutz Rd (Huckleberry Loop S),1999-01-01,1999-12-31,1999,,110.0,annual,Trail Register Database R4(1).xlsx,aggregated,0,0,aggregated_annual_from_monthly; source_records=11
Ploutz Rd (Huckleberry Loop S),2000-01-01,2000-12-31,2000,,119.0,annual,Trail Register Database R4(1).xlsx,aggregated,0,0,aggregated_annual_from_monthly; source_records=12
Ploutz Rd (Huckleberry Loop S),2004-01-01,2004-12-31,2004,,131.0,annual,Trail Register Database R4(1).xlsx,aggregated,0,0,aggregated_annual_from_monthly; source_records=12
Ploutz Rd (Huckleberry Loop S),2005-01-01,2005-12-31,2005,,128.0,annual,Trail Register Database R4(1).xlsx,aggregated,0,0,aggregated_annual_from_monthly; source_records=11
Ploutz Rd (Huckleberry Loop S),2006-01-01,2006-12-31,2006,,142.0,annual,Trail Register Database R4(1).xlsx,aggregated,0,0,aggregated_annual_from_monthly; source_records=12
Ploutz Rd (Huckleberry Loop S),2007-01-01,2007-12-31,2007,,143.0,annual,Trail Register Database R4(1).xlsx,aggregated,0,0,aggregated_annual_from_monthly; source_records=11
Ploutz Rd (Huckleberry Loop S),2008-01-01,2008-12-31,2008,,146.0,annual,Trail Register Database R4(1).xlsx,aggregated,0,0,aggregated_annual_from_monthly; source_records=12
Ploutz Rd (Huckleberry Loop S),2009-01-01,2009-12-31,2009,,223.0,annual,Trail Register Database R4(1).xlsx,aggregated,0,0,aggregated_annual_from_monthly; source_records=12
Ploutz Rd (Huckleberry Loop S),2010-01-01,2010-12-31,2010,,120.0,annual,Trail Register Database R4(1).xlsx,aggregated,0,0,aggregated_annual_from_monthly; source_records=12
Ploutz Rd (Huckleberry Loop S),2011-01-01,2011-12-31,2011,,66.0,annual,Trail Register Database R4(1).xlsx,aggregated,0,0,aggregated_annual_from_monthly; source_records=12
Ploutz Rd (Huckleberry Loop S),2012-01-01,2012-12-31,2012,,88.0,annual,Trail Register Database R4(1).xlsx,aggregated,0,0,aggregated_annual_from_monthly; source_records=9
Ploutz Rd (Huckleberry Loop S),2013-01-01,2013-12-31,2013,,62.0,annual,Trail Register Database R4(1).xlsx,aggregated,0,0,aggregated_annual_from_monthly; source_records=8
Ploutz Rd (Huckleberry Loop S),2014-01-01,2014-12-31,2014,,120.0,annual,Trail Register Database R4(1).xlsx,aggregated,0,0,aggregated_annual_from_monthly; source_records=12
Ploutz Rd (Huckleberry Loop S),2015-01-01,2015-12-31,2015,,117.0,annual,Trail Register Database R4(1).xlsx,aggregated,0,0,aggregated_annual_from_monthly; source_records=12
Ploutz Rd (Huckleberry Loop S),2016-01-01,2016-12-31,2016,,122.0,annual,Trail Register Database R4(1).xlsx,aggregated,0,0,aggregated_annual_from_monthly; source_records=12
Ploutz Rd (Huckleberry Loop S),2017-01-01,2017-12-31,2017,,93.0,annual,Trail Register Database R4(1).xlsx,aggregated,0,0,aggregated_annual_from_monthly; source_records=12
Ploutz Rd (Huckleberry Loop S),2018-01-01,2018-12-31,2018,,51.0,annual,Trail Register Database R4(1).xlsx,aggregated,0,0,aggregated_annual_from_monthly; source_records=9
Ploutz Rd (Huckleberry Loop S),2019-01-01,2019-12-31,2019,,98.0,annual,Trail Register Database R4(1).xlsx,aggregated,0,0,aggregated_annual_from_monthly; source_records=12
Ploutz Rd (Huckleberry Loop S),2020-01-01,2020-12-31,2020,,142.0,annual,Trail Register Database R4(1).xlsx,aggregated,0,0,aggregated_annual_from_monthly; source_records=12
Ploutz Rd (Huckleberry Loop S),2021-01-01,2021-12-31,2021,,149.0,annual,Trail Register Database R4(1).xlsx,aggregated,0,0,aggregated_annual_from_monthly; source_records=12
Ploutz Rd (Huckleberry Loop S),2022-01-01,2022-12-31,2022,,223.0,annual,Trail Register Database R4(1).xlsx,aggregated,0,0,aggregated_annual_from_monthly; source_records=12
Ploutz Rd (Huckleberry Loop S),2023-01-01,2023-12-31,2023,,225.0,annual,Trail Register Database R4(1).xlsx,aggregated,0,0,aggregated_annual_from_monthly; source_records=12
Ploutz Rd (Huckleberry Loop S),2024-01-01,2024-12-31,2024,,201.0,annual,Trail Register Database R4(1).xlsx,aggregated,0,0,aggregated_annual_from_monthly; source_records=12
Ploutz Rd (Huckleberry Loop S),2025-01-01,2025-12-31,2025,,186.0,annual,Trail Register Database R4(1).xlsx,aggregated,0,0,aggregated_annual_from_monthly; source_records=12
Ploutz Rd (Huckleberry Loop S),2026-01-01,2026-12-31,2026,,2.0,annual,Trail Register Database R4(1).xlsx,aggregated,0,0,aggregated_annual_from_monthly; source_records=1
Prediger Road,1996-01-01,1996-12-31,1996,,1469.0,annual,Trail Register Database R4(1).xlsx,aggregated,0,0,aggregated_annual_from_monthly; source_records=7
Prediger Road,1998-01-01,1998-12-31,1998,,3110.0,annual,Trail Register Database R4(1).xlsx,aggregated,0,0,aggregated_annual_from_monthly; source_records=12
Prediger Road,1999-01-01,1999-12-31,1999,,3288.0,annual,Trail Register Database R4(1).xlsx,aggregated,0,0,aggregated_annual_from_monthly; source_records=12
Prediger Road,2000-01-01,2000-12-31,2000,,2727.0,annual,Trail Register Database R4(1).xlsx,aggregated,0,0,aggregated_annual_from_monthly; source_records=12
Prediger Road,2004-01-01,2004-12-31,2004,,2617.0,annual,Trail Register Database R4(1).xlsx,aggregated,0,0,aggregated_annual_from_monthly; source_records=12
Prediger Road,2005-01-01,2005-12-31,2005,,2339.0,annual,Trail Register Database R4(1).xlsx,aggregated,0,0,aggregated_annual_from_monthly; source_records=12
Prediger Road,2006-01-01,2006-12-31,2006,,2630.0,annual,Trail Register Database R4(1).xlsx,aggregated,0,0,aggregated_annual_from_monthly; source_records=12
Prediger Road,2007-01-01,2007-12-31,2007,,2607.0,annual,Trail Register Database R4(1).xlsx,aggregated,0,0,aggregated_annual_from_monthly; source_records=12
Prediger Road,2008-01-01,2008-12-31,2008,,2252.0,annual,Trail Register Database R4(1).xlsx,aggregated,0,0,aggregated_annual_from_monthly; source_records=12
Prediger Road,2009-01-01,2009-12-31,2009,,2465.0,annual,Trail Register Database R4(1).xlsx,aggregated,0,0,aggregated_annual_from_monthly; source_records=12
Prediger Road,2010-01-01,2010-12-31,2010,,2824.0,annual,Trail Register Database R4(1).xlsx,aggregated,0,0,aggregated_annual_from_monthly; source_records=12
Prediger Road,2011-01-01,2011-12-31,2011,,2656.0,annual,Trail Register Database R4(1).xlsx,aggregated,0,0,aggregated_annual_from_monthly; source_records=12
Prediger Road,2012-01-01,2012-12-31,2012,,2683.0,annual,Trail Register Database R4(1).xlsx,aggregated,0,0,aggregated_annual_from_monthly; source_records=11
Prediger Road,2013-01-01,2013-12-31,2013,,1842.0,annual,Trail Register Database R4(1).xlsx,aggregated,0,0,aggregated_annual_from_monthly; source_records=6
Prediger Road,2014-01-01,2014-12-31,2014,,6700.0,annual,Trail Register Database R4(1).xlsx,aggregated,0,0,aggregated_annual_from_monthly; source_records=12
Prediger Road,2015-01-01,2015-12-31,2015,,4843.0,annual,Trail Register Database R4(1).xlsx,aggregated,0,0,aggregated_annual_from_monthly; source_records=11
Prediger Road,2016-01-01,2016-12-31,2016,,5510.0,annual,Trail Register Database R4(1).xlsx,aggregated,0,0,aggregated_annual_from_monthly; source_records=12
Prediger Road,2017-01-01,2017-12-31,2017,,5123.0,annual,Trail Register Database R4(1).xlsx,aggregated,0,0,aggregated_annual_from_monthly; source_records=12
Prediger Road,2018-01-01,2018-12-31,2018,,2983.0,annual,Trail Register Database R4(1).xlsx,aggregated,0,0,aggregated_annual_from_monthly; source_records=12
Prediger Road,2019-01-01,2019-12-31,2019,,3491.0,annual,Trail Register Database R4(1).xlsx,aggregated,0,0,aggregated_annual_from_monthly; source_records=12
Prediger Road,2020-01-01,2020-12-31,2020,,4951.0,annual,Trail Register Database R4(1).xlsx,aggregated,0,0,aggregated_annual_from_monthly; source_records=12
Prediger Road,2021-01-01,2021-12-31,2021,,4316.0,annual,Trail Register Database R4(1).xlsx,aggregated,0,0,aggregated_annual_from_monthly; source_records=12
Prediger Road,2022-01-01,2022-12-31,2022,,3610.0,annual,Trail Register Database R4(1).xlsx,aggregated,0,0,aggregated_annual_from_monthly; source_records=10
Prediger Road,2023-01-01,2023-12-31,2023,,3161.0,annual,Trail Register Database R4(1).xlsx,aggregated,0,0,aggregated_annual_from_monthly; source_records=12
Prediger Road,2024-01-01,2024-12-31,2024,,2302.0,annual,Trail Register Database R4(1).xlsx,aggregated,0,0,aggregated_annual_from_monthly; source_records=11
Prediger Road,2025-01-01,2025-12-31,2025,,1451.0,annual,Trail Register Database R4(1).xlsx,aggregated,0,0,aggregated_annual_from_monthly; source_records=7
Red Hill Dinch Road,2002-01-01,2002-12-31,2002,,636.0,annual,Trail Register Tally_8_9_24_(1).xlsx,aggregated,0,0,aggregated_annual_from_monthly; source_records=7
Red Hill Dinch Road,2003-01-01,2003-12-31,2003,,115.0,annual,Trail Register Tally_8_9_24_(1).xlsx,aggregated,0,0,aggregated_annual_from_monthly; source_records=5
Red Hill Dinch Road,2008-01-01,2008-12-31,2008,,795.066667,annual,Trail Register Tally_8_9_24_(1).xlsx,aggregated,0,0,aggregated_annual_from_monthly; source_records=12
Red Hill Dinch Road,2009-01-01,2009-12-31,2009,,795.066667,annual,Trail Register Tally_8_9_24_(1).xlsx,aggregated,0,0,aggregated_annual_from_monthly; source_records=12
Red Hill Dinch Road,2011-01-01,2011-12-31,2011,,864.452382,annual,Trail Register Tally_8_9_24_(1).xlsx,aggregated,0,0,aggregated_annual_from_monthly; source_records=12
Red Hill Dinch Road,2013-01-01,2013-12-31,2013,,192.999999,annual,Trail Register Tally_8_9_24_(1).xlsx,aggregated,0,0,aggregated_annual_from_monthly; source_records=3
Red Hill Dinch Road,2014-01-01,2014-12-31,2014,,24.0,annual,Trail Register Tally_8_9_24_(1).xlsx,aggregated,0,0,aggregated_annual_from_monthly; source_records=1
Red Hill Dinch Road,2015-01-01,2015-12-31,2015,,1807.0,annual,Trail Register Tally_8_9_24_(1).xlsx,aggregated,0,0,aggregated_annual_from_monthly; source_records=12
Red Hill Dinch Road,2016-01-01,2016-12-31,2016,,2222.0,annual,Trail Register Tally_8_9_24_(1).xlsx,aggregated,0,0,aggregated_annual_from_monthly; source_records=12
Red Hill Dinch Road,2017-01-01,2017-12-31,2017,,2331.0,annual,Trail Register Tally_8_9_24_(1).xlsx,aggregated,0,0,aggregated_annual_from_monthly; source_records=12
Red Hill Dinch Road,2018-01-01,2018-12-31,2018,,2270.0,annual,Trail Register Tally_8_9_24_(1).xlsx,aggregated,0,0,aggregated_annual_from_monthly; source_records=12
Red Hill Dinch Road,2019-01-01,2019-12-31,2019,,3755.0,annual,Trail Register Tally_8_9_24_(1).xlsx,aggregated,0,0,aggregated_annual_from_monthly; source_records=12
Red Hill Dinch Road,2020-01-01,2020-12-31,2020,,3397.0,annual,Trail Register Tally_8_9_24_(1).xlsx,aggregated,0,0,aggregated_annual_from_monthly; source_records=12
Red Hill Dinch Road,2022-01-01,2022-12-31,2022,,80.666667,annual,Trail Register Tally_8_9_24_(1).xlsx,aggregated,0,0,aggregated_annual_from_monthly; source_records=2
Red Hill Dinch Road,2024-01-01,2024-12-31,2024,,2261.111111,annual,Trail Register Tally_8_9_24_(1).xlsx,aggregated,0,0,aggregated_annual_from_monthly; source_records=9
Red Hill Dinch Road,2025-01-01,2025-12-31,2025,,2521.5,annual,Trail Register Tally_8_9_24_(1).xlsx,aggregated,0,0,aggregated_annual_from_monthly; source_records=12
Red Hill Dinch Road,2026-01-01,2026-12-31,2026,,1166.410715,annual,Trail Register Tally_8_9_24_(1).xlsx,aggregated,0,0,aggregated_annual_from_monthly; source_records=7
Rider Hollow,1991-01-01,1991-12-31,1991,,512.0,annual,Trail Register Tally_8_9_24_(1).xlsx,aggregated,0,0,aggregated_annual_from_monthly; source_records=12
Rider Hollow,1992-01-01,1992-12-31,1992,,524.0,annual,Trail Register Tally_8_9_24_(1).xlsx,aggregated,0,0,aggregated_annual_from_monthly; source_records=12
Rider Hollow,1993-01-01,1993-12-31,1993,,574.0,annual,Trail Register Tally_8_9_24_(1).xlsx,aggregated,0,0,aggregated_annual_from_monthly; source_records=12
Rider Hollow,1994-01-01,1994-12-31,1994,,687.0,annual,Trail Register Tally_8_9_24_(1).xlsx,aggregated,0,0,aggregated_annual_from_monthly; source_records=12
Rider Hollow,1995-01-01,1995-12-31,1995,,862.0,annual,Trail Register Tally_8_9_24_(1).xlsx,aggregated,0,0,aggregated_annual_from_monthly; source_records=12
Rider Hollow,1996-01-01,1996-12-31,1996,,755.0,annual,Trail Register Tally_8_9_24_(1).xlsx,aggregated,0,0,aggregated_annual_from_monthly; source_records=12
Rider Hollow,1997-01-01,1997-12-31,1997,,885.0,annual,Trail Register Tally_8_9_24_(1).xlsx,aggregated,0,0,aggregated_annual_from_monthly; source_records=12
Rider Hollow,1998-01-01,1998-12-31,1998,,837.0,annual,Trail Register Tally_8_9_24_(1).xlsx,aggregated,0,0,aggregated_annual_from_monthly; source_records=12
Rider Hollow,1999-01-01,1999-12-31,1999,,898.0,annual,Trail Register Tally_8_9_24_(1).xlsx,aggregated,0,0,aggregated_annual_from_monthly; source_records=12
Rider Hollow,2000-01-01,2000-12-31,2000,,754.0,annual,Trail Register Tally_8_9_24_(1).xlsx,aggregated,0,0,aggregated_annual_from_monthly; source_records=12
Rider Hollow,2008-01-01,2008-12-31,2008,,917.0,annual,Trail Register Tally_8_9_24_(1).xlsx,aggregated,0,0,aggregated_annual_from_monthly; source_records=12
Rider Hollow,2009-01-01,2009-12-31,2009,,919.375,annual,Trail Register Tally_8_9_24_(1).xlsx,aggregated,0,0,aggregated_annual_from_monthly; source_records=12
Rider Hollow,2011-01-01,2011-12-31,2011,,966.0,annual,Trail Register Tally_8_9_24_(1).xlsx,aggregated,0,0,aggregated_annual_from_monthly; source_records=12
Rider Hollow,2013-01-01,2013-12-31,2013,,97.166667,annual,Trail Register Tally_8_9_24_(1).xlsx,aggregated,0,0,aggregated_annual_from_monthly; source_records=1
Rider Hollow,2015-01-01,2015-12-31,2015,,1491.0,annual,Trail Register Tally_8_9_24_(1).xlsx,aggregated,0,0,aggregated_annual_from_monthly; source_records=12
Rider Hollow,2016-01-01,2016-12-31,2016,,1884.0,annual,Trail Register Tally_8_9_24_(1).xlsx,aggregated,0,0,aggregated_annual_from_monthly; source_records=12
Rider Hollow,2017-01-01,2017-12-31,2017,,1317.0,annual,Trail Register Tally_8_9_24_(1).xlsx,aggregated,0,0,aggregated_annual_from_monthly; source_records=12
Rider Hollow,2018-01-01,2018-12-31,2018,,1497.0,annual,Trail Register Tally_8_9_24_(1).xlsx,aggregated,0,0,aggregated_annual_from_monthly; source_records=12
Rider Hollow,2019-01-01,2019-12-31,2019,,2040.0,annual,Trail Register Tally_8_9_24_(1).xlsx,aggregated,0,0,aggregated_annual_from_monthly; source_records=12
Rider Hollow,2020-01-01,2020-12-31,2020,,3101.0,annual,Trail Register Tally_8_9_24_(1).xlsx,aggregated,0,0,aggregated_annual_from_monthly; source_records=12
Rider Hollow,2024-01-01,2024-12-31,2024,,471.592592,annual,Trail Register Tally_8_9_24_(1).xlsx,aggregated,0,0,aggregated_annual_from_monthly; source_records=3
Rider Hollow,2025-01-01,2025-12-31,2025,,1984.282407,annual,Trail Register Tally_8_9_24_(1).xlsx,aggregated,0,0,aggregated_annual_from_monthly; source_records=12
Rider Hollow,2026-01-01,2026-12-31,2026,,1101.750001,annual,Trail Register Tally_8_9_24_(1).xlsx,aggregated,0,0,aggregated_annual_from_monthly; source_records=7
Roaring Kill,1996-01-01,1996-12-31,1996,,400.0,annual,Trail Register Database R4(1).xlsx,aggregated,0,0,aggregated_annual_from_monthly; source_records=8
Roaring Kill,1997-01-01,1997-12-31,1997,,951.0,annual,Trail Register Database R4(1).xlsx,aggregated,0,0,aggregated_annual_from_monthly; source_records=12
Roaring Kill,1998-01-01,1998-12-31,1998,,1125.0,annual,Trail Register Database R4(1).xlsx,aggregated,0,0,aggregated_annual_from_monthly; source_records=11
Roaring Kill,1999-01-01,1999-12-31,1999,,1771.0,annual,Trail Register Database R4(1).xlsx,aggregated,0,0,aggregated_annual_from_monthly; source_records=12
Roaring Kill,2000-01-01,2000-12-31,2000,,2258.0,annual,Trail Register Database R4(1).xlsx,aggregated,0,0,aggregated_annual_from_monthly; source_records=12
Roaring Kill,2004-01-01,2004-12-31,2004,,2440.0,annual,Trail Register Database R4(1).xlsx,aggregated,0,0,aggregated_annual_from_monthly; source_records=12
Roaring Kill,2005-01-01,2005-12-31,2005,,1700.0,annual,Trail Register Database R4(1).xlsx,aggregated,0,0,aggregated_annual_from_monthly; source_records=10
Roaring Kill,2006-01-01,2006-12-31,2006,,2003.0,annual,Trail Register Database R4(1).xlsx,aggregated,0,0,aggregated_annual_from_monthly; source_records=12
Roaring Kill,2007-01-01,2007-12-31,2007,,1881.0,annual,Trail Register Database R4(1).xlsx,aggregated,0,0,aggregated_annual_from_monthly; source_records=12
Roaring Kill,2008-01-01,2008-12-31,2008,,1924.0,annual,Trail Register Database R4(1).xlsx,aggregated,0,0,aggregated_annual_from_monthly; source_records=12
Roaring Kill,2009-01-01,2009-12-31,2009,,1791.0,annual,Trail Register Database R4(1).xlsx,aggregated,0,0,aggregated_annual_from_monthly; source_records=11
Roaring Kill,2010-01-01,2010-12-31,2010,,2347.0,annual,Trail Register Database R4(1).xlsx,aggregated,0,0,aggregated_annual_from_monthly; source_records=12
Roaring Kill,2011-01-01,2011-12-31,2011,,1705.0,annual,Trail Register Database R4(1).xlsx,aggregated,0,0,aggregated_annual_from_monthly; source_records=12
Roaring Kill,2012-01-01,2012-12-31,2012,,1946.0,annual,Trail Register Database R4(1).xlsx,aggregated,0,0,aggregated_annual_from_monthly; source_records=11
Roaring Kill,2013-01-01,2013-12-31,2013,,1437.0,annual,Trail Register Database R4(1).xlsx,aggregated,0,0,aggregated_annual_from_monthly; source_records=6
Roaring Kill,2014-01-01,2014-12-31,2014,,2410.0,annual,Trail Register Database R4(1).xlsx,aggregated,0,0,aggregated_annual_from_monthly; source_records=12
Roaring Kill,2015-01-01,2015-12-31,2015,,3209.0,annual,Trail Register Database R4(1).xlsx,aggregated,0,0,aggregated_annual_from_monthly; source_records=12
Roaring Kill,2016-01-01,2016-12-31,2016,,3478.0,annual,Trail Register Database R4(1).xlsx,aggregated,0,0,aggregated_annual_from_monthly; source_records=12
Roaring Kill,2017-01-01,2017-12-31,2017,,3459.0,annual,Trail Register Database R4(1).xlsx,aggregated,0,0,aggregated_annual_from_monthly; source_records=12
Roaring Kill,2018-01-01,2018-12-31,2018,,2983.0,annual,Trail Register Database R4(1).xlsx,aggregated,0,0,aggregated_annual_from_monthly; source_records=12
Roaring Kill,2019-01-01,2019-12-31,2019,,3491.0,annual,Trail Register Database R4(1).xlsx,aggregated,0,0,aggregated_annual_from_monthly; source_records=12
Roaring Kill,2020-01-01,2020-12-31,2020,,4951.0,annual,Trail Register Database R4(1).xlsx,aggregated,0,0,aggregated_annual_from_monthly; source_records=12
Roaring Kill,2021-01-01,2021-12-31,2021,,3609.0,annual,Trail Register Database R4(1).xlsx,aggregated,0,0,aggregated_annual_from_monthly; source_records=12
Roaring Kill,2022-01-01,2022-12-31,2022,,3053.0,annual,Trail Register Database R4(1).xlsx,aggregated,0,0,aggregated_annual_from_monthly; source_records=12
Roaring Kill,2023-01-01,2023-12-31,2023,,2653.0,annual,Trail Register Database R4(1).xlsx,aggregated,0,0,aggregated_annual_from_monthly; source_records=12
Roaring Kill,2024-01-01,2024-12-31,2024,,1561.0,annual,Trail Register Database R4(1).xlsx,aggregated,0,0,aggregated_annual_from_monthly; source_records=8
Rochester Hollow,1991-01-01,1991-12-31,1991,,4760.0,annual,Trail Register Tally_8_9_24_(1).xlsx,aggregated,0,0,aggregated_annual_from_monthly; source_records=12
Rochester Hollow,1992-01-01,1992-12-31,1992,,4535.0,annual,Trail Register Tally_8_9_24_(1).xlsx,aggregated,0,0,aggregated_annual_from_monthly; source_records=12
Rochester Hollow,1993-01-01,1993-12-31,1993,,4439.0,annual,Trail Register Tally_8_9_24_(1).xlsx,aggregated,0,0,aggregated_annual_from_monthly; source_records=12
Rochester Hollow,1994-01-01,1994-12-31,1994,,4617.0,annual,Trail Register Tally_8_9_24_(1).xlsx,aggregated,0,0,aggregated_annual_from_monthly; source_records=12
Rochester Hollow,2001-01-01,2001-12-31,2001,,4530.333332,annual,Trail Register Tally_8_9_24_(1).xlsx,aggregated,0,0,aggregated_annual_from_monthly; source_records=12
Rochester Hollow,2002-01-01,2002-12-31,2002,,4528.0,annual,Trail Register Tally_8_9_24_(1).xlsx,aggregated,0,0,aggregated_annual_from_monthly; source_records=12
Rochester Hollow,2003-01-01,2003-12-31,2003,,4617.0,annual,Trail Register Tally_8_9_24_(1).xlsx,aggregated,0,0,aggregated_annual_from_monthly; source_records=12
Rochester Hollow,2004-01-01,2004-12-31,2004,,415.0,annual,Trail Register Tally_8_9_24_(1).xlsx,aggregated,0,0,aggregated_annual_from_monthly; source_records=5
Rochester Hollow,2005-01-01,2005-12-31,2005,,325.0,annual,Trail Register Tally_8_9_24_(1).xlsx,aggregated,0,0,aggregated_annual_from_monthly; source_records=7
Rochester Hollow,2006-01-01,2006-12-31,2006,,50.0,annual,Trail Register Tally_8_9_24_(1).xlsx,aggregated,0,0,aggregated_annual_from_monthly; source_records=1
Rochester Hollow,2007-01-01,2007-12-31,2007,,52.0,annual,Trail Register Tally_8_9_24_(1).xlsx,aggregated,0,0,aggregated_annual_from_monthly; source_records=1
Rochester Hollow,2008-01-01,2008-12-31,2008,,730.916667,annual,Trail Register Tally_8_9_24_(1).xlsx,aggregated,0,0,aggregated_annual_from_monthly; source_records=12
Rochester Hollow,2009-01-01,2009-12-31,2009,,730.916667,annual,Trail Register Tally_8_9_24_(1).xlsx,aggregated,0,0,aggregated_annual_from_monthly; source_records=12
Rochester Hollow,2011-01-01,2011-12-31,2011,,732.4,annual,Trail Register Tally_8_9_24_(1).xlsx,aggregated,0,0,aggregated_annual_from_monthly; source_records=12
Rochester Hollow,2012-01-01,2012-12-31,2012,,191.5,annual,Trail Register Tally_8_9_24_(1).xlsx,aggregated,0,0,aggregated_annual_from_monthly; source_records=3
Rochester Hollow,2015-01-01,2015-12-31,2015,,1622.0,annual,Trail Register Tally_8_9_24_(1).xlsx,aggregated,0,0,aggregated_annual_from_monthly; source_records=12
Rochester Hollow,2016-01-01,2016-12-31,2016,,1413.9,annual,Trail Register Tally_8_9_24_(1).xlsx,aggregated,0,0,aggregated_annual_from_monthly; source_records=12
Rochester Hollow,2017-01-01,2017-12-31,2017,,1870.0,annual,Trail Register Tally_8_9_24_(1).xlsx,aggregated,0,0,aggregated_annual_from_monthly; source_records=12
Rochester Hollow,2018-01-01,2018-12-31,2018,,1648.0,annual,Trail Register Tally_8_9_24_(1).xlsx,aggregated,0,0,aggregated_annual_from_monthly; source_records=12
Rochester Hollow,2019-01-01,2019-12-31,2019,,1697.0,annual,Trail Register Tally_8_9_24_(1).xlsx,aggregated,0,0,aggregated_annual_from_monthly; source_records=12
Rochester Hollow,2020-01-01,2020-12-31,2020,,2167.0,annual,Trail Register Tally_8_9_24_(1).xlsx,aggregated,0,0,aggregated_annual_from_monthly; source_records=12
Rochester Hollow,2024-01-01,2024-12-31,2024,,687.118518,annual,Trail Register Tally_8_9_24_(1).xlsx,aggregated,0,0,aggregated_annual_from_monthly; source_records=3
Rochester Hollow,2025-01-01,2025-12-31,2025,,2092.267591,annual,Trail Register Tally_8_9_24_(1).xlsx,aggregated,0,0,aggregated_annual_from_monthly; source_records=12
Rochester Hollow,2026-01-01,2026-12-31,2026,,968.75,annual,Trail Register Tally_8_9_24_(1).xlsx,aggregated,0,0,aggregated_annual_from_monthly; source_records=7
Rock Shelter (N Lake Bypass),1996-01-01,1996-12-31,1996,,744.0,annual,Trail Register Database R4(1).xlsx,aggregated,0,0,aggregated_annual_from_monthly; source_records=7
Rock Shelter (N Lake Bypass),1997-01-01,1997-12-31,1997,,1024.0,annual,Trail Register Database R4(1).xlsx,aggregated,0,0,aggregated_annual_from_monthly; source_records=9
Rock Shelter (N Lake Bypass),1998-01-01,1998-12-31,1998,,1073.0,annual,Trail Register Database R4(1).xlsx,aggregated,0,0,aggregated_annual_from_monthly; source_records=11
Rock Shelter (N Lake Bypass),1999-01-01,1999-12-31,1999,,961.0,annual,Trail Register Database R4(1).xlsx,aggregated,0,0,aggregated_annual_from_monthly; source_records=12
Rock Shelter (N Lake Bypass),2000-01-01,2000-12-31,2000,,882.0,annual,Trail Register Database R4(1).xlsx,aggregated,0,0,aggregated_annual_from_monthly; source_records=12
Rock Shelter (N Lake Bypass),2004-01-01,2004-12-31,2004,,884.0,annual,Trail Register Database R4(1).xlsx,aggregated,0,0,aggregated_annual_from_monthly; source_records=12
Rock Shelter (N Lake Bypass),2005-01-01,2005-12-31,2005,,777.0,annual,Trail Register Database R4(1).xlsx,aggregated,0,0,aggregated_annual_from_monthly; source_records=11
Rock Shelter (N Lake Bypass),2006-01-01,2006-12-31,2006,,697.0,annual,Trail Register Database R4(1).xlsx,aggregated,0,0,aggregated_annual_from_monthly; source_records=12
Rock Shelter (N Lake Bypass),2007-01-01,2007-12-31,2007,,805.0,annual,Trail Register Database R4(1).xlsx,aggregated,0,0,aggregated_annual_from_monthly; source_records=12
Rock Shelter (N Lake Bypass),2008-01-01,2008-12-31,2008,,746.0,annual,Trail Register Database R4(1).xlsx,aggregated,0,0,aggregated_annual_from_monthly; source_records=12
Rock Shelter (N Lake Bypass),2009-01-01,2009-12-31,2009,,797.0,annual,Trail Register Database R4(1).xlsx,aggregated,0,0,aggregated_annual_from_monthly; source_records=12
Rock Shelter (N Lake Bypass),2010-01-01,2010-12-31,2010,,880.0,annual,Trail Register Database R4(1).xlsx,aggregated,0,0,aggregated_annual_from_monthly; source_records=12
Rock Shelter (N Lake Bypass),2011-01-01,2011-12-31,2011,,695.0,annual,Trail Register Database R4(1).xlsx,aggregated,0,0,aggregated_annual_from_monthly; source_records=12
Rock Shelter (N Lake Bypass),2012-01-01,2012-12-31,2012,,859.0,annual,Trail Register Database R4(1).xlsx,aggregated,0,0,aggregated_annual_from_monthly; source_records=9
Rock Shelter (N Lake Bypass),2013-01-01,2013-12-31,2013,,671.0,annual,Trail Register Database R4(1).xlsx,aggregated,0,0,aggregated_annual_from_monthly; source_records=5
Rock Shelter (N Lake Bypass),2014-01-01,2014-12-31,2014,,1783.0,annual,Trail Register Database R4(1).xlsx,aggregated,0,0,aggregated_annual_from_monthly; source_records=12
Rock Shelter (N Lake Bypass),2015-01-01,2015-12-31,2015,,1812.0,annual,Trail Register Database R4(1).xlsx,aggregated,0,0,aggregated_annual_from_monthly; source_records=12
Rock Shelter (N Lake Bypass),2016-01-01,2016-12-31,2016,,2187.0,annual,Trail Register Database R4(1).xlsx,aggregated,0,0,aggregated_annual_from_monthly; source_records=12
Rock Shelter (N Lake Bypass),2017-01-01,2017-12-31,2017,,1797.0,annual,Trail Register Database R4(1).xlsx,aggregated,0,0,aggregated_annual_from_monthly; source_records=12
Rock Shelter (N Lake Bypass),2018-01-01,2018-12-31,2018,,1526.0,annual,Trail Register Database R4(1).xlsx,aggregated,0,0,aggregated_annual_from_monthly; source_records=12
Rock Shelter (N Lake Bypass),2019-01-01,2019-12-31,2019,,1469.0,annual,Trail Register Database R4(1).xlsx,aggregated,0,0,aggregated_annual_from_monthly; source_records=12
Rock Shelter (N Lake Bypass),2020-01-01,2020-12-31,2020,,1746.0,annual,Trail Register Database R4(1).xlsx,aggregated,0,0,aggregated_annual_from_monthly; source_records=12
Rock Shelter (N Lake Bypass),2021-01-01,2021-12-31,2021,,1316.0,annual,Trail Register Database R4(1).xlsx,aggregated,0,0,aggregated_annual_from_monthly; source_records=12
Rock Shelter (N Lake Bypass),2022-01-01,2022-12-31,2022,,1098.0,annual,Trail Register Database R4(1).xlsx,aggregated,0,0,aggregated_annual_from_monthly; source_records=12
Rock Shelter (N Lake Bypass),2023-01-01,2023-12-31,2023,,959.0,annual,Trail Register Database R4(1).xlsx,aggregated,0,0,aggregated_annual_from_monthly; source_records=12
Rock Shelter (N Lake Bypass),2024-01-01,2024-12-31,2024,,949.0,annual,Trail Register Database R4(1).xlsx,aggregated,0,0,aggregated_annual_from_monthly; source_records=12
Rock Shelter (N Lake Bypass),2025-01-01,2025-12-31,2025,,703.0,annual,Trail Register Database R4(1).xlsx,aggregated,0,0,aggregated_annual_from_monthly; source_records=12
Rocky,2008-01-01,2008-12-31,2008,,173.0,annual,Canister sign in charts R3 and R4 2025.xlsx,Sheet1,70,2,observed_annual_from_canister_location_block | duplicate_agreement_collapsed; considered: Canister sign in charts R3 and R4 2025.xlsx; 2008-2025 Total Canister Sign-In.xlsx
Rocky,2009-01-01,2009-12-31,2009,,214.0,annual,Canister sign in charts R3 and R4 2025.xlsx,Sheet1,71,2,observed_annual_from_canister_location_block | duplicate_agreement_collapsed; considered: Canister sign in charts R3 and R4 2025.xlsx; 2008-2025 Total Canister Sign-In.xlsx
Rocky,2010-01-01,2010-12-31,2010,,254.0,annual,Canister sign in charts R3 and R4 2025.xlsx,Sheet1,72,2,observed_annual_from_canister_location_block | duplicate_agreement_collapsed; considered: Canister sign in charts R3 and R4 2025.xlsx; 2008-2025 Total Canister Sign-In.xlsx
Rocky,2011-01-01,2011-12-31,2011,,230.0,annual,Canister sign in charts R3 and R4 2025.xlsx,Sheet1,73,2,observed_annual_from_canister_location_block | duplicate_agreement_collapsed; considered: Canister sign in charts R3 and R4 2025.xlsx; 2008-2025 Total Canister Sign-In.xlsx
Rocky,2012-01-01,2012-12-31,2012,,459.0,annual,Canister sign in charts R3 and R4 2025.xlsx,Sheet1,74,2,observed_annual_from_canister_location_block | duplicate_agreement_collapsed; considered: Canister sign in charts R3 and R4 2025.xlsx; 2008-2025 Total Canister Sign-In.xlsx
Rocky,2013-01-01,2013-12-31,2013,,333.0,annual,Canister sign in charts R3 and R4 2025.xlsx,Sheet1,75,2,observed_annual_from_canister_location_block | duplicate_agreement_collapsed; considered: Canister sign in charts R3 and R4 2025.xlsx; 2008-2025 Total Canister Sign-In.xlsx
Rocky,2014-01-01,2014-12-31,2014,,413.0,annual,Canister sign in charts R3 and R4 2025.xlsx,Sheet1,76,2,observed_annual_from_canister_location_block | duplicate_agreement_collapsed; considered: Canister sign in charts R3 and R4 2025.xlsx; 2008-2025 Total Canister Sign-In.xlsx
Rocky,2015-01-01,2015-12-31,2015,,468.0,annual,Canister sign in charts R3 and R4 2025.xlsx,Sheet1,77,2,observed_annual_from_canister_location_block | duplicate_agreement_collapsed; considered: Canister sign in charts R3 and R4 2025.xlsx; 2008-2025 Total Canister Sign-In.xlsx
Rocky,2016-01-01,2016-12-31,2016,,625.0,annual,Canister sign in charts R3 and R4 2025.xlsx,Sheet1,78,2,observed_annual_from_canister_location_block | duplicate_agreement_collapsed; considered: Canister sign in charts R3 and R4 2025.xlsx; 2008-2025 Total Canister Sign-In.xlsx
Rocky,2017-01-01,2017-12-31,2017,,585.0,annual,Canister sign in charts R3 and R4 2025.xlsx,Sheet1,79,2,observed_annual_from_canister_location_block | duplicate_agreement_collapsed; considered: Canister sign in charts R3 and R4 2025.xlsx; 2008-2025 Total Canister Sign-In.xlsx
Rocky,2018-01-01,2018-12-31,2018,,413.0,annual,Canister sign in charts R3 and R4 2025.xlsx,Sheet1,80,2,observed_annual_from_canister_location_block | duplicate_agreement_collapsed; considered: Canister sign in charts R3 and R4 2025.xlsx; 2008-2025 Total Canister Sign-In.xlsx
Rocky,2019-01-01,2019-12-31,2019,,675.0,annual,Canister sign in charts R3 and R4 2025.xlsx,Sheet1,81,2,observed_annual_from_canister_location_block | duplicate_agreement_collapsed; considered: Canister sign in charts R3 and R4 2025.xlsx; 2008-2025 Total Canister Sign-In.xlsx
Rocky,2020-01-01,2020-12-31,2020,,1013.0,annual,Canister sign in charts R3 and R4 2025.xlsx,Sheet1,82,2,observed_annual_from_canister_location_block | duplicate_agreement_collapsed; considered: Canister sign in charts R3 and R4 2025.xlsx; 2008-2025 Total Canister Sign-In.xlsx
Rocky,2021-01-01,2021-12-31,2021,,1029.0,annual,Canister sign in charts R3 and R4 2025.xlsx,Sheet1,83,2,observed_annual_from_canister_location_block | duplicate_agreement_collapsed; considered: Canister sign in charts R3 and R4 2025.xlsx; 2008-2025 Total Canister Sign-In.xlsx
Rocky,2022-01-01,2022-12-31,2022,,954.0,annual,Canister sign in charts R3 and R4 2025.xlsx,Sheet1,84,2,observed_annual_from_canister_location_block | duplicate_agreement_collapsed; considered: Canister sign in charts R3 and R4 2025.xlsx; 2008-2025 Total Canister Sign-In.xlsx
Rocky,2023-01-01,2023-12-31,2023,,964.0,annual,Canister sign in charts R3 and R4 2025.xlsx,Sheet1,85,2,observed_annual_from_canister_location_block | duplicate_agreement_collapsed; considered: Canister sign in charts R3 and R4 2025.xlsx; 2008-2025 Total Canister Sign-In.xlsx
Rocky,2024-01-01,2024-12-31,2024,,909.0,annual,Canister sign in charts R3 and R4 2025.xlsx,Sheet1,86,2,observed_annual_from_canister_location_block | duplicate_agreement_collapsed; considered: Canister sign in charts R3 and R4 2025.xlsx; 2008-2025 Total Canister Sign-In.xlsx
Rocky,2025-01-01,2025-12-31,2025,,865.0,annual,Canister sign in charts R3 and R4 2025.xlsx,Sheet1,87,2,observed_annual_from_canister_location_block | duplicate_agreement_collapsed; considered: Canister sign in charts R3 and R4 2025.xlsx; 2008-2025 Total Canister Sign-In.xlsx
Rt 206 Cat Hollow,1997-01-01,1997-12-31,1997,,0.0,annual,Trail Register Database R4(1).xlsx,aggregated,0,0,aggregated_annual_from_monthly; source_records=2
Rt 206 Cat Hollow,1998-01-01,1998-12-31,1998,,177.0,annual,Trail Register Database R4(1).xlsx,aggregated,0,0,aggregated_annual_from_monthly; source_records=8
Rt 206 Cat Hollow,1999-01-01,1999-12-31,1999,,47.0,annual,Trail Register Database R4(1).xlsx,aggregated,0,0,aggregated_annual_from_monthly; source_records=6
Rt 206 Cat Hollow,2000-01-01,2000-12-31,2000,,311.0,annual,Trail Register Database R4(1).xlsx,aggregated,0,0,aggregated_annual_from_monthly; source_records=12
Rt 206 Cat Hollow,2004-01-01,2004-12-31,2004,,270.0,annual,Trail Register Database R4(1).xlsx,aggregated,0,0,aggregated_annual_from_monthly; source_records=12
Rt 206 Cat Hollow,2005-01-01,2005-12-31,2005,,271.0,annual,Trail Register Database R4(1).xlsx,aggregated,0,0,aggregated_annual_from_monthly; source_records=12
Rt 206 Cat Hollow,2006-01-01,2006-12-31,2006,,317.0,annual,Trail Register Database R4(1).xlsx,aggregated,0,0,aggregated_annual_from_monthly; source_records=12
Rt 206 Cat Hollow,2007-01-01,2007-12-31,2007,,150.0,annual,Trail Register Database R4(1).xlsx,aggregated,0,0,aggregated_annual_from_monthly; source_records=9
Rt 206 Cat Hollow,2008-01-01,2008-12-31,2008,,229.0,annual,Trail Register Database R4(1).xlsx,aggregated,0,0,aggregated_annual_from_monthly; source_records=12
Rt 206 Cat Hollow,2009-01-01,2009-12-31,2009,,296.0,annual,Trail Register Database R4(1).xlsx,aggregated,0,0,aggregated_annual_from_monthly; source_records=12
Rt 206 Cat Hollow,2010-01-01,2010-12-31,2010,,189.0,annual,Trail Register Database R4(1).xlsx,aggregated,0,0,aggregated_annual_from_monthly; source_records=12
Rt 206 Cat Hollow,2011-01-01,2011-12-31,2011,,314.0,annual,Trail Register Database R4(1).xlsx,aggregated,0,0,aggregated_annual_from_monthly; source_records=12
Rt 206 Cat Hollow,2012-01-01,2012-12-31,2012,,199.0,annual,Trail Register Database R4(1).xlsx,aggregated,0,0,aggregated_annual_from_monthly; source_records=9
Rt 206 Cat Hollow,2013-01-01,2013-12-31,2013,,202.0,annual,Trail Register Database R4(1).xlsx,aggregated,0,0,aggregated_annual_from_monthly; source_records=10
Rt 206 Cat Hollow,2014-01-01,2014-12-31,2014,,218.0,annual,Trail Register Database R4(1).xlsx,aggregated,0,0,aggregated_annual_from_monthly; source_records=12
Rt 206 Cat Hollow,2015-01-01,2015-12-31,2015,,201.0,annual,Trail Register Database R4(1).xlsx,aggregated,0,0,aggregated_annual_from_monthly; source_records=12
Rt 206 Cat Hollow,2016-01-01,2016-12-31,2016,,228.0,annual,Trail Register Database R4(1).xlsx,aggregated,0,0,aggregated_annual_from_monthly; source_records=12
Rt 206 Cat Hollow,2017-01-01,2017-12-31,2017,,174.0,annual,Trail Register Database R4(1).xlsx,aggregated,0,0,aggregated_annual_from_monthly; source_records=12
Rt 206 Cat Hollow,2018-01-01,2018-12-31,2018,,237.0,annual,Trail Register Database R4(1).xlsx,aggregated,0,0,aggregated_annual_from_monthly; source_records=12
Rt 206 Cat Hollow,2019-01-01,2019-12-31,2019,,165.0,annual,Trail Register Database R4(1).xlsx,aggregated,0,0,aggregated_annual_from_monthly; source_records=12
Rt 206 Cat Hollow,2020-01-01,2020-12-31,2020,,204.0,annual,Trail Register Database R4(1).xlsx,aggregated,0,0,aggregated_annual_from_monthly; source_records=12
Rt 206 Cat Hollow,2021-01-01,2021-12-31,2021,,148.0,annual,Trail Register Database R4(1).xlsx,aggregated,0,0,aggregated_annual_from_monthly; source_records=12
Rt 206 Cat Hollow,2022-01-01,2022-12-31,2022,,162.0,annual,Trail Register Database R4(1).xlsx,aggregated,0,0,aggregated_annual_from_monthly; source_records=12
Rt 206 Cat Hollow,2023-01-01,2023-12-31,2023,,53.0,annual,Trail Register Database R4(1).xlsx,aggregated,0,0,aggregated_annual_from_monthly; source_records=5
Rt 206 Cat Hollow,2024-01-01,2024-12-31,2024,,211.0,annual,Trail Register Database R4(1).xlsx,aggregated,0,0,aggregated_annual_from_monthly; source_records=12
Rt 206 Cat Hollow,2025-01-01,2025-12-31,2025,,223.0,annual,Trail Register Database R4(1).xlsx,aggregated,0,0,aggregated_annual_from_monthly; source_records=12
Rusk,2008-01-01,2008-12-31,2008,,163.0,annual,Canister sign in charts R3 and R4 2025.xlsx,Sheet1,194,2,observed_annual_from_canister_location_block | duplicate_agreement_collapsed; considered: Canister sign in charts R3 and R4 2025.xlsx; 2008-2025 Total Canister Sign-In.xlsx
Rusk,2009-01-01,2009-12-31,2009,,197.0,annual,Canister sign in charts R3 and R4 2025.xlsx,Sheet1,195,2,observed_annual_from_canister_location_block | duplicate_agreement_collapsed; considered: Canister sign in charts R3 and R4 2025.xlsx; 2008-2025 Total Canister Sign-In.xlsx
Rusk,2010-01-01,2010-12-31,2010,,308.0,annual,Canister sign in charts R3 and R4 2025.xlsx,Sheet1,196,2,observed_annual_from_canister_location_block | duplicate_agreement_collapsed; considered: Canister sign in charts R3 and R4 2025.xlsx; 2008-2025 Total Canister Sign-In.xlsx
Rusk,2011-01-01,2011-12-31,2011,,265.0,annual,Canister sign in charts R3 and R4 2025.xlsx,Sheet1,197,2,observed_annual_from_canister_location_block | duplicate_agreement_collapsed; considered: Canister sign in charts R3 and R4 2025.xlsx; 2008-2025 Total Canister Sign-In.xlsx
Rusk,2012-01-01,2012-12-31,2012,,366.0,annual,Canister sign in charts R3 and R4 2025.xlsx,Sheet1,198,2,observed_annual_from_canister_location_block | duplicate_agreement_collapsed; considered: Canister sign in charts R3 and R4 2025.xlsx; 2008-2025 Total Canister Sign-In.xlsx
Rusk,2013-01-01,2013-12-31,2013,,404.0,annual,Canister sign in charts R3 and R4 2025.xlsx,Sheet1,199,2,observed_annual_from_canister_location_block | duplicate_agreement_collapsed; considered: Canister sign in charts R3 and R4 2025.xlsx; 2008-2025 Total Canister Sign-In.xlsx
Rusk,2014-01-01,2014-12-31,2014,,507.0,annual,Canister sign in charts R3 and R4 2025.xlsx,Sheet1,200,2,observed_annual_from_canister_location_block | duplicate_agreement_collapsed; considered: Canister sign in charts R3 and R4 2025.xlsx; 2008-2025 Total Canister Sign-In.xlsx
Rusk,2015-01-01,2015-12-31,2015,,467.0,annual,Canister sign in charts R3 and R4 2025.xlsx,Sheet1,201,2,observed_annual_from_canister_location_block | duplicate_agreement_collapsed; considered: Canister sign in charts R3 and R4 2025.xlsx; 2008-2025 Total Canister Sign-In.xlsx
Rusk,2016-01-01,2016-12-31,2016,,630.0,annual,Canister sign in charts R3 and R4 2025.xlsx,Sheet1,202,2,observed_annual_from_canister_location_block | duplicate_agreement_collapsed; considered: Canister sign in charts R3 and R4 2025.xlsx; 2008-2025 Total Canister Sign-In.xlsx
Rusk,2017-01-01,2017-12-31,2017,,629.0,annual,Canister sign in charts R3 and R4 2025.xlsx,Sheet1,203,2,observed_annual_from_canister_location_block | duplicate_agreement_collapsed; considered: Canister sign in charts R3 and R4 2025.xlsx; 2008-2025 Total Canister Sign-In.xlsx
Rusk,2018-01-01,2018-12-31,2018,,615.0,annual,Canister sign in charts R3 and R4 2025.xlsx,Sheet1,204,2,observed_annual_from_canister_location_block | duplicate_agreement_collapsed; considered: Canister sign in charts R3 and R4 2025.xlsx; 2008-2025 Total Canister Sign-In.xlsx
Rusk,2019-01-01,2019-12-31,2019,,720.0,annual,Canister sign in charts R3 and R4 2025.xlsx,Sheet1,205,2,observed_annual_from_canister_location_block | duplicate_agreement_collapsed; considered: Canister sign in charts R3 and R4 2025.xlsx; 2008-2025 Total Canister Sign-In.xlsx
Rusk,2020-01-01,2020-12-31,2020,,1199.0,annual,Canister sign in charts R3 and R4 2025.xlsx,Sheet1,206,2,observed_annual_from_canister_location_block | duplicate_agreement_collapsed; considered: Canister sign in charts R3 and R4 2025.xlsx; 2008-2025 Total Canister Sign-In.xlsx
Rusk,2021-01-01,2021-12-31,2021,,1045.0,annual,Canister sign in charts R3 and R4 2025.xlsx,Sheet1,207,2,observed_annual_from_canister_location_block | duplicate_agreement_collapsed; considered: Canister sign in charts R3 and R4 2025.xlsx; 2008-2025 Total Canister Sign-In.xlsx
Rusk,2022-01-01,2022-12-31,2022,,1103.0,annual,Canister sign in charts R3 and R4 2025.xlsx,Sheet1,208,2,observed_annual_from_canister_location_block | duplicate_agreement_collapsed; considered: Canister sign in charts R3 and R4 2025.xlsx; 2008-2025 Total Canister Sign-In.xlsx
Rusk,2023-01-01,2023-12-31,2023,,1036.0,annual,Canister sign in charts R3 and R4 2025.xlsx,Sheet1,209,2,observed_annual_from_canister_location_block | duplicate_agreement_collapsed; considered: Canister sign in charts R3 and R4 2025.xlsx; 2008-2025 Total Canister Sign-In.xlsx
Rusk,2024-01-01,2024-12-31,2024,,952.0,annual,Canister sign in charts R3 and R4 2025.xlsx,Sheet1,210,2,observed_annual_from_canister_location_block | duplicate_agreement_collapsed; considered: Canister sign in charts R3 and R4 2025.xlsx; 2008-2025 Total Canister Sign-In.xlsx
Rusk,2025-01-01,2025-12-31,2025,,964.0,annual,Canister sign in charts R3 and R4 2025.xlsx,Sheet1,211,2,observed_annual_from_canister_location_block | duplicate_agreement_collapsed; considered: Canister sign in charts R3 and R4 2025.xlsx; 2008-2025 Total Canister Sign-In.xlsx
Russell Brook,1997-01-01,1997-12-31,1997,,1313.0,annual,Trail Register Database R4(1).xlsx,aggregated,0,0,aggregated_annual_from_monthly; source_records=7
Russell Brook,1998-01-01,1998-12-31,1998,,1327.0,annual,Trail Register Database R4(1).xlsx,aggregated,0,0,aggregated_annual_from_monthly; source_records=10
Russell Brook,1999-01-01,1999-12-31,1999,,1303.0,annual,Trail Register Database R4(1).xlsx,aggregated,0,0,aggregated_annual_from_monthly; source_records=9
Russell Brook,2000-01-01,2000-12-31,2000,,1070.0,annual,Trail Register Database R4(1).xlsx,aggregated,0,0,aggregated_annual_from_monthly; source_records=12
Russell Brook,2004-01-01,2004-12-31,2004,,1364.0,annual,Trail Register Database R4(1).xlsx,aggregated,0,0,aggregated_annual_from_monthly; source_records=12
Russell Brook,2005-01-01,2005-12-31,2005,,838.0,annual,Trail Register Database R4(1).xlsx,aggregated,0,0,aggregated_annual_from_monthly; source_records=12
Russell Brook,2006-01-01,2006-12-31,2006,,835.0,annual,Trail Register Database R4(1).xlsx,aggregated,0,0,aggregated_annual_from_monthly; source_records=12
Russell Brook,2007-01-01,2007-12-31,2007,,1130.0,annual,Trail Register Database R4(1).xlsx,aggregated,0,0,aggregated_annual_from_monthly; source_records=11
Russell Brook,2008-01-01,2008-12-31,2008,,1065.0,annual,Trail Register Database R4(1).xlsx,aggregated,0,0,aggregated_annual_from_monthly; source_records=12
Russell Brook,2009-01-01,2009-12-31,2009,,1213.0,annual,Trail Register Database R4(1).xlsx,aggregated,0,0,aggregated_annual_from_monthly; source_records=12
Russell Brook,2010-01-01,2010-12-31,2010,,1337.0,annual,Trail Register Database R4(1).xlsx,aggregated,0,0,aggregated_annual_from_monthly; source_records=12
Russell Brook,2011-01-01,2011-12-31,2011,,1434.0,annual,Trail Register Database R4(1).xlsx,aggregated,0,0,aggregated_annual_from_monthly; source_records=12
Russell Brook,2012-01-01,2012-12-31,2012,,1337.0,annual,Trail Register Database R4(1).xlsx,aggregated,0,0,aggregated_annual_from_monthly; source_records=9
Russell Brook,2013-01-01,2013-12-31,2013,,1424.0,annual,Trail Register Database R4(1).xlsx,aggregated,0,0,aggregated_annual_from_monthly; source_records=7
Russell Brook,2014-01-01,2014-12-31,2014,,1735.0,annual,Trail Register Database R4(1).xlsx,aggregated,0,0,aggregated_annual_from_monthly; source_records=12
Russell Brook,2015-01-01,2015-12-31,2015,,2023.0,annual,Trail Register Database R4(1).xlsx,aggregated,0,0,aggregated_annual_from_monthly; source_records=12
Russell Brook,2016-01-01,2016-12-31,2016,,1806.0,annual,Trail Register Database R4(1).xlsx,aggregated,0,0,aggregated_annual_from_monthly; source_records=12
Russell Brook,2017-01-01,2017-12-31,2017,,1662.0,annual,Trail Register Database R4(1).xlsx,aggregated,0,0,aggregated_annual_from_monthly; source_records=12
Russell Brook,2018-01-01,2018-12-31,2018,,1628.0,annual,Trail Register Database R4(1).xlsx,aggregated,0,0,aggregated_annual_from_monthly; source_records=12
Russell Brook,2019-01-01,2019-12-31,2019,,1893.0,annual,Trail Register Database R4(1).xlsx,aggregated,0,0,aggregated_annual_from_monthly; source_records=12
Russell Brook,2020-01-01,2020-12-31,2020,,2614.0,annual,Trail Register Database R4(1).xlsx,aggregated,0,0,aggregated_annual_from_monthly; source_records=12
Russell Brook,2021-01-01,2021-12-31,2021,,2166.0,annual,Trail Register Database R4(1).xlsx,aggregated,0,0,aggregated_annual_from_monthly; source_records=12
Russell Brook,2022-01-01,2022-12-31,2022,,1768.0,annual,Trail Register Database R4(1).xlsx,aggregated,0,0,aggregated_annual_from_monthly; source_records=12
Russell Brook,2023-01-01,2023-12-31,2023,,1843.0,annual,Trail Register Database R4(1).xlsx,aggregated,0,0,aggregated_annual_from_monthly; source_records=12
Russell Brook,2024-01-01,2024-12-31,2024,,2509.0,annual,Trail Register Database R4(1).xlsx,aggregated,0,0,aggregated_annual_from_monthly; source_records=12
Russell Brook,2025-01-01,2025-12-31,2025,,2515.0,annual,Trail Register Database R4(1).xlsx,aggregated,0,0,aggregated_annual_from_monthly; source_records=11
S.Mtn Esc Trl (Schutt Rd Trail),1996-01-01,1996-12-31,1996,,851.0,annual,Trail Register Database R4(1).xlsx,aggregated,0,0,aggregated_annual_from_monthly; source_records=9
S.Mtn Esc Trl (Schutt Rd Trail),1997-01-01,1997-12-31,1997,,1979.0,annual,Trail Register Database R4(1).xlsx,aggregated,0,0,aggregated_annual_from_monthly; source_records=10
S.Mtn Esc Trl (Schutt Rd Trail),1998-01-01,1998-12-31,1998,,1396.0,annual,Trail Register Database R4(1).xlsx,aggregated,0,0,aggregated_annual_from_monthly; source_records=11
S.Mtn Esc Trl (Schutt Rd Trail),1999-01-01,1999-12-31,1999,,1590.0,annual,Trail Register Database R4(1).xlsx,aggregated,0,0,aggregated_annual_from_monthly; source_records=12
S.Mtn Esc Trl (Schutt Rd Trail),2000-01-01,2000-12-31,2000,,2040.0,annual,Trail Register Database R4(1).xlsx,aggregated,0,0,aggregated_annual_from_monthly; source_records=12
S.Mtn Esc Trl (Schutt Rd Trail),2004-01-01,2004-12-31,2004,,1351.0,annual,Trail Register Database R4(1).xlsx,aggregated,0,0,aggregated_annual_from_monthly; source_records=8
S.Mtn Esc Trl (Schutt Rd Trail),2005-01-01,2005-12-31,2005,,2201.0,annual,Trail Register Database R4(1).xlsx,aggregated,0,0,aggregated_annual_from_monthly; source_records=11
S.Mtn Esc Trl (Schutt Rd Trail),2006-01-01,2006-12-31,2006,,1771.0,annual,Trail Register Database R4(1).xlsx,aggregated,0,0,aggregated_annual_from_monthly; source_records=12
S.Mtn Esc Trl (Schutt Rd Trail),2007-01-01,2007-12-31,2007,,2317.0,annual,Trail Register Database R4(1).xlsx,aggregated,0,0,aggregated_annual_from_monthly; source_records=12
S.Mtn Esc Trl (Schutt Rd Trail),2008-01-01,2008-12-31,2008,,1994.0,annual,Trail Register Database R4(1).xlsx,aggregated,0,0,aggregated_annual_from_monthly; source_records=12
S.Mtn Esc Trl (Schutt Rd Trail),2009-01-01,2009-12-31,2009,,1885.0,annual,Trail Register Database R4(1).xlsx,aggregated,0,0,aggregated_annual_from_monthly; source_records=12
S.Mtn Esc Trl (Schutt Rd Trail),2010-01-01,2010-12-31,2010,,2331.0,annual,Trail Register Database R4(1).xlsx,aggregated,0,0,aggregated_annual_from_monthly; source_records=12
S.Mtn Esc Trl (Schutt Rd Trail),2011-01-01,2011-12-31,2011,,1560.0,annual,Trail Register Database R4(1).xlsx,aggregated,0,0,aggregated_annual_from_monthly; source_records=12
S.Mtn Esc Trl (Schutt Rd Trail),2012-01-01,2012-12-31,2012,,1557.0,annual,Trail Register Database R4(1).xlsx,aggregated,0,0,aggregated_annual_from_monthly; source_records=8
S.Mtn Esc Trl (Schutt Rd Trail),2013-01-01,2013-12-31,2013,,1346.0,annual,Trail Register Database R4(1).xlsx,aggregated,0,0,aggregated_annual_from_monthly; source_records=5
S.Mtn Esc Trl (Schutt Rd Trail),2014-01-01,2014-12-31,2014,,2300.0,annual,Trail Register Database R4(1).xlsx,aggregated,0,0,aggregated_annual_from_monthly; source_records=10
S.Mtn Esc Trl (Schutt Rd Trail),2016-01-01,2016-12-31,2016,,2628.0,annual,Trail Register Database R4(1).xlsx,aggregated,0,0,aggregated_annual_from_monthly; source_records=9
S.Mtn Esc Trl (Schutt Rd Trail),2018-01-01,2018-12-31,2018,,2840.0,annual,Trail Register Database R4(1).xlsx,aggregated,0,0,aggregated_annual_from_monthly; source_records=12
S.Mtn Esc Trl (Schutt Rd Trail),2019-01-01,2019-12-31,2019,,2943.0,annual,Trail Register Database R4(1).xlsx,aggregated,0,0,aggregated_annual_from_monthly; source_records=12
S.Mtn Esc Trl (Schutt Rd Trail),2020-01-01,2020-12-31,2020,,2978.0,annual,Trail Register Database R4(1).xlsx,aggregated,0,0,aggregated_annual_from_monthly; source_records=12
S.Mtn Esc Trl (Schutt Rd Trail),2021-01-01,2021-12-31,2021,,2803.0,annual,Trail Register Database R4(1).xlsx,aggregated,0,0,aggregated_annual_from_monthly; source_records=12
S.Mtn Esc Trl (Schutt Rd Trail),2022-01-01,2022-12-31,2022,,2732.0,annual,Trail Register Database R4(1).xlsx,aggregated,0,0,aggregated_annual_from_monthly; source_records=12
S.Mtn Esc Trl (Schutt Rd Trail),2023-01-01,2023-12-31,2023,,3267.0,annual,Trail Register Database R4(1).xlsx,aggregated,0,0,aggregated_annual_from_monthly; source_records=12
S.Mtn Esc Trl (Schutt Rd Trail),2024-01-01,2024-12-31,2024,,2821.0,annual,Trail Register Database R4(1).xlsx,aggregated,0,0,aggregated_annual_from_monthly; source_records=12
S.Mtn Esc Trl (Schutt Rd Trail),2025-01-01,2025-12-31,2025,,4136.0,annual,Trail Register Database R4(1).xlsx,aggregated,0,0,aggregated_annual_from_monthly; source_records=12
SW Hunter,2008-01-01,2008-12-31,2008,,198.0,annual,Canister sign in charts R3 and R4 2025.xlsx,Sheet1,215,2,observed_annual_from_canister_location_block | duplicate_agreement_collapsed; considered: Canister sign in charts R3 and R4 2025.xlsx; 2008-2025 Total Canister Sign-In.xlsx
SW Hunter,2009-01-01,2009-12-31,2009,,301.0,annual,Canister sign in charts R3 and R4 2025.xlsx,Sheet1,216,2,observed_annual_from_canister_location_block | duplicate_agreement_collapsed; considered: Canister sign in charts R3 and R4 2025.xlsx; 2008-2025 Total Canister Sign-In.xlsx
SW Hunter,2010-01-01,2010-12-31,2010,,386.0,annual,Canister sign in charts R3 and R4 2025.xlsx,Sheet1,217,2,observed_annual_from_canister_location_block | duplicate_agreement_collapsed; considered: Canister sign in charts R3 and R4 2025.xlsx; 2008-2025 Total Canister Sign-In.xlsx
SW Hunter,2011-01-01,2011-12-31,2011,,368.0,annual,Canister sign in charts R3 and R4 2025.xlsx,Sheet1,218,2,observed_annual_from_canister_location_block | duplicate_agreement_collapsed; considered: Canister sign in charts R3 and R4 2025.xlsx; 2008-2025 Total Canister Sign-In.xlsx
SW Hunter,2012-01-01,2012-12-31,2012,,605.0,annual,Canister sign in charts R3 and R4 2025.xlsx,Sheet1,219,2,observed_annual_from_canister_location_block | duplicate_agreement_collapsed; considered: Canister sign in charts R3 and R4 2025.xlsx; 2008-2025 Total Canister Sign-In.xlsx
SW Hunter,2013-01-01,2013-12-31,2013,,500.0,annual,Canister sign in charts R3 and R4 2025.xlsx,Sheet1,220,2,observed_annual_from_canister_location_block | duplicate_agreement_collapsed; considered: Canister sign in charts R3 and R4 2025.xlsx; 2008-2025 Total Canister Sign-In.xlsx
SW Hunter,2014-01-01,2014-12-31,2014,,623.0,annual,Canister sign in charts R3 and R4 2025.xlsx,Sheet1,221,2,observed_annual_from_canister_location_block | duplicate_agreement_collapsed; considered: Canister sign in charts R3 and R4 2025.xlsx; 2008-2025 Total Canister Sign-In.xlsx
SW Hunter,2015-01-01,2015-12-31,2015,,647.0,annual,Canister sign in charts R3 and R4 2025.xlsx,Sheet1,222,2,observed_annual_from_canister_location_block | duplicate_agreement_collapsed; considered: Canister sign in charts R3 and R4 2025.xlsx; 2008-2025 Total Canister Sign-In.xlsx
SW Hunter,2016-01-01,2016-12-31,2016,,850.0,annual,Canister sign in charts R3 and R4 2025.xlsx,Sheet1,223,2,observed_annual_from_canister_location_block | duplicate_agreement_collapsed; considered: Canister sign in charts R3 and R4 2025.xlsx; 2008-2025 Total Canister Sign-In.xlsx
SW Hunter,2017-01-01,2017-12-31,2017,,832.0,annual,Canister sign in charts R3 and R4 2025.xlsx,Sheet1,224,2,observed_annual_from_canister_location_block | duplicate_agreement_collapsed; considered: Canister sign in charts R3 and R4 2025.xlsx; 2008-2025 Total Canister Sign-In.xlsx
SW Hunter,2018-01-01,2018-12-31,2018,,698.0,annual,Canister sign in charts R3 and R4 2025.xlsx,Sheet1,225,2,observed_annual_from_canister_location_block | duplicate_agreement_collapsed; considered: Canister sign in charts R3 and R4 2025.xlsx; 2008-2025 Total Canister Sign-In.xlsx
SW Hunter,2019-01-01,2019-12-31,2019,,970.0,annual,Canister sign in charts R3 and R4 2025.xlsx,Sheet1,226,2,observed_annual_from_canister_location_block | duplicate_agreement_collapsed; considered: Canister sign in charts R3 and R4 2025.xlsx; 2008-2025 Total Canister Sign-In.xlsx
SW Hunter,2020-01-01,2020-12-31,2020,,1565.0,annual,Canister sign in charts R3 and R4 2025.xlsx,Sheet1,227,2,observed_annual_from_canister_location_block | duplicate_agreement_collapsed; considered: Canister sign in charts R3 and R4 2025.xlsx; 2008-2025 Total Canister Sign-In.xlsx
SW Hunter,2021-01-01,2021-12-31,2021,,1409.0,annual,Canister sign in charts R3 and R4 2025.xlsx,Sheet1,228,2,observed_annual_from_canister_location_block | duplicate_agreement_collapsed; considered: Canister sign in charts R3 and R4 2025.xlsx; 2008-2025 Total Canister Sign-In.xlsx
SW Hunter,2022-01-01,2022-12-31,2022,,1326.0,annual,Canister sign in charts R3 and R4 2025.xlsx,Sheet1,229,2,observed_annual_from_canister_location_block | duplicate_agreement_collapsed; considered: Canister sign in charts R3 and R4 2025.xlsx; 2008-2025 Total Canister Sign-In.xlsx
SW Hunter,2023-01-01,2023-12-31,2023,,1196.0,annual,Canister sign in charts R3 and R4 2025.xlsx,Sheet1,230,2,observed_annual_from_canister_location_block | duplicate_agreement_collapsed; considered: Canister sign in charts R3 and R4 2025.xlsx; 2008-2025 Total Canister Sign-In.xlsx
SW Hunter,2024-01-01,2024-12-31,2024,,1125.0,annual,Canister sign in charts R3 and R4 2025.xlsx,Sheet1,231,2,observed_annual_from_canister_location_block | duplicate_agreement_collapsed; considered: Canister sign in charts R3 and R4 2025.xlsx; 2008-2025 Total Canister Sign-In.xlsx
Seager,1991-01-01,1991-12-31,1991,,171.0,annual,Trail Register Tally_8_9_24_(1).xlsx,aggregated,0,0,aggregated_annual_from_monthly; source_records=12
Seager,1992-01-01,1992-12-31,1992,,158.0,annual,Trail Register Tally_8_9_24_(1).xlsx,aggregated,0,0,aggregated_annual_from_monthly; source_records=12
Seager,1993-01-01,1993-12-31,1993,,188.0,annual,Trail Register Tally_8_9_24_(1).xlsx,aggregated,0,0,aggregated_annual_from_monthly; source_records=12
Seager,1994-01-01,1994-12-31,1994,,235.0,annual,Trail Register Tally_8_9_24_(1).xlsx,aggregated,0,0,aggregated_annual_from_monthly; source_records=12
Seager,1995-01-01,1995-12-31,1995,,293.0,annual,Trail Register Tally_8_9_24_(1).xlsx,aggregated,0,0,aggregated_annual_from_monthly; source_records=12
Seager,1996-01-01,1996-12-31,1996,,401.0,annual,Trail Register Tally_8_9_24_(1).xlsx,aggregated,0,0,aggregated_annual_from_monthly; source_records=12
Seager,1997-01-01,1997-12-31,1997,,790.0,annual,Trail Register Tally_8_9_24_(1).xlsx,aggregated,0,0,aggregated_annual_from_monthly; source_records=12
Seager,1998-01-01,1998-12-31,1998,,831.0,annual,Trail Register Tally_8_9_24_(1).xlsx,aggregated,0,0,aggregated_annual_from_monthly; source_records=12
Seager,1999-01-01,1999-12-31,1999,,787.0,annual,Trail Register Tally_8_9_24_(1).xlsx,aggregated,0,0,aggregated_annual_from_monthly; source_records=12
Seager,2000-01-01,2000-12-31,2000,,782.0,annual,Trail Register Tally_8_9_24_(1).xlsx,aggregated,0,0,aggregated_annual_from_monthly; source_records=12
Seager,2007-01-01,2007-12-31,2007,,49.0,annual,Trail Register Tally_8_9_24_(1).xlsx,aggregated,0,0,aggregated_annual_from_monthly; source_records=1
Seager,2008-01-01,2008-12-31,2008,,878.444444,annual,Trail Register Tally_8_9_24_(1).xlsx,aggregated,0,0,aggregated_annual_from_monthly; source_records=12
Seager,2009-01-01,2009-12-31,2009,,889.875,annual,Trail Register Tally_8_9_24_(1).xlsx,aggregated,0,0,aggregated_annual_from_monthly; source_records=12
Seager,2011-01-01,2011-12-31,2011,,924.285713,annual,Trail Register Tally_8_9_24_(1).xlsx,aggregated,0,0,aggregated_annual_from_monthly; source_records=12
Seager,2015-01-01,2015-12-31,2015,,1321.0,annual,Trail Register Tally_8_9_24_(1).xlsx,aggregated,0,0,aggregated_annual_from_monthly; source_records=12
Seager,2016-01-01,2016-12-31,2016,,1666.0,annual,Trail Register Tally_8_9_24_(1).xlsx,aggregated,0,0,aggregated_annual_from_monthly; source_records=12
Seager,2017-01-01,2017-12-31,2017,,1580.0,annual,Trail Register Tally_8_9_24_(1).xlsx,aggregated,0,0,aggregated_annual_from_monthly; source_records=12
Seager,2018-01-01,2018-12-31,2018,,1333.0,annual,Trail Register Tally_8_9_24_(1).xlsx,aggregated,0,0,aggregated_annual_from_monthly; source_records=12
Seager,2019-01-01,2019-12-31,2019,,1446.0,annual,Trail Register Tally_8_9_24_(1).xlsx,aggregated,0,0,aggregated_annual_from_monthly; source_records=12
Seager,2020-01-01,2020-12-31,2020,,1293.0,annual,Trail Register Tally_8_9_24_(1).xlsx,aggregated,0,0,aggregated_annual_from_monthly; source_records=12
Seager,2024-01-01,2024-12-31,2024,,352.111111,annual,Trail Register Tally_8_9_24_(1).xlsx,aggregated,0,0,aggregated_annual_from_monthly; source_records=4
Seager,2025-01-01,2025-12-31,2025,,1118.527778,annual,Trail Register Tally_8_9_24_(1).xlsx,aggregated,0,0,aggregated_annual_from_monthly; source_records=12
Seager,2026-01-01,2026-12-31,2026,,572.75,annual,Trail Register Tally_8_9_24_(1).xlsx,aggregated,0,0,aggregated_annual_from_monthly; source_records=7
Sherrill,2008-01-01,2008-12-31,2008,,187.0,annual,Canister sign in charts R3 and R4 2025.xlsx,Sheet1,173,2,observed_annual_from_canister_location_block | duplicate_agreement_collapsed; considered: Canister sign in charts R3 and R4 2025.xlsx; 2008-2025 Total Canister Sign-In.xlsx
Sherrill,2009-01-01,2009-12-31,2009,,181.0,annual,Canister sign in charts R3 and R4 2025.xlsx,Sheet1,174,2,observed_annual_from_canister_location_block | duplicate_agreement_collapsed; considered: Canister sign in charts R3 and R4 2025.xlsx; 2008-2025 Total Canister Sign-In.xlsx
Sherrill,2010-01-01,2010-12-31,2010,,250.0,annual,Canister sign in charts R3 and R4 2025.xlsx,Sheet1,175,2,observed_annual_from_canister_location_block | duplicate_agreement_collapsed; considered: Canister sign in charts R3 and R4 2025.xlsx; 2008-2025 Total Canister Sign-In.xlsx
Sherrill,2011-01-01,2011-12-31,2011,,243.0,annual,Canister sign in charts R3 and R4 2025.xlsx,Sheet1,176,2,observed_annual_from_canister_location_block | duplicate_agreement_collapsed; considered: Canister sign in charts R3 and R4 2025.xlsx; 2008-2025 Total Canister Sign-In.xlsx
Sherrill,2012-01-01,2012-12-31,2012,,362.0,annual,Canister sign in charts R3 and R4 2025.xlsx,Sheet1,177,2,observed_annual_from_canister_location_block | duplicate_agreement_collapsed; considered: Canister sign in charts R3 and R4 2025.xlsx; 2008-2025 Total Canister Sign-In.xlsx
Sherrill,2013-01-01,2013-12-31,2013,,377.0,annual,Canister sign in charts R3 and R4 2025.xlsx,Sheet1,178,2,observed_annual_from_canister_location_block | duplicate_agreement_collapsed; considered: Canister sign in charts R3 and R4 2025.xlsx; 2008-2025 Total Canister Sign-In.xlsx
Sherrill,2014-01-01,2014-12-31,2014,,406.0,annual,Canister sign in charts R3 and R4 2025.xlsx,Sheet1,179,2,observed_annual_from_canister_location_block | duplicate_agreement_collapsed; considered: Canister sign in charts R3 and R4 2025.xlsx; 2008-2025 Total Canister Sign-In.xlsx
Sherrill,2015-01-01,2015-12-31,2015,,441.0,annual,Canister sign in charts R3 and R4 2025.xlsx,Sheet1,180,2,observed_annual_from_canister_location_block | duplicate_agreement_collapsed; considered: Canister sign in charts R3 and R4 2025.xlsx; 2008-2025 Total Canister Sign-In.xlsx
Sherrill,2016-01-01,2016-12-31,2016,,602.0,annual,Canister sign in charts R3 and R4 2025.xlsx,Sheet1,181,2,observed_annual_from_canister_location_block | duplicate_agreement_collapsed; considered: Canister sign in charts R3 and R4 2025.xlsx; 2008-2025 Total Canister Sign-In.xlsx
Sherrill,2017-01-01,2017-12-31,2017,,610.0,annual,Canister sign in charts R3 and R4 2025.xlsx,Sheet1,182,2,observed_annual_from_canister_location_block | duplicate_agreement_collapsed; considered: Canister sign in charts R3 and R4 2025.xlsx; 2008-2025 Total Canister Sign-In.xlsx
Sherrill,2018-01-01,2018-12-31,2018,,523.0,annual,Canister sign in charts R3 and R4 2025.xlsx,Sheet1,183,2,observed_annual_from_canister_location_block | duplicate_agreement_collapsed; considered: Canister sign in charts R3 and R4 2025.xlsx; 2008-2025 Total Canister Sign-In.xlsx
Sherrill,2019-01-01,2019-12-31,2019,,605.0,annual,Canister sign in charts R3 and R4 2025.xlsx,Sheet1,184,2,observed_annual_from_canister_location_block | duplicate_agreement_collapsed; considered: Canister sign in charts R3 and R4 2025.xlsx; 2008-2025 Total Canister Sign-In.xlsx
Sherrill,2020-01-01,2020-12-31,2020,,957.0,annual,Canister sign in charts R3 and R4 2025.xlsx,Sheet1,185,2,observed_annual_from_canister_location_block | duplicate_agreement_collapsed; considered: Canister sign in charts R3 and R4 2025.xlsx; 2008-2025 Total Canister Sign-In.xlsx
Sherrill,2021-01-01,2021-12-31,2021,,1110.0,annual,Canister sign in charts R3 and R4 2025.xlsx,Sheet1,186,2,observed_annual_from_canister_location_block | duplicate_agreement_collapsed; considered: Canister sign in charts R3 and R4 2025.xlsx; 2008-2025 Total Canister Sign-In.xlsx
Sherrill,2022-01-01,2022-12-31,2022,,983.0,annual,Canister sign in charts R3 and R4 2025.xlsx,Sheet1,187,2,observed_annual_from_canister_location_block | duplicate_agreement_collapsed; considered: Canister sign in charts R3 and R4 2025.xlsx; 2008-2025 Total Canister Sign-In.xlsx
Sherrill,2023-01-01,2023-12-31,2023,,1033.0,annual,Canister sign in charts R3 and R4 2025.xlsx,Sheet1,188,2,observed_annual_from_canister_location_block | duplicate_agreement_collapsed; considered: Canister sign in charts R3 and R4 2025.xlsx; 2008-2025 Total Canister Sign-In.xlsx
Sherrill,2024-01-01,2024-12-31,2024,,867.0,annual,Canister sign in charts R3 and R4 2025.xlsx,Sheet1,189,2,observed_annual_from_canister_location_block | duplicate_agreement_collapsed; considered: Canister sign in charts R3 and R4 2025.xlsx; 2008-2025 Total Canister Sign-In.xlsx
Sherrill,2025-01-01,2025-12-31,2025,,861.0,annual,Canister sign in charts R3 and R4 2025.xlsx,Sheet1,190,2,observed_annual_from_canister_location_block | duplicate_agreement_collapsed; considered: Canister sign in charts R3 and R4 2025.xlsx; 2008-2025 Total Canister Sign-In.xlsx
Slide Mountain,1991-01-01,1991-12-31,1991,,5637.0,annual,Trail Register Tally_8_9_24_(1).xlsx,aggregated,0,0,aggregated_annual_from_monthly; source_records=12
Slide Mountain,1992-01-01,1992-12-31,1992,,5879.0,annual,Trail Register Tally_8_9_24_(1).xlsx,aggregated,0,0,aggregated_annual_from_monthly; source_records=12
Slide Mountain,1993-01-01,1993-12-31,1993,,6024.0,annual,Trail Register Tally_8_9_24_(1).xlsx,aggregated,0,0,aggregated_annual_from_monthly; source_records=12
Slide Mountain,1994-01-01,1994-12-31,1994,,6499.0,annual,Trail Register Tally_8_9_24_(1).xlsx,aggregated,0,0,aggregated_annual_from_monthly; source_records=12
Slide Mountain,1995-01-01,1995-12-31,1995,,5896.0,annual,Trail Register Tally_8_9_24_(1).xlsx,aggregated,0,0,aggregated_annual_from_monthly; source_records=12
Slide Mountain,1996-01-01,1996-12-31,1996,,5276.0,annual,Trail Register Tally_8_9_24_(1).xlsx,aggregated,0,0,aggregated_annual_from_monthly; source_records=12
Slide Mountain,1997-01-01,1997-12-31,1997,,5873.0,annual,Trail Register Tally_8_9_24_(1).xlsx,aggregated,0,0,aggregated_annual_from_monthly; source_records=12
Slide Mountain,1998-01-01,1998-12-31,1998,,6258.0,annual,Trail Register Tally_8_9_24_(1).xlsx,aggregated,0,0,aggregated_annual_from_monthly; source_records=12
Slide Mountain,1999-01-01,1999-12-31,1999,,5568.0,annual,Trail Register Tally_8_9_24_(1).xlsx,aggregated,0,0,aggregated_annual_from_monthly; source_records=12
Slide Mountain,2000-01-01,2000-12-31,2000,,5862.0,annual,Trail Register Tally_8_9_24_(1).xlsx,aggregated,0,0,aggregated_annual_from_monthly; source_records=12
Slide Mountain,2008-01-01,2008-12-31,2008,,5070.000001,annual,Trail Register Tally_8_9_24_(1).xlsx,aggregated,0,0,aggregated_annual_from_monthly; source_records=12
Slide Mountain,2009-01-01,2009-12-31,2009,,5007.75,annual,Trail Register Tally_8_9_24_(1).xlsx,aggregated,0,0,aggregated_annual_from_monthly; source_records=12
Slide Mountain,2011-01-01,2011-12-31,2011,,4862.42857,annual,Trail Register Tally_8_9_24_(1).xlsx,aggregated,0,0,aggregated_annual_from_monthly; source_records=12
Slide Mountain,2015-01-01,2015-12-31,2015,,6330.0,annual,Trail Register Tally_8_9_24_(1).xlsx,aggregated,0,0,aggregated_annual_from_monthly; source_records=12
Slide Mountain,2016-01-01,2016-12-31,2016,,6522.0,annual,Trail Register Tally_8_9_24_(1).xlsx,aggregated,0,0,aggregated_annual_from_monthly; source_records=12
Slide Mountain,2017-01-01,2017-12-31,2017,,6665.0,annual,Trail Register Tally_8_9_24_(1).xlsx,aggregated,0,0,aggregated_annual_from_monthly; source_records=12
Slide Mountain,2018-01-01,2018-12-31,2018,,4913.0,annual,Trail Register Tally_8_9_24_(1).xlsx,aggregated,0,0,aggregated_annual_from_monthly; source_records=12
Slide Mountain,2019-01-01,2019-12-31,2019,,5702.0,annual,Trail Register Tally_8_9_24_(1).xlsx,aggregated,0,0,aggregated_annual_from_monthly; source_records=12
Slide Mountain,2020-01-01,2020-12-31,2020,,7953.0,annual,Trail Register Tally_8_9_24_(1).xlsx,aggregated,0,0,aggregated_annual_from_monthly; source_records=12
Slide Mountain,2023-01-01,2023-12-31,2023,,2174.888889,annual,Trail Register Tally_8_9_24_(1).xlsx,aggregated,0,0,aggregated_annual_from_monthly; source_records=4
Slide Mountain,2024-01-01,2024-12-31,2024,,2764.444444,annual,Trail Register Tally_8_9_24_(1).xlsx,aggregated,0,0,aggregated_annual_from_monthly; source_records=7
Slide Mountain,2025-01-01,2025-12-31,2025,,417.75,annual,Trail Register Tally_8_9_24_(1).xlsx,aggregated,0,0,aggregated_annual_from_monthly; source_records=1
Slide Mountain,2026-01-01,2026-12-31,2026,,2412.357143,annual,Trail Register Tally_8_9_24_(1).xlsx,aggregated,0,0,aggregated_annual_from_monthly; source_records=4
Spruceton,1996-01-01,1996-12-31,1996,,298.0,annual,Trail Register Database R4(1).xlsx,aggregated,0,0,aggregated_annual_from_monthly; source_records=6
Spruceton,1997-01-01,1997-12-31,1997,,1158.0,annual,Trail Register Database R4(1).xlsx,aggregated,0,0,aggregated_annual_from_monthly; source_records=12
Spruceton,1998-01-01,1998-12-31,1998,,1176.0,annual,Trail Register Database R4(1).xlsx,aggregated,0,0,aggregated_annual_from_monthly; source_records=12
Spruceton,1999-01-01,1999-12-31,1999,,1091.0,annual,Trail Register Database R4(1).xlsx,aggregated,0,0,aggregated_annual_from_monthly; source_records=12
Spruceton,2000-01-01,2000-12-31,2000,,1045.0,annual,Trail Register Database R4(1).xlsx,aggregated,0,0,aggregated_annual_from_monthly; source_records=11
Spruceton,2004-01-01,2004-12-31,2004,,1076.0,annual,Trail Register Database R4(1).xlsx,aggregated,0,0,aggregated_annual_from_monthly; source_records=12
Spruceton,2005-01-01,2005-12-31,2005,,993.0,annual,Trail Register Database R4(1).xlsx,aggregated,0,0,aggregated_annual_from_monthly; source_records=11
Spruceton,2006-01-01,2006-12-31,2006,,988.0,annual,Trail Register Database R4(1).xlsx,aggregated,0,0,aggregated_annual_from_monthly; source_records=12
Spruceton,2007-01-01,2007-12-31,2007,,825.0,annual,Trail Register Database R4(1).xlsx,aggregated,0,0,aggregated_annual_from_monthly; source_records=11
Spruceton,2008-01-01,2008-12-31,2008,,837.0,annual,Trail Register Database R4(1).xlsx,aggregated,0,0,aggregated_annual_from_monthly; source_records=12
Spruceton,2009-01-01,2009-12-31,2009,,717.0,annual,Trail Register Database R4(1).xlsx,aggregated,0,0,aggregated_annual_from_monthly; source_records=10
Spruceton,2010-01-01,2010-12-31,2010,,1255.0,annual,Trail Register Database R4(1).xlsx,aggregated,0,0,aggregated_annual_from_monthly; source_records=12
Spruceton,2011-01-01,2011-12-31,2011,,1132.0,annual,Trail Register Database R4(1).xlsx,aggregated,0,0,aggregated_annual_from_monthly; source_records=12
Spruceton,2012-01-01,2012-12-31,2012,,1256.0,annual,Trail Register Database R4(1).xlsx,aggregated,0,0,aggregated_annual_from_monthly; source_records=8
Spruceton,2013-01-01,2013-12-31,2013,,1527.0,annual,Trail Register Database R4(1).xlsx,aggregated,0,0,aggregated_annual_from_monthly; source_records=9
Spruceton,2014-01-01,2014-12-31,2014,,2088.0,annual,Trail Register Database R4(1).xlsx,aggregated,0,0,aggregated_annual_from_monthly; source_records=12
Spruceton,2015-01-01,2015-12-31,2015,,2813.0,annual,Trail Register Database R4(1).xlsx,aggregated,0,0,aggregated_annual_from_monthly; source_records=12
Spruceton,2016-01-01,2016-12-31,2016,,3659.0,annual,Trail Register Database R4(1).xlsx,aggregated,0,0,aggregated_annual_from_monthly; source_records=12
Spruceton,2017-01-01,2017-12-31,2017,,3131.0,annual,Trail Register Database R4(1).xlsx,aggregated,0,0,aggregated_annual_from_monthly; source_records=12
Spruceton,2018-01-01,2018-12-31,2018,,2987.0,annual,Trail Register Database R4(1).xlsx,aggregated,0,0,aggregated_annual_from_monthly; source_records=12
Spruceton,2019-01-01,2019-12-31,2019,,4639.0,annual,Trail Register Database R4(1).xlsx,aggregated,0,0,aggregated_annual_from_monthly; source_records=12
Spruceton,2020-01-01,2020-12-31,2020,,4024.0,annual,Trail Register Database R4(1).xlsx,aggregated,0,0,aggregated_annual_from_monthly; source_records=12
Spruceton,2021-01-01,2021-12-31,2021,,3451.0,annual,Trail Register Database R4(1).xlsx,aggregated,0,0,aggregated_annual_from_monthly; source_records=12
Spruceton,2022-01-01,2022-12-31,2022,,3457.0,annual,Trail Register Database R4(1).xlsx,aggregated,0,0,aggregated_annual_from_monthly; source_records=10
Spruceton,2023-01-01,2023-12-31,2023,,3299.0,annual,Trail Register Database R4(1).xlsx,aggregated,0,0,aggregated_annual_from_monthly; source_records=10
Spruceton,2024-01-01,2024-12-31,2024,,3272.0,annual,Trail Register Database R4(1).xlsx,aggregated,0,0,aggregated_annual_from_monthly; source_records=12
Spruceton,2025-01-01,2025-12-31,2025,,856.0,annual,Trail Register Database R4(1).xlsx,aggregated,0,0,aggregated_annual_from_monthly; source_records=4
Steenburgh Rd (Long Path North),2004-01-01,2004-12-31,2004,,3113.0,annual,Trail Register Database R4(1).xlsx,aggregated,0,0,aggregated_annual_from_monthly; source_records=12
Steenburgh Rd (Long Path North),2006-01-01,2006-12-31,2006,,1940.0,annual,Trail Register Database R4(1).xlsx,aggregated,0,0,aggregated_annual_from_monthly; source_records=12
Steenburgh Rd (Long Path North),2007-01-01,2007-12-31,2007,,2369.0,annual,Trail Register Database R4(1).xlsx,aggregated,0,0,aggregated_annual_from_monthly; source_records=12
Steenburgh Rd (Long Path North),2008-01-01,2008-12-31,2008,,2154.0,annual,Trail Register Database R4(1).xlsx,aggregated,0,0,aggregated_annual_from_monthly; source_records=12
Steenburgh Rd (Long Path North),2009-01-01,2009-12-31,2009,,2538.0,annual,Trail Register Database R4(1).xlsx,aggregated,0,0,aggregated_annual_from_monthly; source_records=12
Steenburgh Rd (Long Path North),2010-01-01,2010-12-31,2010,,2859.0,annual,Trail Register Database R4(1).xlsx,aggregated,0,0,aggregated_annual_from_monthly; source_records=12
Steenburgh Rd (Long Path North),2011-01-01,2011-12-31,2011,,2161.0,annual,Trail Register Database R4(1).xlsx,aggregated,0,0,aggregated_annual_from_monthly; source_records=12
Steenburgh Rd (Long Path North),2012-01-01,2012-12-31,2012,,2568.0,annual,Trail Register Database R4(1).xlsx,aggregated,0,0,aggregated_annual_from_monthly; source_records=11
Steenburgh Rd (Long Path North),2013-01-01,2013-12-31,2013,,1735.0,annual,Trail Register Database R4(1).xlsx,aggregated,0,0,aggregated_annual_from_monthly; source_records=5
Steenburgh Rd (Long Path North),2014-01-01,2014-12-31,2014,,3540.0,annual,Trail Register Database R4(1).xlsx,aggregated,0,0,aggregated_annual_from_monthly; source_records=12
Steenburgh Rd (Long Path North),2015-01-01,2015-12-31,2015,,4287.0,annual,Trail Register Database R4(1).xlsx,aggregated,0,0,aggregated_annual_from_monthly; source_records=12
Steenburgh Rd (Long Path North),2016-01-01,2016-12-31,2016,,5026.0,annual,Trail Register Database R4(1).xlsx,aggregated,0,0,aggregated_annual_from_monthly; source_records=12
Steenburgh Rd (Long Path North),2017-01-01,2017-12-31,2017,,5102.0,annual,Trail Register Database R4(1).xlsx,aggregated,0,0,aggregated_annual_from_monthly; source_records=12
Steenburgh Rd (Long Path North),2018-01-01,2018-12-31,2018,,4298.0,annual,Trail Register Database R4(1).xlsx,aggregated,0,0,aggregated_annual_from_monthly; source_records=12
Steenburgh Rd (Long Path North),2019-01-01,2019-12-31,2019,,4989.0,annual,Trail Register Database R4(1).xlsx,aggregated,0,0,aggregated_annual_from_monthly; source_records=12
Steenburgh Rd (Long Path North),2020-01-01,2020-12-31,2020,,5458.0,annual,Trail Register Database R4(1).xlsx,aggregated,0,0,aggregated_annual_from_monthly; source_records=12
Steenburgh Rd (Long Path North),2021-01-01,2021-12-31,2021,,4254.0,annual,Trail Register Database R4(1).xlsx,aggregated,0,0,aggregated_annual_from_monthly; source_records=12
Steenburgh Rd (Long Path North),2022-01-01,2022-12-31,2022,,4406.0,annual,Trail Register Database R4(1).xlsx,aggregated,0,0,aggregated_annual_from_monthly; source_records=12
Steenburgh Rd (Long Path North),2023-01-01,2023-12-31,2023,,3451.0,annual,Trail Register Database R4(1).xlsx,aggregated,0,0,aggregated_annual_from_monthly; source_records=12
Steenburgh Rd (Long Path North),2024-01-01,2024-12-31,2024,,754.0,annual,Trail Register Database R4(1).xlsx,aggregated,0,0,aggregated_annual_from_monthly; source_records=2
Storks Nest,1996-01-01,1996-12-31,1996,,139.0,annual,Trail Register Database R4(1).xlsx,aggregated,0,0,aggregated_annual_from_monthly; source_records=5
Storks Nest,1997-01-01,1997-12-31,1997,,302.0,annual,Trail Register Database R4(1).xlsx,aggregated,0,0,aggregated_annual_from_monthly; source_records=9
Storks Nest,1998-01-01,1998-12-31,1998,,476.0,annual,Trail Register Database R4(1).xlsx,aggregated,0,0,aggregated_annual_from_monthly; source_records=11
Storks Nest,1999-01-01,1999-12-31,1999,,430.0,annual,Trail Register Database R4(1).xlsx,aggregated,0,0,aggregated_annual_from_monthly; source_records=12
Storks Nest,2000-01-01,2000-12-31,2000,,295.0,annual,Trail Register Database R4(1).xlsx,aggregated,0,0,aggregated_annual_from_monthly; source_records=12
Storks Nest,2004-01-01,2004-12-31,2004,,211.0,annual,Trail Register Database R4(1).xlsx,aggregated,0,0,aggregated_annual_from_monthly; source_records=9
Storks Nest,2005-01-01,2005-12-31,2005,,128.0,annual,Trail Register Database R4(1).xlsx,aggregated,0,0,aggregated_annual_from_monthly; source_records=9
Storks Nest,2006-01-01,2006-12-31,2006,,272.0,annual,Trail Register Database R4(1).xlsx,aggregated,0,0,aggregated_annual_from_monthly; source_records=12
Storks Nest,2007-01-01,2007-12-31,2007,,223.0,annual,Trail Register Database R4(1).xlsx,aggregated,0,0,aggregated_annual_from_monthly; source_records=11
Storks Nest,2008-01-01,2008-12-31,2008,,276.0,annual,Trail Register Database R4(1).xlsx,aggregated,0,0,aggregated_annual_from_monthly; source_records=12
Storks Nest,2009-01-01,2009-12-31,2009,,228.0,annual,Trail Register Database R4(1).xlsx,aggregated,0,0,aggregated_annual_from_monthly; source_records=12
Storks Nest,2010-01-01,2010-12-31,2010,,609.0,annual,Trail Register Database R4(1).xlsx,aggregated,0,0,aggregated_annual_from_monthly; source_records=12
Storks Nest,2011-01-01,2011-12-31,2011,,290.0,annual,Trail Register Database R4(1).xlsx,aggregated,0,0,aggregated_annual_from_monthly; source_records=12
Storks Nest,2012-01-01,2012-12-31,2012,,221.0,annual,Trail Register Database R4(1).xlsx,aggregated,0,0,aggregated_annual_from_monthly; source_records=7
Storks Nest,2013-01-01,2013-12-31,2013,,103.0,annual,Trail Register Database R4(1).xlsx,aggregated,0,0,aggregated_annual_from_monthly; source_records=4
Storks Nest,2014-01-01,2014-12-31,2014,,314.0,annual,Trail Register Database R4(1).xlsx,aggregated,0,0,aggregated_annual_from_monthly; source_records=12
Storks Nest,2015-01-01,2015-12-31,2015,,301.0,annual,Trail Register Database R4(1).xlsx,aggregated,0,0,aggregated_annual_from_monthly; source_records=12
Storks Nest,2016-01-01,2016-12-31,2016,,304.0,annual,Trail Register Database R4(1).xlsx,aggregated,0,0,aggregated_annual_from_monthly; source_records=9
Storks Nest,2017-01-01,2017-12-31,2017,,255.0,annual,Trail Register Database R4(1).xlsx,aggregated,0,0,aggregated_annual_from_monthly; source_records=10
Storks Nest,2018-01-01,2018-12-31,2018,,218.0,annual,Trail Register Database R4(1).xlsx,aggregated,0,0,aggregated_annual_from_monthly; source_records=12
Storks Nest,2019-01-01,2019-12-31,2019,,368.0,annual,Trail Register Database R4(1).xlsx,aggregated,0,0,aggregated_annual_from_monthly; source_records=12
Storks Nest,2020-01-01,2020-12-31,2020,,650.0,annual,Trail Register Database R4(1).xlsx,aggregated,0,0,aggregated_annual_from_monthly; source_records=12
Storks Nest,2021-01-01,2021-12-31,2021,,377.0,annual,Trail Register Database R4(1).xlsx,aggregated,0,0,aggregated_annual_from_monthly; source_records=12
Storks Nest,2022-01-01,2022-12-31,2022,,333.0,annual,Trail Register Database R4(1).xlsx,aggregated,0,0,aggregated_annual_from_monthly; source_records=12
Storks Nest,2023-01-01,2023-12-31,2023,,308.0,annual,Trail Register Database R4(1).xlsx,aggregated,0,0,aggregated_annual_from_monthly; source_records=12
Storks Nest,2024-01-01,2024-12-31,2024,,218.0,annual,Trail Register Database R4(1).xlsx,aggregated,0,0,aggregated_annual_from_monthly; source_records=11
Storks Nest,2025-01-01,2025-12-31,2025,,208.0,annual,Trail Register Database R4(1).xlsx,aggregated,0,0,aggregated_annual_from_monthly; source_records=9
Trails End Road,1996-01-01,1996-12-31,1996,,1274.0,annual,Trail Register Tally_8_9_24_(1).xlsx,aggregated,0,0,aggregated_annual_from_monthly; source_records=12
Trails End Road,1997-01-01,1997-12-31,1997,,1705.0,annual,Trail Register Tally_8_9_24_(1).xlsx,aggregated,0,0,aggregated_annual_from_monthly; source_records=12
Trails End Road,1998-01-01,1998-12-31,1998,,2141.0,annual,Trail Register Tally_8_9_24_(1).xlsx,aggregated,0,0,aggregated_annual_from_monthly; source_records=12
Trails End Road,1999-01-01,1999-12-31,1999,,1579.0,annual,Trail Register Tally_8_9_24_(1).xlsx,aggregated,0,0,aggregated_annual_from_monthly; source_records=12
Trails End Road,2000-01-01,2000-12-31,2000,,1461.0,annual,Trail Register Tally_8_9_24_(1).xlsx,aggregated,0,0,aggregated_annual_from_monthly; source_records=12
Trails End Road,2008-01-01,2008-12-31,2008,,1653.555557,annual,Trail Register Tally_8_9_24_(1).xlsx,aggregated,0,0,aggregated_annual_from_monthly; source_records=12
Trails End Road,2009-01-01,2009-12-31,2009,,1662.875,annual,Trail Register Tally_8_9_24_(1).xlsx,aggregated,0,0,aggregated_annual_from_monthly; source_records=12
Trails End Road,2011-01-01,2011-12-31,2011,,1691.000001,annual,Trail Register Tally_8_9_24_(1).xlsx,aggregated,0,0,aggregated_annual_from_monthly; source_records=12
Trails End Road,2012-01-01,2012-12-31,2012,,1658.0,annual,Trail Register Tally_8_9_24_(1).xlsx,aggregated,0,0,aggregated_annual_from_monthly; source_records=12
Trails End Road,2013-01-01,2013-12-31,2013,,1672.0,annual,Trail Register Tally_8_9_24_(1).xlsx,aggregated,0,0,aggregated_annual_from_monthly; source_records=12
Trails End Road,2014-01-01,2014-12-31,2014,,1664.25,annual,Trail Register Tally_8_9_24_(1).xlsx,aggregated,0,0,aggregated_annual_from_monthly; source_records=12
Trails End Road,2022-01-01,2022-12-31,2022,,878.0,annual,Trail Register Tally_8_9_24_(1).xlsx,aggregated,0,0,aggregated_annual_from_monthly; source_records=6
Trails End Road,2023-01-01,2023-12-31,2023,,1390.0,annual,Trail Register Tally_8_9_24_(1).xlsx,aggregated,0,0,aggregated_annual_from_monthly; source_records=12
Trails End Road,2024-01-01,2024-12-31,2024,,1390.0,annual,Trail Register Tally_8_9_24_(1).xlsx,aggregated,0,0,aggregated_annual_from_monthly; source_records=12
Trails End Road,2025-01-01,2025-12-31,2025,,1390.0,annual,Trail Register Tally_8_9_24_(1).xlsx,aggregated,0,0,aggregated_annual_from_monthly; source_records=12
Trails End Road,2026-01-01,2026-12-31,2026,,698.0,annual,Trail Register Tally_8_9_24_(1).xlsx,aggregated,0,0,aggregated_annual_from_monthly; source_records=7
Upper Cherrytown Road,1996-01-01,1996-12-31,1996,,1274.0,annual,Trail Register Tally_8_9_24_(1).xlsx,aggregated,0,0,aggregated_annual_from_monthly; source_records=12
Upper Cherrytown Road,1997-01-01,1997-12-31,1997,,1705.0,annual,Trail Register Tally_8_9_24_(1).xlsx,aggregated,0,0,aggregated_annual_from_monthly; source_records=12
Upper Cherrytown Road,1998-01-01,1998-12-31,1998,,2141.0,annual,Trail Register Tally_8_9_24_(1).xlsx,aggregated,0,0,aggregated_annual_from_monthly; source_records=12
Upper Cherrytown Road,1999-01-01,1999-12-31,1999,,1579.0,annual,Trail Register Tally_8_9_24_(1).xlsx,aggregated,0,0,aggregated_annual_from_monthly; source_records=12
Upper Cherrytown Road,2000-01-01,2000-12-31,2000,,1461.0,annual,Trail Register Tally_8_9_24_(1).xlsx,aggregated,0,0,aggregated_annual_from_monthly; source_records=12
Upper Cherrytown Road,2001-01-01,2001-12-31,2001,,1549.0,annual,Trail Register Tally_8_9_24_(1).xlsx,aggregated,0,0,aggregated_annual_from_monthly; source_records=12
Upper Cherrytown Road,2002-01-01,2002-12-31,2002,,1889.0,annual,Trail Register Tally_8_9_24_(1).xlsx,aggregated,0,0,aggregated_annual_from_monthly; source_records=12
Upper Cherrytown Road,2003-01-01,2003-12-31,2003,,1588.0,annual,Trail Register Tally_8_9_24_(1).xlsx,aggregated,0,0,aggregated_annual_from_monthly; source_records=12
Upper Cherrytown Road,2004-01-01,2004-12-31,2004,,1703.0,annual,Trail Register Tally_8_9_24_(1).xlsx,aggregated,0,0,aggregated_annual_from_monthly; source_records=12
Upper Cherrytown Road,2005-01-01,2005-12-31,2005,,1502.0,annual,Trail Register Tally_8_9_24_(1).xlsx,aggregated,0,0,aggregated_annual_from_monthly; source_records=12
Upper Cherrytown Road,2006-01-01,2006-12-31,2006,,1906.0,annual,Trail Register Tally_8_9_24_(1).xlsx,aggregated,0,0,aggregated_annual_from_monthly; source_records=12
Upper Cherrytown Road,2007-01-01,2007-12-31,2007,,1705.0,annual,Trail Register Tally_8_9_24_(1).xlsx,aggregated,0,0,aggregated_annual_from_monthly; source_records=12
Upper Cherrytown Road,2010-01-01,2010-12-31,2010,,1544.0,annual,Trail Register Tally_8_9_24_(1).xlsx,aggregated,0,0,aggregated_annual_from_monthly; source_records=12
Upper Cherrytown Road,2021-01-01,2021-12-31,2021,,1025.0,annual,Trail Register Tally_8_9_24_(1).xlsx,aggregated,0,0,aggregated_annual_from_monthly; source_records=9
Upper Cherrytown Road,2022-01-01,2022-12-31,2022,,94.0,annual,Trail Register Tally_8_9_24_(1).xlsx,aggregated,0,0,aggregated_annual_from_monthly; source_records=3
Upper Cherrytown Road,2024-01-01,2024-12-31,2024,,1629.000002,annual,Trail Register Tally_8_9_24_(1).xlsx,aggregated,0,0,aggregated_annual_from_monthly; source_records=12
Upper Cherrytown Road,2025-01-01,2025-12-31,2025,,1629.000002,annual,Trail Register Tally_8_9_24_(1).xlsx,aggregated,0,0,aggregated_annual_from_monthly; source_records=12
Upper Cherrytown Road,2026-01-01,2026-12-31,2026,,1084.666668,annual,Trail Register Tally_8_9_24_(1).xlsx,aggregated,0,0,aggregated_annual_from_monthly; source_records=7
Vernooy,1991-01-01,1991-12-31,1991,,1389.0,annual,Trail Register Tally_8_9_24_(1).xlsx,aggregated,0,0,aggregated_annual_from_monthly; source_records=12
Vernooy,1992-01-01,1992-12-31,1992,,828.0,annual,Trail Register Tally_8_9_24_(1).xlsx,aggregated,0,0,aggregated_annual_from_monthly; source_records=12
Vernooy,1993-01-01,1993-12-31,1993,,1419.0,annual,Trail Register Tally_8_9_24_(1).xlsx,aggregated,0,0,aggregated_annual_from_monthly; source_records=12
Vernooy,1994-01-01,1994-12-31,1994,,1892.0,annual,Trail Register Tally_8_9_24_(1).xlsx,aggregated,0,0,aggregated_annual_from_monthly; source_records=12
Vernooy,1995-01-01,1995-12-31,1995,,2212.0,annual,Trail Register Tally_8_9_24_(1).xlsx,aggregated,0,0,aggregated_annual_from_monthly; source_records=12
Vernooy,1996-01-01,1996-12-31,1996,,1948.0,annual,Trail Register Tally_8_9_24_(1).xlsx,aggregated,0,0,aggregated_annual_from_monthly; source_records=12
Vernooy,1997-01-01,1997-12-31,1997,,2078.0,annual,Trail Register Tally_8_9_24_(1).xlsx,aggregated,0,0,aggregated_annual_from_monthly; source_records=12
Vernooy,1998-01-01,1998-12-31,1998,,2305.0,annual,Trail Register Tally_8_9_24_(1).xlsx,aggregated,0,0,aggregated_annual_from_monthly; source_records=12
Vernooy,1999-01-01,1999-12-31,1999,,2420.0,annual,Trail Register Tally_8_9_24_(1).xlsx,aggregated,0,0,aggregated_annual_from_monthly; source_records=12
Vernooy,2000-01-01,2000-12-31,2000,,1495.0,annual,Trail Register Tally_8_9_24_(1).xlsx,aggregated,0,0,aggregated_annual_from_monthly; source_records=12
Vernooy,2008-01-01,2008-12-31,2008,,1732.666667,annual,Trail Register Tally_8_9_24_(1).xlsx,aggregated,0,0,aggregated_annual_from_monthly; source_records=12
Vernooy,2009-01-01,2009-12-31,2009,,1646.75,annual,Trail Register Tally_8_9_24_(1).xlsx,aggregated,0,0,aggregated_annual_from_monthly; source_records=12
Vernooy,2010-01-01,2010-12-31,2010,,291.571429,annual,Trail Register Tally_8_9_24_(1).xlsx,aggregated,0,0,aggregated_annual_from_monthly; source_records=1
Vernooy,2011-01-01,2011-12-31,2011,,1583.595238,annual,Trail Register Tally_8_9_24_(1).xlsx,aggregated,0,0,aggregated_annual_from_monthly; source_records=12
Vernooy,2015-01-01,2015-12-31,2015,,2252.0,annual,Trail Register Tally_8_9_24_(1).xlsx,aggregated,0,0,aggregated_annual_from_monthly; source_records=12
Vernooy,2016-01-01,2016-12-31,2016,,3441.0,annual,Trail Register Tally_8_9_24_(1).xlsx,aggregated,0,0,aggregated_annual_from_monthly; source_records=12
Vernooy,2017-01-01,2017-12-31,2017,,3872.0,annual,Trail Register Tally_8_9_24_(1).xlsx,aggregated,0,0,aggregated_annual_from_monthly; source_records=12
Vernooy,2018-01-01,2018-12-31,2018,,3492.0,annual,Trail Register Tally_8_9_24_(1).xlsx,aggregated,0,0,aggregated_annual_from_monthly; source_records=12
Vernooy,2019-01-01,2019-12-31,2019,,3170.0,annual,Trail Register Tally_8_9_24_(1).xlsx,aggregated,0,0,aggregated_annual_from_monthly; source_records=12
Vernooy,2020-01-01,2020-12-31,2020,,3511.333334,annual,Trail Register Tally_8_9_24_(1).xlsx,aggregated,0,0,aggregated_annual_from_monthly; source_records=12
Vernooy,2021-01-01,2021-12-31,2021,,2840.259259,annual,Trail Register Tally_8_9_24_(1).xlsx,aggregated,0,0,aggregated_annual_from_monthly; source_records=12
Vernooy,2022-01-01,2022-12-31,2022,,178.791666,annual,Trail Register Tally_8_9_24_(1).xlsx,aggregated,0,0,aggregated_annual_from_monthly; source_records=3
Vernooy,2023-01-01,2023-12-31,2023,,1309.791667,annual,Trail Register Tally_8_9_24_(1).xlsx,aggregated,0,0,aggregated_annual_from_monthly; source_records=5
Vernooy,2024-01-01,2024-12-31,2024,,2993.555554,annual,Trail Register Tally_8_9_24_(1).xlsx,aggregated,0,0,aggregated_annual_from_monthly; source_records=12
Vernooy,2025-01-01,2025-12-31,2025,,3121.133333,annual,Trail Register Tally_8_9_24_(1).xlsx,aggregated,0,0,aggregated_annual_from_monthly; source_records=12
Vernooy,2026-01-01,2026-12-31,2026,,1627.666667,annual,Trail Register Tally_8_9_24_(1).xlsx,aggregated,0,0,aggregated_annual_from_monthly; source_records=7
Vly,2008-01-01,2008-12-31,2008,,180.0,annual,Canister sign in charts R3 and R4 2025.xlsx,Sheet1,234,2,observed_annual_from_canister_location_block | duplicate_agreement_collapsed; considered: Canister sign in charts R3 and R4 2025.xlsx; 2008-2025 Total Canister Sign-In.xlsx
Vly,2009-01-01,2009-12-31,2009,,228.0,annual,Canister sign in charts R3 and R4 2025.xlsx,Sheet1,235,2,observed_annual_from_canister_location_block | duplicate_agreement_collapsed; considered: Canister sign in charts R3 and R4 2025.xlsx; 2008-2025 Total Canister Sign-In.xlsx
Vly,2010-01-01,2010-12-31,2010,,278.0,annual,Canister sign in charts R3 and R4 2025.xlsx,Sheet1,236,2,observed_annual_from_canister_location_block | duplicate_agreement_collapsed; considered: Canister sign in charts R3 and R4 2025.xlsx; 2008-2025 Total Canister Sign-In.xlsx
Vly,2011-01-01,2011-12-31,2011,,278.0,annual,Canister sign in charts R3 and R4 2025.xlsx,Sheet1,237,2,observed_annual_from_canister_location_block | duplicate_agreement_collapsed; considered: Canister sign in charts R3 and R4 2025.xlsx; 2008-2025 Total Canister Sign-In.xlsx
Vly,2012-01-01,2012-12-31,2012,,422.0,annual,Canister sign in charts R3 and R4 2025.xlsx,Sheet1,238,2,observed_annual_from_canister_location_block | duplicate_agreement_collapsed; considered: Canister sign in charts R3 and R4 2025.xlsx; 2008-2025 Total Canister Sign-In.xlsx
Vly,2013-01-01,2013-12-31,2013,,473.0,annual,Canister sign in charts R3 and R4 2025.xlsx,Sheet1,239,2,observed_annual_from_canister_location_block | duplicate_agreement_collapsed; considered: Canister sign in charts R3 and R4 2025.xlsx; 2008-2025 Total Canister Sign-In.xlsx
Vly,2014-01-01,2014-12-31,2014,,478.0,annual,Canister sign in charts R3 and R4 2025.xlsx,Sheet1,240,2,observed_annual_from_canister_location_block | duplicate_agreement_collapsed; considered: Canister sign in charts R3 and R4 2025.xlsx; 2008-2025 Total Canister Sign-In.xlsx
Vly,2015-01-01,2015-12-31,2015,,566.0,annual,Canister sign in charts R3 and R4 2025.xlsx,Sheet1,241,2,observed_annual_from_canister_location_block | duplicate_agreement_collapsed; considered: Canister sign in charts R3 and R4 2025.xlsx; 2008-2025 Total Canister Sign-In.xlsx
Vly,2016-01-01,2016-12-31,2016,,902.0,annual,Canister sign in charts R3 and R4 2025.xlsx,Sheet1,242,2,observed_annual_from_canister_location_block | duplicate_agreement_collapsed; considered: Canister sign in charts R3 and R4 2025.xlsx; 2008-2025 Total Canister Sign-In.xlsx
Vly,2017-01-01,2017-12-31,2017,,676.0,annual,Canister sign in charts R3 and R4 2025.xlsx,Sheet1,243,2,observed_annual_from_canister_location_block | duplicate_agreement_collapsed; considered: Canister sign in charts R3 and R4 2025.xlsx; 2008-2025 Total Canister Sign-In.xlsx
Vly,2018-01-01,2018-12-31,2018,,653.0,annual,Canister sign in charts R3 and R4 2025.xlsx,Sheet1,244,2,observed_annual_from_canister_location_block | duplicate_agreement_collapsed; considered: Canister sign in charts R3 and R4 2025.xlsx; 2008-2025 Total Canister Sign-In.xlsx
Vly,2019-01-01,2019-12-31,2019,,727.0,annual,Canister sign in charts R3 and R4 2025.xlsx,Sheet1,245,2,observed_annual_from_canister_location_block | duplicate_agreement_collapsed; considered: Canister sign in charts R3 and R4 2025.xlsx; 2008-2025 Total Canister Sign-In.xlsx
Vly,2020-01-01,2020-12-31,2020,,1417.0,annual,Canister sign in charts R3 and R4 2025.xlsx,Sheet1,246,2,observed_annual_from_canister_location_block | duplicate_agreement_collapsed; considered: Canister sign in charts R3 and R4 2025.xlsx; 2008-2025 Total Canister Sign-In.xlsx
Vly,2021-01-01,2021-12-31,2021,,1402.0,annual,Canister sign in charts R3 and R4 2025.xlsx,Sheet1,247,2,observed_annual_from_canister_location_block | duplicate_agreement_collapsed; considered: Canister sign in charts R3 and R4 2025.xlsx; 2008-2025 Total Canister Sign-In.xlsx
Vly,2022-01-01,2022-12-31,2022,,1068.0,annual,Canister sign in charts R3 and R4 2025.xlsx,Sheet1,248,2,observed_annual_from_canister_location_block | duplicate_agreement_collapsed; considered: Canister sign in charts R3 and R4 2025.xlsx; 2008-2025 Total Canister Sign-In.xlsx
Vly,2023-01-01,2023-12-31,2023,,1128.0,annual,Canister sign in charts R3 and R4 2025.xlsx,Sheet1,249,2,observed_annual_from_canister_location_block | duplicate_agreement_collapsed; considered: Canister sign in charts R3 and R4 2025.xlsx; 2008-2025 Total Canister Sign-In.xlsx
Vly,2024-01-01,2024-12-31,2024,,1029.0,annual,Canister sign in charts R3 and R4 2025.xlsx,Sheet1,250,2,observed_annual_from_canister_location_block | duplicate_agreement_collapsed; considered: Canister sign in charts R3 and R4 2025.xlsx; 2008-2025 Total Canister Sign-In.xlsx
Vly,2025-01-01,2025-12-31,2025,,955.0,annual,Canister sign in charts R3 and R4 2025.xlsx,Sheet1,251,2,observed_annual_from_canister_location_block | duplicate_agreement_collapsed; considered: Canister sign in charts R3 and R4 2025.xlsx; 2008-2025 Total Canister Sign-In.xlsx
West Kill,1996-01-01,1996-12-31,1996,,163.0,annual,Trail Register Database R4(1).xlsx,aggregated,0,0,aggregated_annual_from_monthly; source_records=6
West Kill,1997-01-01,1997-12-31,1997,,482.0,annual,Trail Register Database R4(1).xlsx,aggregated,0,0,aggregated_annual_from_monthly; source_records=12
West Kill,1998-01-01,1998-12-31,1998,,146.0,annual,Trail Register Database R4(1).xlsx,aggregated,0,0,aggregated_annual_from_monthly; source_records=7
West Kill,1999-01-01,1999-12-31,1999,,500.0,annual,Trail Register Database R4(1).xlsx,aggregated,0,0,aggregated_annual_from_monthly; source_records=11
West Kill,2000-01-01,2000-12-31,2000,,528.0,annual,Trail Register Database R4(1).xlsx,aggregated,0,0,aggregated_annual_from_monthly; source_records=12
West Kill,2004-01-01,2004-12-31,2004,,501.0,annual,Trail Register Database R4(1).xlsx,aggregated,0,0,aggregated_annual_from_monthly; source_records=12
West Kill,2005-01-01,2005-12-31,2005,,507.0,annual,Trail Register Database R4(1).xlsx,aggregated,0,0,aggregated_annual_from_monthly; source_records=12
West Kill,2006-01-01,2006-12-31,2006,,438.0,annual,Trail Register Database R4(1).xlsx,aggregated,0,0,aggregated_annual_from_monthly; source_records=12
West Kill,2007-01-01,2007-12-31,2007,,739.0,annual,Trail Register Database R4(1).xlsx,aggregated,0,0,aggregated_annual_from_monthly; source_records=12
West Kill,2008-01-01,2008-12-31,2008,,555.0,annual,Trail Register Database R4(1).xlsx,aggregated,0,0,aggregated_annual_from_monthly; source_records=12
West Kill,2009-01-01,2009-12-31,2009,,542.0,annual,Trail Register Database R4(1).xlsx,aggregated,0,0,aggregated_annual_from_monthly; source_records=12
West Kill,2010-01-01,2010-12-31,2010,,760.0,annual,Trail Register Database R4(1).xlsx,aggregated,0,0,aggregated_annual_from_monthly; source_records=12
West Kill,2011-01-01,2011-12-31,2011,,668.0,annual,Trail Register Database R4(1).xlsx,aggregated,0,0,aggregated_annual_from_monthly; source_records=12
West Kill,2012-01-01,2012-12-31,2012,,572.0,annual,Trail Register Database R4(1).xlsx,aggregated,0,0,aggregated_annual_from_monthly; source_records=9
West Kill,2013-01-01,2013-12-31,2013,,839.0,annual,Trail Register Database R4(1).xlsx,aggregated,0,0,aggregated_annual_from_monthly; source_records=9
West Kill,2014-01-01,2014-12-31,2014,,931.0,annual,Trail Register Database R4(1).xlsx,aggregated,0,0,aggregated_annual_from_monthly; source_records=12
West Kill,2015-01-01,2015-12-31,2015,,1021.0,annual,Trail Register Database R4(1).xlsx,aggregated,0,0,aggregated_annual_from_monthly; source_records=10
West Kill,2016-01-01,2016-12-31,2016,,1285.0,annual,Trail Register Database R4(1).xlsx,aggregated,0,0,aggregated_annual_from_monthly; source_records=12
West Kill,2017-01-01,2017-12-31,2017,,1235.0,annual,Trail Register Database R4(1).xlsx,aggregated,0,0,aggregated_annual_from_monthly; source_records=11
West Kill,2018-01-01,2018-12-31,2018,,1309.0,annual,Trail Register Database R4(1).xlsx,aggregated,0,0,aggregated_annual_from_monthly; source_records=12
West Kill,2019-01-01,2019-12-31,2019,,1325.0,annual,Trail Register Database R4(1).xlsx,aggregated,0,0,aggregated_annual_from_monthly; source_records=12
West Kill,2020-01-01,2020-12-31,2020,,1577.0,annual,Trail Register Database R4(1).xlsx,aggregated,0,0,aggregated_annual_from_monthly; source_records=12
West Kill,2021-01-01,2021-12-31,2021,,1239.0,annual,Trail Register Database R4(1).xlsx,aggregated,0,0,aggregated_annual_from_monthly; source_records=11
West Kill,2022-01-01,2022-12-31,2022,,867.0,annual,Trail Register Database R4(1).xlsx,aggregated,0,0,aggregated_annual_from_monthly; source_records=7
West Kill,2023-01-01,2023-12-31,2023,,630.0,annual,Trail Register Database R4(1).xlsx,aggregated,0,0,aggregated_annual_from_monthly; source_records=8
West Kill,2024-01-01,2024-12-31,2024,,886.0,annual,Trail Register Database R4(1).xlsx,aggregated,0,0,aggregated_annual_from_monthly; source_records=12
West Kill,2025-01-01,2025-12-31,2025,,382.0,annual,Trail Register Database R4(1).xlsx,aggregated,0,0,aggregated_annual_from_monthly; source_records=7
Wittenberg,1991-01-01,1991-12-31,1991,,3109.0,annual,Trail Register Tally_8_9_24_(1).xlsx,aggregated,0,0,aggregated_annual_from_monthly; source_records=12
Wittenberg,1992-01-01,1992-12-31,1992,,3243.0,annual,Trail Register Tally_8_9_24_(1).xlsx,aggregated,0,0,aggregated_annual_from_monthly; source_records=12
Wittenberg,1993-01-01,1993-12-31,1993,,3594.0,annual,Trail Register Tally_8_9_24_(1).xlsx,aggregated,0,0,aggregated_annual_from_monthly; source_records=12
Wittenberg,1994-01-01,1994-12-31,1994,,3684.0,annual,Trail Register Tally_8_9_24_(1).xlsx,aggregated,0,0,aggregated_annual_from_monthly; source_records=12
Wittenberg,1995-01-01,1995-12-31,1995,,3894.0,annual,Trail Register Tally_8_9_24_(1).xlsx,aggregated,0,0,aggregated_annual_from_monthly; source_records=12
Wittenberg,1996-01-01,1996-12-31,1996,,3625.0,annual,Trail Register Tally_8_9_24_(1).xlsx,aggregated,0,0,aggregated_annual_from_monthly; source_records=12
Wittenberg,1997-01-01,1997-12-31,1997,,3742.0,annual,Trail Register Tally_8_9_24_(1).xlsx,aggregated,0,0,aggregated_annual_from_monthly; source_records=12
Wittenberg,1998-01-01,1998-12-31,1998,,3991.0,annual,Trail Register Tally_8_9_24_(1).xlsx,aggregated,0,0,aggregated_annual_from_monthly; source_records=12
Wittenberg,1999-01-01,1999-12-31,1999,,3191.0,annual,Trail Register Tally_8_9_24_(1).xlsx,aggregated,0,0,aggregated_annual_from_monthly; source_records=12
Wittenberg,2000-01-01,2000-12-31,2000,,2823.0,annual,Trail Register Tally_8_9_24_(1).xlsx,aggregated,0,0,aggregated_annual_from_monthly; source_records=12
Wittenberg,2008-01-01,2008-12-31,2008,,3237.444444,annual,Trail Register Tally_8_9_24_(1).xlsx,aggregated,0,0,aggregated_annual_from_monthly; source_records=12
Wittenberg,2009-01-01,2009-12-31,2009,,3243.25,annual,Trail Register Tally_8_9_24_(1).xlsx,aggregated,0,0,aggregated_annual_from_monthly; source_records=12
Wittenberg,2011-01-01,2011-12-31,2011,,3390.428572,annual,Trail Register Tally_8_9_24_(1).xlsx,aggregated,0,0,aggregated_annual_from_monthly; source_records=12
Wittenberg,2016-01-01,2016-12-31,2016,,5750.0,annual,Trail Register Tally_8_9_24_(1).xlsx,aggregated,0,0,aggregated_annual_from_monthly; source_records=12
Wittenberg,2017-01-01,2017-12-31,2017,,5788.0,annual,Trail Register Tally_8_9_24_(1).xlsx,aggregated,0,0,aggregated_annual_from_monthly; source_records=12
Wittenberg,2018-01-01,2018-12-31,2018,,5949.0,annual,Trail Register Tally_8_9_24_(1).xlsx,aggregated,0,0,aggregated_annual_from_monthly; source_records=12
Wittenberg,2019-01-01,2019-12-31,2019,,5418.0,annual,Trail Register Tally_8_9_24_(1).xlsx,aggregated,0,0,aggregated_annual_from_monthly; source_records=12
Wittenberg,2020-01-01,2020-12-31,2020,,5480.0,annual,Trail Register Tally_8_9_24_(1).xlsx,aggregated,0,0,aggregated_annual_from_monthly; source_records=12
Wittenberg,2025-01-01,2025-12-31,2025,,524.888889,annual,Trail Register Tally_8_9_24_(1).xlsx,aggregated,0,0,aggregated_annual_from_monthly; source_records=2
Wittenberg,2026-01-01,2026-12-31,2026,,2339.888888,annual,Trail Register Tally_8_9_24_(1).xlsx,aggregated,0,0,aggregated_annual_from_monthly; source_records=7
Woodchuck Hollow,2016-01-01,2016-12-31,2016,,8.0,annual,Trail Register Tally_8_9_24_(1).xlsx,aggregated,0,0,aggregated_annual_from_monthly; source_records=2
Woodchuck Hollow,2017-01-01,2017-12-31,2017,,150.0,annual,Trail Register Tally_8_9_24_(1).xlsx,aggregated,0,0,aggregated_annual_from_monthly; source_records=12
Woodchuck Hollow,2018-01-01,2018-12-31,2018,,119.0,annual,Trail Register Tally_8_9_24_(1).xlsx,aggregated,0,0,aggregated_annual_from_monthly; source_records=12
Woodchuck Hollow,2019-01-01,2019-12-31,2019,,141.0,annual,Trail Register Tally_8_9_24_(1).xlsx,aggregated,0,0,aggregated_annual_from_monthly; source_records=12
Woodchuck Hollow,2020-01-01,2020-12-31,2020,,164.0,annual,Trail Register Tally_8_9_24_(1).xlsx,aggregated,0,0,aggregated_annual_from_monthly; source_records=12
Woodchuck Hollow,2021-01-01,2021-12-31,2021,,42.9,annual,Trail Register Tally_8_9_24_(1).xlsx,aggregated,0,0,aggregated_annual_from_monthly; source_records=4
Woodchuck Hollow,2022-01-01,2022-12-31,2022,,63.6,annual,Trail Register Tally_8_9_24_(1).xlsx,aggregated,0,0,aggregated_annual_from_monthly; source_records=7
Woodchuck Hollow,2023-01-01,2023-12-31,2023,,48.6,annual,Trail Register Tally_8_9_24_(1).xlsx,aggregated,0,0,aggregated_annual_from_monthly; source_records=5
Woodchuck Hollow,2024-01-01,2024-12-31,2024,,36.633333,annual,Trail Register Tally_8_9_24_(1).xlsx,aggregated,0,0,aggregated_annual_from_monthly; source_records=5
Woodchuck Hollow,2025-01-01,2025-12-31,2025,,104.157143,annual,Trail Register Tally_8_9_24_(1).xlsx,aggregated,0,0,aggregated_annual_from_monthly; source_records=12
Woodchuck Hollow,2026-01-01,2026-12-31,2026,,60.316666,annual,Trail Register Tally_8_9_24_(1).xlsx,aggregated,0,0,aggregated_annual_from_monthly; source_records=7
Woodland Valley,1991-01-01,1991-12-31,1991,,1789.0,annual,Trail Register Tally_8_9_24_(1).xlsx,aggregated,0,0,aggregated_annual_from_monthly; source_records=12
Woodland Valley,1992-01-01,1992-12-31,1992,,1722.0,annual,Trail Register Tally_8_9_24_(1).xlsx,aggregated,0,0,aggregated_annual_from_monthly; source_records=12
Woodland Valley,1993-01-01,1993-12-31,1993,,1899.0,annual,Trail Register Tally_8_9_24_(1).xlsx,aggregated,0,0,aggregated_annual_from_monthly; source_records=12
Woodland Valley,1994-01-01,1994-12-31,1994,,2145.0,annual,Trail Register Tally_8_9_24_(1).xlsx,aggregated,0,0,aggregated_annual_from_monthly; source_records=12
Woodland Valley,1995-01-01,1995-12-31,1995,,2471.0,annual,Trail Register Tally_8_9_24_(1).xlsx,aggregated,0,0,aggregated_annual_from_monthly; source_records=12
Woodland Valley,1996-01-01,1996-12-31,1996,,2136.0,annual,Trail Register Tally_8_9_24_(1).xlsx,aggregated,0,0,aggregated_annual_from_monthly; source_records=12
Woodland Valley,1997-01-01,1997-12-31,1997,,2191.0,annual,Trail Register Tally_8_9_24_(1).xlsx,aggregated,0,0,aggregated_annual_from_monthly; source_records=12
Woodland Valley,1998-01-01,1998-12-31,1998,,2452.0,annual,Trail Register Tally_8_9_24_(1).xlsx,aggregated,0,0,aggregated_annual_from_monthly; source_records=12
Woodland Valley,1999-01-01,1999-12-31,1999,,1738.0,annual,Trail Register Tally_8_9_24_(1).xlsx,aggregated,0,0,aggregated_annual_from_monthly; source_records=12
Woodland Valley,2000-01-01,2000-12-31,2000,,1393.0,annual,Trail Register Tally_8_9_24_(1).xlsx,aggregated,0,0,aggregated_annual_from_monthly; source_records=12
Woodland Valley,2008-01-01,2008-12-31,2008,,1705.444444,annual,Trail Register Tally_8_9_24_(1).xlsx,aggregated,0,0,aggregated_annual_from_monthly; source_records=12
Woodland Valley,2009-01-01,2009-12-31,2009,,1701.375,annual,Trail Register Tally_8_9_24_(1).xlsx,aggregated,0,0,aggregated_annual_from_monthly; source_records=12
Woodland Valley,2010-01-01,2010-12-31,2010,,1745.428572,annual,Trail Register Tally_8_9_24_(1).xlsx,aggregated,0,0,aggregated_annual_from_monthly; source_records=12
Woodland Valley,2011-01-01,2011-12-31,2011,,1663.500001,annual,Trail Register Tally_8_9_24_(1).xlsx,aggregated,0,0,aggregated_annual_from_monthly; source_records=12
Woodland Valley,2015-01-01,2015-12-31,2015,,2079.0,annual,Trail Register Tally_8_9_24_(1).xlsx,aggregated,0,0,aggregated_annual_from_monthly; source_records=12
Woodland Valley,2016-01-01,2016-12-31,2016,,2208.0,annual,Trail Register Tally_8_9_24_(1).xlsx,aggregated,0,0,aggregated_annual_from_monthly; source_records=12
Woodland Valley,2017-01-01,2017-12-31,2017,,2095.0,annual,Trail Register Tally_8_9_24_(1).xlsx,aggregated,0,0,aggregated_annual_from_monthly; source_records=12
Woodland Valley,2018-01-01,2018-12-31,2018,,1476.0,annual,Trail Register Tally_8_9_24_(1).xlsx,aggregated,0,0,aggregated_annual_from_monthly; source_records=12
Woodland Valley,2019-01-01,2019-12-31,2019,,1530.0,annual,Trail Register Tally_8_9_24_(1).xlsx,aggregated,0,0,aggregated_annual_from_monthly; source_records=12
Woodland Valley,2020-01-01,2020-12-31,2020,,1337.0,annual,Trail Register Tally_8_9_24_(1).xlsx,aggregated,0,0,aggregated_annual_from_monthly; source_records=12
Woodland Valley,2025-01-01,2025-12-31,2025,,1102.111111,annual,Trail Register Tally_8_9_24_(1).xlsx,aggregated,0,0,aggregated_annual_from_monthly; source_records=7
Woodland Valley,2026-01-01,2026-12-31,2026,,664.972221,annual,Trail Register Tally_8_9_24_(1).xlsx,aggregated,0,0,aggregated_annual_from_monthly; source_records=7
